// autogenerated by syzkaller (https://github.com/google/syzkaller)

#define _GNU_SOURCE 

#include <dirent.h>
#include <endian.h>
#include <errno.h>
#include <fcntl.h>
#include <setjmp.h>
#include <signal.h>
#include <stdarg.h>
#include <stdbool.h>
#include <stddef.h>
#include <stdint.h>
#include <stdio.h>
#include <stdlib.h>
#include <string.h>
#include <sys/ioctl.h>
#include <sys/mman.h>
#include <sys/mount.h>
#include <sys/prctl.h>
#include <sys/stat.h>
#include <sys/syscall.h>
#include <sys/types.h>
#include <sys/wait.h>
#include <time.h>
#include <unistd.h>

#include <linux/loop.h>

#ifndef __NR_memfd_create
#define __NR_memfd_create 319
#endif

static unsigned long long procid;

static void sleep_ms(uint64_t ms)
{
	usleep(ms * 1000);
}

static uint64_t current_time_ms(void)
{
	struct timespec ts;
	if (clock_gettime(CLOCK_MONOTONIC, &ts))
	exit(1);
	return (uint64_t)ts.tv_sec * 1000 + (uint64_t)ts.tv_nsec / 1000000;
}

static bool write_file(const char* file, const char* what, ...)
{
	char buf[1024];
	va_list args;
	va_start(args, what);
	vsnprintf(buf, sizeof(buf), what, args);
	va_end(args);
	buf[sizeof(buf) - 1] = 0;
	int len = strlen(buf);
	int fd = open(file, O_WRONLY | O_CLOEXEC);
	if (fd == -1)
		return false;
	if (write(fd, buf, len) != len) {
		int err = errno;
		close(fd);
		errno = err;
		return false;
	}
	close(fd);
	return true;
}

//% This code is derived from puff.{c,h}, found in the zlib development. The
//% original files come with the following copyright notice:

//% Copyright (C) 2002-2013 Mark Adler, all rights reserved
//% version 2.3, 21 Jan 2013
//% This software is provided 'as-is', without any express or implied
//% warranty.  In no event will the author be held liable for any damages
//% arising from the use of this software.
//% Permission is granted to anyone to use this software for any purpose,
//% including commercial applications, and to alter it and redistribute it
//% freely, subject to the following restrictions:
//% 1. The origin of this software must not be misrepresented; you must not
//%    claim that you wrote the original software. If you use this software
//%    in a product, an acknowledgment in the product documentation would be
//%    appreciated but is not required.
//% 2. Altered source versions must be plainly marked as such, and must not be
//%    misrepresented as being the original software.
//% 3. This notice may not be removed or altered from any source distribution.
//% Mark Adler    madler@alumni.caltech.edu

//% BEGIN CODE DERIVED FROM puff.{c,h}

#define MAXBITS 15
#define MAXLCODES 286
#define MAXDCODES 30
#define MAXCODES (MAXLCODES + MAXDCODES)
#define FIXLCODES 288

struct puff_state {
	unsigned char* out;
	unsigned long outlen;
	unsigned long outcnt;
	const unsigned char* in;
	unsigned long inlen;
	unsigned long incnt;
	int bitbuf;
	int bitcnt;
	jmp_buf env;
};
static int puff_bits(struct puff_state* s, int need)
{
	long val = s->bitbuf;
	while (s->bitcnt < need) {
		if (s->incnt == s->inlen)
			longjmp(s->env, 1);
		val |= (long)(s->in[s->incnt++]) << s->bitcnt;
		s->bitcnt += 8;
	}
	s->bitbuf = (int)(val >> need);
	s->bitcnt -= need;
	return (int)(val & ((1L << need) - 1));
}
static int puff_stored(struct puff_state* s)
{
	s->bitbuf = 0;
	s->bitcnt = 0;
	if (s->incnt + 4 > s->inlen)
		return 2;
	unsigned len = s->in[s->incnt++];
	len |= s->in[s->incnt++] << 8;
	if (s->in[s->incnt++] != (~len & 0xff) ||
	    s->in[s->incnt++] != ((~len >> 8) & 0xff))
		return -2;
	if (s->incnt + len > s->inlen)
		return 2;
	if (s->outcnt + len > s->outlen)
		return 1;
	for (; len--; s->outcnt++, s->incnt++) {
		if (s->in[s->incnt])
			s->out[s->outcnt] = s->in[s->incnt];
	}
	return 0;
}
struct puff_huffman {
	short* count;
	short* symbol;
};
static int puff_decode(struct puff_state* s, const struct puff_huffman* h)
{
	int first = 0;
	int index = 0;
	int bitbuf = s->bitbuf;
	int left = s->bitcnt;
	int code = first = index = 0;
	int len = 1;
	short* next = h->count + 1;
	while (1) {
		while (left--) {
			code |= bitbuf & 1;
			bitbuf >>= 1;
			int count = *next++;
			if (code - count < first) {
				s->bitbuf = bitbuf;
				s->bitcnt = (s->bitcnt - len) & 7;
				return h->symbol[index + (code - first)];
			}
			index += count;
			first += count;
			first <<= 1;
			code <<= 1;
			len++;
		}
		left = (MAXBITS + 1) - len;
		if (left == 0)
			break;
		if (s->incnt == s->inlen)
			longjmp(s->env, 1);
		bitbuf = s->in[s->incnt++];
		if (left > 8)
			left = 8;
	}
	return -10;
}
static int puff_construct(struct puff_huffman* h, const short* length, int n)
{
	int len;
	for (len = 0; len <= MAXBITS; len++)
		h->count[len] = 0;
	int symbol;
	for (symbol = 0; symbol < n; symbol++)
		(h->count[length[symbol]])++;
	if (h->count[0] == n)
		return 0;
	int left = 1;
	for (len = 1; len <= MAXBITS; len++) {
		left <<= 1;
		left -= h->count[len];
		if (left < 0)
			return left;
	}
	short offs[MAXBITS + 1];
	offs[1] = 0;
	for (len = 1; len < MAXBITS; len++)
		offs[len + 1] = offs[len] + h->count[len];
	for (symbol = 0; symbol < n; symbol++)
		if (length[symbol] != 0)
			h->symbol[offs[length[symbol]]++] = symbol;
	return left;
}
static int puff_codes(struct puff_state* s,
		      const struct puff_huffman* lencode,
		      const struct puff_huffman* distcode)
{
	static const short lens[29] = {
				       3, 4, 5, 6, 7, 8, 9, 10, 11, 13, 15, 17, 19, 23, 27, 31,
				       35, 43, 51, 59, 67, 83, 99, 115, 131, 163, 195, 227, 258};
	static const short lext[29] = {
				       0, 0, 0, 0, 0, 0, 0, 0, 1, 1, 1, 1, 2, 2, 2, 2,
				       3, 3, 3, 3, 4, 4, 4, 4, 5, 5, 5, 5, 0};
	static const short dists[30] = {
					1, 2, 3, 4, 5, 7, 9, 13, 17, 25, 33, 49, 65, 97, 129, 193,
					257, 385, 513, 769, 1025, 1537, 2049, 3073, 4097, 6145,
					8193, 12289, 16385, 24577};
	static const short dext[30] = {
				       0, 0, 0, 0, 1, 1, 2, 2, 3, 3, 4, 4, 5, 5, 6, 6,
				       7, 7, 8, 8, 9, 9, 10, 10, 11, 11,
				       12, 12, 13, 13};
	int symbol;
	do {
		symbol = puff_decode(s, lencode);
		if (symbol < 0)
			return symbol;
		if (symbol < 256) {
			if (s->outcnt == s->outlen)
				return 1;
			if (symbol)
				s->out[s->outcnt] = symbol;
			s->outcnt++;
		} else if (symbol > 256) {
			symbol -= 257;
			if (symbol >= 29)
				return -10;
			int len = lens[symbol] + puff_bits(s, lext[symbol]);
			symbol = puff_decode(s, distcode);
			if (symbol < 0)
				return symbol;
			unsigned dist = dists[symbol] + puff_bits(s, dext[symbol]);
			if (dist > s->outcnt)
				return -11;
			if (s->outcnt + len > s->outlen)
				return 1;
			while (len--) {
				if (dist <= s->outcnt && s->out[s->outcnt - dist])
					s->out[s->outcnt] = s->out[s->outcnt - dist];
				s->outcnt++;
			}
		}
	} while (symbol != 256);
	return 0;
}
static int puff_fixed(struct puff_state* s)
{
	static int virgin = 1;
	static short lencnt[MAXBITS + 1], lensym[FIXLCODES];
	static short distcnt[MAXBITS + 1], distsym[MAXDCODES];
	static struct puff_huffman lencode, distcode;
	if (virgin) {
		lencode.count = lencnt;
		lencode.symbol = lensym;
		distcode.count = distcnt;
		distcode.symbol = distsym;
		short lengths[FIXLCODES];
		int symbol;
		for (symbol = 0; symbol < 144; symbol++)
			lengths[symbol] = 8;
		for (; symbol < 256; symbol++)
			lengths[symbol] = 9;
		for (; symbol < 280; symbol++)
			lengths[symbol] = 7;
		for (; symbol < FIXLCODES; symbol++)
			lengths[symbol] = 8;
		puff_construct(&lencode, lengths, FIXLCODES);
		for (symbol = 0; symbol < MAXDCODES; symbol++)
			lengths[symbol] = 5;
		puff_construct(&distcode, lengths, MAXDCODES);
		virgin = 0;
	}
	return puff_codes(s, &lencode, &distcode);
}
static int puff_dynamic(struct puff_state* s)
{
	static const short order[19] =
	    {16, 17, 18, 0, 8, 7, 9, 6, 10, 5, 11, 4, 12, 3, 13, 2, 14, 1, 15};
	int nlen = puff_bits(s, 5) + 257;
	int ndist = puff_bits(s, 5) + 1;
	int ncode = puff_bits(s, 4) + 4;
	if (nlen > MAXLCODES || ndist > MAXDCODES)
		return -3;
	short lengths[MAXCODES];
	int index;
	for (index = 0; index < ncode; index++)
		lengths[order[index]] = puff_bits(s, 3);
	for (; index < 19; index++)
		lengths[order[index]] = 0;
	short lencnt[MAXBITS + 1], lensym[MAXLCODES];
	struct puff_huffman lencode = {lencnt, lensym};
	int err = puff_construct(&lencode, lengths, 19);
	if (err != 0)
		return -4;
	index = 0;
	while (index < nlen + ndist) {
		int symbol;
		int len;
		symbol = puff_decode(s, &lencode);
		if (symbol < 0)
			return symbol;
		if (symbol < 16)
			lengths[index++] = symbol;
		else {
			len = 0;
			if (symbol == 16) {
				if (index == 0)
					return -5;
				len = lengths[index - 1];
				symbol = 3 + puff_bits(s, 2);
			} else if (symbol == 17)
				symbol = 3 + puff_bits(s, 3);
			else
				symbol = 11 + puff_bits(s, 7);
			if (index + symbol > nlen + ndist)
				return -6;
			while (symbol--)
				lengths[index++] = len;
		}
	}
	if (lengths[256] == 0)
		return -9;
	err = puff_construct(&lencode, lengths, nlen);
	if (err && (err < 0 || nlen != lencode.count[0] + lencode.count[1]))
		return -7;
	short distcnt[MAXBITS + 1], distsym[MAXDCODES];
	struct puff_huffman distcode = {distcnt, distsym};
	err = puff_construct(&distcode, lengths + nlen, ndist);
	if (err && (err < 0 || ndist != distcode.count[0] + distcode.count[1]))
		return -8;
	return puff_codes(s, &lencode, &distcode);
}
static int puff(
    unsigned char* dest,
    unsigned long* destlen,
    const unsigned char* source,
    unsigned long sourcelen)
{
	struct puff_state s = {
	    .out = dest,
	    .outlen = *destlen,
	    .outcnt = 0,
	    .in = source,
	    .inlen = sourcelen,
	    .incnt = 0,
	    .bitbuf = 0,
	    .bitcnt = 0,
	};
	int err;
	if (setjmp(s.env) != 0)
		err = 2;
	else {
		int last;
		do {
			last = puff_bits(&s, 1);
			int type = puff_bits(&s, 2);
			err = type == 0 ? puff_stored(&s) : (type == 1 ? puff_fixed(&s) : (type == 2 ? puff_dynamic(&s) : -1));
			if (err != 0)
				break;
		} while (!last);
	}
	*destlen = s.outcnt;
	return err;
}

//% END CODE DERIVED FROM puff.{c,h}

#define ZLIB_HEADER_WIDTH 2

static int puff_zlib_to_file(const unsigned char* source, unsigned long sourcelen, int dest_fd)
{
	if (sourcelen < ZLIB_HEADER_WIDTH)
		return 0;
	source += ZLIB_HEADER_WIDTH;
	sourcelen -= ZLIB_HEADER_WIDTH;
	const unsigned long max_destlen = 132 << 20;
	void* ret = mmap(0, max_destlen, PROT_WRITE | PROT_READ, MAP_PRIVATE | MAP_ANON, -1, 0);
	if (ret == MAP_FAILED)
		return -1;
	unsigned char* dest = (unsigned char*)ret;
	unsigned long destlen = max_destlen;
	int err = puff(dest, &destlen, source, sourcelen);
	if (err) {
		munmap(dest, max_destlen);
		errno = -err;
		return -1;
	}
	if (write(dest_fd, dest, destlen) != (ssize_t)destlen) {
		munmap(dest, max_destlen);
		return -1;
	}
	return munmap(dest, max_destlen);
}

static int setup_loop_device(unsigned char* data, unsigned long size, const char* loopname, int* loopfd_p)
{
	int err = 0, loopfd = -1;
	int memfd = syscall(__NR_memfd_create, "syzkaller", 0);
	if (memfd == -1) {
		err = errno;
		goto error;
	}
	if (puff_zlib_to_file(data, size, memfd)) {
		err = errno;
		goto error_close_memfd;
	}
	loopfd = open(loopname, O_RDWR);
	if (loopfd == -1) {
		err = errno;
		goto error_close_memfd;
	}
	if (ioctl(loopfd, LOOP_SET_FD, memfd)) {
		if (errno != EBUSY) {
			err = errno;
			goto error_close_loop;
		}
		ioctl(loopfd, LOOP_CLR_FD, 0);
		usleep(1000);
		if (ioctl(loopfd, LOOP_SET_FD, memfd)) {
			err = errno;
			goto error_close_loop;
		}
	}
	close(memfd);
	*loopfd_p = loopfd;
	return 0;

error_close_loop:
	close(loopfd);
error_close_memfd:
	close(memfd);
error:
	errno = err;
	return -1;
}

static void reset_loop_device(const char* loopname)
{
	int loopfd = open(loopname, O_RDWR);
	if (loopfd == -1) {
		return;
	}
	if (ioctl(loopfd, LOOP_CLR_FD, 0)) {
	}
	close(loopfd);
}

static long syz_mount_image(
    volatile long fsarg,
    volatile long dir,
    volatile long flags,
    volatile long optsarg,
    volatile long change_dir,
    volatile unsigned long size,
    volatile long image)
{
	unsigned char* data = (unsigned char*)image;
	int res = -1, err = 0, need_loop_device = !!size;
	char* mount_opts = (char*)optsarg;
	char* target = (char*)dir;
	char* fs = (char*)fsarg;
	char* source = NULL;
	char loopname[64];
	if (need_loop_device) {
		int loopfd;
		memset(loopname, 0, sizeof(loopname));
		snprintf(loopname, sizeof(loopname), "/dev/loop%llu", procid);
		if (setup_loop_device(data, size, loopname, &loopfd) == -1)
			return -1;
		close(loopfd);
		source = loopname;
	}
	mkdir(target, 0777);
	char opts[256];
	memset(opts, 0, sizeof(opts));
	if (strlen(mount_opts) > (sizeof(opts) - 32)) {
	}
	strncpy(opts, mount_opts, sizeof(opts) - 32);
	if (strcmp(fs, "iso9660") == 0) {
		flags |= MS_RDONLY;
	} else if (strncmp(fs, "ext", 3) == 0) {
		bool has_remount_ro = false;
		char* remount_ro_start = strstr(opts, "errors=remount-ro");
		if (remount_ro_start != NULL) {
			char after = *(remount_ro_start + strlen("errors=remount-ro"));
			char before = remount_ro_start == opts ? '\0' : *(remount_ro_start - 1);
			has_remount_ro = ((before == '\0' || before == ',') && (after == '\0' || after == ','));
		}
		if (strstr(opts, "errors=panic") || !has_remount_ro)
			strcat(opts, ",errors=continue");
	} else if (strcmp(fs, "xfs") == 0) {
		strcat(opts, ",nouuid");
	}
	res = mount(source, target, fs, flags, opts);
	if (res == -1) {
		err = errno;
		goto error_clear_loop;
	}
	res = open(target, O_RDONLY | O_DIRECTORY);
	if (res == -1) {
		err = errno;
		goto error_clear_loop;
	}
	if (change_dir) {
		res = chdir(target);
		if (res == -1) {
			err = errno;
		}
	}

error_clear_loop:
	if (need_loop_device)
		reset_loop_device(loopname);
	errno = err;
	return res;
}

static void kill_and_wait(int pid, int* status)
{
	kill(-pid, SIGKILL);
	kill(pid, SIGKILL);
	for (int i = 0; i < 100; i++) {
		if (waitpid(-1, status, WNOHANG | __WALL) == pid)
			return;
		usleep(1000);
	}
	DIR* dir = opendir("/sys/fs/fuse/connections");
	if (dir) {
		for (;;) {
			struct dirent* ent = readdir(dir);
			if (!ent)
				break;
			if (strcmp(ent->d_name, ".") == 0 || strcmp(ent->d_name, "..") == 0)
				continue;
			char abort[300];
			snprintf(abort, sizeof(abort), "/sys/fs/fuse/connections/%s/abort", ent->d_name);
			int fd = open(abort, O_WRONLY);
			if (fd == -1) {
				continue;
			}
			if (write(fd, abort, 1) < 0) {
			}
			close(fd);
		}
		closedir(dir);
	} else {
	}
	while (waitpid(-1, status, __WALL) != pid) {
	}
}

static void reset_loop()
{
	char buf[64];
	snprintf(buf, sizeof(buf), "/dev/loop%llu", procid);
	int loopfd = open(buf, O_RDWR);
	if (loopfd != -1) {
		ioctl(loopfd, LOOP_CLR_FD, 0);
		close(loopfd);
	}
}

static void setup_test()
{
	prctl(PR_SET_PDEATHSIG, SIGKILL, 0, 0, 0);
	setpgrp();
	write_file("/proc/self/oom_score_adj", "1000");
}

static void execute_one(void);

#define WAIT_FLAGS __WALL

static void loop(void)
{
	int iter = 0;
	for (;; iter++) {
		reset_loop();
		int pid = fork();
		if (pid < 0)
	exit(1);
		if (pid == 0) {
			setup_test();
			execute_one();
			exit(0);
		}
		int status = 0;
		uint64_t start = current_time_ms();
		for (;;) {
			sleep_ms(10);
			if (waitpid(-1, &status, WNOHANG | WAIT_FLAGS) == pid)
				break;
			if (current_time_ms() - start < 5000)
				continue;
			kill_and_wait(pid, &status);
			break;
		}
	}
}

void execute_one(void)
{
		if (write(1, "executing program\n", sizeof("executing program\n") - 1)) {}
memcpy((void*)0x20037f40, "gfs2\000", 5);
memcpy((void*)0x20000240, "./file0\000", 8);
memcpy((void*)0x20000280, "data=writeback", 14);
*(uint8_t*)0x2000028e = 0x2c;
memcpy((void*)0x2000028f, "acl", 3);
*(uint8_t*)0x20000292 = 0x2c;
memcpy((void*)0x20000293, "meta", 4);
*(uint8_t*)0x20000297 = 0x2c;
memcpy((void*)0x20000298, "statfs_quantum", 14);
*(uint8_t*)0x200002a6 = 0x3d;
sprintf((char*)0x200002a7, "0x%016llx", (long long)3);
*(uint8_t*)0x200002b9 = 0x2c;
memcpy((void*)0x200002ba, "locktable", 9);
*(uint8_t*)0x200002c3 = 0x3d;
memcpy((void*)0x200002c4, "gfs2\000", 5);
*(uint8_t*)0x200002c9 = 0x2c;
memcpy((void*)0x200002ca, "commit", 6);
*(uint8_t*)0x200002d0 = 0x3d;
sprintf((char*)0x200002d1, "0x%016llx", (long long)0);
*(uint8_t*)0x200002e3 = 0x2c;
*(uint8_t*)0x200002e4 = 0;
memcpy((void*)0x20037f80, "\x78\x9c\xec\xfd\x77\xb4\xad\x7d\xbb\x1f\x74\xed\x79\xf7\xde\x7b\x5b\x47\xc1\x82\xa2\xc1\x02\x2a\xd8\x22\xea\x89\x0a\x16\x10\x01\x0b\x51\x02\x2a\x45\x4e\x30\x02\x06\x83\x4a\x11\xc1\x12\x15\xb1\xc5\x06\x16\x6c\xd8\xb0\x61\xc3\x86\x0d\x0b\xb1\x24\x96\xc4\x92\x58\x12\x4b\xa2\x31\xb1\x24\x96\x38\xce\x38\x9f\x47\xdf\x91\xe8\xb3\x1d\xc9\xc8\xc8\x70\xe4\xfe\xfe\xb1\xbf\x6b\xcc\xbd\xd6\x9a\xf3\x5e\x73\x5e\xcf\xef\xb3\xae\xb5\xde\xfd\x7e\x7b\xf3\xe6\xcd\x9b\x37\x6f\xde\xbc\x79\xf3\xe6\xcd\x9b\x37\x6f\xde\xbc\x79\xf3\xe6\xcd\x9b\x37\x6f\xde\xbc\x79\xf3\xe6\xcd\x9b\x37\x6f\xde\xbc\x79\xf3\xe6\xcd\x9b\x37\x6f\xde\xbc\x79\xf3\xe6\xcd\x9b\x37\x6f\xde\xbc\x79\xf3\xe6\xcd\x9b\x37\x6f\xde\xbc\x79\xf3\xe6\xcd\x9b\x37\x6f\xde\xbc\x79\xf3\xe6\xcd\x9b\x37\x6f\xde\xbc\x79\xf3\xe6\xcd\x9b\x37\x6f\xde\xbc\x79\xf3\xe6\xcd\x9b\x37\x6f\xde\xbc\x79\xf3\xe6\xcd\x9b\x37\x6f\xde\xbc\x79\xf3\xe6\xcd\x9b\x37\x6f\xde\xbc\x79\xf3\xe6\xcd\x9b\x37\x6f\xde\xbc\x79\xf3\xe6\xcd\x9b\x37\x6f\xde\xbc\x79\xf3\xe6\xcd\x9b\x37\x6f\xde\xbc\x79\xf3\xe6\xcd\x9b\x37\x6f\xde\xbc\x79\xf3\xe6\xcd\x9b\x37\x6f\xde\xbc\x79\xf3\xe6\xcd\x9b\x37\x6f\xde\xbc\x79\xf3\xe6\xcd\x9b\x37\x6f\xde\xbc\x79\xf3\xe6\xcd\x9b\x37\x6f\xde\xbc\x79\xf3\xe6\xcd\x9b\x37\x6f\xde\xbc\x79\xf3\xe6\xcd\x9b\x37\x6f\xde\xbc\x79\xf3\xe6\xcd\x9b\x37\x6f\xde\xbc\x79\xf3\xe6\xcd\x9b\x37\x6f\xde\xbc\x79\xf3\xe6\xcd\x9b\x37\x6f\xde\xbc\x79\xf3\xe6\xcd\x9b\x37\x6f\xde\xbc\x79\xf3\xe6\xcd\x9b\x37\x6f\xde\xbc\x79\xf3\xe6\xcd\x9b\x37\x6f\xde\xbc\x79\xf3\xe6\xcd\x9b\x37\x6f\xde\xbc\x79\xf3\xe6\xcd\x9b\x37\x6f\xde\xbc\x79\xf3\xe6\xcd\x9b\x37\x6f\xbe\x7d\xfb\xf6\x59\xf6\x5f\xfc\xb3\xf5\x13\x37\xfd\x69\x3f\x57\x69\xfe\xed\x5b\xfa\x67\xff\xdc\xdb\xd1\xcf\xfe\x51\xfc\xc4\xfb\x04\x3f\x57\x3f\xf5\x2f\xfa\xff\xf2\x69\xab\x9f\xab\x3f\xf8\xaf\xfd\xb3\x7f\xe6\x17\xfd\x59\xbf\xf0\xcf\xf9\x99\x9f\xad\xdf\xa3\xc7\xf7\x4b\x7e\xe9\x5f\xf8\x47\xfe\x92\x5f\xfa\x17\xfe\x1e\x7d\xec\xff\x2f\xf9\xf9\x3f\xef\x57\xfe\x61\xbf\x3c\xfb\x05\xbf\xf9\x2f\xff\x99\x3f\xef\xcf\xf8\xab\x7e\xe7\x1f\xf1\x07\xff\x3e\xbb\xa3\x37\x6f\xde\xbc\x79\xf3\xe6\xcd\x9b\x37\x6f\xde\xbc\x79\xf3\xe6\xf7\x63\x7c\xff\x1f\xfc\xc4\x4d\xff\x95\xdf\xe5\x5d\x92\x6f\xdf\x7e\xea\x8f\xf9\x5d\x6e\xfb\xe9\x6f\xdf\x7e\xea\x17\x7c\xfb\x96\x0d\x7f\xea\x5f\xf6\x2b\xfe\x51\xbf\x37\xf7\xff\x27\xfe\x09\x6f\xde\xbc\xf9\xfd\x15\xf3\x1f\xfe\xc4\x7f\x11\xfe\xd0\x9f\xfd\xf3\xf7\xf7\xe3\x7a\xf3\xe6\xcd\xef\xfb\xfc\xff\xfb\xfc\xff\xaa\xdf\xf9\x7b\xa3\x8f\x37\x6f\xfe\xc0\x8e\xf9\x8f\x7e\xe2\x96\x7f\xf9\x4f\xfe\xb5\xfe\xe9\x6f\xdf\xfe\xe2\x7f\xfe\xef\x76\xfb\xff\xeb\x96\x9f\xfa\xa3\x7f\xf6\xcf\x5f\xf4\xcb\x7e\xcb\x6f\xfd\xff\xd4\x3f\x91\xbf\xd2\xfb\xff\x95\xff\xef\x9b\x82\xdf\xed\x8d\xdf\x87\xf9\x05\xfa\x1f\xa6\xff\xe1\xfa\x1f\xa1\x7f\xf8\x3e\xe7\x8f\xd5\xff\x48\xfd\xc3\xf7\x38\xff\x68\xfd\x8f\xd1\x7f\x9c\xfe\xe3\xf5\x3f\x56\xff\x09\xfa\x1f\xa7\xff\x44\xfd\x27\xe9\x3f\x59\xff\xe3\xf5\x3f\x41\xff\x13\xf5\x3f\x49\xff\x29\xfa\x17\xea\x7f\xb2\xfe\xa7\xe8\x3f\x55\xff\x22\xed\x67\xb7\xdf\xfe\x74\xfd\x4f\xd5\xff\x34\xfd\x4f\xd7\x7f\x86\xfe\x33\xf5\x0f\x3f\x9c\xf5\xf3\xde\x6f\xff\x0c\xfd\xe7\xe8\x9f\xd1\xbf\x58\xff\xb9\xfa\x9f\xa9\x7f\x89\xfe\x67\xe9\x3f\x4f\xff\xf9\xfa\x2f\xd0\xff\x6c\xfd\x4b\xf5\x0f\x3f\xd8\xfd\xe7\xe8\x5f\xa6\xff\x22\xfd\xcf\xd5\xff\x3c\xfd\xc3\x2b\xee\x2f\xd6\x7f\x89\xfe\x4b\xf5\x5f\xa6\xff\x05\xfa\x2f\xd7\xff\x42\xfd\x57\xe8\x9f\x78\xfd\xfd\x81\x1d\xf3\x1f\xff\xc4\x2d\xbf\xed\x27\xfe\xfa\x87\x9f\xef\xff\x8b\xf5\xbf\x44\xff\x4b\xf5\x2f\xd7\xff\x32\xfd\xc3\x7f\x3b\xfe\x15\xfa\xaf\xd2\xff\x4a\xfd\x57\xeb\x7f\x95\xfe\x57\xeb\x7f\x8d\xfe\xd7\xea\x7f\x9d\xfe\x15\xfa\x5f\xaf\xff\x0d\xfa\xdf\xa8\xff\x4d\xfa\xdf\xac\xff\x1a\xfd\xd7\xea\x7f\x8b\xfe\xb7\xea\x7f\x9b\xfe\xb7\xeb\xbf\x4e\xff\x3b\xf4\xbf\x53\xff\xbb\xf4\xbf\x5b\xff\x7b\xf4\x5f\xaf\xff\xbd\xfa\xdf\xa7\xff\xfd\xfa\x3f\xa0\xff\x83\xfa\x6f\xd0\xff\x21\xfd\x1f\xd6\xff\x11\xfd\x1f\xd5\xff\x31\xfd\x37\xea\xff\xb8\xfe\x4f\xe8\xff\xa4\xfe\x4f\xe9\xff\xb4\xfe\x9b\xf4\x7f\x46\xff\x67\xf5\x7f\x4e\xff\xe7\xf5\x7f\x41\xff\xcd\xfa\xbf\xa8\xff\x4b\xfa\xbf\xac\x7f\xd8\xfd\xfc\x57\xf5\xdf\xa2\xff\x6b\xfa\xbf\xae\xff\x1b\xfa\xbf\xa9\xff\x56\xfd\x2b\xf5\x7f\x4b\xff\xb7\xf5\x7f\x47\xff\x77\xf5\xaf\xd2\xbf\x5a\xff\xf7\xf4\x7f\x5f\xff\x0f\xf4\xff\x50\xff\x1a\xfd\x6b\xf5\xff\x48\xff\x8f\xf5\xff\x44\xff\x4f\xf5\xaf\xd3\xbf\x5e\xff\xcf\xf4\xff\x5c\xff\x2f\xf4\xff\x52\xff\x06\xfd\x1b\xf5\xff\x4a\xff\xaf\xf5\xff\x46\xff\x6f\xf5\x6f\xd2\xbf\x59\xff\xef\xf4\xff\x5e\xff\x16\xfd\x7f\xd0\x3f\x9c\x83\x3f\xcc\xd6\xff\x51\xff\x9f\xf4\xff\x59\xff\x5f\xf4\x6f\xd7\xbf\x43\xff\x5f\xf5\xff\x4d\xff\xdf\xf5\xff\x43\x53\xf0\x0f\xc7\xf5\xc7\x1b\x1f\x67\xea\x87\xef\x3f\xce\xf9\x8f\x79\xff\x24\x3f\x3e\xff\x9f\x54\x67\x3a\xd7\x7e\x17\xe8\x53\x6a\xbf\xef\xf3\xa9\x75\xa3\x5b\xdd\xe9\x5e\x0f\x7a\xd4\x93\x9e\xf5\xa2\x57\xbd\xe9\x5d\x1f\xfa\xd4\x97\xbe\xf5\xa3\xbf\xf4\x4f\xe9\xbf\x8d\xfe\xdb\xea\x3f\x48\xfb\xbd\x9f\xcf\xdf\x4e\xff\xed\xf5\xdf\x41\xff\x1d\xf5\x1f\xa2\xff\x4e\xfa\xef\xac\xff\x50\xfd\x77\xd1\x7f\x57\xfd\xf3\xf4\x1f\xa6\xff\x6e\xfa\xef\xae\xff\x1e\xfa\xef\xa9\xff\x70\xfd\x47\xe8\xbf\x97\xfe\x7b\xeb\xbf\x8f\xfe\x23\xf5\x1f\xa5\xff\xbe\xfa\xef\xa7\xff\xfe\xfa\x1f\xa0\xff\x81\xfa\xe7\xeb\x7f\x90\xfe\xa3\xf5\x3f\x58\xff\x43\xf4\x3f\x54\xff\xb4\xe6\xa6\x0f\x37\x7d\xb8\xe9\xc3\x4d\x1f\x6e\xfa\x70\xd3\x87\x9b\x3e\xdc\xf4\xe1\xa6\x0f\x37\x7d\xb8\xe9\xc3\x4d\x1f\x6e\xfa\x70\xd3\x87\x9b\x3e\xdc\xf4\xe1\xa6\x0f\x37\x7d\xb8\xe9\xc3\x4d\x1f\x6e\xfa\x70\xd3\x87\x9b\x3e\xdc\xf4\xe1\xa6\x0f\x37\x7d\xb8\xe9\xc3\x4d\x1f\x6e\xfa\x70\xd3\x87\x9b\x3e\xdc\xf4\xe1\xa6\x0f\x37\x7d\xb8\xe9\xc3\x4d\x1f\x6e\xfa\x70\xd3\x87\x9b\x3e\xdc\xf4\xe1\xa6\x0f\x37\x7d\xb8\xe9\xc3\x4d\x1f\x6e\xfa\x70\xd3\x87\x9b\x3e\xdc\xf4\xe1\xa6\x0f\x37\x7d\xb8\xe9\xc3\x4d\x1f\x6e\xfa\x70\xd3\x87\x9b\x3e\xdc\xf4\xe1\xa6\x0f\x37\x7d\xb8\xe9\xf3\x97\x7e\x67\xfe\x79\xea\xc3\x53\x1f\x9e\xfa\xf0\xd4\x87\xa7\x3e\x3c\xf5\xe1\x85\x0f\x2f\x7c\x78\xe1\xc3\x0b\x1f\x5e\xf8\xf0\xc2\x0f\xdf\x6b\x7c\x78\xe1\xc3\x0b\x1f\x5e\xf8\xf0\xc2\x87\x17\x3e\xbc\xf0\xe1\x85\x0f\x2f\x7c\x78\xe1\xc3\x0b\x1f\x5e\xf8\xf0\xc2\x87\x17\x3e\xbc\xf0\xe1\x85\x0f\x2f\x7c\x78\xe1\xc3\x0b\x1f\x5e\xf8\xf0\xc2\x87\x17\x3e\xbc\xf0\xe1\x85\x0f\x2f\x7c\x78\xe1\xc3\x0b\x1f\x5e\xf8\xf0\xc2\x87\x17\x3e\xbc\xf0\xe1\x85\x0f\x2f\x7c\x78\xe1\xc3\x0b\x1f\x5e\xf8\xf0\xc2\x87\x17\x3e\xbc\xf0\xe1\x85\x0f\x2f\x7c\x78\xe1\xc3\x0b\x1f\x5e\xf8\xf0\xc2\x87\x17\x3e\xbc\xf0\xe1\x85\x0f\x2f\x7c\x78\xe1\xc3\x0b\x1f\x5e\xf8\xf0\xc2\x87\x17\x3e\xbc\xf0\xe1\x85\x0f\x2f\x7c\x78\xe1\xc3\x0b\x1f\x5e\xf8\xf0\xc2\x87\x17\x3e\xbc\xf0\xe1\x85\x0f\x2f\x7c\x78\xe1\xc3\x0b\x1f\x5e\xf8\xf0\xc2\x87\x17\x3e\xbc\xf0\xe1\x85\x0f\x2f\x7c\x78\xe1\xc3\x0b\x1f\x5e\xf8\xf0\xc2\x87\x17\x3e\xbc\xf0\xe1\x85\x0f\x2f\x7c\x78\xe1\xc3\x0b\x1f\x5e\xf8\xf0\xc2\x87\x17\x3e\xbc\xf0\xe1\x85\x0f\x2f\x7c\x78\xe1\xc3\x0b\x1f\x5e\xf8\xf0\xc2\x87\x17\x3e\xbc\xf0\xe1\x85\x0f\x2f\x7c\x78\xe1\xc3\x0b\x1f\x5e\xf8\x61\x16\x3f\xbc\xf0\xe1\x85\x0f\x2f\x7c\x78\xe1\xc3\x0b\x1f\x5e\xf8\xf0\xc2\x87\x17\x3e\xbc\xf0\xe1\x85\x0f\x2f\x04\xdf\xf1\x7f\xc0\x11\x01\x47\x04\x1c\x11\x70\x44\xe0\xe3\x82\x44\xf3\x42\xc0\x0b\x01\x2f\x04\xbc\x10\xf0\x42\xc0\x0b\x01\x2f\x04\xbc\x10\xf0\x42\xc0\x0b\x01\x2f\x04\xbc\x10\xf0\x42\xc0\x0b\x01\x2f\x04\xbc\x10\xf0\x42\xc0\x0b\x01\x2f\x04\xbc\x10\xf0\x42\xc0\x0b\x01\x2f\x04\xbc\x10\xf0\x42\xc0\x0b\x01\x2f\x04\xbc\x10\xf0\x42\xc0\x0b\x01\x2f\x04\xbc\x10\xf0\x42\xc0\x0b\x01\x2f\x04\xbc\x10\xf0\x42\xc0\x0b\x01\x2f\x04\xbc\x10\xf0\x42\xc0\x0b\x01\x2f\x04\xbc\x10\xf0\x42\xc0\x0b\x01\x2f\x04\xbc\x10\xf0\x42\xc0\x0b\x01\x2f\x04\xbc\x10\xf0\x42\xc0\x0b\x01\x2f\x04\xbc\x10\xf0\x42\xc0\x0b\x01\x2f\x04\xbc\x10\xf0\x42\xc0\x0b\x01\x2f\x04\xbc\x10\xf0\x42\xc0\x0b\x01\x2f\x04\xbc\x10\xf0\x42\xc0\x0b\x01\x2f\x04\xbc\x10\xf0\x42\xc0\x0b\x01\x2f\x04\xbc\x10\xf0\x42\xc0\x0b\x01\x2f\x04\xbc\x10\xf0\x42\xc0\x0b\x01\x2f\x04\xbc\x10\xf0\x42\xc0\x0b\x01\x2f\x04\xbc\x10\xf0\x42\xc0\x0b\x01\x2f\x04\xbc\x10\xf0\x42\xc0\x0b\x01\x2f\x04\xbc\x10\xf0\x42\xc0\x0b\x01\x2f\x04\xbc\x10\xf0\x42\xc0\x0b\x01\x2f\x04\xbc\x10\xf0\x42\xc0\x0b\x01\x2f\x04\xbc\x10\xf0\x42\xc0\x0b\x01\x2f\x04\xbc\x10\xf0\x42\xc0\x0b\x01\x2f\x04\xbc\x10\xf0\x42\xc0\x0b\xc1\x5f\xf4\x9d\xf9\xe7\x88\x80\x23\x02\x8e\x08\x38\x22\xe0\x88\xc0\xfe\x25\xe0\x85\x80\x17\x02\x5e\x08\x78\x21\xe0\x85\x80\x17\x02\x5e\x08\x78\x21\xe0\x85\x80\x17\x02\x5e\x08\x78\x21\xe0\x85\x80\x17\x02\x5e\x08\x78\x21\xe0\x85\x80\x17\x02\x5e\x08\x78\x21\xe0\x85\x80\x17\x02\x5e\x08\x78\x21\xe0\x85\x80\x17\x02\x5e\x08\x78\x21\xe0\x85\x80\x17\x02\x5e\x08\x78\x21\xe0\x85\x80\x17\x02\x5e\x08\x78\x21\xe0\x85\x80\x17\x02\x5e\x08\x78\x21\xe0\x85\x80\x17\x02\x5e\x08\x78\x21\xe0\x85\x80\x17\x02\x5e\x08\x78\x21\xe0\x85\x80\x17\x02\x5e\x08\x78\x21\xe0\x85\x80\x17\x02\x5e\x08\x78\x21\xe0\x85\x80\x17\x02\x5e\x08\x78\x21\xe0\x85\x80\x17\x02\x5e\x08\x78\x21\xe0\x85\x80\x17\x02\x5e\x08\x78\x21\xe0\x85\x80\x17\x02\x5e\x08\x78\x21\xe0\x85\x80\x17\x02\x5e\x08\x78\x21\xe0\x85\x80\x17\x02\x5e\x08\x78\x21\xe0\x85\x80\x17\x02\x5e\x08\x78\x21\xe0\x85\x80\x17\x02\x5e\x08\x78\x21\xe0\x85\x80\x17\x02\x5e\x08\x78\x21\xe0\x85\x80\x17\x02\x5e\x08\x78\x21\xe0\x85\x80\x17\x02\x5e\x08\x78\x21\xe0\x85\x80\x17\x02\x5e\x08\x78\x21\xe0\x85\x80\x17\x02\x5e\x08\x78\x21\xe0\x85\x80\x17\x02\x5e\x08\x78\x21\x30\xbb\x01\x2f\x04\xbc\x10\xf0\x42\xc0\x0b\x01\x2f\x04\xbf\xe3\x3b\xf3\xcf\x11\x01\x47\x04\x1c\x11\x70\x44\xc0\x11\x3f\xfc\xf8\x30\xe4\x85\x90\x17\x42\x7f\x11\xf2\x42\xe8\x7e\x42\x5e\x08\x79\x21\xe4\x85\x90\x17\x42\x5e\x08\x79\x21\xe4\x85\x90\x17\x42\x5e\x08\x79\x21\xe4\x85\x90\x17\x42\x5e\x08\x79\x21\xe4\x85\x90\x17\x42\x5e\x08\x79\x21\xe4\x85\x90\x17\x42\x5e\x08\x79\x21\xe4\x85\x90\x17\x42\x5e\x08\x79\x21\xe4\x85\x90\x17\x42\x5e\x08\x79\x21\xe4\x85\x90\x17\x42\x5e\x08\x79\x21\xe4\x85\x90\x17\x42\x5e\x08\x79\x21\xe4\x85\x90\x17\x42\x5e\x08\x79\x21\xe4\x85\x90\x17\x42\x5e\x08\x79\x21\xe4\x85\x90\x17\x42\x5e\x08\x79\x21\xe4\x85\x90\x17\x42\x5e\x08\x79\x21\xe4\x85\x90\x17\x42\x5e\x08\x79\x21\xe4\x85\x90\x17\x42\x5e\x08\x79\x21\xe4\x85\x90\x17\x42\x5e\x08\x79\x21\xe4\x85\x90\x17\x42\x5e\x08\x79\x21\xe4\x85\x90\x17\x42\x5e\x08\x79\x21\xe4\x85\x90\x17\x42\x5e\x08\x79\x21\xe4\x85\x90\x17\x42\x5e\x08\x79\x21\xe4\x85\x90\x17\x42\x5e\x08\x79\x21\xe4\x85\x90\x17\x42\x5e\x08\x79\x21\xe4\x85\x90\x17\x42\x5e\x08\x79\x21\xe4\x85\x90\x17\x42\x5e\x08\x79\x21\xe4\x85\x90\x17\x42\x5e\x08\x79\x21\xe4\x85\x90\x17\x42\x5e\x08\x79\x21\xe4\x85\x90\x17\x42\x5e\x08\x79\x21\xe4\x85\x90\x17\x42\x5e\x08\xff\x82\x1f\x9f\xff\x90\x23\x42\x8e\x08\x39\x22\xe4\x88\x90\x23\x42\x7b\x87\x90\x17\x42\x5e\x08\x79\x21\xe4\x85\x90\x17\x42\x5e\x08\x79\x21\xe4\x85\x90\x17\x42\x5e\x08\x79\x21\xe4\x85\x90\x17\x42\x5e\x08\x79\x21\xe4\x85\x90\x17\x42\x5e\x08\x79\x21\xe4\x85\x90\x17\x42\x5e\x08\x79\x21\xe4\x85\x90\x17\x42\x5e\x08\x79\x21\xe4\x85\x90\x17\x42\x5e\x08\x79\x21\xe4\x85\x90\x17\x42\x5e\x08\x79\x21\xe4\x85\x90\x17\x42\x5e\x08\x79\x21\xe4\x85\x90\x17\x42\x5e\x08\x79\x21\xe4\x85\x90\x17\x42\x5e\x08\x79\x21\xe4\x85\x90\x17\x42\x5e\x08\x79\x21\xe4\x85\x90\x17\x42\x5e\x08\x79\x21\xe4\x85\x90\x17\x42\x5e\x08\x79\x21\xe4\x85\x90\x17\x42\x5e\x08\x79\x21\xe4\x85\x90\x17\x42\x5e\x08\x79\x21\xe4\x85\x90\x17\x42\x5e\x08\x79\x21\xe4\x85\x90\x17\x42\x5e\x08\x79\x21\xe4\x85\x90\x17\x42\x5e\x08\x79\x21\xe4\x85\x90\x17\x42\x5e\x08\x79\x21\xe4\x85\x90\x17\x42\x5e\x08\x79\x21\xe4\x85\x90\x17\x42\x5e\x08\x79\x21\xe4\x85\x90\x17\x42\x5e\x08\x79\x21\xe4\x85\x90\x17\x42\x5e\x08\x79\x21\xe4\x85\x90\x17\x42\x5e\x08\x79\x21\xe4\x85\x90\x17\x42\x5e\x08\x79\x21\xe4\x85\x90\x17\x42\x5e\x08\x79\x21\xe4\x85\x90\x17\x42\x5e\x08\x79\x21\xe4\x85\x90\x17\x42\x5e\x08\x7f\xdb\x77\xe6\x9f\x23\x42\x8e\x08\x39\x22\xe4\x88\x90\x23\x42\x7b\x87\x90\x17\x42\x5e\x08\x79\x21\xe4\x85\x90\x17\x7e\xf8\x75\x83\x88\x17\x22\x5e\x88\x78\x21\xf2\x0e\x91\xc7\x15\xf1\x42\xc4\x0b\x11\x2f\x44\xbc\x10\xf1\x42\xc4\x0b\x11\x2f\x44\xbc\x10\xf1\x42\xc4\x0b\x11\x2f\x44\xbc\x10\xf1\x42\xc4\x0b\x11\x2f\x44\xbc\x10\xf1\x42\xc4\x0b\x11\x2f\x44\xbc\x10\xf1\x42\xc4\x0b\x11\x2f\x44\xbc\x10\xf1\x42\xc4\x0b\x11\x2f\x44\xbc\x10\xf1\x42\xc4\x0b\x11\x2f\x44\xbc\x10\xf1\x42\xc4\x0b\x11\x2f\x44\xbc\x10\xf1\x42\xc4\x0b\x11\x2f\x44\xbc\x10\xf1\x42\xc4\x0b\x11\x2f\x44\xbc\x10\xf1\x42\xc4\x0b\x11\x2f\x44\xbc\x10\xf1\x42\xc4\x0b\x11\x2f\x44\xbc\x10\xf1\x42\xc4\x0b\x11\x2f\x44\xbc\x10\xf1\x42\xc4\x0b\x11\x2f\x44\xbc\x10\xf1\x42\xc4\x0b\x11\x2f\x44\xbc\x10\xf1\x42\xc4\x0b\x11\x2f\x44\xbc\x10\xf1\x42\xc4\x0b\x11\x2f\x44\xbc\x10\xf1\x42\xc4\x0b\x11\x2f\x44\xbc\x10\xf1\x42\xc4\x0b\x11\x2f\x44\xbc\x10\xf1\x42\xc4\x0b\x11\x2f\x44\xbc\x10\xf1\x42\xc4\x0b\x11\x2f\x44\xbc\x10\xf1\x42\xc4\x0b\x11\x2f\x44\xbc\x10\xf1\x42\xc4\x0b\x11\x2f\x44\xbc\x10\xf1\x42\xc4\x0b\x11\x2f\x44\xbc\x10\xf1\x42\xc4\x0b\xd1\x0f\xff\xbb\x7d\x5e\x88\x78\x21\xe2\x85\x88\x17\xa2\x3f\xf7\xc7\xe7\x3f\xe2\x88\x88\x23\x22\x8e\x88\x38\x22\xe2\x88\xc8\xde\x21\xe2\x85\x88\x17\x22\x5e\x88\x78\x21\xe2\x85\x88\x17\x22\x5e\x88\x78\x21\xe2\x85\x88\x17\x22\x5e\x88\x78\x21\xe2\x85\x88\x17\x22\x5e\x88\x78\x21\xe2\x85\x88\x17\x22\x5e\x88\x78\x21\xe2\x85\x88\x17\x22\x5e\x88\x78\x21\xe2\x85\x88\x17\x22\x5e\x88\x78\x21\xe2\x85\x88\x17\x22\x5e\x88\x78\x21\xe2\x85\x88\x17\x22\x5e\x88\x78\x21\xe2\x85\x88\x17\x22\x5e\x88\x78\x21\xe2\x85\x88\x17\x22\x5e\x88\x78\x21\xe2\x85\x88\x17\x22\x5e\x88\x78\x21\xe2\x85\x88\x17\x22\x5e\x88\x78\x21\xe2\x85\x88\x17\x22\x5e\x88\x78\x21\xe2\x85\x88\x17\x22\x5e\x88\x78\x21\xe2\x85\x88\x17\x22\x5e\x88\x78\x21\xe2\x85\x88\x17\x22\x5e\x88\x78\x21\xe2\x85\x88\x17\x22\x5e\x88\x78\x21\xe2\x85\x88\x17\x22\x5e\x88\x78\x21\xe2\x85\x88\x17\x22\x5e\x88\x78\x21\xe2\x85\x88\x17\x22\x5e\x88\x78\x21\xe2\x85\x88\x17\x22\x5e\x88\x78\x21\xe2\x85\x88\x17\x22\x5e\x88\x78\x21\xe2\x85\x88\x17\x22\x5e\x88\x78\x21\xe2\x85\x88\x17\x22\x5e\x88\x78\x21\xe2\x85\x88\x17\x22\x5e\x88\x78\x21\xe2\x85\x88\x17\x22\x5e\x88\x78\x21\xe2\x85\x88\x17\x22\x5e\x88\x78\x21\xe2\x85\x88\x17\x22\x5e\x88\x78\x21\xe2\x85\x88\x17\xa2\xdf\xfc\x9d\xf9\xe7\x88\x88\x23\x22\x8e\x88\x38\x22\xe2\x88\xc8\xc7\x44\xbc\x10\xf1\x42\xc4\x0b\x11\x2f\x44\xbc\x10\xf1\x42\xc4\x0b\x11\x2f\x44\xbc\x10\xf1\x42\xc4\x0b\x3f\x3c\xbc\x98\x17\x62\x5e\x88\x79\x21\xe6\x85\xd8\x3b\xc6\xbc\x10\xf3\x42\xcc\x0b\x31\x2f\xc4\xbc\x10\xf3\x42\xcc\x0b\x31\x2f\xc4\xbc\x10\xf3\x42\xcc\x0b\x31\x2f\xc4\xbc\x10\xf3\x42\xcc\x0b\x31\x2f\xc4\xbc\x10\xf3\x42\xcc\x0b\x31\x2f\xc4\xbc\x10\xf3\x42\xcc\x0b\x31\x2f\xc4\xbc\x10\xf3\x42\xcc\x0b\x31\x2f\xc4\xbc\x10\xf3\x42\xcc\x0b\x31\x2f\xc4\xbc\x10\xf3\x42\xcc\x0b\x31\x2f\xc4\xbc\x10\xf3\x42\xcc\x0b\x31\x2f\xc4\xbc\x10\xf3\x42\xcc\x0b\x31\x2f\xc4\xbc\x10\xf3\x42\xcc\x0b\x31\x2f\xc4\xbc\x10\xf3\x42\xcc\x0b\x31\x2f\xc4\xbc\x10\xf3\x42\xcc\x0b\x31\x2f\xc4\xbc\x10\xf3\x42\xcc\x0b\x31\x2f\xc4\xbc\x10\xf3\x42\xcc\x0b\x31\x2f\xc4\xbc\x10\xf3\x42\xcc\x0b\x31\x2f\xc4\xbc\x10\xf3\x42\xcc\x0b\x31\x2f\xc4\xbc\x10\xf3\x42\xcc\x0b\x31\x2f\xc4\xbc\x10\xf3\x42\xcc\x0b\x31\x2f\xc4\xbc\x10\xf3\x42\xcc\x0b\x31\x2f\xc4\xbc\x10\xf3\x42\xcc\x0b\x31\x2f\xc4\xbc\x10\xf3\x42\xcc\x0b\x31\x2f\xc4\xbc\x10\xf3\x42\xcc\x0b\x31\x2f\xc4\xbc\x10\xf3\x42\xcc\x0b\x31\x2f\xc4\xbc\x10\xff\x59\x3f\x3e\xff\x31\x47\xc4\x1c\x11\x73\x44\xcc\x11\x31\x47\xc4\xf6\x0e\x31\x2f\xc4\xbc\x10\xf3\x42\xcc\x0b\x31\x2f\xc4\xbc\x10\xf3\x42\xcc\x0b\x31\x2f\xc4\xbc\x10\xf3\x42\xcc\x0b\x31\x2f\xc4\xbc\x10\xf3\x42\xcc\x0b\x31\x2f\xc4\xbc\x10\xf3\x42\xcc\x0b\x31\x2f\xc4\xbc\x10\xf3\x42\xcc\x0b\x31\x2f\xc4\xbc\x10\xf3\x42\xcc\x0b\x31\x2f\xc4\xbc\x10\xf3\x42\xcc\x0b\x31\x2f\xc4\xbc\x10\xf3\x42\xcc\x0b\x31\x2f\xc4\xbc\x10\xf3\x42\xcc\x0b\x31\x2f\xc4\xbc\x10\xf3\x42\xcc\x0b\x31\x2f\xc4\xbc\x10\xf3\x42\xcc\x0b\x31\x2f\xc4\xbc\x10\xf3\x42\xcc\x0b\x31\x2f\xc4\xbc\x10\xf3\x42\xcc\x0b\x31\x2f\xc4\xbc\x10\xf3\x42\xcc\x0b\x31\x2f\xc4\xbc\x10\xf3\x42\xcc\x0b\x31\x2f\xc4\xbc\x10\xf3\x42\xcc\x0b\x31\x2f\xc4\xbc\x10\xf3\x42\xcc\x0b\x31\x2f\xc4\xbc\x10\xf3\x42\xcc\x0b\x31\x2f\xc4\xbc\x10\xf3\x42\xcc\x0b\x31\x2f\xc4\xbc\x10\xf3\x42\xcc\x0b\x31\x2f\xc4\xbc\x10\xf3\x42\xcc\x0b\x31\x2f\xc4\xbc\x10\xf3\x42\xcc\x0b\x31\x2f\xc4\xbc\x10\xf3\x42\xcc\x0b\x31\x2f\xc4\xbc\x10\xf3\x42\xcc\x0b\x31\x2f\xc4\xbc\x10\xf3\x42\xcc\x0b\x31\x2f\xc4\xbc\x10\xf3\x42\xcc\x0b\x31\x2f\xc4\xbc\x10\xf3\x42\xcc\x0b\x31\x2f\xc4\xbc\x10\xf3\x42\xcc\x0b\x31\x2f\xc4\xbc\x10\xff\xc6\xef\xcc\x3f\x47\xc4\x1c\x11\x73\x44\xcc\x11\x31\x47\xc4\xf6\x0e\x31\x2f\xc4\xbc\x10\xf3\x42\xcc\x0b\x31\x2f\xc4\xee\x23\xe6\x85\x98\x17\x62\x5e\x88\x79\x21\xe6\x85\x98\x17\x62\x5e\x88\x79\x21\xe6\x85\x98\x17\x62\x5e\x70\xfc\x7f\x4b\x78\x21\xe1\x85\x84\x17\x12\x5e\x48\x5c\x77\xe2\x03\x12\x5e\x48\x78\x21\xe1\x85\x84\x17\x12\x5e\x48\x78\x21\xe1\x85\x84\x17\x12\x5e\x48\x78\x21\xe1\x85\x84\x17\x12\x5e\x48\x78\x21\xe1\x85\x84\x17\x12\x5e\x48\x78\x21\xe1\x85\x84\x17\x12\x5e\x48\x78\x21\xe1\x85\x84\x17\x12\x5e\x48\x78\x21\xe1\x85\x84\x17\x12\x5e\x48\x78\x21\xe1\x85\x84\x17\x12\x5e\x48\x78\x21\xe1\x85\x84\x17\x12\x5e\x48\x78\x21\xe1\x85\x84\x17\x12\x5e\x48\x78\x21\xe1\x85\x84\x17\x12\x5e\x48\x78\x21\xe1\x85\x84\x17\x12\x5e\x48\x78\x21\xe1\x85\x84\x17\x12\x5e\x48\x78\x21\xe1\x85\x84\x17\x12\x5e\x48\x78\x21\xe1\x85\x84\x17\x12\x5e\x48\x78\x21\xe1\x85\x84\x17\x12\x5e\x48\x78\x21\xe1\x85\x84\x17\x12\x5e\x48\x78\x21\xe1\x85\x84\x17\x12\x5e\x48\x78\x21\xe1\x85\x84\x17\x12\x5e\x48\x78\x21\xe1\x85\x84\x17\x12\x5e\x48\x78\x21\xe1\x85\x84\x17\x12\x5e\x48\x78\x21\xe1\x85\x84\x17\x12\x5e\x48\x78\x21\xe1\x85\x84\x17\x12\x5e\x48\x78\x21\xf9\xd3\x7f\x7c\xfe\x13\x8e\x48\x38\x22\xe1\x88\x84\x23\x12\x8e\x48\xec\x1d\x12\x5e\x48\x78\x21\xe1\x85\x84\x17\x12\x5e\x48\x78\x21\xe1\x85\x84\x17\x12\x5e\x48\x78\x21\xe1\x85\x84\x17\x12\x5e\x48\x78\x21\xe1\x85\x84\x17\x12\x5e\x48\x78\x21\xe1\x85\x84\x17\x12\x5e\x48\x78\x21\xe1\x85\x84\x17\x12\x5e\x48\x78\x21\xe1\x85\x84\x17\x12\x5e\x48\x78\x21\xe1\x85\x84\x17\x12\x5e\x48\x78\x21\xe1\x85\x84\x17\x12\x5e\x48\x78\x21\xe1\x85\x84\x17\x12\x5e\x48\x78\x21\xe1\x85\x84\x17\x12\x5e\x48\x78\x21\xe1\x85\x84\x17\x12\x5e\x48\x78\x21\xe1\x85\x84\x17\x12\x5e\x48\x78\x21\xe1\x85\x84\x17\x12\x5e\x48\x78\x21\xe1\x85\x84\x17\x12\x5e\x48\x78\x21\xe1\x85\x84\x17\x12\x5e\x48\x78\x21\xe1\x85\x84\x17\x12\x5e\x48\x78\x21\xe1\x85\x84\x17\x12\x5e\x48\x78\x21\xe1\x85\x84\x17\x12\x5e\x48\x78\x21\xe1\x85\x84\x17\x12\x5e\x48\x78\x21\xe1\x85\x84\x17\x12\x5e\x48\x78\x21\xe1\x85\x84\x17\x12\x5e\x48\x78\x21\xe1\x85\x84\x17\x12\x5e\x48\x78\x21\xe1\x85\x84\x17\x12\x5e\x48\x78\x21\xe1\x85\x84\x17\x12\x5e\x48\x78\x21\xe1\x85\x84\x17\x12\x5e\x48\x78\x21\xe1\x85\x84\x17\x12\x5e\x48\x78\x21\xe1\x85\x84\x17\x12\x5e\x48\x78\x21\xe1\x85\x84\x17\x12\x5e\x48\x78\x21\xf9\xf5\xdf\x99\x7f\x8e\x48\x38\x22\xe1\x88\x84\x23\x12\x8e\x48\xec\x1d\x12\x5e\x48\x78\x21\xe1\x85\x84\x17\x12\x5e\x48\x78\x21\xe1\x85\x84\x17\x12\x5e\x48\x78\x21\xe1\x85\xc4\x63\x4a\x78\x21\xe1\x85\x84\x17\x12\x5e\x48\x78\x21\xe1\x85\x84\x17\x12\x5e\x48\x78\x21\xe1\x85\x84\x17\x1c\xfb\xdf\x52\x5e\x48\x79\x21\xe5\x85\x94\x17\x52\x5f\xa7\x94\x17\x52\x1f\x98\xf2\x42\xca\x0b\x29\x2f\xa4\xbc\x90\xf2\x42\xca\x0b\x29\x2f\xa4\xbc\x90\xf2\x42\xca\x0b\x29\x2f\xa4\xbc\x90\xf2\x42\xca\x0b\x29\x2f\xa4\xbc\x90\xf2\x42\xca\x0b\x29\x2f\xa4\xbc\x90\xf2\x42\xca\x0b\x29\x2f\xa4\xbc\x90\xf2\x42\xca\x0b\x29\x2f\xa4\xbc\x90\xf2\x42\xca\x0b\x29\x2f\xa4\xbc\x90\xf2\x42\xca\x0b\x29\x2f\xa4\xbc\x90\xf2\x42\xca\x0b\x29\x2f\xa4\xbc\x90\xf2\x42\xca\x0b\x29\x2f\xa4\xbc\x90\xf2\x42\xca\x0b\x29\x2f\xa4\xbc\x90\xf2\x42\xca\x0b\x29\x2f\xa4\xbc\x90\xf2\x42\xca\x0b\x29\x2f\xa4\xbc\x90\xf2\x42\xca\x0b\x29\x2f\xa4\xbc\x90\xf2\x42\xca\x0b\x29\x2f\xa4\xbc\x90\xf2\x42\xca\x0b\x29\x2f\xa4\xbc\x90\xf2\x42\xca\x0b\x29\x2f\xa4\xbc\x90\xf2\x42\xca\x0b\x29\x2f\xa4\xbc\x90\xf2\x42\xca\x0b\x29\x2f\xa4\xbc\x90\xf2\x42\xca\x0b\x29\x2f\xa4\xbc\x90\xf2\x42\xca\x0b\x29\x2f\xa4\xbf\xf0\xc7\xe7\x3f\xe5\x88\x94\x23\x52\x8e\x48\x39\x22\xfd\xe1\xdf\x0a\xb6\x77\x48\x79\x21\xe5\x85\x94\x17\x52\x5e\x48\x79\x21\xe5\x85\x1f\xfe\x7d\xe1\x94\x17\x52\x5e\x48\x79\x21\xe5\x85\x94\x17\x52\x5e\x48\x79\x21\xe5\x85\x94\x17\x52\x5e\x48\x79\x21\xe5\x85\x94\x17\x52\x5e\x48\x79\x21\xe5\x85\x94\x17\x52\x5e\x48\x79\x21\xe5\x85\x94\x17\x52\x5e\x48\x79\x21\xe5\x85\x94\x17\x52\x5e\x48\x79\x21\xe5\x85\x94\x17\x52\x5e\x48\x79\x21\xe5\x85\x94\x17\x52\x5e\x48\x79\x21\xe5\x85\x94\x17\x52\x5e\x48\x79\x21\xe5\x85\x94\x17\x52\x5e\x48\x79\x21\xe5\x85\x94\x17\x52\x5e\x48\x79\x21\xe5\x85\x94\x17\x52\x5e\x48\x79\x21\xe5\x85\x94\x17\x52\x5e\x48\x79\x21\xe5\x85\x94\x17\x52\x5e\x48\x79\x21\xe5\x85\x94\x17\x52\x5e\x48\x79\x21\xe5\x85\x94\x17\x52\x5e\x48\x79\x21\xe5\x85\x94\x17\x52\x5e\x48\x79\x21\xe5\x85\x94\x17\x52\x5e\x48\x79\x21\xe5\x85\x94\x17\x52\x5e\x48\x79\x21\xe5\x85\x94\x17\x52\x5e\x48\x79\x21\xe5\x85\x94\x17\x52\x5e\x48\x79\x21\xe5\x85\x94\x17\x52\x5e\x48\x79\x21\xe5\x85\x94\x17\x52\x5e\x48\x79\x21\xe5\x85\x94\x17\x52\x5e\x48\x79\x21\xe5\x85\x94\x17\x52\x5e\x48\x79\x21\xe5\x85\x94\x17\x52\x5e\x48\x79\x21\xe5\x85\x94\x17\x52\x5e\x48\x79\x21\xfd\xb5\xdf\x99\x7f\x8e\x48\x39\x22\xe5\x88\x94\x23\x52\x8e\x48\xed\x1d\x52\x5e\x48\x79\x21\xe5\x85\x94\x17\x52\x5e\x48\x79\x21\xe5\x85\x94\x17\x52\x5e\x48\x79\x21\xe5\x85\x94\x17\x52\x5e\x48\x79\x21\xe5\x85\x94\x17\x52\x5e\x48\x5d\x43\xca\x0b\x29\x2f\xa4\xbc\x90\xf2\x42\xca\x0b\x29\x2f\xa4\xbc\x90\xf2\x42\xca\x0b\x29\x2f\xa4\xbc\xe0\xb8\xff\x96\xf1\x42\xc6\x0b\x19\x2f\x64\xbc\x90\xf9\xba\x66\xbc\x90\xf1\x42\xe6\x13\x64\xbc\x90\xf1\x42\xc6\x0b\x19\x2f\x64\xbc\x90\xf1\x42\xc6\x0b\x19\x2f\x64\xbc\x90\xf1\x42\xc6\x0b\x19\x2f\x64\xbc\x90\xf1\x42\xc6\x0b\x19\x2f\x64\xbc\x90\xf1\x42\xc6\x0b\x19\x2f\x64\xbc\x90\xf1\x42\xc6\x0b\x19\x2f\x64\xbc\x90\xf1\x42\xc6\x0b\x19\x2f\x64\xbc\x90\xf1\x42\xc6\x0b\x19\x2f\x64\xbc\x90\xf1\x42\xc6\x0b\x19\x2f\x64\xbc\x90\xf1\x42\xc6\x0b\x19\x2f\x64\xbc\x90\xf1\x42\xc6\x0b\x19\x2f\x64\xbc\x90\xf1\x42\xc6\x0b\x19\x2f\x64\xbc\x90\xf1\x42\xc6\x0b\x19\x2f\x64\xbc\x90\xf1\x42\xc6\x0b\x19\x2f\x64\xbc\x90\xf1\x42\xc6\x0b\x19\x2f\x64\xbc\x90\xf1\x42\xc6\x0b\x19\x2f\x64\xbc\x90\xf1\x42\xc6\x0b\x19\x2f\x64\xbc\x90\xf1\x42\xc6\x0b\x19\x2f\x64\xbc\x90\xf1\x42\xc6\x0b\x19\x2f\x64\xbc\x90\xf1\x42\xc6\x0b\x19\x2f\x64\x7f\xf2\x8f\xcf\x7f\xc6\x11\x19\x47\x64\x1c\x91\x71\x44\xc6\x11\x99\xbd\x43\xc6\x0b\x19\x2f\x64\xbc\x90\xf1\x42\xc6\x0b\x19\x2f\x64\xbc\x90\xf1\x42\xc6\x0b\x19\x2f\x64\xbc\x90\xf1\x42\xc6\x0b\x19\x2f\x64\xbc\x90\xf1\x42\xc6\x0b\x19\x2f\x64\xbc\x90\xf1\x42\xc6\x0b\x19\x2f\x64\xbc\x90\xf1\x42\xc6\x0b\x19\x2f\x64\xbc\x90\xf1\x42\xc6\x0b\x19\x2f\x64\xbc\x90\xf1\x42\xc6\x0b\x19\x2f\x64\xbc\x90\xf1\x42\xc6\x0b\x19\x2f\x64\xbc\x90\xf1\x42\xc6\x0b\x19\x2f\x64\xbc\x90\xf1\x42\xc6\x0b\x19\x2f\x64\xbc\x90\xf1\x42\xc6\x0b\x19\x2f\x64\xbc\x90\xf1\x42\xc6\x0b\x19\x2f\x64\xbc\x90\xf1\x42\xc6\x0b\x19\x2f\x64\xbc\x90\xf1\x42\xc6\x0b\x19\x2f\x64\xbc\x90\xf1\x42\xc6\x0b\x19\x2f\x64\xbc\x90\xf1\x42\xc6\x0b\x19\x2f\x64\xbc\x90\xf1\x42\xc6\x0b\x19\x2f\x64\xbc\x90\xf1\x42\xc6\x0b\x19\x2f\x64\xbc\x90\xf1\x42\xc6\x0b\x19\x2f\x64\xbc\x90\xf1\x42\xc6\x0b\x19\x2f\x64\xbc\x90\xf1\x42\xc6\x0b\x19\x2f\x64\xbc\x90\xf1\x42\xc6\x0b\x19\x2f\x64\xbc\x90\xf1\x42\xc6\x0b\x19\x2f\x64\xbc\x90\xf1\x42\xc6\x0b\x19\x2f\x64\xbc\x90\xf1\x42\xc6\x0b\x19\x2f\x64\xbc\x90\xf1\x42\xc6\x0b\x19\x2f\x64\xbc\x90\xf1\x42\xc6\x0b\x19\x2f\x64\xbc\x90\xf1\x42\xc6\x0b\x19\x2f\x64\xbf\xfa\x3b\xf3\xcf\x11\x19\x47\x64\x1c\x91\x71\x44\xc6\x11\x99\xbd\x43\xc6\x0b\x19\x2f\x64\xbc\x90\xf1\x42\xc6\x0b\x19\x2f\x64\xbc\x90\xf1\x42\xc6\x0b\x19\x2f\x64\xbc\x90\xf1\x42\xc6\x0b\x19\x2f\x64\xbc\x90\xf1\x42\xc6\x0b\x19\x2f\x64\xbc\x90\xf1\x42\xc6\x0b\x19\x2f\x64\xbc\x90\xb9\xe6\x8c\x17\x32\x5e\xc8\x78\x21\xe3\x85\x8c\x17\x32\x5e\xc8\x78\x21\xe3\x85\x8c\x17\x32\x5e\xc8\x78\xc1\x31\xff\x2d\xe7\x85\x9c\x17\x72\x5e\xc8\x79\x21\xf7\x3c\xe4\xbc\x90\xf3\x42\xce\x0b\xb9\x4f\x94\xf3\x42\xce\x0b\x39\x2f\xe4\xbc\x90\xf3\x42\xce\x0b\x39\x2f\xe4\xbc\x90\xf3\x42\xce\x0b\x39\x2f\xe4\xbc\x90\xf3\x42\xce\x0b\x39\x2f\xe4\xbc\x90\xf3\x42\xce\x0b\x39\x2f\xe4\xbc\x90\xf3\x42\xce\x0b\x39\x2f\xe4\xbc\x90\xf3\x42\xce\x0b\x39\x2f\xe4\xbc\x90\xf3\x42\xce\x0b\x39\x2f\xe4\xbc\x90\xf3\x42\xce\x0b\x39\x2f\xe4\xbc\x90\xf3\x42\xce\x0b\x39\x2f\xe4\xbc\x90\xf3\x42\xce\x0b\x39\x2f\xe4\xbc\x90\xf3\x42\xce\x0b\x39\x2f\xe4\xbc\x90\xf3\x42\xce\x0b\x39\x2f\xe4\xbc\x90\xf3\x42\xce\x0b\x39\x2f\xe4\xbc\x90\xf3\x42\xce\x0b\x39\x2f\xe4\xbc\x90\xf3\x42\xce\x0b\x39\x2f\xe4\xbc\x90\xf3\x42\xce\x0b\x39\x2f\xe4\xbc\x90\xf3\x42\xce\x0b\x39\x2f\xe4\xbc\x90\xf3\x42\xfe\xc7\xff\xf8\xfc\xe7\x1c\x91\x73\x44\xce\x11\x39\x47\xe4\x1c\x91\xdb\x3b\xe4\xbc\x90\xf3\x42\xce\x0b\x39\x2f\xe4\xbc\x90\xf3\x42\xce\x0b\x39\x2f\xe4\xbc\x90\xf3\x42\xce\x0b\x39\x2f\xe4\xbc\x90\xf3\x42\xce\x0b\x39\x2f\xe4\xbc\x90\xf3\x42\xce\x0b\x39\x2f\xe4\xbc\x90\xf3\x42\xce\x0b\x39\x2f\xe4\xbc\x90\xf3\x42\xce\x0b\x39\x2f\xe4\xbc\x90\xf3\x42\xce\x0b\x39\x2f\xe4\xbc\x90\xf3\x42\xce\x0b\x39\x2f\xe4\xbc\x90\xf3\x42\xce\x0b\x39\x2f\xe4\xbc\x90\xf3\x42\xce\x0b\x39\x2f\xe4\xbc\x90\xf3\x42\xce\x0b\x39\x2f\xe4\xbc\x90\xf3\x42\xce\x0b\x39\x2f\xe4\xbc\x90\xf3\x42\xce\x0b\x39\x2f\xe4\xbc\x90\xf3\x42\xce\x0b\x39\x2f\xe4\xbc\x90\xf3\x42\xce\x0b\x39\x2f\xe4\xbc\x90\xf3\x42\xce\x0b\x39\x2f\xe4\xbc\x90\xf3\x42\xce\x0b\x39\x2f\xe4\xbc\x90\xf3\x42\xce\x0b\x39\x2f\xe4\xbc\x90\xf3\x42\xce\x0b\x39\x2f\xe4\xbc\x90\xf3\x42\xce\x0b\x39\x2f\xe4\xbc\x90\xf3\x42\xce\x0b\x39\x2f\xe4\xbc\x90\xf3\x42\xce\x0b\x39\x2f\xe4\xbc\x90\xf3\x42\xce\x0b\x39\x2f\xe4\xbc\x90\xf3\x42\xce\x0b\x39\x2f\xe4\xbc\x90\xf3\x42\xce\x0b\x39\x2f\xe4\xbc\x90\xf3\x42\xce\x0b\x39\x2f\xe4\xbc\x90\xf3\x42\xce\x0b\x39\x2f\xe4\xbc\x90\xf3\x42\xce\x0b\x39\x2f\xe4\xbc\x90\xf3\x42\xfe\x2b\xbf\x33\xff\x1c\x91\x73\x44\xce\x11\x39\x47\xe4\x1c\x91\xdb\x3b\xe4\xbc\x90\xf3\x42\xce\x0b\x39\x2f\xe4\xbc\x90\xf3\x42\xce\x0b\x39\x2f\xe4\xbc\x90\xf3\x42\xce\x0b\x39\x2f\xe4\xbc\x90\xf3\x42\xce\x0b\x39\x2f\xe4\xbc\x90\xf3\x42\xce\x0b\x39\x2f\xe4\xbc\x90\xf3\x42\xce\x0b\x39\x2f\xe4\xbc\x90\xf3\x42\xce\x0b\x39\x2f\xe4\xbc\x90\xfb\x1a\xe5\xbc\x90\xf3\x42\xce\x0b\x39\x2f\xe4\xbc\x90\xf3\x42\xce\x0b\x39\x2f\xe4\xbc\x90\xf3\x42\xce\x0b\x3f\xfc\x5f\xad\x15\xbc\x50\xf0\x42\xc1\x0b\x05\x2f\x14\x9e\xb7\x82\x17\x0a\x5e\x28\x78\xa1\xe0\x85\xc2\x27\x2c\x78\xa1\xe0\x85\x82\x17\x0a\x5e\x28\x78\xa1\xe0\x85\x82\x17\x0a\x5e\x28\x78\xa1\xe0\x85\x82\x17\x0a\x5e\x28\x78\xa1\xe0\x85\x82\x17\x0a\x5e\x28\x78\xa1\xe0\x85\x82\x17\x0a\x5e\x28\x78\xa1\xe0\x85\x82\x17\x0a\x5e\x28\x78\xa1\xe0\x85\x82\x17\x0a\x5e\x28\x78\xa1\xe0\x85\x82\x17\x0a\x5e\x28\x78\xa1\xe0\x85\x82\x17\x0a\x5e\x28\x78\xa1\xe0\x85\x82\x17\x0a\x5e\x28\x78\xa1\xe0\x85\x82\x17\x0a\x5e\x28\x78\xa1\xe0\x85\x82\x17\x0a\x5e\x28\x78\xa1\xe0\x85\x82\x17\x0a\x5e\x28\x78\xa1\xe0\x85\x82\x17\x0a\x5e\x28\x78\xa1\xe0\x85\x82\x17\x0a\x5e\x28\x78\xa1\xe0\x85\x82\x17\x0a\x5e\x28\x78\xa1\xe0\x85\xe2\x8f\xfd\xf1\xf9\x2f\x38\xa2\xe0\x88\x82\x23\x0a\x8e\x28\x38\xa2\xb0\x77\x28\x78\xa1\xe0\x85\x82\x17\x0a\x5e\x28\x78\xa1\xe0\x85\x82\x17\x0a\x5e\x28\x78\xa1\xe0\x85\x82\x17\x0a\x5e\x28\x78\xa1\xe0\x85\x82\x17\x0a\x5e\x28\x78\xa1\xe0\x85\x82\x17\x0a\x5e\x28\x78\xa1\xe0\x85\x82\x17\x0a\x5e\x28\x78\xa1\xe0\x85\x82\x17\x0a\x5e\x28\x78\xa1\xe0\x85\x82\x17\x0a\x5e\x28\x78\xa1\xe0\x85\x82\x17\x0a\x5e\x28\x78\xa1\xe0\x85\x82\x17\x0a\x5e\x28\x78\xa1\xe0\x85\x82\x17\x0a\x5e\x28\x78\xa1\xe0\x85\x82\x17\x0a\x5e\x28\x78\xa1\xe0\x85\x82\x17\x0a\x5e\x28\x78\xa1\xe0\x85\x82\x17\x0a\x5e\x28\x78\xa1\xe0\x85\x82\x17\x0a\x5e\x28\x78\xa1\xe0\x85\x82\x17\x0a\x5e\x28\x78\xa1\xe0\x85\x82\x17\x0a\x5e\x28\x78\xa1\xe0\x85\x82\x17\x0a\x5e\x28\x78\xa1\xe0\x85\x82\x17\x0a\x5e\x28\x78\xa1\xe0\x85\x82\x17\x0a\x5e\x28\x78\xa1\xe0\x85\x82\x17\x0a\x5e\x28\x78\xa1\xe0\x85\x82\x17\x0a\x5e\x28\x78\xa1\xe0\x85\x82\x17\x0a\x5e\x28\x78\xa1\xe0\x85\x82\x17\x0a\x5e\x28\x78\xa1\xe0\x85\x82\x17\x0a\x5e\x28\x78\xa1\xe0\x85\x82\x17\x0a\x5e\x28\x78\xa1\xe0\x85\x82\x17\x0a\x5e\x28\x78\xa1\xe0\x85\x82\x17\x0a\x5e\x28\x78\xa1\xe0\x85\x82\x17\x0a\x5e\x28\x78\xa1\xe0\x85\xe2\x6f\xf9\xce\xfc\x73\x44\xc1\x11\x05\x47\x14\x1c\x51\x70\x44\x61\xef\x50\xf0\x42\xc1\x0b\x05\x2f\x14\xbc\x50\xf0\x42\xc1\x0b\x05\x2f\x14\xbc\x50\xf0\x42\xc1\x0b\x05\x2f\x14\xbc\x50\xf0\x42\xc1\x0b\x05\x2f\x14\xbc\x50\xf0\x42\xc1\x0b\x05\x2f\x14\xbc\x50\xf0\x42\xc1\x0b\x05\x2f\x14\xbc\x50\xf0\x42\xc1\x0b\x05\x2f\x14\xbc\x50\xf0\x42\xc1\x0b\x05\x2f\x14\xbc\x50\xf0\x42\xc1\x0b\x05\x2f\x14\xbe\xa6\x05\x2f\x14\xbc\x50\xf0\x42\xc1\x0b\x05\x2f\x14\xbc\x50\xf0\x42\xc1\x0b\x05\x2f\x14\xbc\x50\xf0\x82\x63\xfd\x5b\xc9\x0b\x25\x2f\x94\xbc\x50\xf2\x42\xe9\x79\x2e\x79\xa1\xe4\x85\x92\x17\x4a\x5e\x28\x79\xa1\xf4\x89\x4b\x5e\x28\x79\xa1\xe4\x85\x92\x17\x4a\x5e\x28\x79\xa1\xe4\x85\x92\x17\x4a\x5e\x28\x79\xa1\xe4\x85\x92\x17\x4a\x5e\x28\x79\xa1\xe4\x85\x92\x17\x4a\x5e\x28\x79\xa1\xe4\x85\x92\x17\x4a\x5e\x28\x79\xa1\xe4\x85\x92\x17\x4a\x5e\x28\x79\xa1\xe4\x85\x92\x17\x4a\x5e\x28\x79\xa1\xe4\x85\x92\x17\x4a\x5e\x28\x79\xa1\xe4\x85\x92\x17\x4a\x5e\x28\x79\xa1\xe4\x85\x92\x17\x4a\x5e\x28\x79\xa1\xe4\x85\x92\x17\x4a\x5e\x28\x79\xa1\xe4\x85\x92\x17\x4a\x5e\x28\x79\xa1\xe4\x85\x92\x17\x4a\x5e\x28\x79\xa1\xe4\x85\x92\x17\x4a\x5e\x28\x79\xa1\xe4\x85\xf2\xa7\x7f\x7c\xfe\x4b\x8e\x28\x39\xa2\xe4\x88\x92\x23\x4a\x8e\x28\xed\x1d\x4a\x5e\x28\x79\xa1\xe4\x85\x92\x17\x4a\x5e\x28\x79\xa1\xe4\x85\x92\x17\x4a\x5e\x28\x79\xa1\xe4\x85\x92\x17\x4a\x5e\x28\x79\xa1\xe4\x85\x92\x17\x4a\x5e\x28\x79\xa1\xe4\x85\x92\x17\x4a\x5e\x28\x79\xa1\xe4\x85\x92\x17\x4a\x5e\x28\x79\xa1\xe4\x85\x92\x17\x4a\x5e\x28\x79\xa1\xe4\x85\x92\x17\x4a\x5e\x28\x79\xa1\xe4\x85\x92\x17\x4a\x5e\x28\x79\xa1\xe4\x85\x92\x17\x4a\x5e\x28\x79\xa1\xe4\x85\x92\x17\x4a\x5e\x28\x79\xa1\xe4\x85\x92\x17\x4a\x5e\x28\x79\xa1\xe4\x85\x92\x17\x4a\x5e\x28\x79\xa1\xe4\x85\x92\x17\x4a\x5e\x28\x79\xa1\xe4\x85\x92\x17\x4a\x5e\x28\x79\xa1\xe4\x85\x92\x17\x4a\x5e\x28\x79\xa1\xe4\x85\x92\x17\x4a\x5e\x28\x79\xa1\xe4\x85\x92\x17\x4a\x5e\x28\x79\xa1\xe4\x85\x92\x17\x4a\x5e\x28\x79\xa1\xe4\x85\x92\x17\x4a\x5e\x28\x79\xa1\xe4\x85\x92\x17\x4a\x5e\x28\x79\xa1\xe4\x85\x92\x17\x4a\x5e\x28\x79\xa1\xe4\x85\x92\x17\x4a\x5e\x28\x79\xa1\xe4\x85\x92\x17\x4a\x5e\x28\x79\xa1\xe4\x85\x92\x17\x4a\x5e\x28\x79\xa1\xe4\x85\x92\x17\x4a\x5e\x28\x79\xa1\xe4\x85\x92\x17\x4a\x5e\x28\x79\xa1\xe4\x85\x92\x17\x4a\x5e\x28\x79\xa1\xe4\x85\x92\x17\x4a\x5e\x28\x79\xa1\xfc\x9b\xbf\x33\xff\x1c\x51\x72\x44\xc9\x11\x25\x47\x94\x1c\x51\xda\x3b\x94\xbc\x50\xf2\x42\xc9\x0b\x25\x2f\x94\xbc\x50\xf2\x42\xc9\x0b\x25\x2f\x94\xbc\x50\xf2\x42\xc9\x0b\x25\x2f\x94\xbc\x50\xf2\x42\xc9\x0b\x25\x2f\x94\xbc\x50\xf2\x42\xc9\x0b\x25\x2f\x94\xbc\x50\xf2\x42\xc9\x0b\x25\x2f\x94\xbc\x50\xf2\x42\xc9\x0b\x25\x2f\x94\xbc\x50\xf2\x42\xc9\x0b\x25\x2f\x94\xbc\x50\xf2\x42\xc9\x0b\x25\x2f\x94\xbc\x50\xf2\x42\xc9\x0b\x25\x2f\x94\xbc\x50\x7a\x0e\x4a\x5e\x28\x79\xa1\xe4\x85\x92\x17\x4a\x5e\x28\x79\xa1\xe4\x85\x92\x17\x4a\x5e\x28\x79\xa1\xe4\x05\xc7\xf9\xb7\x8a\x17\x2a\x5e\xa8\x78\xa1\xe2\x85\xca\xeb\xa2\xe2\x85\x8a\x17\x2a\x5e\xa8\x78\xa1\xe2\x85\x8a\x17\x2a\x77\x50\xf1\x42\xc5\x0b\x15\x2f\x54\xbc\x50\xf1\x42\xc5\x0b\x15\x2f\x54\xbc\x50\xf1\x42\xc5\x0b\x15\x2f\x54\xbc\x50\xf1\x42\xc5\x0b\x15\x2f\x54\xbc\x50\xf1\x42\xc5\x0b\x15\x2f\x54\xbc\x50\xf1\x42\xc5\x0b\x15\x2f\x54\xbc\x50\xf1\x42\xc5\x0b\x15\x2f\x54\xbc\x50\xf1\x42\xc5\x0b\x15\x2f\x54\xbc\x50\xf1\x42\xc5\x0b\x15\x2f\x54\xbc\x50\xf1\x42\xc5\x0b\x15\x2f\x54\xbc\x50\xf1\x42\xc5\x0b\x15\x2f\x54\xbc\x50\xf1\x42\xc5\x0b\x15\x2f\x54\xbc\x50\xf1\x42\xc5\x0b\x15\x2f\x54\xbc\x50\xfd\xfc\x1f\x9f\xff\x8a\x23\x2a\x8e\xa8\x38\xa2\xe2\x88\x8a\x23\x2a\x7b\x87\x8a\x17\x2a\x5e\xa8\x78\xa1\xe2\x85\x8a\x17\x2a\x5e\xa8\x78\xa1\xe2\x85\x8a\x17\x2a\x5e\xa8\x78\xa1\xe2\x85\x8a\x17\x2a\x5e\xa8\x78\xa1\xe2\x85\x8a\x17\x2a\x5e\xa8\x78\xa1\xe2\x85\x8a\x17\x2a\x5e\xa8\x78\xa1\xe2\x85\x8a\x17\x2a\x5e\xa8\x78\xa1\xe2\x85\x8a\x17\x2a\x5e\xa8\x78\xa1\xe2\x85\x8a\x17\x2a\x5e\xa8\x78\xa1\xe2\x85\x8a\x17\x2a\x5e\xa8\x78\xa1\xe2\x85\x8a\x17\x2a\x5e\xa8\x78\xa1\xe2\x85\x8a\x17\x2a\x5e\xa8\x78\xa1\xe2\x85\x8a\x17\x2a\x5e\xa8\x78\xa1\xe2\x85\x8a\x17\x2a\x5e\xa8\x78\xa1\xe2\x85\x8a\x17\x2a\x5e\xa8\x78\xa1\xe2\x85\x8a\x17\x2a\x5e\xa8\x78\xa1\xe2\x85\x8a\x17\x2a\x5e\xa8\x78\xa1\xe2\x85\x8a\x17\x2a\x5e\xa8\x78\xa1\xe2\x85\x8a\x17\x2a\x5e\xa8\x78\xa1\xe2\x85\x8a\x17\x2a\x5e\xa8\x78\xa1\xe2\x85\x8a\x17\x2a\x5e\xa8\x78\xa1\xe2\x85\x8a\x17\x2a\x5e\xa8\x78\xa1\xe2\x85\x8a\x17\x2a\x5e\xa8\x78\xa1\xe2\x85\x8a\x17\x2a\x5e\xa8\x78\xa1\xe2\x85\x8a\x17\x2a\x5e\xa8\x78\xa1\xe2\x85\x8a\x17\x2a\x5e\xa8\x78\xa1\xe2\x85\x8a\x17\x2a\x5e\xa8\x78\xa1\xe2\x85\x8a\x17\x2a\x5e\xa8\x78\xa1\xe2\x85\x8a\x17\x2a\x5e\xa8\x78\xa1\xe2\x85\x8a\x17\x2a\x5e\xa8\xfe\xa6\xef\xcc\x3f\x47\x54\x1c\x51\x71\x44\xc5\x11\x15\x47\x54\xf6\x0e\x15\x2f\x54\xbc\x50\xf1\x42\xc5\x0b\x15\x2f\x54\xbc\x50\xf1\x42\xc5\x0b\x15\x2f\x54\xbc\x50\xf1\x42\xc5\x0b\x15\x2f\x54\xbc\x50\xf1\x42\xc5\x0b\x15\x2f\x54\xbc\x50\xf1\x42\xc5\x0b\x15\x2f\x54\xbc\x50\xf1\x42\xc5\x0b\x15\x2f\x54\xbc\x50\xf1\x42\xc5\x0b\x15\x2f\x54\xbc\x50\xf1\x42\xc5\x0b\x15\x2f\x54\xbc\x50\xf1\x42\xc5\x0b\x15\x2f\x54\xbc\x50\xf1\x42\xc5\x0b\x15\x2f\x54\xbc\x50\xf1\x42\xc5\x0b\x15\x2f\x54\xbc\x50\xf1\x42\xe5\x39\xab\x78\xa1\xe2\x85\x8a\x17\x2a\x5e\xa8\x78\xa1\xe2\x85\x8a\x17\x2a\x5e\xa8\x78\xa1\xe2\x85\x8a\x17\x1c\xe3\xdf\x6a\x5e\xa8\x79\xa1\xe6\x85\x9a\x17\x6a\xaf\xa3\x9a\x17\x6a\x5e\xa8\x79\xa1\xe6\x85\x9a\x17\x6a\x5e\xa8\x79\xa1\x76\x47\x35\x2f\xd4\xbc\x50\xf3\x42\xcd\x0b\x35\x2f\xd4\xbc\x50\xf3\x42\xcd\x0b\x35\x2f\xd4\xbc\x50\xf3\x42\xcd\x0b\x35\x2f\xd4\xbc\x50\xf3\x42\xcd\x0b\x35\x2f\xd4\xbc\x50\xf3\x42\xcd\x0b\x35\x2f\xd4\xbc\x50\xf3\x42\xcd\x0b\x35\x2f\xd4\xbc\x50\xf3\x42\xcd\x0b\x35\x2f\xd4\xbc\x50\xf3\x42\xcd\x0b\x35\x2f\xd4\xbc\x50\xf3\x42\xcd\x0b\x35\x2f\xd4\xbc\x50\xf3\x42\xcd\x0b\x35\x2f\xd4\xbc\x50\xf3\x42\xcd\x0b\x35\x2f\xd4\x7f\xd4\x8f\xcf\x7f\xcd\x11\x35\x47\xd4\x1c\x51\x73\x44\xcd\x11\xb5\xbd\x43\xcd\x0b\x35\x2f\xd4\xbc\x50\xf3\x42\xcd\x0b\x35\x2f\xd4\xbc\x50\xf3\x42\xcd\x0b\x35\x2f\xd4\xbc\x50\xf3\x42\xcd\x0b\x35\x2f\xd4\xbc\x50\xf3\x42\xcd\x0b\x35\x2f\xd4\xbc\x50\xf3\x42\xcd\x0b\x35\x2f\xd4\xbc\x50\xf3\x42\xcd\x0b\x35\x2f\xd4\xbc\x50\xf3\x42\xcd\x0b\x35\x2f\xd4\xbc\x50\xf3\x42\xcd\x0b\x35\x2f\xd4\xbc\x50\xf3\x42\xcd\x0b\x35\x2f\xd4\xbc\x50\xf3\x42\xcd\x0b\x35\x2f\xd4\xbc\x50\xf3\x42\xcd\x0b\x35\x2f\xd4\xbc\x50\xf3\x42\xcd\x0b\x35\x2f\xd4\xbc\x50\xf3\x42\xcd\x0b\x35\x2f\xd4\xbc\x50\xf3\x42\xcd\x0b\x35\x2f\xd4\xbc\x50\xf3\x42\xcd\x0b\x35\x2f\xd4\xbc\x50\xf3\x42\xcd\x0b\x35\x2f\xd4\xbc\x50\xf3\x42\xcd\x0b\x35\x2f\xd4\xbc\x50\xf3\x42\xcd\x0b\x35\x2f\xd4\xbc\x50\xf3\x42\xcd\x0b\x35\x2f\xd4\xbc\x50\xf3\x42\xcd\x0b\x35\x2f\xd4\xbc\x50\xf3\x42\xcd\x0b\x35\x2f\xd4\xbc\x50\xf3\x42\xcd\x0b\x35\x2f\xd4\xbc\x50\xf3\x42\xcd\x0b\x35\x2f\xd4\xbc\x50\xf3\x42\xcd\x0b\x35\x2f\xd4\xbc\x50\xf3\x42\xcd\x0b\x35\x2f\xd4\xbc\x50\xf3\x42\xcd\x0b\x35\x2f\xd4\xbc\x50\xf3\x42\xcd\x0b\x35\x2f\xd4\xbc\x50\xf3\x42\xcd\x0b\x35\x2f\xd4\xbc\x50\xf3\x42\xcd\x0b\x35\x2f\xd4\x7f\xe3\x77\xe6\x9f\x23\x6a\x8e\xa8\x39\xa2\xe6\x88\x9a\x23\x6a\x7b\x87\x9a\x17\x6a\x5e\xa8\x79\xa1\xe6\x85\x9a\x17\x6a\x5e\xa8\x79\xa1\xe6\x85\x9a\x17\x6a\x5e\xa8\x79\xa1\xe6\x85\x9a\x17\x6a\x5e\xa8\x79\xa1\xe6\x85\x9a\x17\x6a\x5e\xa8\x79\xa1\xe6\x85\x9a\x17\x6a\x5e\xa8\x79\xa1\xe6\x85\x9a\x17\x6a\x5e\xa8\x79\xa1\xe6\x85\x9a\x17\x6a\x5e\xa8\x79\xa1\xe6\x85\x9a\x17\x6a\x5e\xa8\x79\xa1\xe6\x85\x9a\x17\x6a\x5e\xa8\x79\xa1\xe6\x85\x9a\x17\x6a\x5e\xa8\x79\xa1\xe6\x85\x9a\x17\x6a\x5e\xa8\x79\xa1\xe6\x85\x9a\x17\x6a\x5e\xa8\x79\xa1\xe6\x85\x9a\x17\x6a\xcf\x71\xcd\x0b\x35\x2f\xd4\xbc\x50\xf3\x42\xcd\x0b\x35\x2f\xd4\xbc\x50\xf3\x42\xcd\x0b\x35\x2f\xd4\xbc\xe0\xf8\xfe\xd6\xf0\x42\xc3\x0b\x0d\x2f\x34\xbc\xd0\x78\xdd\x35\xbc\xd0\xf0\x42\xc3\x0b\x0d\x2f\x34\xbc\xd0\xf0\x42\xc3\x0b\x0d\x2f\x34\xee\xb0\xe1\x85\x86\x17\x1a\x5e\x68\x78\xa1\xe1\x85\x86\x17\x1a\x5e\x68\x78\xa1\xe1\x85\x86\x17\x1a\x5e\x68\x78\xa1\xe1\x85\x86\x17\x1a\x5e\x68\x78\xa1\xe1\x85\x86\x17\x1a\x5e\x68\x78\xa1\xe1\x85\x86\x17\x1a\x5e\x68\x78\xa1\xe1\x85\x86\x17\x1a\x5e\x68\x78\xa1\xe1\x85\x86\x17\x1a\x5e\x68\x78\xa1\xe1\x85\x86\x17\x1a\x5e\x68\x78\xa1\xe1\x85\x86\x17\x9a\x3f\xfc\xc7\xe7\xbf\xe1\x88\x86\x23\x1a\x8e\x68\x38\xa2\xe1\x88\xc6\xde\xa1\xe1\x85\x86\x17\x1a\x5e\x68\x78\xa1\xe1\x85\x86\x17\x1a\x5e\x68\x78\xa1\xe1\x85\x86\x17\x1a\x5e\x68\x78\xa1\xe1\x85\x86\x17\x1a\x5e\x68\x78\xa1\xe1\x85\x86\x17\x1a\x5e\x68\x78\xa1\xe1\x85\x86\x17\x1a\x5e\x68\x78\xa1\xe1\x85\x86\x17\x1a\x5e\x68\x78\xa1\xe1\x85\x86\x17\x1a\x5e\x68\x78\xa1\xe1\x85\x86\x17\x1a\x5e\x68\x78\xa1\xe1\x85\x86\x17\x1a\x5e\x68\x78\xa1\xe1\x85\x86\x17\x1a\x5e\x68\x78\xa1\xe1\x85\x86\x17\x1a\x5e\x68\x78\xa1\xe1\x85\x86\x17\x1a\x5e\x68\x78\xa1\xe1\x85\x86\x17\x1a\x5e\x68\x78\xa1\xe1\x85\x86\x17\x1a\x5e\x68\x78\xa1\xe1\x85\x86\x17\x1a\x5e\x68\x78\xa1\xe1\x85\x86\x17\x1a\x5e\x68\x78\xa1\xe1\x85\x86\x17\x1a\x5e\x68\x78\xa1\xe1\x85\x86\x17\x1a\x5e\x68\x78\xa1\xe1\x85\x86\x17\x1a\x5e\x68\x78\xa1\xe1\x85\x86\x17\x1a\x5e\x68\x78\xa1\xe1\x85\x86\x17\x1a\x5e\x68\x78\xa1\xe1\x85\x86\x17\x1a\x5e\x68\x78\xa1\xe1\x85\x86\x17\x1a\x5e\x68\x78\xa1\xe1\x85\x86\x17\x1a\x5e\x68\x78\xa1\xe1\x85\x86\x17\x1a\x5e\x68\x78\xa1\xe1\x85\x86\x17\x1a\x5e\x68\x78\xa1\xe1\x85\x86\x17\x1a\x5e\x68\x78\xa1\xe1\x85\x86\x17\x1a\x5e\x68\x78\xa1\xe1\x85\x86\x17\x9a\xbf\xe1\x3b\xf3\xcf\x11\x0d\x47\x34\x1c\xd1\x70\x44\xc3\x11\x8d\xbd\x43\xc3\x0b\x0d\x2f\x34\xbc\xd0\xf0\x42\xc3\x0b\x0d\x2f\x34\xbc\xd0\xf0\x42\xc3\x0b\x0d\x2f\x34\xbc\xd0\xf0\x42\xc3\x0b\x0d\x2f\x34\xbc\xd0\xf0\x42\xc3\x0b\x0d\x2f\x34\xbc\xd0\xf0\x42\xc3\x0b\x0d\x2f\x34\xbc\xd0\xf0\x42\xc3\x0b\x0d\x2f\x34\xbc\xd0\xf0\x42\xc3\x0b\x0d\x2f\x34\xbc\xd0\xf0\x42\xc3\x0b\x0d\x2f\x34\xbc\xd0\xf0\x42\xc3\x0b\x0d\x2f\x34\xbc\xd0\xf0\x42\xc3\x0b\x0d\x2f\x34\xbc\xd0\xf0\x42\xc3\x0b\x0d\x2f\x34\xbc\xd0\xf0\x42\xc3\x0b\x0d\x2f\x34\xbc\xd0\xf0\x42\xc3\x0b\x0d\x2f\x34\xbc\xd0\xf0\x42\xc3\x0b\x0d\x2f\x34\xbc\xd0\x78\x4d\x34\xbc\xd0\xf0\x42\xc3\x0b\x0d\x2f\x34\xbc\xd0\xf0\x42\xc3\x0b\x0d\x2f\x34\xbc\xd0\xf0\x42\xc3\x0b\x8e\xed\x6f\x2d\x2f\xb4\xbc\xd0\xf2\x42\xcb\x0b\xad\xd7\x69\xcb\x0b\x2d\x2f\xb4\xbc\xd0\xf2\x42\xcb\x0b\x2d\x2f\xb4\xbc\xd0\xf2\x42\xcb\x0b\xad\x3b\x6e\x79\xa1\xe5\x85\x96\x17\x5a\x5e\x68\x79\xa1\xe5\x85\x96\x17\x5a\x5e\x68\x79\xa1\xe5\x85\x96\x17\x5a\x5e\x68\x79\xa1\xe5\x85\x96\x17\x5a\x5e\x68\x79\xa1\xe5\x85\x96\x17\x5a\x5e\x68\x79\xa1\xe5\x85\x96\x17\x5a\x5e\x68\x79\xa1\xe5\x85\x96\x17\x5a\x5e\x68\x79\xa1\xe5\x85\x96\x17\xda\x9f\xf7\xe3\xf3\xdf\x72\x44\xcb\x11\x2d\x47\xb4\x1c\xd1\x72\x44\x6b\xef\xd0\xf2\x42\xcb\x0b\x2d\x2f\xb4\xbc\xd0\xf2\x42\xcb\x0b\x2d\x2f\xb4\xbc\xd0\xf2\x42\xcb\x0b\x2d\x2f\xb4\xbc\xd0\xf2\x42\xcb\x0b\x2d\x2f\xb4\xbc\xd0\xf2\x42\xcb\x0b\x2d\x2f\xb4\xbc\xd0\xf2\x42\xcb\x0b\x2d\x2f\xb4\xbc\xd0\xf2\x42\xcb\x0b\x2d\x2f\xb4\xbc\xd0\xf2\x42\xcb\x0b\x2d\x2f\xb4\xbc\xd0\xf2\x42\xcb\x0b\x2d\x2f\xb4\xbc\xd0\xf2\x42\xcb\x0b\x2d\x2f\xb4\xbc\xd0\xf2\x42\xcb\x0b\x2d\x2f\xb4\xbc\xd0\xf2\x42\xcb\x0b\x2d\x2f\xb4\xbc\xd0\xf2\x42\xcb\x0b\x2d\x2f\xb4\xbc\xd0\xf2\x42\xcb\x0b\x2d\x2f\xb4\xbc\xd0\xf2\x42\xcb\x0b\x2d\x2f\xb4\xbc\xd0\xf2\x42\xcb\x0b\x2d\x2f\xb4\xbc\xd0\xf2\x42\xcb\x0b\x2d\x2f\xb4\xbc\xd0\xf2\x42\xcb\x0b\x2d\x2f\xb4\xbc\xd0\xf2\x42\xcb\x0b\x2d\x2f\xb4\xbc\xd0\xf2\x42\xcb\x0b\x2d\x2f\xb4\xbc\xd0\xf2\x42\xcb\x0b\x2d\x2f\xb4\xbc\xd0\xf2\x42\xcb\x0b\x2d\x2f\xb4\xbc\xd0\xf2\x42\xcb\x0b\x2d\x2f\xb4\xbc\xd0\xf2\x42\xcb\x0b\x2d\x2f\xb4\xbc\xd0\xf2\x42\xcb\x0b\x2d\x2f\xb4\xbc\xd0\xf2\x42\xcb\x0b\x2d\x2f\xb4\xbc\xd0\xf2\x42\xcb\x0b\x2d\x2f\xb4\xbc\xd0\xf2\x42\xcb\x0b\x2d\x2f\xb4\xbc\xd0\xf2\x42\xcb\x0b\x2d\x2f\xb4\xbc\xd0\xf2\x42\xcb\x0b\xed\x5f\xff\x9d\xf9\xe7\x88\x96\x23\x5a\x8e\x68\x39\xa2\xe5\x88\xd6\xde\xa1\xe5\x85\x96\x17\x5a\x5e\x68\x79\xa1\xe5\x85\x96\x17\x5a\x5e\x68\x79\xa1\xe5\x85\x96\x17\x5a\x5e\x68\x79\xa1\xe5\x85\x96\x17\x5a\x5e\x68\x79\xa1\xe5\x85\x96\x17\x5a\x5e\x68\x79\xa1\xe5\x85\x96\x17\x5a\x5e\x68\x79\xa1\xe5\x85\x96\x17\x5a\x5e\x68\x79\xa1\xe5\x85\x96\x17\x5a\x5e\x68\x79\xa1\xe5\x85\x96\x17\x5a\x5e\x68\x79\xa1\xe5\x85\x96\x17\x5a\x5e\x68\x79\xa1\xe5\x85\x96\x17\x5a\x5e\x68\x79\xa1\xe5\x85\x96\x17\x5a\x5e\x68\x79\xa1\xe5\x85\x96\x17\x5a\x5e\x68\x79\xa1\xe5\x85\x96\x17\x5a\x5e\x68\x79\xa1\xe5\x85\x96\x17\x5a\x5e\x68\x79\xa1\xe5\x85\x96\x17\x5a\x5e\x68\x79\xa1\xe5\x85\xd6\x6b\xa8\xe5\x85\x96\x17\x5a\x5e\x68\x79\xa1\xe5\x85\x96\x17\x5a\x5e\x68\x79\xa1\xe5\x85\x96\x17\x5a\x5e\x70\x5c\x7f\xeb\x78\xa1\xe3\x85\x8e\x17\x3a\x5e\xe8\xbc\xae\x3b\x5e\xe8\x78\xa1\xe3\x85\x8e\x17\x3a\x5e\xe8\x78\xa1\xe3\x85\x8e\x17\x3a\x5e\xe8\x78\xa1\xf3\x00\x3a\x5e\xe8\x78\xa1\xe3\x85\x8e\x17\x3a\x5e\xe8\x78\xa1\xe3\x85\x8e\x17\x3a\x5e\xe8\x78\xa1\xe3\x85\x8e\x17\x3a\x5e\xe8\x78\xa1\xe3\x85\x8e\x17\x3a\x5e\xe8\x78\xa1\xe3\x85\x8e\x17\x3a\x5e\xe8\x78\xa1\xe3\x85\x8e\x17\xba\x3f\xe4\xc7\xe7\xbf\xe3\x88\x8e\x23\x3a\x8e\xe8\x38\xa2\xe3\x88\xce\xde\xa1\xe3\x85\x8e\x17\x3a\x5e\xe8\x78\xa1\xe3\x85\x8e\x17\x3a\x5e\xe8\x78\xa1\xe3\x85\x8e\x17\x3a\x5e\xe8\x78\xa1\xe3\x85\x8e\x17\x3a\x5e\xe8\x78\xa1\xe3\x85\x8e\x17\x3a\x5e\xe8\x78\xa1\xe3\x85\x8e\x17\x3a\x5e\xe8\x78\xa1\xe3\x85\x8e\x17\x3a\x5e\xe8\x78\xa1\xe3\x85\x8e\x17\x3a\x5e\xe8\x78\xa1\xe3\x85\x8e\x17\x3a\x5e\xe8\x78\xa1\xe3\x85\x8e\x17\x3a\x5e\xe8\x78\xa1\xe3\x85\x8e\x17\x3a\x5e\xe8\x78\xa1\xe3\x85\x8e\x17\x3a\x5e\xe8\x78\xa1\xe3\x85\x8e\x17\x3a\x5e\xe8\x78\xa1\xe3\x85\x8e\x17\x3a\x5e\xe8\x78\xa1\xe3\x85\x8e\x17\x3a\x5e\xe8\x78\xa1\xe3\x85\x8e\x17\x3a\x5e\xe8\x78\xa1\xe3\x85\x8e\x17\x3a\x5e\xe8\x78\xa1\xe3\x85\x8e\x17\x3a\x5e\xe8\x78\xa1\xe3\x85\x8e\x17\x3a\x5e\xe8\x78\xa1\xe3\x85\x8e\x17\x3a\x5e\xe8\x78\xa1\xe3\x85\x8e\x17\x3a\x5e\xe8\x78\xa1\xe3\x85\x8e\x17\x3a\x5e\xe8\x78\xa1\xe3\x85\x8e\x17\x3a\x5e\xe8\x78\xa1\xe3\x85\x8e\x17\x3a\x5e\xe8\x78\xa1\xe3\x85\x8e\x17\x3a\x5e\xe8\x78\xa1\xe3\x85\x8e\x17\x3a\x5e\xe8\x78\xa1\xe3\x85\x8e\x17\x3a\x5e\xe8\x78\xa1\xe3\x85\x8e\x17\x3a\x5e\xe8\x78\xa1\xe3\x85\x8e\x17\x3a\x5e\xe8\x78\xa1\xe3\x85\x8e\x17\xba\xbf\xee\x3b\xf3\xcf\x11\x1d\x47\x74\x1c\xd1\x71\x44\xc7\x11\x9d\xbd\x43\xc7\x0b\x1d\x2f\x74\xbc\xd0\xf1\x42\xc7\x0b\x1d\x2f\x74\xbc\xd0\xf1\x42\xc7\x0b\x1d\x2f\x74\xbc\xd0\xf1\x42\xc7\x0b\x1d\x2f\x74\xbc\xd0\xf1\x42\xc7\x0b\x1d\x2f\x74\xbc\xd0\xf1\x42\xc7\x0b\x1d\x2f\x74\xbc\xd0\xf1\x42\xc7\x0b\x1d\x2f\x74\xbc\xd0\xf1\x42\xc7\x0b\x1d\x2f\x74\xbc\xd0\xf1\x42\xc7\x0b\x1d\x2f\x74\xbc\xd0\xf1\x42\xc7\x0b\x1d\x2f\x74\xbc\xd0\xf1\x42\xc7\x0b\x1d\x2f\x74\xbc\xd0\xf1\x42\xc7\x0b\x1d\x2f\x74\xbc\xd0\xf1\x42\xc7\x0b\x1d\x2f\x74\xbc\xd0\xf1\x42\xc7\x0b\x1d\x2f\x74\xbc\xd0\xf1\x42\xc7\x0b\x1d\x2f\x74\xbc\xd0\xf1\x42\xc7\x0b\x1d\x2f\x74\xbc\xd0\xf1\x42\xc7\x0b\x1d\x2f\x74\xbc\xd0\xf1\x42\xc7\x0b\x1d\x2f\x74\xbc\xd0\x79\xcd\x75\xbc\xd0\xf1\x42\xc7\x0b\x1d\x2f\x74\xbc\xd0\xf1\x42\xc7\x0b\x1d\x2f\x74\xbc\xd0\xf1\x42\xc7\x0b\x8e\xe9\x6f\x3d\x2f\xf4\xbc\xd0\xf3\x42\xcf\x0b\xbd\x39\xe8\x79\xa1\xe7\x85\x9e\x17\x7a\x5e\xe8\x79\xa1\xe7\x85\x9e\x17\x7a\x5e\xe8\x79\xa1\xe7\x85\x9e\x17\x7a\x0f\xa4\xe7\x85\x9e\x17\x7a\x5e\xe8\x79\xa1\xe7\x85\x9e\x17\x7a\x5e\xe8\x79\xa1\xe7\x85\x9e\x17\x7a\x5e\xe8\x79\xa1\xe7\x85\x9e\x17\x7a\x5e\xe8\x79\xa1\xe7\x85\xfe\x0f\xfa\xf1\xf9\xef\x39\xa2\xe7\x88\x9e\x23\x7a\x8e\xe8\x39\xa2\xb7\x77\xe8\x79\xa1\xe7\x85\x9e\x17\x7a\x5e\xe8\x79\xa1\xe7\x85\x9e\x17\x7a\x5e\xe8\x79\xa1\xe7\x85\x9e\x17\x7a\x5e\xe8\x79\xa1\xe7\x85\x9e\x17\x7a\x5e\xe8\x79\xa1\xe7\x85\x9e\x17\x7a\x5e\xe8\x79\xa1\xe7\x85\x9e\x17\x7a\x5e\xe8\x79\xa1\xe7\x85\x9e\x17\x7a\x5e\xe8\x79\xa1\xe7\x85\x9e\x17\x7a\x5e\xe8\x79\xa1\xe7\x85\x9e\x17\x7a\x5e\xe8\x79\xa1\xe7\x85\x9e\x17\x7a\x5e\xe8\x79\xa1\xe7\x85\x9e\x17\x7a\x5e\xe8\x79\xa1\xe7\x85\x9e\x17\x7a\x5e\xe8\x79\xa1\xe7\x85\x9e\x17\x7a\x5e\xe8\x79\xa1\xe7\x85\x9e\x17\x7a\x5e\xe8\x79\xa1\xe7\x85\x9e\x17\x7a\x5e\xe8\x79\xa1\xe7\x85\x9e\x17\x7a\x5e\xe8\x79\xa1\xe7\x85\x9e\x17\x7a\x5e\xe8\x79\xa1\xe7\x85\x9e\x17\x7a\x5e\xe8\x79\xa1\xe7\x85\x9e\x17\x7a\x5e\xe8\x79\xa1\xe7\x85\x9e\x17\x7a\x5e\xe8\x79\xa1\xe7\x85\x9e\x17\x7a\x5e\xe8\x79\xa1\xe7\x85\x9e\x17\x7a\x5e\xe8\x79\xa1\xe7\x85\x9e\x17\x7a\x5e\xe8\x79\xa1\xe7\x85\x9e\x17\x7a\x5e\xe8\x79\xa1\xe7\x85\x9e\x17\x7a\x5e\xe8\x79\xa1\xe7\x85\x9e\x17\x7a\x5e\xe8\x79\xa1\xe7\x85\x9e\x17\x7a\x5e\xe8\x79\xa1\xe7\x85\x9e\x17\x7a\x5e\xe8\x79\xa1\xe7\x85\x9e\x17\x7a\x5e\xe8\x79\xa1\xe7\x85\xfe\xaf\xf9\xce\xfc\x73\x44\xcf\x11\x3d\x47\xf4\x1c\xd1\x73\x44\x6f\xef\xd0\xf3\x42\xcf\x0b\x3d\x2f\xf4\xbc\xd0\xf3\x42\xcf\x0b\x3d\x2f\xf4\xbc\xd0\xf3\x42\xcf\x0b\x3d\x2f\xf4\xbc\xd0\xf3\x42\xcf\x0b\x3d\x2f\xf4\xbc\xd0\xf3\x42\xcf\x0b\x3d\x2f\xf4\xbc\xd0\xf3\x42\xcf\x0b\x3d\x2f\xf4\xbc\xd0\xf3\x42\xcf\x0b\x3d\x2f\xf4\xbc\xd0\xf3\x42\xcf\x0b\x3d\x2f\xf4\xbc\xd0\xf3\x42\xcf\x0b\x3d\x2f\xf4\xbc\xd0\xf3\x42\xcf\x0b\x3d\x2f\xf4\xbc\xd0\xf3\x42\xcf\x0b\x3d\x2f\xf4\xbc\xd0\xf3\x42\xcf\x0b\x3d\x2f\xf4\xbc\xd0\xf3\x42\xcf\x0b\x3d\x2f\xf4\xbc\xd0\xf3\x42\xcf\x0b\x3d\x2f\xf4\xbc\xd0\xf3\x42\xcf\x0b\x3d\x2f\xf4\xbc\xd0\xf3\x42\xcf\x0b\x3d\x2f\xf4\xbc\xd0\xf3\x42\xcf\x0b\x3d\x2f\xf4\xbc\xd0\xf3\x42\xcf\x0b\x3d\x2f\xf4\xbc\xd0\xf3\x42\xcf\x0b\x3d\x2f\xf4\xbc\xd0\xf3\x42\xef\x35\xda\xf3\x42\xcf\x0b\x3d\x2f\xf4\xbc\xd0\xf3\x42\xcf\x0b\x3d\x2f\xf4\xbc\xd0\xf3\x42\xcf\x0b\x3d\x2f\x38\x9e\xbf\x0d\xbc\x30\xf0\xc2\xc0\x0b\x03\x2f\x0c\xe6\x66\xe0\x85\x81\x17\x06\x5e\x18\x78\x61\xe0\x85\x81\x17\x06\x5e\x18\x78\x61\xe0\x85\x81\x17\x06\x5e\x18\x78\x61\xf0\x80\x06\x5e\x18\x78\x61\xe0\x85\x81\x17\x06\x5e\x18\x78\x61\xe0\x85\x81\x17\x06\x5e\x18\x78\x61\xb8\x7f\x7c\xfe\x07\x8e\x18\x38\x62\xe0\x88\x81\x23\x06\x8e\x18\xec\x1d\x06\x5e\x18\x78\x61\xe0\x85\x81\x17\x06\x5e\x18\x78\x61\xe0\x85\x81\x17\x06\x5e\x18\x78\x61\xe0\x85\x81\x17\x06\x5e\x18\x78\x61\xe0\x85\x81\x17\x06\x5e\x18\x78\x61\xe0\x85\x81\x17\x06\x5e\x18\x78\x61\xe0\x85\x81\x17\x06\x5e\x18\x78\x61\xe0\x85\x81\x17\x06\x5e\x18\x78\x61\xe0\x85\x81\x17\x06\x5e\x18\x78\x61\xe0\x85\x81\x17\x06\x5e\x18\x78\x61\xe0\x85\x81\x17\x06\x5e\x18\x78\x61\xe0\x85\x81\x17\x06\x5e\x18\x78\x61\xe0\x85\x81\x17\x06\x5e\x18\x78\x61\xe0\x85\x81\x17\x06\x5e\x18\x78\x61\xe0\x85\x81\x17\x06\x5e\x18\x78\x61\xe0\x85\x81\x17\x06\x5e\x18\x78\x61\xe0\x85\x81\x17\x06\x5e\x18\x78\x61\xe0\x85\x81\x17\x06\x5e\x18\x78\x61\xe0\x85\x81\x17\x06\x5e\x18\x78\x61\xe0\x85\x81\x17\x06\x5e\x18\x78\x61\xe0\x85\x81\x17\x06\x5e\x18\x78\x61\xe0\x85\x81\x17\x06\x5e\x18\x78\x61\xe0\x85\x81\x17\x06\x5e\x18\x78\x61\xe0\x85\x81\x17\x06\x5e\x18\x78\x61\xe0\x85\x81\x17\x06\x5e\x18\x78\x61\xe0\x85\x81\x17\x06\x5e\x18\x78\x61\xe0\x85\x81\x17\x06\x5e\x18\x78\x61\xe0\x85\x81\x17\x06\x5e\x18\x78\x61\xe0\x85\x81\x17\x06\x5e\x18\x78\x61\xe0\x85\x81\x17\x06\x5e\x18\x78\x61\xf8\x15\xdf\x99\x7f\x8e\x18\x38\x62\xe0\x88\x81\x23\x06\x8e\x18\xec\x1d\x06\x5e\x18\x78\x61\xe0\x85\x81\x17\x06\x5e\x18\x78\x61\xe0\x85\x81\x17\x06\x5e\x18\x78\x61\xe0\x85\x81\x17\x06\x5e\x18\x78\x61\xe0\x85\x81\x17\x06\x5e\x18\x78\x61\xe0\x85\x81\x17\x06\x5e\x18\x78\x61\xe0\x85\x81\x17\x06\x5e\x18\x78\x61\xe0\x85\x81\x17\x06\x5e\x18\x78\x61\xe0\x85\x81\x17\x06\x5e\x18\x78\x61\xe0\x85\x81\x17\x06\x5e\x18\x78\x61\xe0\x85\x81\x17\x06\x5e\x18\x78\x61\xe0\x85\x81\x17\x06\x5e\x18\x78\x61\xe0\x85\x81\x17\x06\x5e\x18\x78\x61\xe0\x85\x81\x17\x06\x5e\x18\x78\x61\xe0\x85\x81\x17\x06\x5e\x18\x78\x61\xe0\x85\x81\x17\x06\x5e\x18\x78\x61\xe0\x85\x81\x17\x06\x5e\x18\x78\x61\xe0\x85\x81\x17\x06\x5e\x18\x78\x61\xe0\x85\x81\x17\x06\x5e\x18\x78\x61\xe0\x85\x81\x17\x06\x5e\x18\x78\x61\xe0\x85\x81\x17\x06\x5e\x18\x78\x61\xe0\x85\xc1\x6b\x7a\xe0\x85\x81\x17\x06\x5e\x18\x78\x61\xe0\x85\x81\x17\x06\x5e\x18\x78\x61\xe0\x85\x81\x17\x06\x5e\x70\x2c\x7f\x1b\x79\x61\xe4\x85\x91\x17\x46\x5e\x18\xcd\xd9\xc8\x0b\x23\x2f\x8c\xbc\x30\xf2\xc2\xc8\x0b\x23\x2f\x8c\xbc\x30\xf2\xc2\xc8\x0b\x23\x2f\x8c\xbc\x30\xf2\xc2\xc8\x0b\xa3\x07\x36\xf2\xc2\xc8\x0b\x23\x2f\x8c\xeb\x8f\xcf\xff\xc8\x11\x23\x47\x8c\x1c\x31\x72\xc4\xc8\x11\xa3\xbd\xc3\xc8\x0b\x23\x2f\x8c\xbc\x30\xf2\xc2\xc8\x0b\x23\x2f\x8c\xbc\x30\xf2\xc2\xc8\x0b\x23\x2f\x8c\xbc\x30\xf2\xc2\xc8\x0b\x23\x2f\x8c\xbc\x30\xf2\xc2\xc8\x0b\x23\x2f\x8c\xbc\x30\xf2\xc2\xc8\x0b\x23\x2f\x8c\xbc\x30\xf2\xc2\xc8\x0b\x23\x2f\x8c\xbc\x30\xf2\xc2\xc8\x0b\x23\x2f\x8c\xbc\x30\xf2\xc2\xc8\x0b\x23\x2f\x8c\xbc\x30\xf2\xc2\xc8\x0b\x23\x2f\x8c\xbc\x30\xf2\xc2\xc8\x0b\x23\x2f\x8c\xbc\x30\xf2\xc2\xc8\x0b\x23\x2f\x8c\xbc\x30\xf2\xc2\xc8\x0b\x23\x2f\x8c\xbc\x30\xf2\xc2\xc8\x0b\x23\x2f\x8c\xbc\x30\xf2\xc2\xc8\x0b\x23\x2f\x8c\xbc\x30\xf2\xc2\xc8\x0b\x23\x2f\x8c\xbc\x30\xf2\xc2\xc8\x0b\x23\x2f\x8c\xbc\x30\xf2\xc2\xc8\x0b\x23\x2f\x8c\xbc\x30\xf2\xc2\xc8\x0b\x23\x2f\x8c\xbc\x30\xf2\xc2\xc8\x0b\x23\x2f\x8c\xbc\x30\xf2\xc2\xc8\x0b\x23\x2f\x8c\xbc\x30\xf2\xc2\xc8\x0b\x23\x2f\x8c\xbc\x30\xf2\xc2\xc8\x0b\x23\x2f\x8c\xbc\x30\xf2\xc2\xc8\x0b\x23\x2f\x8c\xbc\x30\xf2\xc2\xc8\x0b\x23\x2f\x8c\xbc\x30\xf2\xc2\xc8\x0b\x23\x2f\x8c\xbc\x30\xf2\xc2\xc8\x0b\x23\x2f\x8c\xbc\x30\xf2\xc2\xc8\x0b\x23\x2f\x8c\xbc\x30\xf2\xc2\xc8\x0b\x23\x2f\x8c\xbc\x30\xf2\xc2\xc8\x0b\x23\x2f\x8c\x7f\xf5\x77\xe6\x9f\x23\x46\x8e\x18\x39\x62\xe4\x88\x91\x23\x46\x7b\x87\x91\x17\x46\x5e\x18\x79\x61\xe4\x85\x91\x17\x46\x5e\x18\x79\x61\xe4\x85\x91\x17\x46\x5e\x18\x79\x61\xe4\x85\x91\x17\x46\x5e\x18\x79\x61\xe4\x85\x91\x17\x46\x5e\x18\x79\x61\xe4\x85\x91\x17\x46\x5e\x18\x79\x61\xe4\x85\x91\x17\x46\x5e\x18\x79\x61\xe4\x85\x91\x17\x46\x5e\x18\x79\x61\xe4\x85\x91\x17\x46\x5e\x18\x79\x61\xe4\x85\x91\x17\x46\x5e\x18\x79\x61\xe4\x85\x91\x17\x46\x5e\x18\x79\x61\xe4\x85\x91\x17\x46\x5e\x18\x79\x61\xe4\x85\x91\x17\x46\x5e\x18\x79\x61\xe4\x85\x91\x17\x46\x5e\x18\x79\x61\xe4\x85\x91\x17\x46\x5e\x18\x79\x61\xe4\x85\x91\x17\x46\x5e\x18\x79\x61\xe4\x85\x91\x17\x46\x5e\x18\x79\x61\xe4\x85\x91\x17\x46\x5e\x18\x79\x61\xe4\x85\x91\x17\x46\x5e\x18\x79\x61\xe4\x85\x91\x17\x46\x5e\x18\x79\x61\xe4\x85\x91\x17\x46\x5e\x18\x79\x61\xe4\x85\x91\x17\x46\x5e\x18\x79\x61\xe4\x85\x91\x17\x46\x33\x30\xf2\xc2\xc8\x0b\x23\x2f\x8c\xbc\x30\xf2\xc2\xc8\x0b\x23\x2f\x8c\xbc\x30\xf2\xc2\xc8\x0b\x23\x2f\x38\x8e\xbf\x4d\xbc\x30\xf1\xc2\xc4\x0b\x13\x2f\x4c\xe6\x72\xe2\x85\x89\x17\x26\x5e\x98\x78\x61\xe2\x85\x89\x17\x26\x5e\x98\x78\x61\xe2\x85\x89\x17\x26\x5e\x98\xfa\x1f\x9f\xff\x89\x23\x26\x8e\x98\x3c\xf0\x89\x23\x26\x8e\x98\xec\x1d\x26\x5e\x98\x78\x61\xe2\x85\x89\x17\x26\x5e\x98\x78\x61\xe2\x85\x89\x17\x26\x5e\x98\x78\x61\xe2\x85\x89\x17\x26\x5e\x98\x78\x61\xe2\x85\x89\x17\x26\x5e\x98\x78\x61\xe2\x85\x89\x17\x26\x5e\x98\x78\x61\xe2\x85\x89\x17\x26\x5e\x98\x78\x61\xe2\x85\x89\x17\x26\x5e\x98\x78\x61\xe2\x85\x89\x17\x26\x5e\x98\x78\x61\xe2\x85\x89\x17\x26\x5e\x98\x78\x61\xe2\x85\x89\x17\x26\x5e\x98\x78\x61\xe2\x85\x89\x17\x26\x5e\x98\x78\x61\xe2\x85\x89\x17\x26\x5e\x98\x78\x61\xe2\x85\x89\x17\x26\x5e\x98\x78\x61\xe2\x85\x89\x17\x26\x5e\x98\x78\x61\xe2\x85\x89\x17\x26\x5e\x98\x78\x61\xe2\x85\x89\x17\x26\x5e\x98\x78\x61\xe2\x85\x89\x17\x26\x5e\x98\x78\x61\xe2\x85\x89\x17\x26\x5e\x98\x78\x61\xe2\x85\x89\x17\x26\x5e\x98\x78\x61\xe2\x85\x89\x17\x26\x5e\x98\x78\x61\xe2\x85\x89\x17\x26\x5e\x98\x78\x61\xe2\x85\x89\x17\x26\x5e\x98\x78\x61\xe2\x85\x89\x17\x26\x5e\x98\x78\x61\xe2\x85\x89\x17\x26\x5e\x98\x78\x61\xe2\x85\x89\x17\x26\x5e\x98\x78\x61\xe2\x85\x89\x17\x26\x5e\x98\x78\x61\xe2\x85\x89\x17\x26\x5e\x98\x78\x61\xe2\x85\x89\x17\x26\x5e\x98\x78\x61\xe2\x85\x89\x17\x26\x5e\x98\x78\x61\xfa\xe5\xdf\x99\x7f\x8e\x98\x38\x62\xe2\x88\x89\x23\x26\x8e\x98\xec\x1d\x26\x5e\x98\x78\x61\xe2\x85\x89\x17\x26\x5e\x98\x78\x61\xe2\x85\x89\x17\x26\x5e\x98\x78\x61\xe2\x85\x89\x17\x26\x5e\x98\x78\x61\xe2\x85\x89\x17\x26\x5e\x98\x78\x61\xe2\x85\x89\x17\x26\x5e\x98\x78\x61\xe2\x85\x89\x17\x26\x5e\x98\x78\x61\xe2\x85\x89\x17\x26\x5e\x98\x78\x61\xe2\x85\x89\x17\x26\x5e\x98\x78\x61\xe2\x85\x89\x17\x26\x5e\x98\x78\x61\xe2\x85\x89\x17\x26\x5e\x98\x78\x61\xe2\x85\x89\x17\x26\x5e\x98\x78\x61\xe2\x85\x89\x17\x26\x5e\x98\x78\x61\xe2\x85\x89\x17\x26\x5e\x98\x78\x61\xe2\x85\x89\x17\x26\x5e\x98\x78\x61\xe2\x85\x89\x17\x26\x5e\x98\x78\x61\xe2\x85\x89\x17\x26\x5e\x98\x78\x61\xe2\x85\x89\x17\x26\x5e\x98\x78\x61\xe2\x85\x89\x17\x26\x5e\x98\x78\x61\xe2\x85\x89\x17\x26\x5e\x98\x78\x61\xe2\x85\x89\x17\x26\x5e\x98\x78\x61\xe2\x85\x89\x17\x26\x5e\x98\x78\x61\xe2\x85\x89\x17\x26\x5e\x98\x78\x61\xe2\x85\x89\x17\x26\x5e\x98\x78\x61\xe2\x85\xc9\xcc\x4c\xbc\x30\xf1\xc2\xc4\x0b\x13\x2f\x4c\xbc\x30\xf1\xc2\xc4\x0b\x13\x2f\x4c\xbc\x30\xf1\xc2\xc4\x0b\x8e\xdb\x6f\x33\x2f\xcc\xbc\x30\xf3\xc2\xcc\x0b\xb3\x39\x9e\x79\x61\xe6\x85\x99\x17\x66\x5e\x98\x79\x61\x2e\x7f\x7c\xfe\x67\x8e\x98\x39\x62\xe6\x88\x99\x23\x66\x8e\x98\xed\x1d\x66\x5e\x98\x79\x61\xe6\x85\xd9\x05\xcc\xbc\x30\xf3\xc2\xcc\x0b\x33\x2f\xcc\xbc\x30\xf3\xc2\xcc\x0b\x33\x2f\xcc\xbc\x30\xf3\xc2\xcc\x0b\x33\x2f\xcc\xbc\x30\xf3\xc2\xcc\x0b\x33\x2f\xcc\xbc\x30\xf3\xc2\xcc\x0b\x33\x2f\xcc\xbc\x30\xf3\xc2\xcc\x0b\x33\x2f\xcc\xbc\x30\xf3\xc2\xcc\x0b\x33\x2f\xcc\xbc\x30\xf3\xc2\xcc\x0b\x33\x2f\xcc\xbc\x30\xf3\xc2\xcc\x0b\x33\x2f\xcc\xbc\x30\xf3\xc2\xcc\x0b\x33\x2f\xcc\xbc\x30\xf3\xc2\xcc\x0b\x33\x2f\xcc\xbc\x30\xf3\xc2\xcc\x0b\x33\x2f\xcc\xbc\x30\xf3\xc2\xcc\x0b\x33\x2f\xcc\xbc\x30\xf3\xc2\xcc\x0b\x33\x2f\xcc\xbc\x30\xf3\xc2\xcc\x0b\x33\x2f\xcc\xbc\x30\xf3\xc2\xcc\x0b\x33\x2f\xcc\xbc\x30\xf3\xc2\xcc\x0b\x33\x2f\xcc\xbc\x30\xf3\xc2\xcc\x0b\x33\x2f\xcc\xbc\x30\xf3\xc2\xcc\x0b\x33\x2f\xcc\xbc\x30\xf3\xc2\xcc\x0b\x33\x2f\xcc\xbc\x30\xf3\xc2\xcc\x0b\x33\x2f\xcc\xbc\x30\xf3\xc2\xcc\x0b\x33\x2f\xcc\xbc\x30\xf3\xc2\xcc\x0b\x33\x2f\xcc\xbc\x30\xf3\xc2\xcc\x0b\x33\x2f\xcc\xbc\x30\xf3\xc2\xcc\x0b\x33\x2f\xcc\xbc\x30\xf3\xc2\xcc\x0b\x33\x2f\xcc\xbc\x30\xf3\xc2\xcc\x0b\x33\x2f\xcc\xbc\x30\xf3\xc2\xcc\x0b\x33\x2f\xcc\xbc\x30\xf3\xc2\xfc\x57\x7c\x67\xfe\x39\x62\xe6\x88\x99\x23\x66\x8e\x98\x39\x62\xb6\x77\x98\x79\x61\xe6\x85\x99\x17\x66\x5e\x98\x79\x61\xe6\x85\x99\x17\x66\x5e\x98\x79\x61\xe6\x85\x99\x17\x66\x5e\x98\x79\x61\xe6\x85\x99\x17\x66\x5e\x98\x79\x61\xe6\x85\x99\x17\x66\x5e\x98\x79\x61\xe6\x85\x99\x17\x66\x5e\x98\x79\x61\xe6\x85\x99\x17\x66\x5e\x98\x79\x61\xe6\x85\x99\x17\x66\x5e\x98\x79\x61\xe6\x85\x99\x17\x66\x5e\x98\x79\x61\xe6\x85\x99\x17\x66\x5e\x98\x79\x61\xe6\x85\x99\x17\x66\x5e\x98\x79\x61\xe6\x85\x99\x17\x66\x5e\x98\x79\x61\xe6\x85\x99\x17\x66\x5e\x98\x79\x61\xe6\x85\x99\x17\x66\x5e\x98\x79\x61\xe6\x85\x99\x17\x66\x5e\x98\x79\x61\xe6\x85\x99\x17\x66\x5e\x98\x79\x61\xe6\x85\x99\x17\x66\x5e\x98\x79\x61\xe6\x85\x99\x17\x66\x5e\x98\x79\x61\xe6\x85\x99\x17\x66\x5e\x98\x79\x61\xe6\x85\x99\x17\x66\x5e\x98\x79\x61\xe6\x85\x99\x17\x66\x5e\x98\x79\x61\xe6\x85\x99\x17\x66\x5e\x98\x79\x61\xe6\x85\x99\x17\x66\x5e\x98\x79\x61\xe6\x85\x99\x17\x66\x5e\x98\x79\x61\xe6\x85\x99\x17\x66\x5e\x98\x79\x61\x36\x63\x33\x2f\xcc\xbc\x30\xf3\xc2\xcc\x0b\x33\x2f\xcc\xbc\x30\xf3\xc2\xcc\x0b\x33\x2f\xcc\xbc\x30\xf3\x82\x63\xf6\xdb\xc2\x0b\x0b\x2f\x2c\xbc\xb0\xf0\xc2\x12\xff\xf8\xfc\x2f\x1c\xb1\x70\xc4\xc2\x11\x0b\x47\x2c\x1c\xb1\xd8\x3b\x2c\xbc\xb0\xf0\xc2\xc2\x0b\x0b\x2f\x2c\xbc\xb0\xf0\xc2\xc2\x0b\x0b\x2f\x2c\xbc\xb0\xf0\xc2\xe2\x42\x16\x5e\x58\x78\x61\xe1\x85\x85\x17\x16\x5e\x58\x78\x61\xe1\x85\x85\x17\x16\x5e\x58\x78\x61\xe1\x85\x85\x17\x16\x5e\x58\x78\x61\xe1\x85\x85\x17\x16\x5e\x58\x78\x61\xe1\x85\x85\x17\x16\x5e\x58\x78\x61\xe1\x85\x85\x17\x16\x5e\x58\x78\x61\xe1\x85\x85\x17\x16\x5e\x58\x78\x61\xe1\x85\x85\x17\x16\x5e\x58\x78\x61\xe1\x85\x85\x17\x16\x5e\x58\x78\x61\xe1\x85\x85\x17\x16\x5e\x58\x78\x61\xe1\x85\x85\x17\x16\x5e\x58\x78\x61\xe1\x85\x85\x17\x16\x5e\x58\x78\x61\xe1\x85\x85\x17\x16\x5e\x58\x78\x61\xe1\x85\x85\x17\x16\x5e\x58\x78\x61\xe1\x85\x85\x17\x16\x5e\x58\x78\x61\xe1\x85\x85\x17\x16\x5e\x58\x78\x61\xe1\x85\x85\x17\x16\x5e\x58\x78\x61\xe1\x85\x85\x17\x16\x5e\x58\x78\x61\xe1\x85\x85\x17\x16\x5e\x58\x78\x61\xe1\x85\x85\x17\x16\x5e\x58\x78\x61\xe1\x85\x85\x17\x16\x5e\x58\x78\x61\xe1\x85\x85\x17\x16\x5e\x58\x78\x61\xe1\x85\x85\x17\x16\x5e\x58\x78\x61\xe1\x85\x85\x17\x16\x5e\x58\x78\x61\xe1\x85\x85\x17\x16\x5e\x58\x78\x61\xe1\x85\x85\x17\x16\x5e\x58\x78\x61\xe1\x85\xe5\x2f\xf9\xce\xfc\x73\xc4\xc2\x11\x0b\x47\x2c\x1c\xb1\x70\xc4\x62\xef\xb0\xf0\xc2\xc2\x0b\x0b\x2f\x2c\xbc\xb0\xf0\xc2\xc2\x0b\x0b\x2f\x2c\xbc\xb0\xf0\xc2\xc2\x0b\x0b\x2f\x2c\xbc\xb0\xf0\xc2\xc2\x0b\x0b\x2f\x2c\xbc\xb0\xf0\xc2\xc2\x0b\x0b\x2f\x2c\xbc\xb0\xf0\xc2\xc2\x0b\x0b\x2f\x2c\xbc\xb0\xf0\xc2\xc2\x0b\x0b\x2f\x2c\xbc\xb0\xf0\xc2\xc2\x0b\x0b\x2f\x2c\xbc\xb0\xf0\xc2\xc2\x0b\x0b\x2f\x2c\xbc\xb0\xf0\xc2\xc2\x0b\x0b\x2f\x2c\xbc\xb0\xf0\xc2\xc2\x0b\x0b\x2f\x2c\xbc\xb0\xf0\xc2\xc2\x0b\x0b\x2f\x2c\xbc\xb0\xf0\xc2\xc2\x0b\x0b\x2f\x2c\xbc\xb0\xf0\xc2\xc2\x0b\x0b\x2f\x2c\xbc\xb0\xf0\xc2\xc2\x0b\x0b\x2f\x2c\xbc\xb0\xf0\xc2\xc2\x0b\x0b\x2f\x2c\xbc\xb0\xf0\xc2\xc2\x0b\x0b\x2f\x2c\xbc\xb0\xf0\xc2\xc2\x0b\x0b\x2f\x2c\xbc\xb0\xf0\xc2\xc2\x0b\x0b\x2f\x2c\xbc\xb0\xf0\xc2\xc2\x0b\x0b\x2f\x2c\xbc\xb0\xf0\xc2\xc2\x0b\x0b\x2f\x2c\xbc\xb0\xf0\xc2\xc2\x0b\x0b\x2f\x2c\xbc\xb0\xf0\xc2\xc2\x0b\x0b\x2f\x2c\xbc\xb0\xf0\xc2\xc2\x0b\x0b\x2f\x2c\xbc\xb0\xf0\xc2\xc2\x0b\x0b\x2f\x2c\xbc\xb0\xf0\xc2\xc2\x0b\x0b\x2f\x2c\xbc\xb0\xf0\xc2\xc2\x0b\x0b\x2f\x2c\x66\x72\xe1\x85\x85\x17\x16\x5e\x58\x78\x61\xe1\x85\x85\x17\x16\x5e\x58\x78\x61\xe1\x85\x85\x17\x96\xdf\xf9\xe3\xf3\xbf\xfe\xd0\x1c\xb1\x72\xc4\xca\x11\x2b\x47\xac\x3e\x7e\xe5\x85\x95\x17\x56\x5e\x58\x79\x61\xe5\x85\x95\x17\x56\x5e\x58\x79\x61\xe5\x85\x95\x17\x56\x5e\x58\x79\x61\xe5\x85\x95\x17\x56\x5e\x58\x79\x61\xe5\x85\xd5\x03\x5f\x79\x61\xe5\x85\x95\x17\x56\x5e\x58\x79\x61\xe5\x85\x95\x17\x56\x5e\x58\x79\x61\xe5\x85\x95\x17\x56\x5e\x58\x79\x61\xe5\x85\x95\x17\x56\x5e\x58\x79\x61\xe5\x85\x95\x17\x56\x5e\x58\x79\x61\xe5\x85\x95\x17\x56\x5e\x58\x79\x61\xe5\x85\x95\x17\x56\x5e\x58\x79\x61\xe5\x85\x95\x17\x56\x5e\x58\x79\x61\xe5\x85\x95\x17\x56\x5e\x58\x79\x61\xe5\x85\x95\x17\x56\x5e\x58\x79\x61\xe5\x85\x95\x17\x56\x5e\x58\x79\x61\xe5\x85\x95\x17\x56\x5e\x58\x79\x61\xe5\x85\x95\x17\x56\x5e\x58\x79\x61\xe5\x85\x95\x17\x56\x5e\x58\x79\x61\xe5\x85\x95\x17\x56\x5e\x58\x79\x61\xe5\x85\x95\x17\x56\x5e\x58\x79\x61\xe5\x85\x95\x17\x56\x5e\x58\x79\x61\xe5\x85\x95\x17\x56\x5e\x58\x79\x61\xe5\x85\x95\x17\x56\x5e\x58\x79\x61\xe5\x85\x95\x17\x56\x5e\x58\x79\x61\xe5\x85\x95\x17\x56\x5e\x58\x79\x61\xe5\x85\x95\x17\x56\x5e\x58\x79\x61\xe5\x85\x95\x17\x56\x5e\x58\x79\x61\xe5\x85\x95\x17\x56\x5e\x58\x79\x61\xe5\x85\x95\x17\x56\x5e\x58\x7f\xd9\x77\xe6\x9f\x23\x56\x8e\x58\x39\x62\xe5\x88\x95\x23\x56\x7b\x87\x95\x17\x56\x5e\x58\x79\x61\xe5\x85\x95\x17\x56\x5e\x58\x79\x61\xe5\x85\x95\x17\x56\x5e\x58\x79\x61\xe5\x85\x95\x17\x56\x5e\x58\x79\x61\xe5\x85\x95\x17\x56\x5e\x58\x79\x61\xe5\x85\x95\x17\x56\x5e\x58\x79\x61\xe5\x85\x95\x17\x56\x5e\x58\x79\x61\xe5\x85\x95\x17\x56\x5e\x58\x79\x61\xe5\x85\x95\x17\x56\x5e\x58\x79\x61\xe5\x85\x95\x17\x56\x5e\x58\x79\x61\xe5\x85\x95\x17\x56\x5e\x58\x79\x61\xe5\x85\x95\x17\x56\x5e\x58\x79\x61\xe5\x85\x95\x17\x56\x5e\x58\x79\x61\xe5\x85\x95\x17\x56\x5e\x58\x79\x61\xe5\x85\x95\x17\x56\x5e\x58\x79\x61\xe5\x85\x95\x17\x56\x5e\x58\x79\x61\xe5\x85\x95\x17\x56\x5e\x58\x79\x61\xe5\x85\x95\x17\x56\x5e\x58\x79\x61\xe5\x85\x95\x17\x56\x5e\x58\x79\x61\xe5\x85\x95\x17\x56\x5e\x58\x79\x61\xe5\x85\x95\x17\x56\x5e\x58\x79\x61\xe5\x85\x95\x17\x56\x5e\x58\x79\x61\xe5\x85\x95\x17\x56\x5e\x58\x79\x61\xe5\x85\x95\x17\x56\x5e\x58\x79\x61\xe5\x85\x95\x17\x56\x5e\x58\x79\x61\xe5\x85\x95\x17\x56\x5e\x58\x79\x61\xe5\x85\x95\x17\x56\x5e\x58\x79\x61\xe5\x85\x95\x17\x56\x5e\x58\x79\x61\xe5\x85\x95\x17\x56\x33\xbc\xf2\xc2\xca\x0b\x2b\x2f\xac\xbc\xb0\xfe\xf6\xef\xcc\x3f\x47\xac\x1c\xb1\x72\xc4\xca\x11\x2b\x47\xac\xf6\x0e\x8e\xdb\x6f\x1b\x2f\x6c\xbc\xb0\xf1\xc2\xc6\x0b\x9b\xfb\xdb\x78\x61\xe3\x85\x8d\x17\x36\x5e\xd8\x78\x61\xe3\x85\x8d\x17\x36\x5e\xd8\x78\x61\xe3\x85\x8d\x17\x36\x5e\xd8\x78\x61\xe3\x85\x8d\x17\x36\x5e\xd8\x78\x61\xe3\x85\xcd\x05\x6c\xbc\xb0\xf1\xc2\xc6\x0b\x1b\x2f\x6c\xbc\xb0\xf1\xc2\xc6\x0b\x1b\x2f\x6c\xbc\xb0\xf1\xc2\xc6\x0b\x1b\x2f\x6c\xbc\xb0\xf1\xc2\xc6\x0b\x1b\x2f\x6c\xbc\xb0\xf1\xc2\xc6\x0b\x1b\x2f\x6c\xbc\xb0\xf1\xc2\xc6\x0b\x1b\x2f\x6c\xbc\xb0\xf1\xc2\xc6\x0b\x1b\x2f\x6c\xbc\xb0\xf1\xc2\xc6\x0b\x1b\x2f\x6c\xbc\xb0\xf1\xc2\xc6\x0b\x1b\x2f\x6c\xbc\xb0\xf1\xc2\xc6\x0b\x1b\x2f\x6c\xbc\xb0\xf1\xc2\xc6\x0b\x1b\x2f\x6c\xbc\xb0\xf1\xc2\xc6\x0b\x1b\x2f\x6c\xbc\xb0\xf1\xc2\xc6\x0b\x1b\x2f\x6c\xbc\xb0\xf1\xc2\xc6\x0b\x1b\x2f\x6c\xbc\xb0\xf1\xc2\xc6\x0b\x1b\x2f\x6c\xbc\xb0\xf1\xc2\xc6\x0b\x1b\x2f\x6c\xbc\xb0\xf1\xc2\xc6\x0b\x1b\x2f\x6c\xbc\xb0\xf1\xc2\xc6\x0b\x1b\x2f\x6c\xbc\xb0\xf1\xc2\xc6\x0b\x1b\x2f\x6c\xbc\xb0\xf1\xc2\xc6\x0b\x1b\x2f\x6c\xbc\xb0\xf1\xc2\xc6\x0b\x1b\x2f\x6c\xbc\xb0\xf1\xc2\xc6\x0b\x1b\x2f\x6c\xbc\xb0\xf1\xc2\xc6\x0b\x1b\x2f\x6c\xbc\xb0\xfd\xf9\x3f\x3e\xff\x1b\x47\x6c\x1c\xb1\x71\xc4\xc6\x11\x1b\x47\x6c\xf6\x0e\x1b\x2f\x6c\xbc\xb0\xf1\xc2\xc6\x0b\x1b\x2f\x6c\xbc\xb0\xf1\xc2\xc6\x0b\x1b\x2f\x6c\xbc\xb0\xf1\xc2\xc6\x0b\x1b\x2f\x6c\xbc\xb0\xf1\xc2\xc6\x0b\x1b\x2f\x6c\xbc\xb0\xf1\xc2\xc6\x0b\x1b\x2f\x6c\xbc\xb0\xf1\xc2\xc6\x0b\x1b\x2f\x6c\xbc\xb0\xf1\xc2\xc6\x0b\x1b\x2f\x6c\xbc\xb0\xf1\xc2\xc6\x0b\x1b\x2f\x6c\xbc\xb0\xf1\xc2\xc6\x0b\x1b\x2f\x6c\xbc\xb0\xf1\xc2\xc6\x0b\x1b\x2f\x6c\xbc\xb0\xf1\xc2\xc6\x0b\x1b\x2f\x6c\xbc\xb0\xf1\xc2\xc6\x0b\x1b\x2f\x6c\xbc\xb0\xf1\xc2\xc6\x0b\x1b\x2f\x6c\xbc\xb0\xf1\xc2\xc6\x0b\x1b\x2f\x6c\xbc\xb0\xf1\xc2\xc6\x0b\x1b\x2f\x6c\xbc\xb0\xf1\xc2\xc6\x0b\x1b\x2f\x6c\xbc\xb0\xf1\xc2\xc6\x0b\x1b\x2f\x6c\xbc\xb0\xf1\xc2\xc6\x0b\x1b\x2f\x6c\xbc\xb0\xf1\xc2\xc6\x0b\x1b\x2f\x6c\xbc\xb0\xf1\xc2\xc6\x0b\x1b\x2f\x6c\xbc\xb0\xf1\xc2\xc6\x0b\x1b\x2f\x6c\xbc\xb0\xf1\xc2\xc6\x0b\x1b\x2f\x6c\xbc\xb0\xf1\xc2\xc6\x0b\x1b\x2f\x6c\xbc\xb0\xf1\xc2\xc6\x0b\x1b\x2f\x6c\xbc\xb0\xf1\xc2\xc6\x0b\x1b\x2f\x6c\xbc\xb0\xf1\xc2\xc6\x0b\x1b\x2f\x6c\xbc\xb0\xf1\xc2\xc6\x0b\x1b\x2f\x6c\xbc\xb0\xf1\xc2\xc6\x0b\x1b\x2f\x6c\xbc\xb0\xf1\xc2\xc6\x0b\x1b\x2f\x6c\xbc\xb0\xfd\xd6\xef\xcc\xbf\xb7\x37\x8e\xd8\x38\x62\xe3\x88\x8d\x23\x36\x7b\x87\x8d\x17\x36\x5e\xd8\x78\x61\xe3\x85\x8d\x17\x36\x5e\x70\xcc\x7e\xdb\x79\x61\xe7\x85\x9d\x17\x76\x5e\xd8\x3d\xbe\x9d\x17\x76\x5e\xd8\x79\x61\xe7\x85\x9d\x17\x76\x5e\xd8\x79\x61\xe7\x85\x9d\x17\x76\x5e\xd8\x79\x61\xe7\x85\x9d\x17\x76\x5e\xd8\x79\x61\xe7\x85\x9d\x17\x76\x5e\xd8\x79\x61\x77\x21\x3b\x2f\xec\xbc\xb0\xf3\xc2\xce\x0b\x3b\x2f\xec\xbc\xb0\xf3\xc2\xce\x0b\x3b\x2f\xec\xbc\xb0\xf3\xc2\xce\x0b\x3b\x2f\xec\xbc\xb0\xf3\xc2\xce\x0b\x3b\x2f\xec\xbc\xb0\xf3\xc2\xce\x0b\x3b\x2f\xec\xbc\xb0\xf3\xc2\xce\x0b\x3b\x2f\xec\xbc\xb0\xf3\xc2\xce\x0b\x3b\x2f\xec\xbc\xb0\xf3\xc2\xce\x0b\x3b\x2f\xec\xbc\xb0\xf3\xc2\xce\x0b\x3b\x2f\xec\xbc\xb0\xf3\xc2\xce\x0b\x3b\x2f\xec\xbc\xb0\xf3\xc2\xce\x0b\x3b\x2f\xec\xbc\xb0\xf3\xc2\xce\x0b\x3b\x2f\xec\xbc\xb0\xf3\xc2\xce\x0b\x3b\x2f\xec\xbc\xb0\xf3\xc2\xce\x0b\x3b\x2f\xec\xbc\xb0\xf3\xc2\xce\x0b\x3b\x2f\xec\xbc\xb0\xf3\xc2\xce\x0b\x3b\x2f\xec\xbc\xb0\xf3\xc2\xce\x0b\x3b\x2f\xec\xbc\xb0\xf3\xc2\xce\x0b\x3b\x2f\xec\xbc\xb0\xf3\xc2\xce\x0b\x3b\x2f\xec\xbc\xb0\xf3\xc2\xce\x0b\x3b\x2f\xec\xbc\xb0\xf3\xc2\xce\x0b\x3b\x2f\xec\xbc\xb0\xff\xe2\x1f\x9f\xff\x9d\x23\x76\x8e\xd8\x39\x62\xe7\x88\x9d\x23\x76\x7b\x87\x9d\x17\x76\x5e\xd8\x79\x61\xe7\x85\x9d\x17\x76\x5e\xd8\x79\x61\xe7\x85\x9d\x17\x76\x5e\xd8\x79\x61\xe7\x85\x9d\x17\x76\x5e\xd8\x79\x61\xe7\x85\x9d\x17\x76\x5e\xd8\x79\x61\xe7\x85\x9d\x17\x76\x5e\xd8\x79\x61\xe7\x85\x9d\x17\x76\x5e\xd8\x79\x61\xe7\x85\x9d\x17\x76\x5e\xd8\x79\x61\xe7\x85\x9d\x17\x76\x5e\xd8\x79\x61\xe7\x85\x9d\x17\x76\x5e\xd8\x79\x61\xe7\x85\x9d\x17\x76\x5e\xd8\x79\x61\xe7\x85\x9d\x17\x76\x5e\xd8\x79\x61\xe7\x85\x9d\x17\x76\x5e\xd8\x79\x61\xe7\x85\x9d\x17\x76\x5e\xd8\x79\x61\xe7\x85\x9d\x17\x76\x5e\xd8\x79\x61\xe7\x85\x9d\x17\x76\x5e\xd8\x79\x61\xe7\x85\x9d\x17\x76\x5e\xd8\x79\x61\xe7\x85\x9d\x17\x76\x5e\xd8\x79\x61\xe7\x85\x9d\x17\x76\x5e\xd8\x79\x61\xe7\x85\x9d\x17\x76\x5e\xd8\x79\x61\xe7\x85\x9d\x17\x76\x5e\xd8\x79\x61\xe7\x85\x9d\x17\x76\x5e\xd8\x79\x61\xe7\x85\x9d\x17\x76\x5e\xd8\x79\x61\xe7\x85\x9d\x17\x76\x5e\xd8\x79\x61\xe7\x85\x9d\x17\x76\x5e\xd8\x79\x61\xe7\x85\x9d\x17\x76\x5e\xd8\x79\x61\xe7\x85\x9d\x17\x76\x5e\xd8\x79\x61\xe7\x85\x9d\x17\x76\x5e\xd8\x79\x61\xe7\x85\x9d\x17\x76\x5e\xd8\x79\x61\xe7\x85\x9d\x17\x76\x5e\xd8\x7f\xd3\x77\xe6\x9f\x23\x76\x8e\xd8\x39\x62\xe7\x88\x9d\x23\x76\x7b\x87\xdd\xc7\xee\xbc\xb0\xf3\xc2\xce\x0b\x3b\x2f\xec\xbc\xb0\xf3\xc2\xce\x0b\x3b\x2f\xec\xbc\xb0\xf3\xc2\xce\x0b\x8e\xd7\x6f\x07\x2f\x1c\xbc\x70\xf0\xc2\xc1\x0b\x87\xeb\x39\x78\xe1\xe0\x85\x83\x17\x0e\x5e\x38\x78\xe1\xe0\x85\x83\x17\x0e\x5e\x38\x78\xe1\xe0\x85\x83\x17\x0e\x5e\x38\x78\xe1\xe0\x85\x83\x17\x0e\x5e\x38\x78\xe1\xe0\x85\x83\x17\x0e\x5e\x38\x5c\xd0\xc1\x0b\x07\x2f\x1c\xbc\x70\xf0\xc2\xc1\x0b\x07\x2f\x1c\xbc\x70\xf0\xc2\xc1\x0b\x07\x2f\x1c\xbc\x70\xf0\xc2\xc1\x0b\x07\x2f\x1c\xbc\x70\xf0\xc2\xc1\x0b\x07\x2f\x1c\xbc\x70\xf0\xc2\xc1\x0b\x07\x2f\x1c\xbc\x70\xf0\xc2\xc1\x0b\x07\x2f\x1c\xbc\x70\xf0\xc2\xc1\x0b\x07\x2f\x1c\xbc\x70\xf0\xc2\xc1\x0b\x07\x2f\x1c\xbc\x70\xf0\xc2\xc1\x0b\x07\x2f\x1c\xbc\x70\xf0\xc2\xc1\x0b\x07\x2f\x1c\xbc\x70\xf0\xc2\xc1\x0b\x07\x2f\x1c\xbc\x70\xf0\xc2\xc1\x0b\x07\x2f\x1c\xbc\x70\xf0\xc2\xc1\x0b\x07\x2f\x1c\xbc\x70\xf0\xc2\xc1\x0b\x07\x2f\x1c\xbc\x70\xf0\xc2\xc1\x0b\x07\x2f\x1c\xbc\x70\xf0\xc2\xc1\x0b\x07\x2f\x1c\xbc\x70\xf0\xc2\xc1\x0b\x07\x2f\x1c\xbc\x70\xf0\xc2\xc1\x0b\x07\x2f\x1c\xbc\x70\xf0\xc2\xc1\x0b\x07\x2f\x1c\xbc\x70\xfc\x99\x3f\x3e\xff\x07\x47\x1c\x1c\x71\x70\xc4\xc1\x11\x07\x47\x1c\xf6\x0e\x07\x2f\x1c\xbc\x70\xf0\xc2\xc1\x0b\x07\x2f\x1c\xbc\x70\xf0\xc2\xc1\x0b\x07\x2f\x1c\xbc\x70\xf0\xc2\xc1\x0b\x07\x2f\x1c\xbc\x70\xf0\xc2\xc1\x0b\x07\x2f\x1c\xbc\x70\xf0\xc2\xc1\x0b\x07\x2f\x1c\xbc\x70\xf0\xc2\xc1\x0b\x07\x2f\x1c\xbc\x70\xf0\xc2\xc1\x0b\x07\x2f\x1c\xbc\x70\xf0\xc2\xc1\x0b\x07\x2f\x1c\xbc\x70\xf0\xc2\xc1\x0b\x07\x2f\x1c\xbc\x70\xf0\xc2\xc1\x0b\x07\x2f\x1c\xbc\x70\xf0\xc2\xc1\x0b\x07\x2f\x1c\xbc\x70\xf0\xc2\xc1\x0b\x07\x2f\x1c\xbc\x70\xf0\xc2\xc1\x0b\x07\x2f\x1c\xbc\x70\xf0\xc2\xc1\x0b\x07\x2f\x1c\xbc\x70\xf0\xc2\xc1\x0b\x07\x2f\x1c\xbc\x70\xf0\xc2\xc1\x0b\x07\x2f\x1c\xbc\x70\xf0\xc2\xc1\x0b\x07\x2f\x1c\xbc\x70\xf0\xc2\xc1\x0b\x07\x2f\x1c\xbc\x70\xf0\xc2\xc1\x0b\x07\x2f\x1c\xbc\x70\xf0\xc2\xc1\x0b\x07\x2f\x1c\xbc\x70\xf0\xc2\xc1\x0b\x07\x2f\x1c\xbc\x70\xf0\xc2\xc1\x0b\x07\x2f\x1c\xbc\x70\xf0\xc2\xc1\x0b\x07\x2f\x1c\xbc\x70\xf0\xc2\xc1\x0b\x07\x2f\x1c\xbc\x70\xf0\xc2\xc1\x0b\x07\x2f\x1c\xbc\x70\xf0\xc2\xc1\x0b\x07\x2f\x1c\xbc\x70\xf0\xc2\xc1\x0b\x07\x2f\x1c\xbc\x70\xf0\xc2\xc1\x0b\x07\x2f\x1c\xbc\x70\xf0\xc2\xc1\x0b\x07\x2f\x1c\xbc\x70\xfc\x86\xef\xcc\x3f\x47\x1c\x1c\x71\x70\xc4\xc1\x11\x07\x47\x1c\xf6\x0e\x07\x2f\x1c\xbc\x70\xf0\xc2\xc1\x0b\x07\x2f\x1c\xbc\x70\xb8\xaf\x83\x17\x0e\x5e\x38\x78\xe1\xe0\x85\x83\x17\x0e\x5e\x38\x78\xe1\xe0\x85\x83\x17\x0e\x5e\x38\x78\xc1\xb1\xfa\xed\xe4\x85\x93\x17\x4e\x5e\x38\x79\xe1\x74\xfd\x27\x2f\x9c\xbc\x70\xf2\xc2\xc9\x0b\x27\x2f\x9c\xbc\x70\xf2\xc2\xc9\x0b\x27\x2f\x9c\xbc\x70\xf2\xc2\xc9\x0b\x27\x2f\x9c\xbc\x70\xf2\xc2\xc9\x0b\x27\x2f\x9c\xbc\x70\xf2\xc2\xc9\x0b\x27\x2f\x9c\x2e\xec\xe4\x85\x93\x17\x4e\x5e\x38\x79\xe1\xe4\x85\x93\x17\x4e\x5e\x38\x79\xe1\xe4\x85\x93\x17\x4e\x5e\x38\x79\xe1\xe4\x85\x93\x17\x4e\x5e\x38\x79\xe1\xe4\x85\x93\x17\x4e\x5e\x38\x79\xe1\xe4\x85\x93\x17\x4e\x5e\x38\x79\xe1\xe4\x85\x93\x17\x4e\x5e\x38\x79\xe1\xe4\x85\x93\x17\x4e\x5e\x38\x79\xe1\xe4\x85\x93\x17\x4e\x5e\x38\x79\xe1\xe4\x85\x93\x17\x4e\x5e\x38\x79\xe1\xe4\x85\x93\x17\x4e\x5e\x38\x79\xe1\xe4\x85\x93\x17\x4e\x5e\x38\x79\xe1\xe4\x85\x93\x17\x4e\x5e\x38\x79\xe1\xe4\x85\x93\x17\x4e\x5e\x38\x79\xe1\xe4\x85\x93\x17\x4e\x5e\x38\x79\xe1\xe4\x85\x93\x17\x4e\x5e\x38\x79\xe1\xe4\x85\x93\x17\x4e\x5e\x38\x79\xe1\xe4\x85\x93\x17\x4e\x5e\x38\x79\xe1\xfc\xd3\x7e\x7c\xfe\x4f\x8e\x38\x39\xe2\xe4\x88\x93\x23\x4e\x8e\x38\xed\x1d\x4e\x5e\x38\x79\xe1\xe4\x85\x93\x17\x4e\x5e\x38\x79\xe1\xe4\x85\x93\x17\x4e\x5e\x38\x79\xe1\xe4\x85\x93\x17\x4e\x5e\x38\x79\xe1\xe4\x85\x93\x17\x4e\x5e\x38\x79\xe1\xe4\x85\x93\x17\x4e\x5e\x38\x79\xe1\xe4\x85\x93\x17\x4e\x5e\x38\x79\xe1\xe4\x85\x93\x17\x4e\x5e\x38\x79\xe1\xe4\x85\x93\x17\x4e\x5e\x38\x79\xe1\xe4\x85\x93\x17\x4e\x5e\x38\x79\xe1\xe4\x85\x93\x17\x4e\x5e\x38\x79\xe1\xe4\x85\x93\x17\x4e\x5e\x38\x79\xe1\xe4\x85\x93\x17\x4e\x5e\x38\x79\xe1\xe4\x85\x93\x17\x4e\x5e\x38\x79\xe1\xe4\x85\x93\x17\x4e\x5e\x38\x79\xe1\xe4\x85\x93\x17\x4e\x5e\x38\x79\xe1\xe4\x85\x93\x17\x4e\x5e\x38\x79\xe1\xe4\x85\x93\x17\x4e\x5e\x38\x79\xe1\xe4\x85\x93\x17\x4e\x5e\x38\x79\xe1\xe4\x85\x93\x17\x4e\x5e\x38\x79\xe1\xe4\x85\x93\x17\x4e\x5e\x38\x79\xe1\xe4\x85\x93\x17\x4e\x5e\x38\x79\xe1\xe4\x85\x93\x17\x4e\x5e\x38\x79\xe1\xe4\x85\x93\x17\x4e\x5e\x38\x79\xe1\xe4\x85\x93\x17\x4e\x5e\x38\x79\xe1\xe4\x85\x93\x17\x4e\x5e\x38\x79\xe1\xe4\x85\x93\x17\x4e\x5e\x38\x79\xe1\xe4\x85\x93\x17\x4e\x5e\x38\x79\xe1\xe4\x85\x93\x17\x4e\x5e\x38\x79\xe1\xe4\x85\x93\x17\x4e\x5e\x38\x79\xe1\xfc\x75\xdf\x99\x7f\x8e\x38\x39\xe2\xe4\x88\x93\x23\x4e\x8e\x38\xed\x1d\x4e\x5e\x38\x79\xe1\xe4\x85\x93\x17\x4e\x5e\x38\x79\xe1\xe4\x85\x93\x17\x4e\x5e\x38\x79\xe1\xe4\x85\x93\x17\x4e\x8f\xed\xe4\x85\x93\x17\x4e\x5e\x38\x79\xe1\xe4\x85\x93\x17\x4e\x5e\x38\x79\xe1\xe4\x85\x93\x17\x4e\x5e\x70\x9c\x7e\xbb\x78\xe1\xe2\x85\x8b\x17\x2e\x5e\xb8\x7c\xbd\x2e\x5e\xb8\x78\xe1\xe2\x85\x8b\x17\x2e\x5e\xb8\x78\xe1\xe2\x85\x8b\x17\x2e\x5e\xb8\x78\xe1\xe2\x85\x8b\x17\x2e\x5e\xb8\x78\xe1\xe2\x85\x8b\x17\x2e\x5e\xb8\x78\xe1\xe2\x85\x8b\x17\x2e\x5e\xb8\x78\xe1\x72\x81\x17\x2f\x5c\xbc\x70\xf1\xc2\xc5\x0b\x17\x2f\x5c\xbc\x70\xf1\xc2\xc5\x0b\x17\x2f\x5c\xbc\x70\xf1\xc2\xc5\x0b\x17\x2f\x5c\xbc\x70\xf1\xc2\xc5\x0b\x17\x2f\x5c\xbc\x70\xf1\xc2\xc5\x0b\x17\x2f\x5c\xbc\x70\xf1\xc2\xc5\x0b\x17\x2f\x5c\xbc\x70\xf1\xc2\xc5\x0b\x17\x2f\x5c\xbc\x70\xf1\xc2\xc5\x0b\x17\x2f\x5c\xbc\x70\xf1\xc2\xc5\x0b\x17\x2f\x5c\xbc\x70\xf1\xc2\xc5\x0b\x17\x2f\x5c\xbc\x70\xf1\xc2\xc5\x0b\x17\x2f\x5c\xbc\x70\xf1\xc2\xc5\x0b\x17\x2f\x5c\xbc\x70\xf1\xc2\xc5\x0b\x17\x2f\x5c\xbc\x70\xf1\xc2\xc5\x0b\x17\x2f\x5c\xbc\x70\xf1\xc2\xc5\x0b\x17\x2f\x5c\xbc\x70\xf1\xc2\xc5\x0b\x17\x2f\x5c\x7f\xca\x8f\xcf\xff\xc5\x11\x17\x47\x5c\x1c\x71\x71\xc4\xc5\x11\x97\xbd\xc3\xc5\x0b\x17\x2f\x5c\xbc\x70\xf1\xc2\xc5\x0b\x17\x2f\x5c\xbc\x70\xf1\xc2\xc5\x0b\x17\x2f\x5c\xbc\x70\xf1\xc2\xc5\x0b\x17\x2f\x5c\xbc\x70\xf1\xc2\xc5\x0b\x17\x2f\x5c\xbc\x70\xf1\xc2\xc5\x0b\x17\x2f\x5c\xbc\x70\xf1\xc2\xc5\x0b\x17\x2f\x5c\xbc\x70\xf1\xc2\xc5\x0b\x17\x2f\x5c\xbc\x70\xf1\xc2\xc5\x0b\x17\x2f\x5c\xbc\x70\xf1\xc2\xc5\x0b\x17\x2f\x5c\xbc\x70\xf1\xc2\xc5\x0b\x17\x2f\x5c\xbc\x70\xf1\xc2\xc5\x0b\x17\x2f\x5c\xbc\x70\xf1\xc2\xc5\x0b\x17\x2f\x5c\xbc\x70\xf1\xc2\xc5\x0b\x17\x2f\x5c\xbc\x70\xf1\xc2\xc5\x0b\x17\x2f\x5c\xbc\x70\xf1\xc2\xc5\x0b\x17\x2f\x5c\xbc\x70\xf1\xc2\xc5\x0b\x17\x2f\x5c\xbc\x70\xf1\xc2\xc5\x0b\x17\x2f\x5c\xbc\x70\xf1\xc2\xc5\x0b\x17\x2f\x5c\xbc\x70\xf1\xc2\xc5\x0b\x17\x2f\x5c\xbc\x70\xf1\xc2\xc5\x0b\x17\x2f\x5c\xbc\x70\xf1\xc2\xc5\x0b\x17\x2f\x5c\xbc\x70\xf1\xc2\xc5\x0b\x17\x2f\x5c\xbc\x70\xf1\xc2\xc5\x0b\x17\x2f\x5c\xbc\x70\xf1\xc2\xc5\x0b\x17\x2f\x5c\xbc\x70\xf1\xc2\xc5\x0b\x17\x2f\x5c\xbc\x70\xf1\xc2\xc5\x0b\x17\x2f\x5c\xbc\x70\xf1\xc2\xc5\x0b\x17\x2f\x5c\xbc\x70\xf1\xc2\xc5\x0b\x17\x2f\x5c\xbc\x70\xf1\xc2\xc5\x0b\x17\x2f\x5c\xbf\xe6\x3b\xf3\xcf\x11\x17\x47\x5c\x1c\x71\x71\xc4\xc5\x11\x97\xbd\xc3\xc5\x0b\x17\x2f\x5c\xbc\x70\xf1\xc2\xc5\x0b\x17\x2f\x5c\xbc\x70\xf1\xc2\xc5\x0b\x17\x2f\x5c\xbc\x70\xf1\xc2\xc5\x0b\x17\x2f\x5c\xbc\x70\xf1\xc2\xc5\x0b\x17\x2f\x5c\xae\xe5\xe2\x85\x8b\x17\x2e\x5e\xb8\x78\xe1\xe2\x85\x8b\x17\x2e\x5e\xb8\x78\xe1\xe2\x85\x8b\x17\x2e\x5e\x70\x8c\x7e\xbb\x79\xe1\xe6\x85\x9b\x17\x6e\x5e\xb8\x7d\x7d\x6f\x5e\xb8\x79\xe1\xe6\x85\x9b\x17\x6e\x5e\xb8\x79\xe1\xe6\x85\x9b\x17\x6e\x5e\xb8\x79\xe1\xe6\x85\x9b\x17\x6e\x5e\xb8\x79\xe1\xe6\x85\x9b\x17\x6e\x5e\xb8\x79\xe1\xe6\x85\x9b\x17\x6e\x5e\xb8\x79\xe1\xe6\x85\xdb\x85\xde\xbc\x70\xf3\xc2\xcd\x0b\x37\x2f\xdc\xbc\x70\xf3\xc2\xcd\x0b\x37\x2f\xdc\xbc\x70\xf3\xc2\xcd\x0b\x37\x2f\xdc\xbc\x70\xf3\xc2\xcd\x0b\x37\x2f\xdc\xbc\x70\xf3\xc2\xcd\x0b\x37\x2f\xdc\xbc\x70\xf3\xc2\xcd\x0b\x37\x2f\xdc\xbc\x70\xf3\xc2\xcd\x0b\x37\x2f\xdc\xbc\x70\xf3\xc2\xcd\x0b\x37\x2f\xdc\xbc\x70\xf3\xc2\xcd\x0b\x37\x2f\xdc\xbc\x70\xf3\xc2\xcd\x0b\x37\x2f\xdc\xbc\x70\xf3\xc2\xcd\x0b\x37\x2f\xdc\xbc\x70\xf3\xc2\xcd\x0b\x37\x2f\xdc\xbc\x70\xf3\xc2\xcd\x0b\x37\x2f\xdc\xbc\x70\xf3\xc2\xcd\x0b\x37\x2f\xdc\xbc\x70\xf3\xc2\xfd\x27\xfd\xf8\xfc\xdf\x1c\x71\x73\xc4\xcd\x11\x37\x47\xdc\x1c\x71\xdb\x3b\xdc\xbc\x70\xf3\xc2\xcd\x0b\x37\x2f\xdc\xbc\x70\xf3\xc2\xcd\x0b\x37\x2f\xdc\xbc\x70\xf3\xc2\xcd\x0b\x37\x2f\xdc\xbc\x70\xf3\xc2\xcd\x0b\x37\x2f\xdc\xbc\x70\xf3\xc2\xcd\x0b\x37\x2f\xdc\xbc\x70\xf3\xc2\xcd\x0b\x37\x2f\xdc\xbc\x70\xf3\xc2\xcd\x0b\x37\x2f\xdc\xbc\x70\xf3\xc2\xcd\x0b\x37\x2f\xdc\xbc\x70\xf3\xc2\xcd\x0b\x37\x2f\xdc\xbc\x70\xf3\xc2\xcd\x0b\x37\x2f\xdc\xbc\x70\xf3\xc2\xcd\x0b\x37\x2f\xdc\xbc\x70\xf3\xc2\xcd\x0b\x37\x2f\xdc\xbc\x70\xf3\xc2\xcd\x0b\x37\x2f\xdc\xbc\x70\xf3\xc2\xcd\x0b\x37\x2f\xdc\xbc\x70\xf3\xc2\xcd\x0b\x37\x2f\xdc\xbc\x70\xf3\xc2\xcd\x0b\x37\x2f\xdc\xbc\x70\xf3\xc2\xcd\x0b\x37\x2f\xdc\xbc\x70\xf3\xc2\xcd\x0b\x37\x2f\xdc\xbc\x70\xf3\xc2\xcd\x0b\x37\x2f\xdc\xbc\x70\xf3\xc2\xcd\x0b\x37\x2f\xdc\xbc\x70\xf3\xc2\xcd\x0b\x37\x2f\xdc\xbc\x70\xf3\xc2\xcd\x0b\x37\x2f\xdc\xbc\x70\xf3\xc2\xcd\x0b\x37\x2f\xdc\xbc\x70\xf3\xc2\xcd\x0b\x37\x2f\xdc\xbc\x70\xf3\xc2\xcd\x0b\x37\x2f\xdc\xbc\x70\xf3\xc2\xcd\x0b\x37\x2f\xdc\xbc\x70\xf3\xc2\xcd\x0b\x37\x2f\xdc\xbc\x70\xf3\xc2\xcd\x0b\x37\x2f\xdc\xbc\x70\xf3\xc2\xcd\x0b\x37\x2f\xdc\xbc\x70\xf3\xc2\xfd\xab\xbe\x33\xff\x1c\x71\x73\xc4\xcd\x11\x37\x47\xdc\x1c\x71\xdb\x3b\xdc\xbc\x70\xf3\xc2\xcd\x0b\x37\x2f\xdc\xbc\x70\xf3\xc2\xcd\x0b\x37\x2f\xdc\xbc\x70\xf3\xc2\xcd\x0b\x37\x2f\xdc\xbc\x70\xf3\xc2\xcd\x0b\x37\x2f\xdc\xbc\x70\xf3\xc2\xcd\x0b\x37\x2f\xdc\xbc\x70\xf3\xc2\xcd\x0b\x37\x2f\xdc\xae\xfd\xe6\x85\x9b\x17\x6e\x5e\xb8\x79\xe1\xe6\x85\x9b\x17\x6e\x5e\xb8\x79\xe1\xe6\x85\x9b\x17\x6e\x5e\x70\x7c\x7e\x7b\x78\xe1\xe1\x85\x87\x17\x1e\x5e\x78\x3c\x1f\x0f\x2f\x3c\xbc\xf0\xf0\xc2\xc3\x0b\x0f\x2f\x3c\xbc\xf0\xf0\xc2\xc3\x0b\x0f\x2f\x3c\xbc\xf0\xf0\xc2\xc3\x0b\x0f\x2f\x3c\xbc\xf0\xf0\xc2\xc3\x0b\x0f\x2f\x3c\xbc\xf0\xf0\xc2\xc3\x0b\x0f\x2f\x3c\xbc\xf0\xf0\xc2\xc3\x0b\x8f\x0b\x7e\x78\xe1\xe1\x85\x87\x17\x1e\x5e\x78\x78\xe1\xe1\x85\x87\x17\x1e\x5e\x78\x78\xe1\xe1\x85\x87\x17\x1e\x5e\x78\x78\xe1\xe1\x85\x87\x17\x1e\x5e\x78\x78\xe1\xe1\x85\x87\x17\x1e\x5e\x78\x78\xe1\xe1\x85\x87\x17\x1e\x5e\x78\x78\xe1\xe1\x85\x87\x17\x1e\x5e\x78\x78\xe1\xe1\x85\x87\x17\x1e\x5e\x78\x78\xe1\xe1\x85\x87\x17\x1e\x5e\x78\x78\xe1\xe1\x85\x87\x17\x1e\x5e\x78\x78\xe1\xe1\x85\x87\x17\x1e\x5e\x78\x78\xe1\xe1\x85\x87\x17\x1e\x5e\x78\x78\xe1\xe1\x85\x87\x17\x9e\x3f\xee\xc7\xe7\xff\xe1\x88\x87\x23\x1e\x8e\x78\x38\xe2\xe1\x88\xc7\xde\xe1\xe1\x85\x87\x17\x1e\x5e\x78\x78\xe1\xe1\x85\x87\x17\x1e\x5e\x78\x78\xe1\xe1\x85\x87\x17\x1e\x5e\x78\x78\xe1\xe1\x85\x87\x17\x1e\x5e\x78\x78\xe1\xe1\x85\x87\x17\x1e\x5e\x78\x78\xe1\xe1\x85\x87\x17\x1e\x5e\x78\x78\xe1\xe1\x85\x87\x17\x1e\x5e\x78\x78\xe1\xe1\x85\x87\x17\x1e\x5e\x78\x78\xe1\xe1\x85\x87\x17\x1e\x5e\x78\x78\xe1\xe1\x85\x87\x17\x1e\x5e\x78\x78\xe1\xe1\x85\x87\x17\x1e\x5e\x78\x78\xe1\xe1\x85\x87\x17\x1e\x5e\x78\x78\xe1\xe1\x85\x87\x17\x1e\x5e\x78\x78\xe1\xe1\x85\x87\x17\x1e\x5e\x78\x78\xe1\xe1\x85\x87\x17\x1e\x5e\x78\x78\xe1\xe1\x85\x87\x17\x1e\x5e\x78\x78\xe1\xe1\x85\x87\x17\x1e\x5e\x78\x78\xe1\xe1\x85\x87\x17\x1e\x5e\x78\x78\xe1\xe1\x85\x87\x17\x1e\x5e\x78\x78\xe1\xe1\x85\x87\x17\x1e\x5e\x78\x78\xe1\xe1\x85\x87\x17\x1e\x5e\x78\x78\xe1\xe1\x85\x87\x17\x1e\x5e\x78\x78\xe1\xe1\x85\x87\x17\x1e\x5e\x78\x78\xe1\xe1\x85\x87\x17\x1e\x5e\x78\x78\xe1\xe1\x85\x87\x17\x1e\x5e\x78\x78\xe1\xe1\x85\x87\x17\x1e\x5e\x78\x78\xe1\xe1\x85\x87\x17\x1e\x5e\x78\x78\xe1\xe1\x85\x87\x17\x1e\x5e\x78\x78\xe1\xe1\x85\x87\x17\x1e\x5e\x78\x78\xe1\xe1\x85\x87\x17\x9e\xbf\xf5\x3b\xf3\xcf\x11\x0f\x47\x3c\x1c\xf1\x70\xc4\xc3\x11\x8f\xbd\xc3\xc3\x0b\x0f\x2f\x3c\xbc\xf0\xf0\xc2\xc3\x0b\x0f\x2f\x3c\xbc\xf0\xf0\xc2\xc3\x0b\x0f\x2f\x3c\xbc\xf0\xf0\xc2\xc3\x0b\x0f\x2f\x3c\xbc\xf0\xf0\xc2\xc3\x0b\x0f\x2f\x3c\xbc\xf0\xf0\xc2\xc3\x0b\x0f\x2f\x3c\xbc\xf0\xf0\xc2\xc3\x0b\x0f\x2f\x3c\xbc\xf0\xf0\xc2\xc3\x0b\x0f\x2f\x3c\xbe\x56\x0f\x2f\x3c\xbc\xf0\xf0\xc2\xc3\x0b\x0f\x2f\x3c\xbc\xf0\xf0\xc2\xc3\x0b\x0f\x2f\x3c\xbc\xf0\xf0\x82\x63\xf3\xdb\x17\x2f\x7c\xf1\xc2\x17\x2f\x7c\xf1\xc2\x97\xe7\xef\x8b\x17\xbe\x78\xe1\x8b\x17\xbe\x78\xe1\x8b\x17\xbe\x78\xe1\x8b\x17\xbe\x78\xe1\x8b\x17\xbe\x78\xe1\x8b\x17\xbe\x78\xe1\x8b\x17\xbe\x78\xe1\x8b\x17\xbe\x78\xe1\x8b\x17\xbe\x78\xe1\x8b\x17\xbe\x78\xe1\x8b\x17\xbe\x78\xe1\x8b\x17\xbe\x78\xe1\x8b\x17\xbe\x5c\xf8\x17\x2f\x7c\xf1\xc2\x17\x2f\x7c\xf1\xc2\x17\x2f\x7c\xf1\xc2\x17\x2f\x7c\xf1\xc2\x17\x2f\x7c\xf1\xc2\x17\x2f\x7c\xf1\xc2\x17\x2f\x7c\xf1\xc2\x17\x2f\x7c\xf1\xc2\x17\x2f\x7c\xf1\xc2\x17\x2f\x7c\xf1\xc2\x17\x2f\x7c\xf1\xc2\x17\x2f\x7c\xf1\xc2\x17\x2f\x7c\xf1\xc2\x17\x2f\x7c\xf1\xc2\x17\x2f\x7c\xf1\xc2\x17\x2f\x7c\xf1\xc2\x17\x2f\x7c\xf1\xc2\x17\x2f\x7c\xf1\xc2\x17\x2f\x7c\xf1\xc2\x17\x2f\x7c\xf1\xc2\x17\x2f\x7c\xf1\xc2\x17\x2f\x7c\xf1\xc2\xd7\x1f\xf3\xe3\xf3\xff\xc5\x11\x5f\x1c\xf1\xc5\x11\x5f\x1c\xf1\xc5\x11\x5f\xf6\x0e\x5f\xbc\xf0\xc5\x0b\x5f\xbc\xf0\xc5\x0b\x5f\xbc\xf0\xc5\x0b\x5f\xbc\xf0\xc5\x0b\x5f\xbc\xf0\xc5\x0b\x5f\xbc\xf0\xc5\x0b\x5f\xbc\xf0\xc5\x0b\x5f\xbc\xf0\xc5\x0b\x5f\xbc\xf0\xc5\x0b\x5f\xbc\xf0\xc5\x0b\x5f\xbc\xf0\xc5\x0b\x5f\xbc\xf0\xc5\x0b\x5f\xbc\xf0\xc5\x0b\x5f\xbc\xf0\xc5\x0b\x5f\xbc\xf0\xc5\x0b\x5f\xbc\xf0\xc5\x0b\xff\x4f\xf6\xfe\x29\xd8\xce\xb5\xfb\xf3\xff\x93\xfb\x8e\x6d\x27\xf7\x8c\x6d\xdb\x2b\x76\x56\x6c\xdb\xb6\x6d\xac\x58\x3b\xb6\xb1\x62\xdb\xb6\x6d\x1b\xff\x93\x31\xfb\x3b\xfe\x75\x5d\xf5\x1d\x27\xdd\x07\xe3\x57\x9f\xf7\xc9\x1c\xbd\xeb\xd9\x9f\x7a\xea\xe9\x7a\x75\x5f\x3b\x3b\x59\xd3\xa3\xf7\x82\x47\xef\x05\x8f\xde\x0b\x1e\xbd\x17\x3c\x7a\x2f\x78\xf4\x5e\xf0\xe8\xbd\xe0\xd1\x7b\xc1\xa3\xf7\x82\x47\xef\x05\x8f\xde\x0b\x1e\xbd\x17\x3c\x7a\x2f\x78\xf4\x5e\xf0\xe8\xbd\xe0\xd1\x7b\xc1\xa3\xf7\x82\x47\xef\x05\x8f\xde\x0b\x1e\xbd\x17\x3c\x7a\x2f\x78\xf4\x5e\xf0\xe8\xbd\xe0\xd1\x7b\xc1\xa3\xf7\x82\x47\xef\x05\x8f\xde\x0b\x1e\xbd\x17\x3c\x7a\x2f\x78\xf4\x5e\xf0\xe8\xbd\xe0\xd1\x7b\xc1\xa3\xf7\x82\x47\xef\x05\x8f\xde\x0b\x1e\xbd\x17\x3c\x7a\x2f\x78\xf4\x5e\xf0\xe8\xbd\xe0\xd1\x7b\xc1\xa3\xf7\x82\x47\xef\x05\x8f\xde\x0b\x1e\xbd\x17\x3c\x7a\x2f\x78\xf4\x5e\xf0\xe8\xbd\xe0\xd1\x7b\xc1\xa3\xf7\x82\x47\xef\x05\x8f\xde\x0b\x1e\xbd\x17\x3c\x7a\x2f\x78\xf4\x5e\xf0\xe8\xbd\xe0\xd1\x7b\xc1\xa3\xf7\x82\x47\xef\x05\x8f\xde\x0b\x1e\xbd\x17\x3c\x7a\x2f\x78\xf4\x5e\xf0\xe8\xbd\xe0\xd1\x7b\xc1\xa3\xf7\x82\x47\xef\x05\x8f\xde\x0b\x1e\xbd\x17\x3c\x7a\x2f\x78\xf4\x5e\xf0\xe8\xbd\xe0\xd1\x7b\xc1\xa3\xf7\x82\x47\xef\x05\x8f\xde\x0b\x1e\xbd\x17\x3c\x7a\x2f\x78\xf4\x5e\xf0\xe8\xbd\xe0\xd1\x7b\xc1\xa3\xf7\x82\x47\xef\x05\x8f\xde\x0b\x1e\xbd\x17\x3c\x7a\x2f\x78\xf4\x5e\xf0\x4e\x08\xfe\xe9\x1d\xe1\xd1\x3b\xc2\xa3\x77\x84\x47\xef\x08\x8f\xde\x11\x1e\xfd\xba\x83\x47\xef\x05\x8f\xde\x0b\x1e\xbd\x17\x3c\x7a\x2f\x78\xf4\x5e\xf0\xe8\xbd\xe0\xd1\x7b\xc1\xa3\xf7\x82\x47\xef\x05\x8f\xde\x0b\x1e\xbd\x17\x3c\x7a\x2f\x78\xf4\x5e\xf0\xe8\xbd\xe0\xd1\x7b\xc1\xa3\xf7\x82\x47\xef\x05\x8f\xde\x0b\x1e\xbd\x17\x3c\x7a\x2f\x78\xf4\x5e\xf0\xe8\xbd\xe0\xd1\x7b\xc1\xa3\xf7\x82\x47\xef\x05\x8f\xde\x0b\x1e\xbd\x17\x3c\x7a\x2f\x78\xf4\x5e\xf0\xe8\xbd\xe0\xd1\x7b\xc1\xa3\xf7\x82\x47\xef\x05\x8f\xde\x0b\x1e\xbd\x17\x3c\x7a\x2f\x78\xf4\xbf\xad\x47\xef\x05\x8f\xde\x0b\x1e\xbd\x17\x3c\x7a\x2f\x78\xf4\x5e\xf0\xe8\xbd\xe0\xd1\x7b\xc1\xa3\xf7\x82\x47\xef\x05\x8f\xde\x0b\x1e\xbd\x17\xe8\xff\xbb\x0c\xe1\xa3\xf7\x82\x8f\xde\x0b\x3e\x7a\x2f\xf8\xe8\xbd\xe0\xa3\xff\xfb\xf6\xd1\x7b\xc1\x47\xef\x05\x1f\xbd\x17\x7c\xf4\x5e\xf0\xd1\x7b\xc1\x47\xef\x05\x1f\xbd\x17\x7c\xf4\x5e\xf0\xd1\x7b\xc1\x47\xef\x05\x1f\xbd\x17\x7c\xf4\x5e\xf0\xd1\x7b\xc1\x47\xef\x05\x1f\xbd\x17\x7c\xf4\x5e\xf0\xd1\x7b\xc1\x47\xef\x05\x1f\xbd\x17\x7c\xf4\x5e\xf0\xd1\x7b\xc1\x47\xef\x05\x1f\xbd\x17\x7c\xf4\x5e\xf0\xd1\x7b\xc1\x47\xef\x05\x1f\xfd\x0f\xe0\xa3\xf7\x82\x8f\xde\x0b\x3e\x7a\x2f\xf8\xe8\xbd\xe0\xa3\xf7\x82\x8f\xde\x0b\x3e\x7a\x2f\xf8\xe8\xbd\xe0\xa3\xf7\x82\x8f\xde\x0b\x3e\x7a\x2f\xf8\xe8\xbd\xe0\xa3\xf7\x82\x8f\xde\x0b\x3e\x7a\x2f\xf8\xe8\xbd\xe0\xa3\xf7\x82\x8f\xde\x0b\x3e\x7a\x2f\xf8\xe8\xbd\xe0\xa3\xf7\x82\x8f\xde\x0b\x3e\x7a\x2f\xf8\xe8\xbd\xe0\xa3\xf7\x82\x8f\xde\x0b\x3e\x7a\x2f\xf8\xe8\xbd\xe0\xa3\xf7\x82\x8f\xde\x0b\x3e\x7a\x2f\xf8\xe8\xbd\xe0\xa3\xf7\x82\x8f\xde\x0b\x3e\x7a\x2f\xf8\xe8\xbd\xe0\xa3\xf7\x82\x2f\xe0\x7f\xf7\xef\xa3\x77\x84\x8f\xde\x11\x3e\x7a\x47\xf8\xe8\x1d\xe1\xa3\x77\x84\x8f\x7e\xdd\xc1\x47\xef\x05\x1f\xbd\x17\x7c\xf4\x5e\xf0\xd1\x7b\xc1\x47\xef\x05\x1f\xbd\x17\x7c\xf4\x5e\xf0\xd1\x7b\xc1\x47\xef\x05\x1f\xbd\x17\x7c\xf4\x5e\xf0\xd1\x7b\xc1\x47\xef\x05\x1f\xbd\x17\x7c\xf4\x5e\xf0\xd1\x7b\xc1\x47\xef\x05\x1f\xbd\x17\x7c\xf4\x5e\xf0\xd1\x7b\xc1\x47\xef\x05\x1f\xbd\x17\x7c\xf4\x5e\xf0\xd1\x7b\xc1\x47\xef\x05\x1f\xbd\x17\x7c\xf4\x5e\xf0\xd1\x7b\xc1\x47\xef\x05\x1f\xbd\x17\x7c\xf4\x5e\xf0\xd1\x7b\xc1\x47\xef\x05\x1f\xbd\x17\x7c\xf4\x5e\xf0\xd1\x7b\xc1\x47\xef\x05\x1f\xbd\x17\x7c\xf4\x5e\xf0\xd1\x7b\xc1\x47\xef\x05\x1f\xbd\x17\x7c\xf4\x5e\xf0\xd1\x7b\xc1\x47\xef\x05\x1f\xbd\x17\x7c\xf4\x5e\xf0\xd1\x7b\xc1\x47\xef\x05\x1f\xbd\x17\x7c\xf4\x5e\xf0\xd1\x7b\xc1\x47\xef\x05\x1f\xbd\x17\x7c\xf4\x5e\xf0\xd1\x7b\xc1\x47\xef\x05\x1f\xbd\x17\x7c\xf4\x5e\xf0\xd1\x7b\xc1\x47\xef\x05\xf4\xff\x95\xc8\x7f\xb8\xff\xf9\x2b\xae\xef\x7f\xee\x04\xbb\x07\x85\x08\x11\xd2\xff\x7f\xaa\x9f\xa3\xf4\xd4\x08\x0d\xe6\x45\xb3\xcc\xd0\xfb\x31\x44\xa9\xff\x97\xff\x5d\x11\x42\xff\x77\x13\xfc\xef\x61\xfe\x43\x3e\xfb\xb8\xaa\xd1\xd5\x71\xaf\x96\x5a\x66\xe8\x9f\x1b\xe1\x1f\x21\x4d\x09\xfe\xf7\x32\xff\xce\xa7\xe3\x63\x73\x9c\x6a\x5b\xaa\xbc\x65\x86\x7e\xbd\x08\xfe\x11\xd2\x94\xe0\x7f\x1f\xf3\xef\x96\x89\xd2\xfa\x58\xdc\xe0\xac\x3f\x2c\x33\xf4\xeb\xc4\xf0\x8f\x90\xa6\x04\xff\xfb\x99\xff\x50\xb5\xe3\x95\xee\xdc\x33\xf9\xed\x6b\x96\x19\xfa\xf7\x43\xf0\x8f\x90\xa6\x04\xff\x07\x98\xff\xd0\x8f\xee\xae\x1a\xb2\xfa\xc3\xaa\x26\x96\x19\xfa\xf7\xc2\xf0\x8f\x90\xa6\x04\xff\x07\x99\xff\x30\xdf\x1e\x8f\xbd\xba\xfb\xcb\xe7\xe7\x96\x19\xfa\xfd\x20\xf0\x8f\x90\xa6\x04\xff\x87\x98\xff\xb0\x15\x92\xb5\x4e\xd9\x28\xf5\x90\xfa\x96\x19\xfa\x7d\x60\xf0\x8f\x90\xa6\x04\xff\x87\x99\xff\x70\xef\xee\x0f\xd9\x17\x62\x4f\xc7\xae\x96\x19\xfa\xfd\x9f\xf0\x8f\x90\xa6\x04\xff\x47\x98\xff\xf0\x81\xa9\x1a\x95\xbf\xdd\xd1\xff\xb3\xd6\xff\xff\xa2\xdf\xf7\x0d\xff\x08\x69\x4a\xf0\x7f\x94\xf9\x8f\x50\x34\x51\xd1\x78\x07\x46\x6d\xcd\x6c\x99\xa1\x3f\xef\x01\xff\x08\x69\x4a\xf0\x7f\x8c\xf9\x8f\xf8\xeb\xe6\xe2\x57\x89\xeb\x1c\x9a\x6d\x99\xa1\x3f\xe7\x05\xff\x08\x69\x4a\xf0\x7f\x9c\xf9\x8f\x34\xb1\x57\xf9\x4c\xfd\xf7\x67\xda\x62\x99\xa1\x3f\xdf\x09\xff\x08\x69\x4a\xf0\x7f\x82\xf9\x8f\x9c\x73\xef\xba\x3b\x8b\x62\xd4\x0a\x69\x99\xa1\x3f\xd7\x0d\xff\x08\x69\x4a\xf0\x7f\x92\xf9\x8f\x92\x74\xd8\xc4\xd1\x01\x51\x7b\xb6\xb0\xcc\xd0\xcf\x73\x80\x7f\x84\x34\x25\xf8\x3f\xc5\xfc\x47\x9d\x53\xac\x7d\x9f\xd9\x77\x42\x5e\xb2\xcc\xd0\xcf\x71\x81\x7f\x84\x34\x25\xf8\x3f\xcd\xfc\x47\xab\xdd\x28\x7a\x93\x9f\xa5\x5e\xff\xb1\xcc\xf8\x7f\x4d\x10\xfe\x11\x52\x94\xe0\xff\x0c\xf3\x1f\xfd\xd1\xb2\x4f\x93\x53\x4d\x9f\x5d\xda\x32\x43\x3f\xb7\x0d\xfe\x11\xd2\x94\xe0\xff\x2c\xf3\x1f\xe3\xdb\xdc\x8b\x47\xf2\x77\xc9\xb5\xc8\x32\x43\x3f\xaf\x11\xfe\x11\xd2\x94\xe0\xff\x1c\xf3\x1f\xb3\x42\x9d\x2c\xb9\x9e\x2d\x2c\x12\xcb\x32\x43\x3f\xa7\x15\xfe\x11\xd2\x94\xe0\xff\x3c\xf3\x1f\x2b\xd3\xca\x80\x09\x23\xf3\xad\xcd\x67\x99\xa1\x9f\xcf\x0c\xff\x08\x69\x4a\xf0\x7f\x81\xf9\x8f\x3d\xad\xe3\x92\xfe\x75\x9f\xdf\x9a\x68\x99\xa1\x9f\xcb\x0e\xff\x08\x69\x4a\xf0\x7f\x91\xf9\x8f\x33\x28\x70\x78\xda\x95\xd9\xa2\x65\xb2\xcc\xd0\xf7\x31\xc0\x3f\x42\x9a\x12\xfc\x5f\x62\xfe\xe3\xe6\x9b\xda\xf2\x66\xf7\xfb\x2d\xe6\x58\x66\xfc\xbf\x26\x08\xff\x08\x29\x4a\xf0\x7f\x99\xf9\x8f\x37\xb3\xca\xb8\x22\xb1\xfb\x8c\xdd\x6a\x99\xa1\xef\x5f\x82\x7f\x84\x34\x25\xf8\xbf\xc2\xfc\xc7\x4f\x36\xa3\xc3\xe6\x13\x2b\x6c\xbf\xfd\x27\x04\x7d\xef\x1a\xfc\x23\xa4\x29\xc1\xff\x55\xe6\x3f\x41\xae\xb5\x95\x9e\x5d\xae\x54\xe5\x85\x65\x86\xbe\x6f\x11\xfe\x11\xd2\x94\xe0\xff\x1a\xf3\x9f\x70\x5c\xdb\xb5\xb1\xc2\xcd\x4b\x5d\xcf\x32\xe3\xff\x4e\x20\xf8\x47\x48\x51\x82\xff\xeb\xcc\x7f\xa2\xef\x27\x8a\x5d\x68\x15\xf6\x64\x17\xcb\x0c\x7d\xbf\x32\xfc\x23\xa4\x29\xc1\xff\x0d\xe6\x3f\x71\xb1\xa8\x0b\x93\x6d\xb9\xb2\xfb\x98\x65\x86\xbe\x57\x1d\xfe\x11\xd2\x94\xe0\xff\x26\xf3\x9f\xa4\x46\xce\xc1\x3d\xaa\x1d\x9f\xba\xd0\x32\xb3\x82\x3e\xe1\x1f\x21\x45\x09\xfe\x6f\x31\xff\xde\xeb\x4f\x4d\x87\x4f\x4c\xf0\x24\xb6\x65\x66\x25\x7d\xc2\x3f\x42\x8a\x12\xfc\xdf\x66\xfe\x7d\xef\xa2\x65\x99\xf5\x6e\x50\xb8\xfc\x96\x99\x55\xf4\x09\xff\x08\x29\x4a\xf0\x7f\x87\xf9\x4f\x1a\x78\xf5\x62\x9b\xec\x55\x07\x4c\xb0\xcc\xac\xa6\x4f\xf8\x47\x48\x51\x82\xff\xbb\xcc\x7f\xb2\xa2\xaf\x3f\x15\xca\xb4\xf5\x62\x4b\xcb\xcc\x1a\xfa\x84\x7f\x84\x14\x25\xf8\xbf\xc7\xfc\x27\xff\x95\x2e\xfa\x99\x8f\x2d\x97\x5c\xb4\xcc\xac\xa5\x4f\xf8\x47\x48\x51\x82\xff\xfb\xcc\x7f\x8a\x6d\x7d\x02\x27\x4e\xf9\x53\xe6\xb7\x65\x66\x1d\x7d\xc2\x3f\x42\x8a\x12\xfc\x3f\x60\xfe\x53\x46\xda\xbd\xbd\x5f\xc5\xcc\x85\xcb\x58\x66\xd6\xd3\x27\xfc\x23\xa4\x28\xc1\xff\x43\xe6\x3f\x55\xbc\x11\x41\x69\x6a\xa7\x6f\x7c\xc8\x32\xb3\x81\x3e\xe1\x1f\x21\x45\x09\xfe\x1f\x31\xff\xa9\xff\x2b\xd2\xed\xd6\xf0\x1f\x71\x7b\x58\x66\x36\xd2\x27\xfc\x23\xa4\x28\xc1\xff\x63\xe6\x3f\x4d\x88\x21\x0b\x8a\x3e\x69\xfa\xb3\x96\x65\x66\x13\x7d\xc2\x3f\x42\x8a\x12\xfc\x3f\x61\xfe\xd3\xee\x2c\xd1\x7f\x53\xde\x8d\xe3\xde\x58\x66\x36\xd3\x27\xfc\x23\xa4\x28\xc1\xff\x53\xe6\x3f\xdd\xba\x01\xf5\x9e\xa6\xa8\xe1\x0b\x65\x99\xf1\x7f\x27\x30\xfc\x23\xa4\x28\xc1\xff\x33\xe6\x3f\x7d\xac\x1d\x7b\x63\x7f\x1f\x56\x63\xa3\x65\xc6\xff\x33\xc1\xe0\x1f\x21\x45\x09\xfe\x9f\x33\xff\x19\x1a\x25\xa8\x72\x7e\x66\x92\x5d\x0b\x2c\x33\xdb\xe8\x13\xfe\x11\x52\x94\xe0\xff\x05\xf3\x9f\xf1\xe6\xed\xcd\xc9\x4b\x9c\x3e\x93\xce\x32\xb3\x9d\x3e\xe1\x1f\x21\x45\x09\xfe\x5f\x32\xff\x99\xce\x3e\x9d\xd2\x73\xf1\x85\x87\x15\x2c\x33\x3b\xe8\x13\xfe\x11\x52\x94\xe0\xff\x15\xf3\x9f\xb9\x9b\xaf\xd3\xb0\x81\xee\xb4\xef\x96\x99\x60\xfa\x84\x7f\x84\x14\x25\xf8\x7f\xcd\xfc\x67\xd9\xe6\x44\x9a\xeb\xcd\xea\x7d\xd5\x32\xb3\x93\x3e\xe1\x1f\x21\x45\x09\xfe\xdf\x30\xff\x59\x23\x1d\x7e\xdb\xf1\x50\xb9\xa8\x4d\x2d\x33\xbb\xe8\x13\xfe\x11\x52\x94\xe0\xff\x2d\xf3\x9f\x2d\xde\xdf\x73\xf9\xef\xae\x59\x3c\xc6\x32\xb3\x9b\x3e\xe1\x1f\x21\x45\x09\xfe\xdf\x31\xff\xd9\xff\xcb\x93\xf1\xb8\x33\xe0\x4a\x61\xcb\xcc\x1e\xfa\x84\x7f\x84\x14\x25\xf8\x7f\xcf\xfc\xe7\x38\x70\xaa\x6e\xa7\x26\x8f\xf3\x44\xb7\xcc\xec\xa5\x4f\xf8\x47\x48\x51\x82\xff\x0f\xcc\x7f\xce\xbe\x91\x83\x87\xee\xcd\x55\x71\x89\x65\x66\x1f\x7d\xc2\x3f\x42\x8a\x12\xfc\x7f\x64\xfe\x73\x75\xcc\x3d\xf3\xda\x90\x3d\x37\xfe\xb3\xcc\xec\xa7\x4f\xf8\x47\x48\x51\x82\xff\x4f\xcc\x7f\xee\x2b\x1f\xfa\xa4\x68\xd0\x71\x7d\x5c\xcb\xcc\x01\xfa\x84\x7f\x84\x14\x25\xf8\xff\xcc\xfc\xe7\xe9\x99\x7d\xf2\xde\x42\x5f\x8a\xe5\xb5\xcc\x1c\xa4\x4f\xf8\x47\x48\x51\x82\xff\x2f\xcc\x7f\xde\x33\x5f\xba\x56\x78\x98\x3a\xc7\x38\xcb\x8c\xff\x67\x82\xc1\x3f\x42\x8a\x12\xfc\x7f\x65\xfe\xf3\xdd\x38\x57\x35\xfe\xbf\xfd\x33\x9b\x5b\x66\x0e\xd3\x27\xfc\x23\xa4\x28\xc1\xff\x37\xe6\x3f\x7f\xd3\xf0\x1b\x5e\x26\x8f\xf1\xf6\xbc\x65\xe6\x08\x7d\xc2\x3f\x42\x8a\x12\xfc\x7f\x67\xfe\x0b\xc4\x5d\xdd\x30\x73\xf1\x51\xee\x5f\xcb\xcc\x51\xfa\x84\x7f\x84\x14\x25\xf8\xff\xc1\xfc\x17\x5c\xdb\x7e\xcf\xed\x05\x75\xba\x97\xb3\xcc\x1c\xa3\x4f\xf8\x47\x48\x51\x82\xff\x9f\xcc\x7f\xa1\xe0\x9a\x73\x47\xf5\x2a\x55\x27\x83\x65\xe6\x38\x7d\xc2\x3f\x42\x8a\x12\xfc\xff\x62\xfe\x0b\xbb\x93\x07\xf4\x5d\x32\x3d\xc3\x2c\xcb\xcc\x09\xfa\x84\x7f\x84\x14\x25\xf8\xff\xcd\xfc\x17\xa9\x35\xb8\x7b\xa6\xc3\x51\x0f\x6c\xb7\xcc\x9c\xa4\x4f\xf8\x47\x48\x51\x82\xff\x3f\xcc\x7f\xd1\x87\xa5\x66\xdc\x89\x77\x67\xbb\x63\x99\x39\x45\x9f\xf0\x8f\x90\xa2\x04\xff\x7f\x99\xff\x62\x5f\xfb\x6f\x1b\x1d\x3a\x5f\xc2\x57\x96\x99\xd3\xf4\x09\xff\x08\x29\x4a\xf0\xff\x8f\xf9\x2f\x5e\x7e\x57\xf5\x3e\x37\x9e\xb7\x6f\x60\x99\x39\x43\x9f\xf0\x8f\x90\xa2\xfe\x77\xff\x09\x43\x30\xff\x25\xc2\x77\x0d\x77\x24\xb8\xcb\xa0\x4e\x96\x99\xb3\xf4\x09\xff\x08\x29\x4a\xf0\x1f\x92\xf9\x2f\xb9\x79\xeb\xcb\x5c\xcd\x17\x7e\x3d\x62\x99\x39\x47\x9f\xf0\x8f\x90\xa2\x04\xff\x0e\xf3\x1f\xb0\x7c\xe2\xa9\x26\x5d\x96\xac\xa8\x64\x99\xf1\xff\x9e\x60\xf8\x47\x48\x51\x82\x7f\x97\xf9\x2f\x95\xb8\x4c\xda\xc9\xeb\x7a\xdc\xfd\x69\x99\xb9\xe0\xff\xcf\xfc\x3f\xfd\x2f\x8b\x10\xfa\xbf\x9a\xe0\x3f\x14\xf3\x5f\x7a\xdf\xd8\x83\x11\xcf\xbe\xce\x7e\xd9\x32\x73\x91\x3e\xe1\x1f\x21\x45\x09\xfe\x43\x33\xff\x65\x42\x57\xf0\x7d\x8f\x51\xa8\x64\x63\xcb\xcc\x25\xfa\x84\x7f\x84\x14\x25\xf8\x0f\xc3\xfc\x97\x8d\xde\x33\xe4\x9a\xa8\x37\x5e\x8c\xb2\xcc\xf8\xdf\x04\xf0\x8f\x90\xa2\x04\xff\x61\x99\xff\x72\xab\x37\x3e\x6a\x78\x29\xe2\x82\x82\x96\x99\x2b\xf4\x09\xff\x08\x29\x4a\xf0\x1f\x8e\xf9\x2f\x7f\x2f\x66\xa4\xd9\x9b\x27\x77\x89\x69\x99\xf1\x7f\x27\x20\xfc\x23\xa4\x28\xc1\x7f\x78\xe6\xbf\x42\xf3\x2b\x6f\x5b\x77\x2c\x1e\x6a\x99\x65\xe6\x1a\x7d\xc2\x3f\x42\x8a\x12\xfc\x47\x60\xfe\x2b\x76\x7e\x77\xae\xe0\xa8\x06\xe9\x0f\x58\x66\xae\xd3\x27\xfc\x23\xa4\x28\xc1\x7f\x44\xe6\xbf\xd2\xa9\xb4\x19\xcf\x56\x1f\x57\xbf\x9b\x65\xe6\x06\x7d\xc2\x3f\x42\x8a\x12\xfc\x47\x62\xfe\x2b\x87\x8f\x58\xe5\x6a\x8e\x38\x1b\xea\x58\x66\x6e\xd2\x27\xfc\x23\xa4\x28\xc1\x7f\x64\xe6\xbf\xca\xe6\x33\x9b\x53\x3e\x3f\x7c\xf4\x9d\x65\xe6\x16\x7d\xc2\x3f\x42\x8a\x12\xfc\x47\x61\xfe\xab\x2e\xff\x36\xa5\xf3\x97\xe4\x6d\xc2\x58\x66\x6e\xd3\x27\xfc\x23\xa4\x28\xc1\x7f\x54\xe6\xbf\x5a\xe2\xac\x9d\x86\xa4\xfd\x90\x68\xb3\x65\xe6\x0e\x7d\xc2\x3f\x42\x8a\x12\xfc\x47\x63\xfe\xab\x0f\x38\x18\x26\x5f\x99\xb6\x1f\xe6\x59\x66\xee\xd2\x27\xfc\x23\xa4\x28\xc1\x7f\x74\xe6\x3f\xf0\x70\xa8\xc7\x27\xa6\x07\x8f\x4c\x63\x99\xb9\x47\x9f\xf0\x8f\x90\xa2\x04\xff\x31\x98\xff\x1a\xe7\x0b\x1d\x99\xd7\xb2\x69\xf9\xd1\x96\x99\xfb\xf4\x09\xff\x08\x29\x4a\xf0\x1f\x93\xf9\xaf\xd9\xe6\x7b\xea\x0e\xbb\x36\xe6\x2b\x60\x99\x79\x40\x9f\xf0\x8f\x90\xa2\x04\xff\xb1\x98\xff\x5a\xc7\xf3\x9d\xfe\x7c\x2b\xfd\xb5\x18\x96\x99\x87\xf4\x09\xff\x08\x29\x4a\xf0\x1f\x9b\xf9\xaf\xdd\xe5\x77\xa6\xb0\x61\x7f\x2c\x5a\x6e\x99\x79\x44\x9f\xf0\x8f\x90\xa2\x04\xff\x71\x98\xff\x3a\x2d\x8e\x46\xad\x96\x20\x49\xe4\x8a\x96\x99\xc7\xf4\x09\xff\x08\x29\x4a\xf0\x1f\x97\xf9\xaf\x7b\x3b\xc4\x9b\x85\x47\x4f\xf7\xfd\x65\x99\x79\x42\x9f\xf0\x8f\x90\xa2\x04\xff\xf1\x98\xff\x7a\x2b\xfe\x73\x9a\x2f\xab\x11\x74\xc5\x32\xf3\x94\x3e\xe1\x1f\x21\x45\x09\xfe\xe3\x33\xff\xf5\x63\x34\xbb\x1f\xd4\x67\xd8\xfd\x46\x96\x99\x67\xf4\x09\xff\x08\x29\x4a\xf0\x9f\x80\xf9\x6f\x10\xa6\xc1\x81\x83\xf3\x66\x9d\x0b\x6b\x99\x79\x4e\x9f\xf0\x8f\x90\xa2\x04\xff\x09\x99\xff\x86\xbb\x67\x26\xcf\x5a\xb4\x5c\xf0\x26\xcb\xcc\x0b\xfa\x84\x7f\x84\x14\x25\xf8\x4f\xc4\xfc\x37\xda\xd7\xb7\x53\xc6\xa4\x17\xaa\xcf\xb5\xcc\xbc\xa4\x4f\xf8\x47\x48\x51\x82\xff\xc4\xcc\x7f\xe3\xd0\x7b\xa6\xdc\xfd\xe3\x26\x4b\x6b\x99\xf1\x7f\x27\x38\xfc\x23\xa4\x28\xc1\x7f\x12\xe6\xbf\x49\xf4\x91\x9b\xc7\xdc\x7f\x3c\x61\xbf\x65\xe6\x35\x7d\xc2\x3f\x42\x8a\x12\xfc\x7b\xcc\x7f\xd3\xd5\x45\xab\xf4\x2e\x90\xeb\x7b\x77\xcb\xcc\x1b\xfa\x84\x7f\x84\x14\x25\xf8\xf7\x31\xff\xcd\x9e\x46\x8f\x9d\xbf\xde\x9a\xd8\x75\x2d\x33\x6f\xe9\x13\xfe\x11\x52\x94\xe0\x3f\x29\xf3\xdf\xbc\xde\xb5\x6f\xc7\x07\x0d\x68\xfa\xd6\x32\xe3\xff\x99\x80\xf0\x8f\x90\xa2\x04\xff\xc9\x98\xff\x16\xa5\xdf\x5c\x9d\x3b\xa3\x4f\xc1\x66\x96\x99\xf7\xf4\x09\xff\x08\x29\x4a\xf0\x9f\x9c\xf9\x6f\xf9\x31\x7d\x8e\x8e\xe5\x56\x94\xbb\x60\x99\xf9\x40\x9f\xf0\x8f\x90\xa2\x04\xff\x29\x98\xff\x56\x95\x5f\xdc\xfb\x92\x3e\xdb\xb2\x7f\x96\x99\x8f\xf4\x09\xff\x08\x29\x4a\xf0\x9f\x92\xf9\x6f\xfd\x32\x73\xc1\x30\xdf\xee\x9f\x2f\x6b\x99\xf9\x44\x9f\xf0\x8f\x90\xa2\x04\xff\xa9\x98\xff\x36\x7f\x63\x27\xaa\xfa\x32\x6c\xbf\xc5\x96\x99\xcf\xf4\x09\xff\x08\x29\x4a\xf0\x9f\x9a\xf9\x6f\x5b\xe2\xd2\xdf\x45\xb9\xae\x44\x88\x63\x99\xf9\x42\x9f\xf0\x8f\x90\xa2\x04\xff\x69\x98\xff\x76\x59\x3a\x47\x6f\x56\xa3\xd2\xb3\x3c\x96\x99\xaf\xf4\x09\xff\x08\x29\x4a\xf0\x9f\x96\xf9\x6f\x3f\x66\xfb\xa7\x19\x63\xe6\x4d\x1e\x6f\x99\xf9\x46\x9f\xf0\x8f\x90\xa2\x04\xff\xe9\x98\xff\x0e\xf3\xc7\x5f\x3c\xd4\x7e\xd0\xde\x97\x96\x99\xef\xf4\x09\xff\x08\x29\x4a\xf0\x9f\x9e\xf9\xef\x98\xa2\x5c\x96\x2c\x1b\xab\x1e\x6f\x68\x99\xf9\x41\x9f\xf0\x8f\x90\xa2\x04\xff\x19\x98\xff\x4e\x4f\x5b\x97\x4f\x73\xe1\x78\xca\xce\x96\x99\x9f\xf4\x09\xff\x08\x29\x4a\xf0\x9f\x91\xf9\xef\x5c\x6f\xfd\xba\x5b\x91\x13\x54\x3b\x6c\x99\xf1\xff\x4c\x60\xf8\x47\x48\x51\x82\xff\x4c\xcc\x7f\x97\xd2\xd3\x27\x4e\x8c\xf6\xe7\x5f\x46\xcb\xcc\x6f\xfa\x84\x7f\x84\x14\x25\xf8\xcf\xcc\xfc\x77\xfd\x58\xad\x7d\xbf\xd3\x99\x47\xcf\xb4\xcc\xfc\xa1\x4f\xf8\x47\x48\x51\x82\xff\x2c\xcc\x7f\xb7\xc9\x0b\x13\x1e\x5e\xb3\xb5\xd9\x36\xcb\xcc\x5f\xfa\x84\x7f\x84\x14\x25\xf8\xcf\xca\xfc\x77\x4f\xdf\xe2\x47\xee\x4e\x2d\x63\xb8\x96\x19\xff\x9f\x09\x82\x7f\x84\x14\x25\xf8\xcf\xc6\xfc\xf7\x28\x5c\xef\x7a\xd3\xaa\xb3\xff\xc6\xb7\xac\xf8\x0f\xf8\x47\x48\x51\x82\xff\xec\xcc\x7f\xcf\xe1\xb3\xf3\x4d\x9a\x50\x7a\xd4\x1a\xcb\x8a\xff\x3f\x03\xff\x08\x29\x4a\xf0\x9f\x83\xf9\xef\x95\xba\xd6\x85\x08\x6f\x2f\x36\x1f\x62\x59\x71\xe8\x80\x7f\x84\x14\x25\xf8\xcf\xc9\xfc\xf7\x9e\x37\x3f\xfb\x8f\x6c\x21\x62\xe6\xb6\xac\xf8\x7f\x4d\x00\xfe\x11\x52\x94\xe0\x3f\x17\xf3\xdf\x67\xf4\x92\x18\x6b\x33\x3f\xdb\x77\xd7\xb2\x12\x8a\x0e\xf8\x47\x48\x51\x82\xff\xdc\xcc\x7f\xdf\xec\x4d\xde\x37\xf8\x94\xf3\x44\x5b\xcb\x4a\x68\x3a\xe0\x1f\x21\x45\x09\xfe\xf3\x30\xff\xfd\x4a\xed\xf7\xe6\x4c\x5d\x9f\xa2\xa4\x65\x25\x0c\x1d\xf0\x8f\x90\xa2\x04\xff\x79\x99\xff\xfe\x7f\xc2\xfc\x69\x55\xa9\x7f\xd5\xf7\x96\x15\xff\x77\x82\xc3\x3f\x42\x8a\x12\xfc\xe7\x63\xfe\x07\xbc\x28\x70\xbb\xc0\x8a\x46\xfd\x67\x58\x56\xfc\x7f\x3f\xfc\x23\xa4\x28\xc1\x7f\x7e\xe6\x7f\x60\xb5\x9f\x85\xce\x75\xdb\x14\x31\x99\x65\x25\x3c\x1d\xf0\x8f\x90\xa2\x04\xff\x05\x98\xff\x41\xc1\x91\x86\x87\x8b\x95\xe6\x69\x24\xcb\x4a\x04\x3a\xe0\x1f\x21\x45\x09\xfe\x0b\x32\xff\x83\xdd\x93\x2d\x7f\x1d\xff\x39\x29\xd8\xb2\x12\x91\x0e\xf8\x47\x48\x51\x82\xff\x42\xcc\xff\x90\xb8\xef\x03\xd6\x5f\x49\x5c\xa0\xb2\x65\xc5\xff\x26\x80\x7f\x84\x14\x25\xf8\x2f\xcc\xfc\x0f\x5d\x9b\x6b\x49\xbd\xf0\xe7\xca\x3e\xb1\xac\x44\xa6\x03\xfe\x11\x52\x94\xe0\xbf\x08\xf3\x3f\x6c\x8f\x6f\xf8\xcb\xd6\x81\xcb\x4f\x59\x56\xa2\xd0\x01\xff\x08\x29\x4a\xf0\x5f\x94\xf9\x1f\x1e\xf6\x69\xcb\xf8\x5b\x47\x5e\x18\x60\x59\x89\x4a\x07\xfc\x23\xa4\x28\xc1\x7f\x31\xe6\x7f\x44\xcc\xdb\x01\x15\xfe\x1b\x3a\xf1\xb3\x65\x25\x1a\x1d\xf0\x8f\x90\xa2\x04\xff\xc5\x99\xff\x91\x2b\x13\x2c\xd9\x3b\xa0\xca\x8f\xa2\x96\x95\xe8\x74\xc0\x3f\x42\x8a\x12\xfc\x97\x60\xfe\x47\x45\xbc\x5e\x29\x45\x92\x53\xb1\x3a\x5a\x56\x62\xd0\x01\xff\x08\x29\x4a\xf0\x5f\x92\xf9\x1f\xbd\x31\xc9\xda\x6b\x07\xe3\x37\xb9\x69\x59\x89\x49\x07\xfc\x23\xa4\x28\xc1\x7f\x00\xf3\x3f\x66\x69\x8a\x71\x43\xef\xfd\x3d\x9b\xdd\xb2\x12\x8b\x0e\xf8\x47\x48\x51\x82\xff\x52\xcc\xff\x58\xef\x61\x87\x4e\x6e\x86\x1d\x23\x2c\x2b\xb1\xe9\x80\x7f\x84\x14\x25\xf8\x2f\xcd\xfc\x8f\x6b\x5b\x64\xf0\xd6\xa6\xdb\x02\x57\xd8\x56\xe8\x80\x7f\x84\x14\x25\xf8\x2f\xc3\xfc\x8f\xbf\x30\xa2\x69\xc0\xbe\x66\xc9\x13\x5b\x56\xe2\xd2\x01\xff\x08\x29\x4a\xf0\x5f\x96\xf9\x9f\x70\x64\x77\xb1\x18\xb5\x7a\x47\xea\x63\x59\x89\x47\x07\xfc\x23\xa4\x28\xc1\x7f\x39\xe6\x7f\xe2\xc0\x3e\x0b\x1f\x0c\x5b\xdd\xe7\x9c\x65\xc5\xff\x9d\x20\xf0\x8f\x90\xa2\x04\xff\xe5\x99\xff\x49\x7b\x6a\xdd\xfe\xf1\x38\xeb\x8c\x07\x96\x95\x04\x74\xc0\x3f\x42\x8a\x12\xfc\x57\x60\xfe\x27\x87\x9d\x5f\x28\x42\x9e\x47\x0f\xaa\x5b\x56\x12\xd2\x01\xff\x08\x29\x4a\xf0\x5f\x91\xf9\x9f\x12\x73\x89\xd7\x20\x65\xa8\x0a\x7b\x2c\x2b\x89\xe8\x80\x7f\x84\x14\x25\xf8\xaf\xc4\xfc\x4f\x5d\xd9\xe4\xcf\xda\x1f\x57\xf3\x87\xb3\xac\xf8\xff\x9d\x00\xfc\x23\xa4\x28\xc1\x7f\x65\xe6\x7f\xda\xc9\xc9\x63\x63\xcf\x2a\x7f\x35\x95\x65\x25\x09\x1d\xf0\x8f\x90\xa2\x04\xff\x55\x98\xff\xe9\x9d\x6a\xb6\x7e\x5a\x72\xfe\xc2\xa9\x96\x15\x8f\x0e\xf8\x47\x48\x51\x82\xff\xaa\xcc\x7f\x50\xb3\xf6\xa5\x37\x6d\x2f\xd1\x36\x9b\x65\xc5\xff\xf7\xc0\x3f\x42\x8a\x12\xfc\x57\x63\xfe\x67\xdc\x5d\xbd\xaa\x68\xdb\xa0\xc4\x23\x2d\x2b\x49\xe9\x80\x7f\x84\x14\x25\xf8\xaf\xce\xfc\xcf\xec\xd7\xba\xe8\xad\x88\x91\xde\xaf\xb4\xac\xf8\xbf\x13\x04\xfe\x11\x52\x94\xe0\x3f\x90\xf9\x9f\x75\x74\xfd\xe2\x34\xd7\xee\x8e\x48\x64\x59\x49\x4e\x07\xfc\x23\xa4\x28\xc1\x7f\x0d\xe6\x7f\xf6\xc5\xe9\x43\xfa\x9d\xcc\x9b\xee\x8b\x65\x25\x05\x1d\xf0\x8f\x90\xa2\x04\xff\x35\x99\xff\x39\xad\xaa\x35\x9a\x18\xe7\x55\xbd\x22\x96\x95\x94\x74\xc0\x3f\x42\x8a\x12\xfc\xd7\x62\xfe\xe7\x26\xfa\x30\xb1\x6c\x8f\xce\x1b\x3b\x58\x56\xfc\xbf\x27\x00\xfe\x11\x52\x94\xe0\xbf\x36\xf3\x3f\x6f\x59\xee\xf6\xc1\xab\x16\x1f\xbb\x65\x59\x49\x4d\x07\xfc\x23\xa4\x28\xc1\x7f\x1d\xe6\x7f\xfe\xa6\xc8\xe5\xdf\x54\xd8\xfb\x7c\xb7\x65\x25\x0d\x1d\xf0\x8f\x90\xa2\x04\xff\x75\x99\xff\x05\xe1\x4e\xad\x4b\x32\xb9\xdd\xfc\xf0\x96\x95\xb4\x74\xc0\x3f\x42\x8a\x12\xfc\xd7\x63\xfe\x17\x46\x4c\xf3\xc7\xf9\xf0\xb5\x6b\x6a\xcb\x4a\x3a\x3a\xe0\x1f\x21\x45\x09\xfe\xeb\x33\xff\x8b\x36\xbe\xf5\x3e\x64\x4c\x11\x7a\x8a\x65\x25\x3d\x1d\xf0\x8f\x90\xa2\x04\xff\x0d\x98\xff\xff\x96\x5e\x2e\xb4\x34\xcb\xa1\x95\x7d\x2d\x2b\x19\xe8\x80\x7f\x84\x14\x25\xf8\x6f\xc8\xfc\x2f\xf6\x62\xdc\xae\xf1\x3a\xfa\xbd\xb3\x96\x95\x8c\x74\xc0\x3f\x42\x8a\x12\xfc\x37\x62\xfe\x97\x54\x2d\x36\x33\xd6\xb8\xb1\xd9\xee\x5b\x56\x32\xd1\x01\xff\x08\x29\x4a\xf0\xdf\x98\xf9\x5f\xfa\x7c\x58\x9f\x67\x95\x6b\x97\x08\xb4\xac\x64\xa6\x03\xfe\x11\x52\x94\xe0\xbf\x09\xf3\xbf\xec\xf7\xde\xba\x9b\x4b\xd5\x4f\x70\xcf\xb2\x92\x85\x0e\xf8\x47\x48\x51\x82\xff\xa6\xcc\xff\xf2\x80\x5e\xc1\x45\xe6\x4c\x6c\xd7\xc6\xb2\x92\x95\x0e\xf8\x47\x48\x51\x82\xff\x66\xcc\xff\x8a\xc7\x3b\xab\xde\xfc\x15\x7b\x70\x09\xcb\x8a\xff\x67\x02\xc1\x3f\x42\x8a\x12\xfc\x37\x67\xfe\x57\x36\xe8\xb7\x21\x6d\xea\x63\xdf\x3e\x58\x56\xfc\xdf\x09\x0e\xff\x08\x29\x4a\xf0\xdf\x82\xf9\x5f\x55\x36\x60\x72\xff\x7c\xbe\xba\xf1\x2c\x2b\x39\xe8\x80\x7f\x84\x14\x25\xf8\x6f\xc9\xfc\xaf\x7e\x3f\xa8\xeb\x84\xa7\x1f\x33\xae\xb5\xac\xe4\xa4\x03\xfe\x11\x52\x94\xe0\xbf\x15\xf3\xbf\x66\x58\xb2\xb9\xe5\x46\xb4\xda\x3f\xd4\xb2\x92\x8b\x0e\xf8\x47\x48\x51\x82\xff\xd6\xcc\xff\xda\x42\x8f\x07\xec\xa8\xb3\x73\x5b\x2e\xcb\x4a\x6e\x3a\xe0\x1f\x21\x45\x09\xfe\xdb\x30\xff\xeb\xd2\xdd\x6d\xf8\x7a\xcf\xf2\x59\x55\x2c\x2b\x79\xe8\x80\x7f\x84\x14\x25\xf8\x6f\xcb\xfc\xaf\x9f\x14\x6f\x8f\xd7\xb8\xfb\xbb\xc7\x96\x95\xbc\x74\xc0\x3f\x42\x8a\x12\xfc\xb7\x63\xfe\x37\x54\xcd\x77\x20\x6c\xc8\x77\xce\x49\xcb\x4a\x3e\x3a\xe0\x1f\x21\x45\x09\xfe\xdb\x33\xff\x1b\x9f\xff\x4e\xfe\xf9\x4e\xc1\x6e\x03\x2d\x2b\xf9\xe9\x80\x7f\x84\x14\x25\xf8\xef\xc0\xfc\x6f\xfa\x7d\xd4\x59\xb8\xff\xe6\xf5\x20\xcb\x4a\x01\x3a\xe0\x1f\x21\x45\x09\xfe\x3b\x32\xff\x9b\x03\x42\xdc\xaf\x96\x28\xdc\xba\xe4\x96\x95\x82\x74\xc0\x3f\x42\x8a\x12\xfc\x77\x62\xfe\xb7\xa4\xfc\x14\xf4\xaa\xdf\x94\xe2\x91\x2d\x2b\x85\xe8\x80\x7f\x84\x14\x25\xf8\xef\xcc\xfc\x6f\x5d\x90\xb3\x5b\xbc\x85\x45\x72\xee\xb0\xac\x14\xa6\x03\xfe\x11\x52\x94\xe0\xbf\x0b\xf3\xbf\x6d\x6c\xd4\xc0\xf2\x73\x4f\xfd\xb7\xd7\xb2\xe2\xff\x4e\x30\xf8\x47\x48\x51\x82\xff\xae\xcc\xff\xf6\xac\x27\xb6\xef\x2b\x12\xff\x72\x44\xcb\x4a\x51\x3a\xe0\x1f\x21\x45\x09\xfe\xbb\x31\xff\x3b\xa6\x46\xac\x97\xd2\x37\x34\x6f\x4a\xcb\x4a\x31\x3a\xe0\x1f\x21\x45\x09\xfe\xbb\x33\xff\xc1\x69\xcf\xec\xbd\xfa\xbb\x4a\xa5\x49\x96\x95\xe2\x74\xc0\x3f\x42\x8a\x12\xfc\xf7\x60\xfe\x77\x16\xfc\xb6\x60\xc8\x83\x6d\x8f\x7a\x5b\x56\xfc\x3f\x13\x08\xfe\x11\x52\x94\xe0\xbf\x27\xf3\xbf\x6b\x64\xd6\xfe\x9d\x0b\x36\x9b\x7e\xda\xb2\x52\x92\x0e\xf8\x47\x48\x51\x82\xff\x5e\xcc\xff\xee\x4f\x53\xa7\x6c\xa9\xff\xb7\xd7\x43\xcb\x4a\x00\x1d\xf0\x8f\x90\xa2\x04\xff\xbd\x99\xff\x3d\x65\x02\x3b\x95\x1a\x9c\x21\x4a\x4d\xcb\x8a\xdf\x3d\xfc\x23\xa4\x28\xc1\x7f\x1f\xe6\x7f\x6f\xfd\x8e\x55\x62\xb6\xc8\x9a\x34\x8b\x65\xa5\x34\x1d\xf0\x8f\x90\xa2\x04\xff\x7d\x99\xff\x7d\xcf\x56\x6e\xbe\xbf\xf3\x51\xcd\xe1\x96\x95\x32\x74\xc0\x3f\x42\x8a\x12\xfc\xf7\x63\xfe\xf7\xef\x0e\xde\xb1\xf5\x66\xef\x9d\xab\x2d\x2b\x65\xe9\x80\x7f\x84\x14\x25\xf8\xef\xcf\xfc\x1f\x08\x33\xb0\x4e\x40\x98\xd5\xa7\x93\x58\x56\xca\xd1\x01\xff\x08\x29\x4a\xf0\x3f\x80\xf9\x3f\x18\xa3\x64\xdf\x18\x09\xcb\x37\xfa\x66\x59\x29\x4f\x07\xfc\x23\xa4\x28\xc1\xff\x40\xe6\xff\xd0\x8a\xa1\xb3\x1e\x1c\x9b\x1f\xa7\x98\x65\xa5\x02\x1d\xf0\x8f\x90\xa2\x04\xff\x83\x98\xff\xc3\x4e\xfc\xae\xfb\x96\x87\xfa\xd5\xce\xb2\x52\x91\x0e\xf8\x47\x48\x51\x82\xff\xc1\xcc\xff\x91\x1d\xf7\x26\x97\xef\x7b\x75\xfc\x0d\xcb\x4a\x25\x3a\xe0\x1f\x21\x45\x09\xfe\x87\x30\xff\x47\xd7\x3c\xd9\x10\xaf\xdd\xc5\x4b\xd5\x2c\x2b\x95\xe9\x80\x7f\x84\x14\x25\xf8\x1f\xca\xfc\x1f\x8b\x93\xbc\xea\xab\x0d\x21\x96\x3e\xb5\xac\xf8\xbf\x13\x04\xfe\x11\x52\x94\xe0\x7f\x18\xf3\x7f\x7c\xcb\x83\xe0\xce\xe7\x67\x97\x3e\x6e\x59\xa9\x4a\x07\xfc\x23\xa4\x28\xc1\xff\x70\xe6\xff\x44\x94\xd4\x75\x87\x44\x2a\x5d\xa8\xbf\x65\xc5\xff\xcf\x04\xf0\x8f\x90\xa2\x04\xff\x23\x98\xff\x93\x09\x12\xf7\xb9\x1a\x7d\xfd\x94\x69\x96\x95\xea\x74\xc0\x3f\x42\x8a\x12\xfc\x8f\x64\xfe\x4f\x2d\xbc\x35\x33\xe5\x99\xfe\x8f\x93\x5a\x56\x02\xe9\x80\x7f\x84\x14\x25\xf8\x1f\xc5\xfc\x9f\xbe\xdc\xbb\xe7\xfd\xb5\xcf\xc2\x47\xb5\xac\xd4\xa0\x03\xfe\x11\x52\x94\xe0\x7f\x34\xf3\x7f\xa6\xc3\xbe\xe9\x31\x3b\xe7\x1c\xb8\xd3\xb2\xe2\xff\x99\x00\xf0\x8f\x90\xa2\x04\xff\x63\x98\xff\xb3\x7d\x86\x6f\x29\x15\x94\xa6\xf2\x1d\xcb\x4a\x2d\x3a\xe0\x1f\x21\x45\x09\xfe\xc7\x32\xff\xe7\xf6\x17\xaf\xb1\xa5\xec\xcf\x54\xad\x2c\x2b\xb5\xe9\x80\x7f\x84\x14\x25\xf8\x1f\xc7\xfc\x9f\x77\x1a\xa7\x5b\x93\xae\xd1\xa9\x00\xcb\x4a\x1d\x3a\xe0\x1f\x21\x45\x09\xfe\xc7\x33\xff\x17\x76\x2c\x3f\xde\xf0\xeb\xa6\x3d\x9f\x2c\x2b\x75\xe9\x80\x7f\x84\x14\x25\xf8\x9f\xc0\xfc\x5f\x5c\x33\xef\x45\xc4\x57\x81\xd1\x13\x58\x56\xea\xd1\x01\xff\x08\x29\x4a\xf0\x3f\x91\xf9\xbf\x14\xa7\x6e\xc4\xef\xb9\x47\xb6\x5c\x6f\x59\xa9\x4f\x07\xfc\x23\xa4\x28\xc1\xff\x24\xe6\xff\x72\xf7\x15\xfd\x8b\xd4\x4c\x3c\x66\xb0\x65\xa5\x01\x1d\xf0\x8f\x90\xa2\x04\xff\x93\x99\xff\x2b\xe7\x3a\x2c\xd8\x3c\xf6\xdc\xef\x1c\x96\x95\x86\x74\xc0\x3f\x42\x8a\x12\xfc\x4f\x61\xfe\xaf\xde\xaa\xbe\xf7\x59\xef\xd8\xb9\xa7\x5b\x56\x1a\xd1\x01\xff\x08\x29\x4a\xf0\x3f\x95\xf9\xbf\xd6\x78\x4a\xbd\x58\x4b\x8f\x15\xf5\x59\x56\x1a\xd3\x01\xff\x08\x29\x4a\xf0\x3f\x8d\xf9\xbf\x7e\xa8\xf2\xf6\x09\x47\xea\xaf\x89\x62\x59\x69\x42\x07\xfc\x23\xa4\x28\xc1\xff\x74\xe6\xff\x46\xef\xa0\xc0\xfe\xf1\x27\xde\xdc\x65\x59\x69\x4a\x07\xfc\x23\xa4\x28\xc1\x7f\x10\xf3\x7f\xb3\xfd\x9a\x6e\x69\x43\xb5\xea\x51\xd5\xb2\xd2\x8c\x0e\xf8\x47\x48\x51\x82\xff\x19\xcc\xff\xad\x6b\x6d\x82\x6e\x5e\xdf\x19\xe2\x99\x65\xa5\x39\x1d\xf0\x8f\x90\xa2\x04\xff\x33\x99\xff\xdb\x8b\x8f\xf7\xf6\x76\xf8\xde\x9c\xb0\xac\xb4\xa0\x03\xfe\x11\x52\x94\xe0\x7f\x16\xf3\x7f\x27\x7e\x94\x39\xaf\x9b\x7d\x9c\xd3\xcf\xb2\xd2\x92\x0e\xf8\x47\x48\x51\x82\xff\xd9\xcc\xff\xdd\xc8\x39\x76\xee\x18\xfa\x6e\x4b\x42\xcb\x8a\xff\xcf\x04\xc3\x3f\x42\x8a\x12\xfc\xcf\x61\xfe\xef\x6d\xff\x58\xab\x5c\xc3\x82\x07\xd7\x59\x56\x5a\xd3\x01\xff\x08\x29\x4a\xf0\x3f\x97\xf9\xbf\xbf\x25\x7a\xc4\x9a\x85\x97\x67\x1e\x64\x59\x69\x43\x07\xfc\x23\xa4\x28\xc1\xff\x3c\xe6\xff\x41\x94\x6b\x2f\x96\x3c\xea\x5e\x3b\xa7\x65\xa5\x2d\x1d\xf0\x8f\x90\xa2\x04\xff\xf3\x99\xff\x87\x09\xde\x1c\x7f\xff\x77\xca\x97\xdb\x96\x15\xff\x77\x02\xc3\x3f\x42\x8a\x12\xfc\x2f\x60\xfe\x1f\x2d\x4c\x9f\xce\x4d\x56\x64\x68\x6b\xcb\x4a\x7b\x3a\xe0\x1f\x21\x45\x09\xfe\x17\x32\xff\x8f\xdf\xf4\xed\x50\xb4\xd8\xcd\x0e\x16\xe3\x21\x3b\xd0\x01\xff\x08\x29\x4a\xf0\xbf\x88\xf9\x7f\x52\x73\xcf\xb8\x4d\xf3\xc3\xc5\xfb\x68\x59\xe9\x48\x07\xfc\x23\xa4\x28\xc1\xff\x7f\xcc\xff\xd3\xe2\x23\xd7\x3e\x1d\x1d\x29\xa0\x97\x65\xa5\x13\x1d\xf0\x8f\x90\xa2\x04\xff\x8b\x99\xff\x67\x3f\x8a\x56\x8a\x1d\x78\x37\xcb\x19\xcb\x4a\x67\x3a\xe0\x1f\x21\x45\x09\xfe\x97\x30\xff\xcf\xeb\x0e\x5d\x32\x31\x67\x89\x3b\x8f\x2c\x2b\x5d\xe8\x80\x7f\x84\x14\x25\xf8\x5f\xca\xfc\xbf\x78\x50\x32\xa0\xdf\x8b\xa0\xd5\x35\x2c\x2b\x5d\xe9\x80\x7f\x84\x14\x25\xf8\x5f\xc6\xfc\xbf\xfc\x32\xb0\x65\x9a\xcf\x9d\xc3\xee\xb3\xac\x74\xa3\x03\xfe\x11\x52\x94\xe0\x7f\x39\xf3\xff\xaa\x52\xf0\xf0\x5b\x69\x16\x77\x8e\x60\x59\xe9\x4e\x07\xfc\x23\xa4\x28\xc1\xff\x0a\xe6\xff\x75\xfe\x84\x6d\x92\x94\xce\x3b\x37\x85\x65\xa5\x07\x1d\xf0\x8f\x90\xa2\x04\xff\x2b\x99\xff\x37\x83\xef\x8c\x7a\x33\xed\xd5\xcb\xc9\x96\x95\x9e\x74\xc0\x3f\x42\x8a\x12\xfc\xaf\x62\xfe\xdf\x4e\x7f\xb6\x32\xb8\xeb\xd7\x23\x5f\x2d\x2b\xfe\xdf\x13\x00\xff\x08\x29\x4a\xf0\xbf\x9a\xf9\x7f\x97\x39\x69\xb9\xb2\xeb\x53\x6c\x2e\x6e\x59\xe9\x4d\x07\xfc\x23\xa4\x28\xc1\xff\x1a\xe6\xff\xfd\x1b\x37\x77\xd5\x73\x7b\x1b\xb4\xb7\xac\xf4\xa1\x03\xfe\x11\x52\x94\xe0\x7f\x2d\xf3\xff\xa1\xe6\x91\x2b\x8b\x62\xb6\x4b\x73\xdd\xb2\xd2\x97\x0e\xf8\x47\x48\x51\x82\xff\x75\xcc\xff\xc7\xe2\xff\x3e\x7f\x89\x32\x76\x58\x56\xcb\x8a\xff\x67\x82\xc2\x3f\x42\x8a\x12\xfc\xaf\x67\xfe\x3f\xfd\xc8\x1b\x27\xcc\xc5\xda\x1f\x87\x59\x56\xfa\xd3\x01\xff\x08\x29\x4a\xf0\xbf\x81\xf9\xff\x3c\xfb\x64\xa3\xbd\x9b\x0e\x79\xab\x2c\x2b\x03\xe8\x80\x7f\x84\x14\x25\xf8\xdf\xc8\xfc\x7f\xf1\x45\x1a\x52\xa1\x43\xf4\xd6\x9e\x65\x65\x20\x1d\xf0\x8f\x90\xa2\x04\xff\x9b\x98\xff\xaf\x39\x72\x2d\x8e\x7f\xea\x72\xd6\x65\x96\x15\xff\xcf\x04\x86\x7f\x84\x14\x25\xf8\xdf\xcc\xfc\x7f\x9b\xf0\xbe\xe8\xcb\xb8\x61\x4a\xc5\xb4\xac\x0c\xa6\x03\xfe\x11\x52\x94\xe0\x7f\x0b\xf3\xff\x3d\x43\xb6\x55\x9d\x7a\xce\x5d\x55\xd0\xb2\x32\x84\x0e\xf8\x47\x48\x51\x82\xff\xad\xcc\xff\x8f\xa0\xcf\xa5\x87\xae\xae\x78\x7b\x94\x65\x65\x28\x1d\xf0\x8f\x90\xa2\x04\xff\xdb\x98\xff\x9f\x43\xce\xb6\xbe\xb6\x6d\x65\xa7\xc6\x96\x15\xff\xbf\x13\x84\x7f\x84\x14\x25\xf8\xdf\xce\xfc\xff\xca\x13\x6e\x6c\x8a\x36\x7d\xc3\x5c\xb6\xac\x0c\xa7\x03\xfe\x11\x52\x94\xe0\x7f\x07\xf3\xff\xbb\xfc\xaa\x66\x0f\x22\x3c\x78\xf5\xd3\xb2\x32\x82\x0e\xf8\x47\x48\x51\x82\xff\x60\xe6\xff\xcf\xd7\x76\x23\x62\x5c\xcd\x3e\xaf\x92\x65\x65\x24\x1d\xf0\x8f\x90\xa2\x04\xff\x3b\x99\xff\xbf\x0f\x6b\x2c\x0f\xc8\x9a\x69\x53\x1a\xcb\x8a\xff\xd7\x04\xe1\x1f\x21\x45\x09\xfe\x77\x31\xff\xff\x6a\x4d\x2a\xb9\xf5\xcd\xef\xc3\xf3\x2c\x2b\xa3\xe9\x80\x7f\x84\x14\x25\xf8\xdf\xfd\x3f\xfe\x43\x86\xe8\x9d\x2f\xe3\xb5\xf1\x2d\xd2\x6e\xb6\xac\x8c\xa1\x03\xfe\x11\x52\x94\xe0\x7f\x0f\xf3\x1f\xf2\xd0\xef\x73\x29\xaa\x6c\x69\x18\xc6\xb2\x32\x96\x0e\xf8\x47\x48\x51\x82\xff\xbd\xcc\xbf\x73\xed\xe8\xdb\x4e\xe5\xab\x7d\x7a\x67\x59\x19\x47\x07\xfc\x23\xa4\x28\xc1\xff\x3e\xe6\xdf\x6d\x1f\x22\xd2\xd0\x49\x83\x87\xd7\xb1\xac\x8c\xa7\x03\xfe\x11\x52\x94\xe0\x7f\x3f\xf3\x1f\xaa\x7f\x9c\x8c\x39\xdf\x27\x6c\xd5\xcd\xb2\x32\x81\x0e\xf8\x47\x48\x51\x82\xff\x03\xcc\x7f\xe8\x63\xe7\xcf\x1d\xcd\x70\x22\xc9\x01\xcb\xca\x44\x3a\xe0\x1f\x21\x45\x09\xfe\x0f\x32\xff\x61\x2e\xbd\x7c\x3b\x25\xff\x99\x22\xe5\x2c\x2b\x93\xe8\x80\x7f\x84\x14\x25\xf8\x3f\xc4\xfc\x87\x6d\x9d\x21\x52\xe3\x67\x5e\xae\xbf\x96\x15\xff\x77\x02\xc1\x3f\x42\x8a\x12\xfc\x1f\x66\xfe\xc3\x9d\x7a\xfb\xec\xd7\xc8\xe1\xb7\xce\x5b\x56\xa6\xd0\x01\xff\x08\x29\x4a\xf0\x7f\x84\xf9\x0f\xdf\x39\x4d\xe8\x70\x75\x6b\xae\x6d\x6e\x59\x99\x4a\x07\xfc\x23\xa4\x28\xc1\xff\x51\xe6\x3f\x42\xf3\x18\x29\xea\x05\x6c\xf8\x3f\xff\xae\x9f\xaf\x4c\xa3\x03\xfe\x11\x52\x94\xe0\xff\x18\xf3\x1f\xf1\xde\xe5\xa3\xeb\x67\x37\xe9\x99\xd7\xb2\x32\x9d\x0e\xf8\x47\x48\x51\x82\xff\xe3\xcc\x7f\xa4\xd5\x3d\xd2\xb6\xf9\xf9\x7d\x76\x5c\xcb\x4a\x10\x1d\xf0\x8f\x90\xa2\x04\xff\x27\x98\xff\xc8\xd1\x37\x9c\x9a\x95\x2a\xdd\xeb\xff\x2c\x2b\x33\xe8\x80\x7f\x84\x14\x25\xf8\x3f\xc9\xfc\x47\x09\x3d\xe6\xe5\x99\x03\xb9\x0f\x1d\xb1\xac\xcc\xa4\x03\xfe\x11\x52\x94\xe0\xff\x14\xf3\x1f\x75\x5f\xf9\x70\x85\x12\x3f\xd9\xda\xc9\xb2\x32\x8b\x0e\xf8\x47\x48\x51\x82\xff\xd3\xcc\x7f\xb4\xfe\x1d\xba\xa5\xea\x3f\xb0\x56\x03\xcb\xca\x6c\x3a\xe0\x1f\x21\x45\x09\xfe\xcf\x30\xff\xd1\x8f\xad\x08\xba\xb2\x68\x6d\xa6\x57\x96\x95\x39\x74\xc0\x3f\x42\x8a\x12\xfc\x9f\x65\xfe\x63\x5c\x9a\xb2\x7d\xf0\xee\xb2\x43\x1c\xcb\xca\x5c\x3a\xe0\x1f\x21\x45\x09\xfe\xcf\x31\xff\x31\x5b\x57\x0f\xec\xd2\x68\xe6\xe7\xed\x96\x15\xff\xcf\x04\x84\x7f\x84\x14\x25\xf8\x3f\xcf\xfc\xc7\x8a\xb0\x3c\xf9\xc9\x10\x4e\xfc\x59\x96\x95\xf9\x74\xc0\x3f\x42\x8a\x12\xfc\x5f\x60\xfe\x63\x6f\x68\x7c\x20\xef\xed\xf3\x1d\x33\x58\x56\x16\xd0\x01\xff\x08\x29\x4a\xf0\x7f\x91\xf9\x8f\xb3\xa4\xee\xfd\xf6\x99\x22\x2c\x19\x6f\x59\x59\x48\x07\xfc\x23\xa4\x28\xc1\xff\x25\xe6\x3f\x6e\x92\x79\xce\xfc\x8f\xd7\x2f\xe6\xb1\xac\x2c\xa2\x03\xfe\x11\x52\x94\xe0\xff\x32\xf3\x1f\x6f\x77\xc3\x17\xa1\xa6\x14\x2b\x1c\xc7\xb2\xe2\xff\x3d\xc1\xf0\x8f\x90\xa2\x04\xff\x57\x98\xff\xf8\x61\x66\x45\xfc\x56\x71\x52\x99\xc5\x96\x15\xff\x5f\x83\x7f\x84\x14\x25\xf8\xbf\xca\xfc\x27\x88\xb1\x38\xdd\xe2\x6a\x3d\x9f\x94\xb5\xac\x2c\xa1\x03\xfe\x11\x52\x94\xe0\xff\x1a\xf3\x9f\x70\x45\xf3\xe3\x95\x27\x2e\x9d\xfa\xcf\xb2\xb2\x94\x0e\xf8\x47\x48\x51\x82\xff\xeb\xcc\x7f\xa2\xdb\xc7\x52\x4f\x7f\x57\x78\xc0\x05\xcb\xca\x32\x3a\xe0\x1f\x21\x45\x09\xfe\x6f\x30\xff\x89\x5b\x84\x3c\xd2\x22\xfb\x9b\x70\xcd\x2c\x2b\xcb\xe9\x80\x7f\x84\x14\x25\xf8\xbf\xc9\xfc\x27\xe9\x92\xff\x71\xb6\xcb\xef\x53\xbb\x96\x95\x15\x74\xc0\x3f\x42\x8a\x12\xfc\xdf\x62\xfe\xbd\xe3\x7f\xc2\x1c\x08\x97\xac\xca\x36\xcb\xca\x4a\x3a\xe0\x1f\x21\x45\x09\xfe\x6f\x33\xff\xbe\x53\x49\x02\xef\xb4\xda\xb1\x7b\xa6\x65\x65\x15\x1d\xf0\x8f\x90\xa2\x04\xff\x77\x98\xff\xa4\x9d\xaf\x6f\xcf\xb4\xa5\xcd\xc9\x8c\x96\x95\xd5\x74\xc0\x3f\x42\x8a\x12\xfc\xdf\x65\xfe\x93\x35\x7f\x18\xd4\x67\xe5\xf8\x16\x87\x2d\x2b\x6b\xe8\x80\x7f\x84\x14\x25\xf8\xbf\xc7\xfc\x27\xbf\x97\xa2\xdb\xe8\xee\x0d\xa3\x75\xb6\xac\xac\xa5\x03\xfe\x11\x52\x94\xe0\xff\x3e\xf3\x9f\x62\x4a\xb7\x2c\xa7\x62\x1f\xf9\xd3\xd0\xb2\xb2\x8e\x0e\xf8\x47\x48\x51\x82\xff\x07\xcc\x7f\xca\x34\x9b\x2e\xe6\x39\x11\x77\xec\x4b\xcb\xca\x7a\x3a\xe0\x1f\x21\x45\x09\xfe\x1f\x32\xff\xa9\x0a\x8c\xfa\xd4\xee\x6e\xcc\x2b\x8d\x2c\x2b\x1b\xe8\x80\x7f\x84\x14\x25\xf8\x7f\xc4\xfc\xa7\x1e\x51\x31\xfa\x02\xe7\xc0\xe2\x2b\x96\x95\x8d\x74\xc0\x3f\x42\x8a\x12\xfc\x3f\x66\xfe\xd3\xa4\x18\xf7\x33\x74\x93\xba\x15\x7f\x59\x56\x36\xd1\x01\xff\x08\x29\x4a\xf0\xff\x84\xf9\x4f\x3b\xbf\x6c\xbc\xaf\x7b\x47\xe7\xa9\x68\x59\xd9\x4c\x07\xfc\x23\xa4\x28\xc1\xff\x53\xe6\x3f\xdd\x98\x4e\x79\xff\x5b\xdc\x61\xda\x72\xcb\xca\x16\x3a\xe0\x1f\x21\x45\x09\xfe\x9f\x31\xff\xe9\xb3\x6c\xbb\x55\x65\xe0\xee\x87\x31\x2c\x2b\x5b\xe9\x80\x7f\x84\x14\x25\xf8\x7f\xce\xfc\x67\x28\x11\x2b\xc7\x34\x2f\x55\xd4\x02\x96\x15\xff\x9f\x09\x82\x7f\x84\x14\x25\xf8\x7f\xc1\xfc\x67\xfc\x7b\xf1\x6a\xcb\x43\x9f\x7b\x8f\xb6\xac\xf8\xbf\x13\x08\xfe\x11\x52\x94\xe0\xff\x25\xf3\x9f\xe9\xe5\xf3\x6f\xd9\x53\xbc\xa8\xf1\xd6\xb2\xb2\x83\x0e\xf8\x47\x48\x51\x82\xff\x57\xcc\x7f\xe6\xca\x99\x62\xef\xff\x9e\xdf\x57\xd7\xb2\x12\x4c\x07\xfc\x23\xa4\x28\xc1\xff\x6b\xe6\x3f\xcb\x94\x48\xad\xaf\xcf\x5c\x74\xa6\xbb\x65\x65\x27\x1d\xf0\x8f\x90\xa2\x04\xff\x6f\x98\xff\xac\x69\x4e\x8e\x4d\x5f\xa2\xeb\xae\xfd\x96\x95\x5d\x74\xc0\x3f\x42\x8a\x12\xfc\xbf\x65\xfe\xb3\x15\x78\xbf\x6a\x60\xed\x69\x71\xd3\x5a\x56\x76\xd3\x01\xff\x08\x29\x4a\xf0\xff\x8e\xf9\xcf\x3e\x22\x57\xe9\x71\xc3\x03\x1a\xcf\xb5\xac\xec\xa1\x03\xfe\x11\x52\x94\xe0\xff\x3d\xf3\x9f\xe3\xc9\x91\x42\x39\x9e\xdc\x1e\xb7\xc9\xb2\xb2\x97\x0e\xf8\x47\x48\x51\x82\xff\x0f\xcc\x7f\xce\x86\xee\xed\x63\x79\xa3\xfc\x0c\x6b\x59\xd9\x47\x07\xfc\x23\xa4\x28\xc1\xff\x47\xe6\x3f\x57\xb9\xbc\x7f\xa6\x86\x1e\xde\x3e\xa4\x65\xc5\xff\x6b\x82\xf0\x8f\x90\xa2\x04\xff\x9f\x98\xff\xdc\x1f\xfe\x79\x8d\x6e\xd4\x4c\xb8\xc5\xb2\x72\x80\x0e\xf8\x47\x48\x51\x82\xff\xcf\xcc\x7f\x9e\x6a\x05\x3f\xff\x0c\x3e\xf3\x75\xb6\x65\xe5\x20\x1d\xf0\x8f\x90\xa2\x04\xff\x5f\x98\xff\xbc\x2f\x7e\xc5\x09\xdf\xdc\x1b\x94\xd9\xb2\x72\x88\x0e\xf8\x47\x48\x51\x82\xff\xaf\xcc\x7f\xbe\x3f\x07\x72\xd7\xef\xf5\x3d\xc3\x51\xcb\x8a\xff\x3b\x01\xe0\x1f\x21\x45\x09\xfe\xbf\x31\xff\xf9\x4b\x85\xbd\xb2\x6e\x49\xba\x3a\x5d\x2d\x2b\x47\xe8\x80\x7f\x84\x14\x25\xf8\xff\xce\xfc\x17\xc8\xbe\x34\x5f\xdb\xc3\x1b\xb6\xd7\xb7\xac\xf8\xdf\x04\xf0\x8f\x90\xa2\x04\xff\x3f\x98\xff\x82\xa3\x9b\x5e\x9f\x19\xaf\xc9\x81\xe7\x96\x95\x63\x74\xc0\x3f\x42\x8a\x12\xfc\xff\x64\xfe\x0b\xcd\xab\xfd\xe3\xf4\xbf\x81\x6f\x27\x5a\x56\x8e\xd3\x01\xff\x08\x29\x4a\xf0\xff\x8b\xf9\x2f\x9c\x7a\x41\xc2\xc2\xc9\xd7\xce\xcc\x67\x59\x39\x41\x07\xfc\x23\xa4\x28\xc1\xff\x6f\xe6\xbf\x48\xbf\x89\xd1\xda\x14\xcf\xdd\x3d\x96\x65\xe5\x24\x1d\xf0\x8f\x90\xa2\x04\xff\x7f\x98\xff\xa2\x47\xcb\x7c\x9c\xb5\xe0\x89\xbb\xc8\xb2\x72\x8a\x0e\xf8\x47\x48\x51\x82\xff\xbf\xcc\x7f\xb1\x8b\x5d\x2f\x9d\x19\xe2\xac\x2f\x6d\x59\x39\x4d\x07\xfc\x23\xa4\x28\xc1\xff\x3f\xe6\xbf\x78\xab\xad\x59\x0b\x35\x38\x7f\xe3\x8f\x65\xe5\x0c\x1d\xf0\x8f\x90\xa2\xfe\x77\xff\x89\x42\x30\xff\x25\x92\x87\xbc\x10\xaa\x50\xd9\x1c\x97\x2c\x2b\x67\xe9\x80\x7f\x84\x14\x25\xf8\x0f\xc9\xfc\x97\x9c\x75\x2c\xfb\xb7\x87\x33\x8b\xb5\xb0\xac\x9c\xa3\x03\xfe\x11\x52\x94\xe0\xdf\x61\xfe\x03\xc6\xff\x89\xb1\xf8\xcb\xdc\x44\xaf\x2d\x2b\xe7\xe9\x80\x7f\x84\x14\x25\xf8\x77\x99\xff\x52\xb9\xf3\xbf\xaf\x9c\xb6\x62\x9b\xda\x96\x95\x0b\x74\xc0\x3f\x42\x8a\x12\xfc\x87\x62\xfe\x4b\x4f\xff\x91\xf0\x64\x99\xcb\x23\x7b\x5a\x56\x2e\xd2\x01\xff\x08\x29\x4a\xf0\x1f\x9a\xf9\x2f\x93\xb9\xf0\x8f\xbc\xd3\xc3\x7c\x38\x68\x59\xf1\xff\x9a\x20\xfc\x23\xa4\x28\xc1\x7f\x18\xe6\xbf\x6c\xfe\xd0\xd7\xdb\x8f\x7a\x50\x3f\xbd\x65\xe5\x32\x1d\xf0\x8f\x90\xa2\x04\xff\x61\x99\xff\x72\x83\x0f\xe5\x9b\x5f\x3d\x7b\xfa\xf9\x96\x95\x2b\x74\xc0\x3f\x42\x8a\x12\xfc\x87\x63\xfe\xcb\x7f\x69\x7c\xa5\x6e\x8e\x95\x47\x37\x58\x56\xae\xd2\x01\xff\x08\x29\x4a\xf0\x1f\x9e\xf9\xaf\x50\x69\x79\xee\x15\xcf\xfb\x6e\x08\x6d\x59\xb9\x46\x07\xfc\x23\xa4\x28\xc1\x7f\x04\xe6\xbf\x62\xdd\x79\x71\x7e\x47\x6d\xb1\xa0\x89\x65\xe5\x3a\x1d\xf0\x8f\x90\xa2\x04\xff\x11\x99\xff\x4a\x0f\xea\x7e\x8e\x7a\x69\xcb\x8b\x6b\x96\x95\x1b\x74\xc0\x3f\x42\x8a\x12\xfc\x47\x62\xfe\x2b\x27\xef\x3d\x2a\xee\xe6\x4c\xa1\x7e\x58\x56\x6e\xd2\x01\xff\x08\x29\x4a\xf0\x1f\x99\xf9\xaf\x32\x6b\x5f\x9b\xc7\x1d\x7f\x77\x29\x6f\x59\xb9\x45\x07\xfc\x23\xa4\x28\xc1\x7f\x14\xe6\xbf\xea\xf8\xe1\xe5\x36\x74\x49\x78\x77\xa9\x65\xe5\x36\x1d\xf0\x8f\x90\xa2\x04\xff\x51\x99\xff\x6a\xb9\x8b\xaf\x2c\xbe\xee\xc4\x8a\x68\x96\x95\x3b\x74\xc0\x3f\x42\x8a\x12\xfc\x47\x63\xfe\xab\x57\xdf\x70\xef\xd7\xd9\x6a\x25\x0b\x59\x56\xee\xd2\x01\xff\x08\x29\x4a\xf0\x1f\x9d\xf9\x0f\x7c\xdb\xa3\x60\xb8\x18\x83\xb3\x8f\xb5\xac\xdc\xa3\x03\xfe\x11\x52\x94\xe0\x3f\x06\xf3\x5f\xe3\x67\xf9\x44\xf5\xee\xd7\xfd\x9e\xce\xb2\x72\x9f\x0e\xf8\x47\x48\x51\x82\xff\x98\xcc\x7f\xcd\x22\x63\xfe\xae\x2f\x30\x7a\xc2\x02\xcb\xca\x03\x3a\xe0\x1f\x21\x45\x09\xfe\x63\x31\xff\xb5\x1e\x96\x8e\x9d\xb3\x5e\xcc\xa6\x1b\x2d\x2b\x0f\xe9\x80\x7f\x84\x14\x25\xf8\x8f\xcd\xfc\xd7\xae\x35\xe1\xdb\xd1\x41\x07\x62\x87\xb2\xac\x3c\xa2\x03\xfe\x11\x52\x94\xe0\x3f\x0e\xf3\x5f\xa7\xfc\x96\xab\x53\xe6\xa5\x0a\x7e\x63\x59\x79\x4c\x07\xfc\x23\xa4\x28\xc1\x7f\x5c\xe6\xbf\xee\xd7\x2e\x39\x1a\x17\xfd\x7c\xae\x96\x65\xe5\x09\x1d\xf0\x8f\x90\xa2\x04\xff\xf1\x98\xff\x7a\x43\xce\xdf\x5a\x92\xb4\x43\xb2\x1e\x96\x95\xa7\x74\xc0\x3f\x42\x8a\x12\xfc\xc7\x67\xfe\xeb\xe7\x89\x93\xb7\xe6\x9f\xdd\xd5\x0f\x59\x56\x9e\xd1\x01\xff\x08\x29\x4a\xf0\x9f\x80\xf9\x6f\x90\x21\x43\x3c\x37\xc1\xa2\xbe\x4b\x2c\x2b\xcf\xe9\x80\x7f\x84\x14\x25\xf8\x4f\xc8\xfc\x37\x0c\x7a\xf9\xf3\xfd\xd1\xae\x91\xa3\x5b\x56\x5e\xd0\x01\xff\x08\x29\x4a\xf0\x9f\x88\xf9\x6f\x34\x3d\xfc\xca\xd7\xcb\x5e\xdc\x2f\x6c\x59\x79\x49\x07\xfc\x23\xa4\x28\xc1\x7f\x62\xe6\xbf\x71\xe6\x73\xe5\xbc\x3e\xf9\x83\xc6\x58\x56\x5e\xd1\x01\xff\x08\x29\x4a\xf0\x9f\x84\xf9\x6f\x92\xff\x4b\x9b\x72\x2d\x6f\xe7\x6b\x6a\x59\xf1\x7f\x27\x20\xfc\x23\xa4\x28\xc1\xbf\xc7\xfc\x37\x1d\x9c\x7d\xd4\x8e\x5d\x51\xca\x5f\xb5\xac\xf8\x7f\x4f\x10\xfc\x23\xa4\x28\xc1\xbf\x8f\xf9\x6f\x76\xba\xe9\xe9\x9f\xb7\xa6\x2d\xfa\x6e\x59\x79\x4b\x07\xfc\x23\xa4\x28\xc1\x7f\x52\xe6\xbf\x79\x8f\xa5\x99\xc2\x87\x0d\xb8\x56\xc1\xb2\xf2\x8e\x0e\xf8\x47\x48\x51\x82\xff\x64\xcc\x7f\x8b\x26\x0b\xa2\xd6\x8f\x56\x6c\xf4\x31\xcb\xca\x7b\x3a\xe0\x1f\x21\x45\x09\xfe\x93\x33\xff\x2d\xaf\xd7\x7e\xb3\xee\xf4\xa4\x7f\x5d\x2c\x2b\x1f\xe8\x80\x7f\x84\x14\x25\xf8\x4f\xc1\xfc\xb7\xea\x33\x27\x4c\x8e\x35\x11\x62\xd4\xb3\xac\x7c\xa4\x03\xfe\x11\x52\x94\xe0\x3f\x25\xf3\xdf\x7a\x7f\xfd\xc7\xc7\x3a\x5d\x6f\xf6\xc2\xb2\xf2\x89\x0e\xf8\x47\x48\x51\x82\xff\x54\xcc\x7f\x9b\xcb\x2d\x8f\x4c\x6d\x5f\xf8\xb8\x6d\xe5\x33\x1d\xf0\x8f\x90\xa2\x04\xff\xa9\x99\xff\xb6\x1d\x16\xa5\x6e\xb4\xf1\xcd\xde\xad\x96\x95\x2f\x74\xc0\x3f\x42\x8a\x12\xfc\xa7\x61\xfe\xdb\x25\x70\x8f\x2f\xbd\xd0\xb3\xda\x1c\xcb\xca\x57\x3a\xe0\x1f\x21\x45\x09\xfe\xd3\x32\xff\xed\x17\x1e\x49\x57\x23\xf2\xd2\x94\x99\x2c\x2b\xdf\xe8\x80\x7f\x84\x14\x25\xf8\x4f\xc7\xfc\x77\xd8\xf2\x2f\xa2\xf3\x72\x47\x84\x32\x96\x15\xff\xef\x09\x84\x7f\x84\x14\x25\xf8\x4f\xcf\xfc\x77\x8c\x92\xf7\xc5\x87\x5c\x6d\xfa\xfd\xb6\xac\xf8\xbf\x13\x1c\xfe\x11\x52\x94\xe0\x3f\x03\xf3\xdf\xe9\x74\xc2\xe9\x2f\x6a\xbc\x9f\x7c\xd1\xb2\xf2\x93\x0e\xf8\x47\x48\x51\x82\xff\x8c\xcc\x7f\xe7\x1e\x77\x7a\x26\x18\x93\xec\x59\x4b\xcb\xca\x2f\x3a\xe0\x1f\x21\x45\x09\xfe\x33\x31\xff\x5d\x9a\x3c\xab\x51\x71\xc6\x91\x72\x13\x2c\x2b\xfe\x7f\x26\x80\x7f\x84\x14\x25\xf8\xcf\xcc\xfc\x77\xbd\x9e\x74\xcb\x9e\x72\x71\x0b\xe6\xb7\xac\xfc\xa1\x03\xfe\x11\x52\x94\xe0\x3f\x0b\xf3\xdf\x6d\xd7\xc5\x83\xa1\xd3\x8f\x3f\x1f\xdb\xb2\xf2\x97\x0e\xf8\x47\x48\x51\x82\xff\xac\xcc\x7f\xf7\x90\xb1\x7c\x5f\xbf\x35\x5c\xb6\xd0\xb2\xf2\x8f\x0e\xf8\x47\x48\x51\x82\xff\x6c\xcc\x7f\x8f\xd8\x99\x42\xfe\x77\xb7\x70\x60\x64\x73\xc5\xf1\x1f\xf0\x8f\x90\xa2\x04\xff\xd9\x99\xff\x9e\xeb\x9f\x3f\xaa\xe2\xbc\x49\xbe\xc3\x5c\x71\xe8\x3f\x03\xff\x08\x69\x4a\xf0\x9f\x83\xf9\xef\x15\x39\x5d\xb8\x53\x4d\x7a\x9e\x0d\x32\x57\x1c\xff\x03\x00\xfe\x11\x52\x94\xe0\x3f\x27\xf3\xdf\x7b\xfb\xeb\x97\x79\xf6\x2e\xdd\x91\xdc\x5c\x71\x5c\x3a\xe0\x1f\x21\x45\x09\xfe\x73\x31\xff\x7d\x16\x5f\x3d\xd5\x6e\x71\xb1\x58\x27\xcd\x15\x27\x14\x1d\xf0\x8f\x90\xa2\x04\xff\xb9\x99\xff\xbe\xf1\xa3\xa5\x5d\x30\x70\x52\x93\x81\xe6\x8a\x13\x9a\x0e\xf8\x47\x48\x51\x82\xff\x3c\xcc\x7f\xbf\xf6\x9b\x8e\xd6\xf1\x22\x4c\xac\x62\xae\x38\x61\xe8\x80\x7f\x84\x14\x25\xf8\xcf\xcb\xfc\xf7\xbf\xd6\x2d\xc5\xca\x43\xd7\x7f\x3c\x36\x57\x9c\xb0\x74\xc0\x3f\x42\x8a\x12\xfc\xe7\x63\xfe\x07\x1c\xaa\x18\xfa\x4f\x8a\x23\x57\x87\x9a\x2b\x8e\xff\xef\x87\x7f\x84\x14\x25\xf8\xcf\xcf\xfc\x0f\xec\x3d\xea\x59\x94\xef\x71\x17\xe6\x32\x57\x9c\xf0\x74\xc0\x3f\x42\x8a\x12\xfc\x17\x60\xfe\x07\x4d\x1d\x50\xef\xc4\xcc\xf1\x15\xe2\x99\x2b\x4e\x04\x3a\xe0\x1f\x21\x45\x09\xfe\x0b\x32\xff\x83\xd3\xee\xd8\x9b\xaf\x44\xc3\xfc\x6b\xcd\x15\x27\x22\x1d\xf0\x8f\x90\xa2\x04\xff\x85\x98\xff\x21\x05\x87\x2c\xe8\x50\x7b\xc7\x8c\x12\xe6\x8a\x13\x89\x0e\xf8\x47\x48\x51\x82\xff\xc2\xcc\xff\xd0\x91\x25\xfa\xcf\x1b\xde\xe6\xc1\x07\x73\xc5\xf1\xff\x99\x20\xf8\x47\x48\x51\x82\xff\x22\xcc\xff\xb0\x19\x55\xeb\xa5\x7f\xf2\x3e\xd2\x3d\x73\xc5\x89\x42\x07\xfc\x23\xa4\x28\xc1\x7f\x51\xe6\x7f\x78\xc6\x69\x7b\xaf\xe7\x4d\xd6\xa7\x8d\xb9\xe2\x44\xa5\x03\xfe\x11\x52\x94\xe0\xbf\x18\xf3\x3f\x22\xef\xba\x05\xe3\x32\xa5\x4a\x71\xdf\x5c\x71\xa2\xd1\x01\xff\x08\x29\x4a\xf0\x5f\x9c\xf9\x1f\x39\xb4\x55\xff\x81\x1f\x3f\x57\x0d\x34\x57\x9c\xe8\x74\xc0\x3f\x42\x8a\x12\xfc\x97\x60\xfe\x47\x25\x5d\x15\xf4\x64\x4a\x87\x7d\x7d\xcd\x15\x27\x06\x1d\xf0\x8f\x90\xa2\x04\xff\x25\x99\xff\xd1\x73\xda\x75\x8b\x53\x71\xf7\x89\xb3\xe6\x8a\x13\x93\x0e\xf8\x47\x48\x51\x82\xff\x00\xe6\x7f\xcc\xc4\x1a\x81\xc5\xaa\xd5\x6d\x9e\xda\x5c\x71\x62\xd1\x01\xff\x08\x29\x4a\xf0\x5f\x8a\xf9\x1f\x9b\x73\xd2\xf6\x8d\x13\x47\xc7\x9c\x62\xae\x38\xfe\x9f\x09\x0e\xff\x08\x29\x4a\xf0\x5f\x9a\xf9\x1f\x57\x34\x5b\xad\x6e\xef\x62\xfe\xdd\x6d\xae\x38\x71\xe8\x80\x7f\x84\x14\x25\xf8\x2f\xc3\xfc\x8f\xff\xf5\x79\xe7\xc8\xec\x07\x46\x85\x37\x57\x9c\xb8\x74\xc0\x3f\x42\x8a\x12\xfc\x97\x65\xfe\x27\xbc\x3b\x3b\xe7\xd2\xe5\xdb\xcb\x3b\x98\x2b\x8e\xff\xcf\x04\xc2\x3f\x42\x8a\x12\xfc\x97\x63\xfe\x27\x06\x86\xeb\xed\x0b\x17\xe5\xc2\x2d\x73\xc5\x89\x4f\x07\xfc\x23\xa4\x28\xc1\x7f\x79\xe6\x7f\xd2\x8c\x74\xa1\xf3\xb4\x9a\x56\xe0\x8b\xb9\xe2\x24\xa0\x03\xfe\x11\x52\x94\xe0\xbf\x02\xf3\x3f\x39\xe3\xeb\x67\xa7\xb6\x04\x94\x2d\x62\xae\x38\x09\xe9\x80\x7f\x84\x14\x25\xf8\xaf\xc8\xfc\x4f\xc9\x7b\xf5\xe8\x82\x95\x8b\x9e\xae\x34\x57\x9c\x44\x74\xc0\x3f\x42\x8a\x12\xfc\x57\x62\xfe\xa7\x0e\x8d\x96\xa2\x5d\xf7\xae\x93\x12\x99\x2b\x4e\x62\x3a\xe0\x1f\x21\x45\x09\xfe\x2b\x33\xff\xd3\xee\x3f\xaa\x7a\x39\xf6\x8b\xfe\xd9\xcc\x15\x27\x09\x1d\xf0\x8f\x90\xa2\x04\xff\x55\x98\xff\xe9\x75\x52\x6e\x48\x7d\x22\x7f\xc4\x91\xe6\x8a\xe3\xd1\x01\xff\x08\x29\x4a\xf0\x5f\x95\xf9\x0f\xaa\xe8\x4d\xee\x9a\xff\xc1\xfe\x54\xe6\x8a\xe3\xff\x7b\xe0\x1f\x21\x45\x09\xfe\xab\x31\xff\x33\x3e\xdf\xe8\x3a\xe8\x59\xf6\x6d\x53\xcd\x15\x27\x29\x1d\xf0\x8f\x90\xa2\x04\xff\xd5\x99\xff\x99\x35\x12\xce\x4c\x30\x72\x65\xdd\x3d\xe6\x8a\x93\x8c\x0e\xf8\x47\x48\x51\x82\xff\x40\xe6\x7f\xd6\xeb\x3b\x7d\x5e\xd4\xed\x9b\x31\x9c\xb9\xe2\x24\xa7\x03\xfe\x11\x52\x94\xe0\xbf\x06\xf3\x3f\xfb\xfb\xb3\xba\x7b\x02\xe6\x0e\x7e\x60\xae\x38\x29\xe8\x80\x7f\x84\x14\x25\xf8\xaf\xc9\xfc\xcf\x29\x96\x34\xb8\xe2\xec\x8a\xdf\xaa\x9b\x2b\x4e\x4a\x3a\xe0\x1f\x21\x45\x09\xfe\x6b\x31\xff\x73\x73\x0d\xad\x31\xf6\xe7\xe5\x04\x7d\xcc\x15\xc7\xff\xef\x04\xe0\x1f\x21\x45\x09\xfe\x6b\x33\xff\xf3\xc6\x95\xdc\xd2\x2b\x55\x98\x76\xe7\xcc\x15\xc7\xff\x33\xc1\xe0\x1f\x21\x45\x09\xfe\xeb\x30\xff\xf3\x67\x0e\x9c\x9e\xe1\x40\xc2\xe2\x2b\xcc\x15\x27\x0d\x1d\xf0\x8f\x90\xa2\x04\xff\x75\x99\xff\x05\xc9\x82\x7b\xde\x4b\x7c\x22\x67\x62\x73\xc5\x49\x4b\x07\xfc\x23\xa4\x28\xc1\x7f\x3d\xe6\x7f\x61\xd2\x3a\x29\x0e\xf5\xaf\x76\x3d\xbb\xb9\xe2\xa4\xa3\x03\xfe\x11\x52\x94\xe0\xbf\x3e\xf3\xbf\x68\xce\xdc\xa3\x59\x16\x0d\x5e\x37\xc2\x5c\x71\xd2\xd3\x01\xff\x08\x29\x4a\xf0\xdf\x80\xf9\xff\x6f\xe2\xb2\x67\xcd\x76\xb7\x70\x3a\x9a\x2b\x4e\x06\x3a\xe0\x1f\x21\x45\x09\xfe\x1b\x32\xff\x8b\x73\x36\x0a\x3d\xa3\xd1\x96\x6e\x37\xcd\x15\x27\x23\x1d\xf0\x8f\x90\xa2\x04\xff\x8d\x98\xff\x25\xbd\xb2\x14\xbd\x12\x22\xd3\xac\xcf\xe6\x8a\x93\x89\x0e\xf8\x47\x48\x51\x82\xff\xc6\xcc\xff\xd2\x83\x5f\x17\xa7\xba\xfd\xfb\x5d\x51\x73\xc5\xc9\x4c\x07\xfc\x23\xa4\x28\xc1\x7f\x13\xe6\x7f\xd9\xd5\xd3\x43\xba\x9c\xfa\xbe\xf1\x94\xb9\xe2\x64\xa1\x03\xfe\x11\x52\x94\xe0\xbf\x29\xf3\xbf\xbc\x5d\x84\x46\x83\xe3\xa6\x3b\x36\xc0\x5c\x71\xb2\xd2\x01\xff\x08\x29\x4a\xf0\xdf\x8c\xf9\x5f\x71\xf6\xf8\xd8\x84\x3d\x37\xa4\xab\x6c\xae\x38\xfe\x9f\x09\x08\xff\x08\x29\x4a\xf0\xdf\x9c\xf9\x5f\xd9\x2d\x4a\xeb\xe7\xab\x9b\xd4\x7b\x62\xae\x38\xfe\xdf\x13\x04\xff\x08\x29\x4a\xf0\xdf\x82\xf9\x5f\xd5\x28\x47\xe9\xdd\xdb\x86\xbf\x8f\x64\xae\x38\x39\xe8\x80\x7f\x84\x14\x25\xf8\x6f\xc9\xfc\xaf\xbe\xf9\x71\x55\xa5\x36\x35\x47\x04\x9b\x2b\x4e\x4e\x3a\xe0\x1f\x21\x45\x09\xfe\x5b\x31\xff\x6b\xd6\x55\x2e\x39\x26\xc2\x99\xb6\x33\xcc\x15\x27\x17\x1d\xf0\x8f\x90\xa2\x04\xff\xad\x99\xff\xb5\xb1\x82\x96\xf7\xbe\xea\x25\x4e\x66\xae\x38\xb9\xe9\x80\x7f\x84\x14\x25\xf8\x6f\xc3\xfc\xaf\x0b\xb1\x66\x44\xc6\xac\x4e\xb6\x92\xe6\x8a\x93\x87\x0e\xf8\x47\x48\x51\x82\xff\xb6\xcc\xff\xfa\x9d\x6d\x9a\xdd\x7d\x73\xbe\xc4\x7b\x73\xc5\xc9\x4b\x07\xfc\x23\xa4\x28\xc1\x7f\x3b\xe6\x7f\x43\xaf\xd2\xf1\x8e\x8e\x2f\xbb\xf2\xae\xb9\xe2\xe4\xa3\x03\xfe\x11\x52\x94\xe0\xbf\x3d\xf3\xbf\xf1\xe0\x84\x9f\x39\xab\xcc\xbc\xd7\xd6\x5c\x71\xf2\xd3\x01\xff\x08\x29\x4a\xf0\xdf\x81\xf9\xdf\x74\x75\xcb\xad\xc6\xe5\x07\x76\x1d\x62\xae\x38\x05\xe8\x80\x7f\x84\x14\x25\xf8\xef\xc8\xfc\x6f\x6e\xd7\x25\xef\x94\x49\x6b\x43\xe7\x36\x57\x9c\x82\x74\xc0\x3f\x42\x8a\x12\xfc\x77\x62\xfe\xb7\x44\x1d\x5c\x29\xdd\xfb\xdc\xcf\xe3\x9b\x2b\x4e\x21\x3a\xe0\x1f\x21\x45\x09\xfe\x3b\x33\xff\x5b\xb7\x96\x5a\x7b\x23\xc3\x93\xf9\x6b\xcc\x15\xa7\x30\x1d\xf0\x8f\x90\xa2\x04\xff\x5d\x98\xff\x6d\x8b\xfa\x8f\x1b\x1f\xad\x43\xf8\x55\xe6\x8a\x53\x84\x0e\xf8\x47\x48\x51\x82\xff\xae\xcc\xff\xf6\x84\xbb\x3a\x0c\x38\xbd\x7b\xa0\x67\xae\x38\xfe\x9f\x09\x04\xff\x08\x29\x4a\xf0\xdf\x8d\xf9\xdf\x11\xdc\x7b\xf8\xe3\x35\xa9\xa6\x64\x35\x57\x9c\x62\x74\xc0\x3f\x42\x8a\x12\xfc\x77\x67\xfe\x83\xdd\x7d\x2d\xe3\x76\xfa\xfc\x78\x98\xb9\xe2\x14\xa7\x03\xfe\x11\x52\x94\xe0\xbf\x07\xf3\xbf\x33\xee\xf0\x80\xe2\xed\x63\x96\x6e\x6f\xae\x38\x25\xe8\x80\x7f\x84\x14\x25\xf8\xef\xc9\xfc\xef\x5a\x5b\x7c\xc9\x86\x8d\x07\x0a\x5d\x37\x57\x1c\xff\x9f\x09\x82\x7f\x84\x14\x25\xf8\xef\xc5\xfc\xef\xbe\xf1\xa0\x5c\xf7\x0b\x75\x2f\x7d\x35\x57\x9c\x00\x3a\xe0\x1f\x21\x45\x09\xfe\x7b\x33\xff\x7b\x9a\xa6\x5e\x39\x22\xf2\xe8\xa5\xc5\xcd\x15\xc7\xef\x1e\xfe\x11\x52\x94\xe0\xbf\x0f\xf3\xbf\xb7\x67\xe2\x51\x17\x5f\x4e\x1b\x93\xc2\x5c\x71\x4a\xd3\x01\xff\x08\x29\x4a\xf0\xdf\x97\xf9\xdf\x77\xe6\x56\x9b\xa4\xb9\x02\x7e\x4f\x36\x57\x9c\x32\x74\xc0\x3f\x42\x8a\x12\xfc\xf7\x63\xfe\xf7\x07\x9d\x6a\xdc\xad\xc6\xed\xe8\xfb\xcc\x15\xa7\x2c\x1d\xf0\x8f\x90\xa2\x04\xff\xfd\x99\xff\x03\x19\x22\x0f\x1d\x39\x26\x4a\xcb\x08\xe6\x8a\x53\x8e\x0e\xf8\x47\x48\x51\x82\xff\x01\xcc\xff\xc1\x3c\xb9\xff\xbb\x34\xe3\xc5\xa9\x47\xe6\x8a\x53\x9e\x0e\xf8\x47\x48\x51\x82\xff\x81\xcc\xff\xa1\x21\x1f\x8a\xf8\xca\xe5\xdf\x53\xc3\x5c\x71\x2a\xd0\x01\xff\x08\x29\x4a\xf0\x3f\x88\xf9\x3f\x9c\xa6\xed\xaa\x01\xe9\x17\x55\xee\x65\xae\x38\x15\xe9\x80\x7f\x84\x14\x25\xf8\x1f\xcc\xfc\x1f\x99\xb2\xb6\xf4\xf8\x6f\x5d\x53\x9d\x31\x57\x9c\x4a\x74\xc0\x3f\x42\x8a\x12\xfc\x0f\x61\xfe\x8f\x8e\x98\xd1\xfa\xc6\xfd\x9e\xbd\x2c\xc6\x1d\xff\x77\x02\xc3\x3f\x42\x8a\x12\xfc\x0f\x65\xfe\x8f\x15\xa8\x32\x36\x5d\x81\xa5\x51\x3e\x9a\x2b\x4e\x15\x3a\xe0\x1f\x21\x45\x09\xfe\x87\x31\xff\xc7\xe7\x4f\x6d\xb4\xa1\x5e\xe1\x47\xb7\xcd\x15\xa7\x2a\x1d\xf0\x8f\x90\xa2\x04\xff\xc3\x99\xff\x13\x29\x02\x87\x14\x1f\xf4\x66\x7a\x6b\x73\xc5\xa9\x46\x07\xfc\x23\xa4\x28\xc1\xff\x08\xe6\xff\x64\x96\x8e\x8b\xe3\xce\x8b\x90\x77\x90\xb9\xe2\x54\xa7\x03\xfe\x11\x52\x94\xe0\x7f\x24\xf3\x7f\x6a\xcc\xca\xa2\x8f\x8b\x5e\xaf\x94\xd3\x5c\x71\x02\xe9\x80\x7f\x84\x14\x25\xf8\x1f\xc5\xfc\x9f\xfe\x1b\x71\x5d\xd2\xa4\xc5\xfe\x4b\x68\xae\x38\xfe\xdf\x13\x04\xff\x08\x29\x4a\xf0\x3f\x9a\xf9\x3f\x53\xe2\x4c\xf9\x8b\x7f\x26\x5d\x5e\x67\xae\x38\x35\xe9\x80\x7f\x84\x14\x25\xf8\x1f\xc3\xfc\x9f\xad\xfc\xad\xfd\x88\x04\xe3\x7f\x9d\x30\x57\x9c\x5a\x74\xc0\x3f\x42\x8a\x12\xfc\x8f\x65\xfe\xcf\xbd\xcc\x3a\xb1\xfb\xd1\x86\xe3\xfb\x99\x2b\x4e\x6d\x3a\xe0\x1f\x21\x45\x09\xfe\xc7\x31\xff\xe7\xd3\xc4\xfc\xd4\x7e\xd9\x91\x46\x55\xcd\x15\xa7\x0e\x1d\xf0\x8f\x90\xa2\x04\xff\xe3\x99\xff\x0b\x53\xae\x44\x9f\xdf\x27\x6e\x9c\x67\xe6\x8a\x53\x97\x0e\xf8\x47\x48\x51\x82\xff\x09\xcc\xff\xc5\x11\xef\xb2\x9c\x6c\xf9\x7e\x67\x14\x73\xc5\xa9\x47\x07\xfc\x23\xa4\x28\xc1\xff\x44\xe6\xff\x52\x81\xb4\x17\xf3\xee\x4a\x76\x7a\x97\xb9\xe2\xd4\xa7\x03\xfe\x11\x52\x94\xe0\x7f\x12\xf3\x7f\xb9\xe1\xcd\x25\x83\x6f\xed\x48\x3a\xdd\x5c\x71\x1a\xd0\x01\xff\x08\x29\x4a\xf0\x3f\x99\xf9\xbf\xf2\x24\x51\x40\x97\xb0\x6d\x6a\xfa\xcc\x15\xa7\x21\x1d\xf0\x8f\x90\xa2\x04\xff\x53\x98\xff\xab\x1f\x52\xb5\x4c\xf5\x65\xc3\xdc\xc1\xe6\x8a\xd3\x88\x0e\xf8\x47\x48\x51\x82\xff\xa9\xcc\xff\xb5\x72\xf7\x87\x5f\x49\xdb\xe4\x65\x0e\x73\xc5\x69\x4c\x07\xfc\x23\xa4\x28\xc1\xff\x34\xe6\xff\xfa\x8b\x64\x1d\x2a\x95\xf9\x1e\x36\x81\xb9\xe2\x34\xa1\x03\xfe\x11\x52\x94\xe0\x7f\x3a\xf3\x7f\xa3\xda\xe3\x71\xbb\xa7\xa7\xeb\xbc\xde\x5c\x71\x9a\xd2\x01\xff\x08\x29\x4a\xf0\x1f\xc4\xfc\xdf\x2c\x75\x77\xed\xf3\x51\x67\xee\x04\x98\x2b\x4e\x33\x3a\xe0\x1f\x21\x45\x09\xfe\x67\x30\xff\xb7\xfe\xc4\xab\x94\xb0\xba\xb7\xfa\x93\xb9\xe2\x34\xa7\x03\xfe\x11\x52\x94\xe0\x7f\x26\xf3\x7f\x7b\xf4\xce\x85\x77\x73\x0c\x0f\xb8\x63\xae\x38\x2d\xe8\x80\x7f\x84\x14\x25\xf8\x9f\xc5\xfc\xdf\xc9\xde\xaf\x58\xc6\xe7\x35\xb3\xb4\x32\x57\x9c\x96\x74\xc0\x3f\x42\x8a\x12\xfc\xcf\x66\xfe\xef\xa6\x0e\x68\xda\x3b\x6a\x59\x2f\xaa\xb9\xe2\xf8\xff\xdf\x04\xf8\x47\x48\x51\x82\xff\x39\xcc\xff\xbd\x79\x83\x06\x8f\xb9\x34\xb3\xf5\x4e\x73\xc5\xf1\xff\x4c\x60\xf8\x47\x48\x51\x82\xff\xb9\xcc\xff\xfd\xf9\x4d\x2f\x06\x6d\x76\x86\x4d\x33\x57\x9c\x36\x74\xc0\x3f\x42\x8a\x12\xfc\xcf\x63\xfe\x1f\xa4\x58\x9a\xa5\x79\xc7\xf3\x1f\x93\x9a\x2b\x4e\x5b\x3a\xe0\x1f\x21\x45\x09\xfe\xe7\x33\xff\x0f\xb3\x2c\x88\x9e\xb5\x4b\xee\x06\xc7\xcd\x15\xa7\x1d\x1d\xf0\x8f\x90\xa2\x04\xff\x0b\x98\xff\x47\x63\x6a\x7f\x3a\xb8\xee\x49\x9a\xfe\xe6\x8a\xd3\x9e\x0e\xf8\x47\x48\x51\x82\xff\x85\xcc\xff\xe3\x63\xe1\xb7\x0f\x3a\x3b\xf0\x48\x35\x73\xc5\xe9\x40\x07\xfc\x23\xa4\x28\xc1\xff\x22\xe6\xff\x49\xff\x73\x81\x5d\x63\xac\xdd\xfc\xd4\x5c\x71\x3a\xd2\x01\xff\x08\x29\x4a\xf0\xff\x1f\xf3\xff\xb4\xf5\x97\x6e\xa9\x43\xaf\x7c\xd3\xce\x5c\x71\x3a\xd1\x01\xff\x08\x29\x4a\xf0\xbf\x98\xf9\x7f\x76\x29\x7b\xd0\xe5\x1b\x7d\xe7\xdc\x30\x57\x9c\xce\x74\xc0\x3f\x42\x8a\x12\xfc\x2f\x61\xfe\x9f\x77\xfe\xd0\xbf\x62\xf0\x83\x1e\xdf\xcc\x15\xa7\x0b\x1d\xf0\x8f\x90\xa2\x04\xff\x4b\x99\xff\x17\xa7\x72\x2f\xd8\xd3\x3c\x7b\x88\x62\xe6\x8a\xd3\x95\x0e\xf8\x47\x48\x51\x82\xff\x65\xcc\xff\xcb\x7b\x91\xf7\xbe\xe8\x75\x79\xcd\x6a\x73\xc5\xe9\x46\x07\xfc\x23\xa4\x28\xc1\xff\x72\xe6\xff\x55\xf3\x53\xf5\x12\x2c\x09\x73\x33\x89\xb9\xe2\x74\xa7\x03\xfe\x11\x52\x94\xe0\x7f\x05\xf3\xff\x3a\x7a\xeb\xcd\xf7\x0e\xcf\xcd\x9d\xc5\x5c\x71\x7a\xd0\x01\xff\x08\x29\x4a\xf0\xbf\x92\xf9\x7f\xb3\x7a\x7d\x95\x0c\xf1\x2a\x16\x1d\x6e\xae\x38\x3d\xe9\x80\x7f\x84\x14\x25\xf8\x5f\xc5\xfc\xbf\xdd\x37\xbd\x53\xaf\x7f\xd5\x3a\x3c\x34\x57\x9c\x5e\x74\xc0\x3f\x42\x8a\x12\xfc\xaf\x66\xfe\xdf\x85\xae\x36\x65\x6c\xf2\xc1\xf1\x6a\x9a\x2b\x4e\x6f\x3a\xe0\x1f\x21\x45\x09\xfe\xd7\x30\xff\xef\x8f\x75\x7e\x3b\xb5\x78\xc2\x2f\xbd\xcd\x15\xa7\x0f\x1d\xf0\x8f\x90\xa2\x04\xff\x6b\x99\xff\x0f\xfd\xb7\x47\x6a\xb4\xe0\xc4\xd0\xd3\xe6\x8a\xd3\x97\x0e\xf8\x47\x48\x51\x82\xff\x75\xcc\xff\xc7\xd6\xe3\x33\xe6\x18\x92\x29\x73\x4a\x73\xc5\xe9\x47\x07\xfc\x23\xa4\x28\xc1\xff\x7a\xe6\xff\xd3\xa5\x72\xe7\x8e\x35\xf8\x5d\x7b\x92\xb9\xe2\xf8\x7f\x26\x00\xfc\x23\xa4\x28\xc1\xff\x06\xe6\xff\xf3\x86\x1d\xc1\x03\x0b\xb5\xd8\xb2\xd7\x5c\x71\x06\xd0\x01\xff\x08\x29\x4a\xf0\xbf\x91\xf9\xff\x12\x61\x40\xdd\x71\x0f\xb7\x1c\x8c\x68\xae\x38\x03\xe9\x80\x7f\x84\x14\x25\xf8\xdf\xc4\xfc\x7f\x4d\x52\xa2\xcf\xf5\x52\x9d\x67\x6f\x32\x57\x9c\x41\x74\xc0\x3f\x42\x8a\x12\xfc\x6f\x66\xfe\xbf\x2d\x19\x32\x33\xfd\x9c\xc5\xaf\xc3\x9a\x2b\xce\x60\x3a\xe0\x1f\x21\x45\x09\xfe\xb7\x30\xff\xdf\xc3\x14\xe9\xba\xf1\x57\xde\x90\x69\xcd\x15\x67\x08\x1d\xf0\x8f\x90\xa2\x04\xff\x5b\x99\xff\x1f\xbb\x47\x4c\x2e\x96\xfa\x55\xcf\xb9\xe6\x8a\x33\x94\x0e\xf8\x47\x48\x51\x82\xff\x6d\xcc\xff\xcf\x15\xbb\x37\xc4\xc9\x17\xe9\x56\x77\x73\xc5\x19\x46\x07\xfc\x23\xa4\x28\xc1\xff\x76\xe6\xff\x57\x8c\x3e\x55\x9f\x3c\xbd\xbb\x76\xbf\xb9\xe2\xf8\xff\x4c\x20\xfc\x23\xa4\x28\xc1\xff\x0e\xe6\xff\x77\x8b\xeb\x7b\x7c\x23\x4a\x14\x79\x6b\xae\x38\x23\xe8\x80\x7f\x84\x14\x25\xf8\x0f\x66\xfe\xff\xdc\x4e\xd2\xf0\x52\x9d\xa0\x5c\x75\xcd\x15\x67\x24\x1d\xf0\x8f\x90\xa2\x04\xff\x3b\x99\xff\xbf\xc7\x53\x0c\x18\xb9\x67\x6c\xfc\x02\xe6\x8a\x33\x8a\x0e\xf8\x47\x48\x51\x82\xff\x5d\xcc\xff\xbf\x2e\x0f\xe7\x76\x6b\x5c\xbb\xe3\x68\x73\xc5\xf1\xff\x35\xf8\x47\x48\x51\x82\xff\xdd\xff\xe3\xdf\x09\x91\x64\x50\x60\xe2\x90\x87\x86\x2c\x37\x57\x9c\x31\x74\xc0\x3f\x42\x8a\x12\xfc\xef\x61\xfe\x43\x2e\x09\xd8\xfe\xf6\x4e\xf4\xcf\x31\xcc\x15\x67\x2c\x1d\xf0\x8f\x90\xa2\x04\xff\x7b\x99\x7f\x67\x43\xbf\xa0\x9d\xfb\xbf\xd6\xfa\x65\xae\x38\xe3\xe8\x80\x7f\x84\x14\x25\xf8\xdf\xc7\xfc\xbb\x11\x76\x76\x2b\x93\x28\x45\xa6\x8a\xe6\x8a\x33\x9e\x0e\xf8\x47\x48\x51\x82\xff\xfd\xcc\x7f\xa8\x04\x6b\x02\xff\xf5\xdb\x7b\xa8\x91\xb9\xe2\x4c\xa0\x03\xfe\x11\x52\x94\xe0\xff\x00\xf3\x1f\x7a\x61\x9b\xed\x91\x16\xb6\xdb\x7a\xc5\x5c\x71\x26\xd2\x01\xff\x08\x29\x4a\xf0\x7f\x90\xf9\x0f\xb3\xa5\x72\x50\xad\xed\xad\x5e\x35\x34\x57\x1c\xff\xcf\x04\x83\x7f\x84\x14\x25\xf8\x3f\xc4\xfc\x87\x8d\x12\xd4\x6d\x75\xdb\x9d\xf3\x5e\x9a\x2b\xce\x64\x3a\xe0\x1f\x21\x45\x09\xfe\x0f\x33\xff\xe1\xd6\x54\x5f\x90\x35\xa2\xaf\xd3\x61\x73\xc5\x99\x42\x07\xfc\x23\xa4\x28\xc1\xff\x11\xe6\x3f\x7c\x9c\x29\xfd\x0f\x5e\xfb\x18\xa6\xb3\xb9\xe2\x4c\xa5\x03\xfe\x11\x52\x94\xe0\xff\x28\xf3\x1f\xc1\x59\x51\x2f\xe8\x64\xec\x55\x33\xcd\x15\x67\x1a\x1d\xf0\x8f\x90\xa2\x04\xff\xc7\x98\xff\x88\x3b\x3a\xec\x6d\x1e\xe7\xd8\xed\x8c\xe6\x8a\x33\x9d\x0e\xf8\x47\x48\x51\x82\xff\xe3\xcc\x7f\xa4\xd3\xa7\xab\x2c\xec\x51\x3f\xab\x6b\xae\x38\x41\x74\xc0\x3f\x42\x8a\x12\xfc\x9f\x60\xfe\x23\xf7\x88\xb0\xb9\xda\xaa\x89\xa5\xb6\x99\x2b\xce\x0c\x3a\xe0\x1f\x21\x45\x09\xfe\x4f\x32\xff\x51\x9a\x64\x99\x12\xb6\xc2\x94\x56\x17\xcc\x15\xc7\xff\x6b\x02\xf0\x8f\x90\xa2\x04\xff\xa7\x98\xff\xa8\xd7\xbf\x76\xfa\x3c\xb9\x48\x92\x66\xe6\x8a\x33\x8b\x0e\xf8\x47\x48\x51\x82\xff\xd3\xcc\x7f\xb4\x04\x97\x23\xbd\xfe\x70\xf3\x53\x59\x73\xc5\x99\x4d\x07\xfc\x23\xa4\x28\xc1\xff\x19\xe6\x3f\xfa\xc2\x18\x6f\xbd\x8c\xe1\x86\xff\x33\x57\x9c\x39\x74\xc0\x3f\x42\x8a\x12\xfc\x9f\x65\xfe\x63\x6c\x49\x73\xae\x5c\x96\x77\x69\xe3\x98\x2b\x8e\xff\x3b\x41\xe0\x1f\x21\x45\x09\xfe\xcf\x31\xff\x31\xa3\xbc\xcd\xb8\xe3\x75\xc1\x86\x8b\xcd\x15\x67\x1e\x1d\xf0\x8f\x90\xa2\x04\xff\xe7\x99\xff\x58\xed\x13\xd7\x0d\x31\x6e\xf9\xa6\xf1\xe6\x8a\x33\x9f\x0e\xf8\x47\x48\x51\x82\xff\x0b\xcc\x7f\xec\x6b\xb7\x82\x3f\x55\xee\x7e\x38\x8f\xb9\xe2\x2c\xa0\x03\xfe\x11\x52\x94\xe0\xff\x22\xf3\x1f\xe7\xd0\x83\x99\xcb\xff\x5b\x1f\x75\x96\xb9\xe2\x2c\xa4\x03\xfe\x11\x52\x94\xe0\xff\x12\xf3\x1f\xb7\x77\xea\x3e\xd5\x07\xf4\xef\x9d\xc1\x5c\x71\x16\xd1\x01\xff\x08\x29\x4a\xf0\x7f\x99\xf9\x8f\x77\xeb\xc9\xe4\xb3\x49\x9e\x4d\x73\xcc\x15\xe7\x3f\x3a\xe0\x1f\x21\x45\x09\xfe\xaf\x30\xff\xf1\x1b\x27\xef\x5a\xf0\x60\xce\x87\xdb\xcd\x15\xc7\xff\xef\x04\xe0\x1f\x21\x45\x09\xfe\xaf\x32\xff\x09\xba\xc7\xaf\xda\xfa\xde\xc5\x8a\x0d\xcc\x15\x67\x09\x1d\xf0\x8f\x90\xa2\x04\xff\xd7\x98\xff\x84\xe7\xee\x6d\x98\xed\x86\xc8\xf3\xca\x5c\x71\x96\xd2\x01\xff\x08\x29\x4a\xf0\x7f\x9d\xf9\x4f\xb4\xab\x7f\xc3\x86\x4d\x67\x5f\x39\x62\xae\x38\xcb\xe8\x80\x7f\x84\x14\x25\xf8\xbf\xc1\xfc\x27\x0e\xb9\x6b\xcf\x9a\x7d\xa5\x17\x77\x32\x57\x1c\xff\x77\x82\xc2\x3f\x42\x8a\x12\xfc\xdf\x64\xfe\x93\xc4\x1e\x3c\xf7\x7b\xad\xc0\x71\x71\xcd\x15\x67\x05\x1d\xf0\x8f\x90\xa2\x04\xff\xb7\x98\x7f\x6f\x7d\xa9\x01\x11\x87\x8d\xfc\xf9\x9f\xb9\xe2\xac\xa4\x03\xfe\x11\x52\x94\xe0\xff\x36\xf3\xef\x5b\xb3\x24\x63\xdc\xc7\x89\xe3\x8e\x33\x57\x9c\x55\x74\xc0\x3f\x42\x8a\x12\xfc\xdf\x61\xfe\x93\xc6\x69\x72\xee\x71\x9e\x73\x8d\xf3\x9a\x2b\xce\x6a\x3a\xe0\x1f\x21\x45\x09\xfe\xef\x32\xff\xc9\x9c\x5a\x6f\x37\xa4\x4c\x73\xe6\xbc\xb9\xe2\xac\xa1\x03\xfe\x11\x52\x94\xe0\xff\x1e\xf3\x9f\x7c\xc7\xfc\x48\xc5\x7f\xfc\xdc\xd5\xdc\x5c\x71\xd6\xd2\x01\xff\x08\x29\x4a\xf0\x7f\x9f\xf9\x4f\xf1\xe5\x6c\xe9\x90\xb3\x1a\xd5\x28\x67\xae\x38\xeb\xe8\x80\x7f\x84\x14\x25\xf8\x7f\xc0\xfc\xa7\xac\x14\x6e\xd5\xc7\x92\x9b\x7c\x7f\xcd\x15\x67\x3d\x1d\xf0\x8f\x90\xa2\x04\xff\x0f\x99\xff\x54\x75\xb3\x8d\x5d\x56\x75\xdb\x80\x6e\xe6\x8a\xb3\x81\x0e\xf8\x47\x48\x51\x82\xff\x47\xcc\x7f\xea\x07\x9f\x5b\x07\x4e\x68\x16\xee\x80\xb9\xe2\x6c\xa4\x03\xfe\x11\x52\x94\xe0\xff\x31\xf3\x9f\xa6\x78\xae\x21\xe7\xde\xfe\x7d\xf2\xce\x5c\x71\x36\xd1\x01\xff\x08\x29\x4a\xf0\xff\x84\xf9\x4f\xfb\xe3\x7d\xa3\x02\xd9\x32\x4c\xad\x63\xae\x38\x9b\xe9\x80\x7f\x84\x14\x25\xf8\x7f\xca\xfc\xa7\x7b\x73\xb2\x68\xab\xcc\xa7\x0a\x6f\x36\x57\x9c\x2d\x74\xc0\x3f\x42\x8a\x12\xfc\x3f\x63\xfe\xd3\xd7\x8c\xb4\x78\xce\xa7\xf8\x65\xc2\x98\x2b\xce\x56\x3a\xe0\x1f\x21\x45\x09\xfe\x9f\x33\xff\x19\x92\xaf\x2b\xdf\x60\xea\xd0\x25\x69\xcc\x15\xc7\xff\x9d\xe0\xf0\x8f\x90\xa2\x04\xff\x2f\x98\xff\x8c\xb3\x5a\xad\x5b\x5b\xa9\xca\xc5\x79\xe6\x8a\xe3\xff\x99\x80\xf0\x8f\x90\xa2\x04\xff\x2f\x99\xff\x4c\xe3\xab\x4e\xfc\xb1\xa2\xfc\x9f\x9f\xe6\x8a\xb3\x83\x0e\xf8\x47\x48\x51\x82\xff\x57\xcc\x7f\xe6\xdc\xd3\xda\x47\xe8\x36\x7f\x6c\x25\x73\xc5\x09\xa6\x03\xfe\x11\x52\x94\xe0\xff\x35\xf3\x9f\xe5\xcb\xb6\xe8\x31\x62\x85\x6a\xd1\xd8\x5c\x71\x76\xd2\x01\xff\x08\x29\x4a\xf0\xff\x86\xf9\xcf\x5a\xa9\xd3\xa7\x07\xc7\xaf\x46\xbb\x6c\xae\x38\xbb\xe8\x80\x7f\x84\x14\x25\xf8\x7f\xcb\xfc\x67\xab\x5b\xf6\xe2\xd6\x2b\x59\x77\x17\x34\x57\x9c\xdd\x74\xc0\x3f\x42\x8a\x12\xfc\xbf\x63\xfe\xb3\x3f\x18\x97\x25\x20\xfc\xa3\x93\xa3\xcc\x15\x67\x0f\x1d\xf0\x8f\x90\xa2\x04\xff\xef\x99\xff\x1c\x43\x06\x06\xfc\x6d\xdd\x3b\xf5\x32\x73\xc5\xd9\x4b\x07\xfc\x23\xa4\x28\xc1\xff\x07\xe6\x3f\x67\x9e\xe0\x25\x91\xb7\xae\xae\x12\xd3\x5c\x71\xf6\xd1\x01\xff\x08\x29\x4a\xf0\xff\x91\xf9\xcf\x95\x61\xe8\xf0\xda\xa3\x7d\x47\x63\x9b\x2b\xce\x7e\x3a\xe0\x1f\x21\x45\x09\xfe\x3f\x31\xff\xb9\x83\x4a\xb6\x5c\x15\xf8\x71\xc3\x42\x73\xc5\xf1\xff\x4c\x00\xf8\x47\x48\x51\x82\xff\xcf\xcc\x7f\x9e\x1c\x23\xc7\x65\xc9\xd9\xaa\xfe\x04\x73\xc5\x39\x48\x07\xfc\x23\xa4\x28\xc1\xff\x17\xe6\x3f\xef\x84\xa2\x1d\x0e\xbd\xd8\x99\x3e\xbf\xb9\xe2\x1c\xa2\x03\xfe\x11\x52\x94\xe0\xff\x2b\xf3\x9f\x6f\x76\xdf\x4a\x33\x3e\xd7\x1f\x79\xd1\x5c\x71\x0e\xd3\x01\xff\x08\x29\x4a\xf0\xff\x8d\xf9\xcf\xef\xdb\xb3\xb6\x59\x9a\x89\x1f\x5a\x9a\x2b\x8e\xff\x3b\xc1\xe1\x1f\x21\x45\x09\xfe\xbf\x33\xff\x05\xaa\x7b\xc5\x16\x95\x8e\x9d\xa8\x8c\xb9\xe2\x1c\xa5\x03\xfe\x11\x52\x94\xe0\xff\x07\xf3\x5f\xf0\xed\x8d\x85\x55\xa7\x1d\x6b\xf3\xdb\x5c\x71\x8e\xd1\x01\xff\x08\x29\x4a\xf0\xff\x93\xf9\x2f\xf4\xf3\xd1\xe0\x30\x5d\x6f\x96\x9c\x63\xae\x38\xc7\xe9\x80\x7f\x84\x14\x25\xf8\xff\xc5\xfc\x17\x2e\x92\xb2\xe9\x97\xf5\xe1\xb2\x67\x32\x57\x9c\x13\x74\xc0\x3f\x42\x8a\x12\xfc\xff\x66\xfe\x8b\x24\xcc\xd9\x6a\xe1\xb9\x29\x77\x2d\x2b\xce\x49\x3a\xe0\x1f\x21\x45\x09\xfe\xff\x30\xff\x45\x17\x7d\x1a\x53\x2d\x66\x91\x15\x5b\xcd\x15\xe7\x14\x1d\xf0\x8f\x90\xa2\x04\xff\x7f\x99\xff\x62\x5b\x4f\xac\x0e\x1b\x65\x79\xa8\x7a\xe6\x8a\x73\x9a\x0e\xf8\x47\x48\x51\x82\xff\x7f\xcc\x7f\xf1\xa8\x51\xcb\x7c\xbe\xd8\xbd\xcb\x0b\x73\xc5\x39\x43\x07\xfc\x23\xa4\xa8\xff\xdd\x7f\xe2\x10\xcc\x7f\x89\xb2\xc7\x62\x97\xdb\xf4\x6e\xc1\x31\x73\xc5\x39\x4b\x07\xfc\x23\xa4\x28\xc1\x7f\x48\xe6\xbf\xe4\xfb\x90\xdf\x76\x74\x28\xf8\xa2\x8b\xb9\xe2\x9c\xa3\x03\xfe\x11\x52\x94\xe0\xdf\x61\xfe\x03\x1e\xe7\xbf\xfa\xba\x77\xde\xed\xdf\xcd\x15\xe7\x3c\x1d\xf0\x8f\x90\xa2\x04\xff\x2e\xf3\x5f\xaa\xc1\x9f\x1c\xde\xd2\x57\x07\x2a\x98\x2b\xce\x05\x3a\xe0\x1f\x21\x45\x09\xfe\x43\x31\xff\xa5\x7f\x17\xbe\x37\xfc\x48\xe7\x0c\x4d\xcd\x15\xc7\xff\x67\x02\xe1\x1f\x21\x45\x09\xfe\x43\x33\xff\x65\x02\x7e\x14\xec\x11\x7f\x71\x9d\xab\xe6\x8a\x73\x89\x0e\xf8\x47\x48\x51\x82\xff\x30\xcc\x7f\xd9\xaa\x87\x12\x25\x0b\x55\xe2\x6b\x61\x73\xc5\xf1\x7f\x27\x08\xfc\x23\xa4\x28\xc1\x7f\x58\xe6\xbf\xdc\xf3\xd0\x7f\x2f\x5c\x0f\x1a\x34\xc6\x5c\x71\xae\xd0\x01\xff\x08\x29\x4a\xf0\x1f\x8e\xf9\x2f\x3f\x77\x79\xf4\x58\x3b\x22\xb5\x5f\x62\xae\x38\xfe\x7f\x26\x80\x7f\x84\x14\x25\xf8\x0f\xcf\xfc\x57\x48\xd5\xf8\xd3\xb3\x66\x77\x13\x46\x37\x57\x9c\x6b\x74\xc0\x3f\x42\x8a\x12\xfc\x47\x60\xfe\x2b\x66\xab\x7b\x71\xf3\xd0\x43\x39\x7a\x98\x2b\xce\x75\x3a\xe0\x1f\x21\x45\x09\xfe\x23\x32\xff\x95\x46\xcd\xcb\x52\xa4\x61\xf4\x62\x87\xcc\x15\xe7\x06\x1d\xf0\x8f\x90\xa2\x04\xff\x91\x98\xff\xca\x65\xf7\x95\xaf\x55\x78\xec\xfa\x37\xe6\x8a\x73\x93\x0e\xf8\x47\x48\x51\x82\xff\xc8\xcc\x7f\x95\xf7\xbd\xd7\xad\x7e\x54\xfb\x46\x2d\x73\xc5\xb9\x45\x07\xfc\x23\xa4\x28\xc1\x7f\x14\xe6\xbf\xea\xe3\xe2\x13\xff\xfd\xdd\xdb\x7d\xa3\xb9\xe2\xdc\xa6\x03\xfe\x11\x52\x94\xe0\x3f\x2a\xf3\x5f\xad\xc1\xf0\xf6\x91\x92\xb5\x73\x43\x99\x2b\xce\x1d\x3a\xe0\x1f\x21\x45\x09\xfe\xa3\x31\xff\xd5\x0b\xf6\x48\xb8\xa5\xd8\xd7\xb7\xe9\xcc\x15\xc7\xff\x43\x01\xe1\x1f\x21\x45\x09\xfe\xa3\x33\xff\x81\x23\x37\xfc\x28\x35\x3f\xc5\xcc\x05\xe6\x8a\x73\x8f\x0e\xf8\x47\x48\x51\x82\xff\x18\xcc\x7f\x8d\xa9\x63\xae\xc7\x6c\xf7\xb7\x5a\x21\x73\xc5\xb9\x4f\x07\xfc\x23\xa4\x28\xc1\x7f\x4c\xe6\xbf\x66\xda\xf2\xf9\xee\x6f\xc8\x90\x72\xac\xb9\xe2\x3c\xa0\x03\xfe\x11\x52\x94\xe0\x3f\x16\xf3\x5f\x6b\xec\x84\x0b\x7d\xce\x6f\x3b\xbe\xd4\x5c\x71\x1e\xd2\x01\xff\x08\x29\x4a\xf0\x1f\x9b\xf9\xaf\x9d\xb5\x74\xf6\xd1\x91\x9a\xed\x8d\x66\xae\x38\x8f\xe8\x80\x7f\x84\x14\x25\xf8\x8f\xc3\xfc\xd7\x49\xd9\x25\xc6\x9d\xe8\x43\x63\xfc\x30\x57\x9c\xc7\x74\xc0\x3f\x42\x8a\x12\xfc\xc7\x65\xfe\xeb\x2e\xd8\xf2\x3e\xd3\x99\x2a\xcd\xca\x9b\x2b\xce\x13\x3a\xe0\x1f\x21\x45\x09\xfe\xe3\x31\xff\xf5\x5e\xc5\xf1\x5e\xad\x3d\x35\xba\x89\xb9\xe2\x3c\xa5\x03\xfe\x11\x52\x94\xe0\x3f\x3e\xf3\x5f\xbf\xca\xf9\x3f\xf1\x3a\xc7\xff\x77\xcd\x5c\x71\x9e\xd1\x01\xff\x08\x29\x4a\xf0\x9f\x80\xf9\x6f\x50\xf2\xe5\xed\xf2\x41\xa1\xce\x6f\x30\x57\x9c\xe7\x74\xc0\x3f\x42\x8a\x12\xfc\x27\x64\xfe\x1b\xfe\xcb\x50\x68\x5f\xd9\xab\xcb\x42\x9b\x2b\x8e\xff\x3b\x01\xe1\x1f\x21\x45\x09\xfe\x13\x31\xff\x8d\x7e\x9f\x6b\xbf\x38\x5d\xf9\x72\xe9\xcd\x15\xe7\x25\x1d\xf0\x8f\x90\xa2\x04\xff\x89\x99\xff\xc6\x01\xe1\x27\x56\xfe\x3a\xbf\xe0\x7c\x73\xc5\x79\x45\x07\xfc\x23\xa4\x28\xc1\x7f\x12\xe6\xbf\x49\xd5\xec\xeb\x42\xbd\xea\x3d\xb9\xa7\xb9\xe2\xbc\xa6\x03\xfe\x11\x52\x94\xe0\xdf\x63\xfe\x9b\x3e\xff\x52\xfe\x5b\xee\xd5\xcf\x0e\x9a\x2b\x8e\xff\x67\x82\xc1\x3f\x42\x8a\x12\xfc\xfb\x98\xff\x66\x4b\x97\x86\xdb\x5a\x33\x6b\x84\xd7\xe6\x8a\xf3\x96\x0e\xf8\x47\x48\x51\x82\xff\xa4\xcc\x7f\x73\xaf\xe9\xcb\x80\xb1\x8f\xfa\xd5\x36\x57\x9c\x77\x74\xc0\x3f\x42\x8a\x12\xfc\x27\x63\xfe\x5b\x44\xac\x7d\x2a\xc6\xdc\x67\xc9\x2e\x99\x2b\xce\x7b\x3a\xe0\x1f\x21\x45\x09\xfe\x93\x33\xff\x2d\x37\x2e\x48\xfb\xa0\x48\xce\xea\x2d\xcc\x15\xe7\x03\x1d\xf0\x8f\x90\xa2\x04\xff\x29\x98\xff\x56\x31\xeb\x1f\xec\xeb\x5b\x1f\x5c\xda\x5c\x71\x3e\xd2\x01\xff\x08\x29\x4a\xf0\x9f\x92\xf9\x6f\xbd\x72\x8e\x6f\xd4\xef\xfe\xe7\xfe\x98\x2b\xce\x27\x3a\xe0\x1f\x21\x45\x09\xfe\x53\x31\xff\x6d\xf6\x2c\x0a\x79\xfb\xc1\xec\xa6\xb1\xcc\x15\xe7\x33\x1d\xf0\x8f\x90\xa2\x04\xff\xa9\x99\xff\xb6\x61\x5b\x3e\xca\x5c\xb0\x74\xec\x45\xe6\x8a\xf3\x85\x0e\xf8\x47\x48\x51\x82\xff\x34\xcc\x7f\xbb\xae\x47\x22\xbd\xac\x7f\xf1\xfb\x44\x73\xc5\xf9\x4a\x07\xfc\x23\xa4\x28\xc1\x7f\x5a\xe6\xbf\xfd\x09\xf7\x6d\xfc\xc1\x21\x26\xe4\x33\x57\x9c\x6f\x74\xc0\x3f\x42\x8a\x12\xfc\xa7\x63\xfe\x3b\xdc\xc9\x7b\xae\x42\x8b\xc4\x8b\xea\x9b\x2b\xce\x77\x3a\xe0\x1f\x21\x45\x09\xfe\xd3\x33\xff\x1d\x5b\xfe\xcb\xb8\x77\xe7\xb9\x6b\xcf\xcd\x15\xc7\xff\x33\x41\xe1\x1f\x21\x45\x09\xfe\x33\x30\xff\x9d\x96\xde\xa9\xb2\xec\x66\x60\xbe\xa3\xe6\x8a\xf3\x93\x0e\xf8\x47\x48\x51\x82\xff\x8c\xcc\x7f\x67\x2f\xe1\xe6\xc0\x30\x23\xcb\x77\x35\x57\x9c\x5f\x74\xc0\x3f\x42\x8a\x12\xfc\x67\x62\xfe\xbb\x44\x4c\x3a\x25\x64\xc2\x46\xf7\x67\x9b\x2b\xce\x6f\x3a\xe0\x1f\x21\x45\x09\xfe\x33\x33\xff\x5d\x37\x3e\xeb\xf4\xf1\xd8\xa6\xa0\xcc\xe6\x8a\xe3\xff\x3d\x81\xf0\x8f\x90\xa2\x04\xff\x59\x98\xff\x6e\x17\x63\x85\x29\xbb\x3c\x4d\xdf\x90\xe6\x8a\xf3\x97\x0e\xf8\x47\x48\x51\x82\xff\xac\xcc\x7f\xf7\x56\x17\x1f\x07\xf7\xfd\x19\x79\x8b\xb9\xe2\xfc\xa3\x03\xfe\x11\x52\x94\xe0\x3f\x1b\xf3\xdf\xa3\xdf\xf3\x23\x6f\x6a\x87\x7d\xb0\xce\x5c\x71\xfd\x07\xfc\x23\xa4\x28\xc1\x7f\x76\xe6\xbf\xe7\xd1\x4c\xa9\x93\x0c\xbf\x32\x23\xa1\xb9\xe2\xfa\xff\x99\x00\xfe\x11\x52\x94\xe0\x3f\x07\xf3\xdf\xab\xd9\xeb\xd3\xc3\x9e\x54\xea\x93\xd3\x5c\x71\x1d\x3a\xe0\x1f\x21\x45\x09\xfe\x73\x32\xff\xbd\xef\xa6\xcb\xd4\x33\xef\xbc\x48\x83\xcc\x15\xd7\xff\x0f\x00\xf0\x8f\x90\xa2\x04\xff\xb9\x98\xff\x3e\x27\xa3\x45\x4d\x9e\xa2\xcf\xc2\xd6\xe6\x8a\x1b\x8a\x0e\xf8\x47\x48\x51\x82\xff\xdc\xcc\x7f\xdf\x4e\x57\xdf\x9c\xff\xbe\xe2\xea\x6d\x73\xc5\xf5\x7f\x27\x20\xfc\x23\xa4\x28\xc1\x7f\x1e\xe6\xbf\x5f\xa8\x6e\x4e\xec\x99\xd9\xf2\x7f\x34\x57\xdc\x30\x74\xc0\x3f\x42\x8a\x12\xfc\xe7\x65\xfe\xfb\xef\xdd\x74\xff\x69\x89\xfb\x15\x2c\xc6\xdd\xb0\x74\xc0\x3f\x42\x8a\x12\xfc\xe7\x63\xfe\x07\xac\x1a\x75\x60\xd3\xe2\x3f\x4d\x7c\xe6\x8a\xeb\xff\xfb\xe1\x1f\x21\x45\x09\xfe\xf3\x33\xff\x03\xa3\x55\x4c\x5e\x74\x60\xe6\x58\xd3\xcd\x15\x37\x3c\x1d\xf0\x8f\x90\xa2\x04\xff\x05\x98\xff\x41\x3f\x77\xcc\x1c\xe1\x6d\xfd\xb1\xcb\x5c\x71\x23\xd0\x01\xff\x08\x29\x4a\xf0\x5f\x90\xf9\x1f\x5c\x64\x40\x9f\xee\x87\x5a\x4e\x8c\x62\xae\xb8\x11\xe9\x80\x7f\x84\x14\x25\xf8\x2f\xc4\xfc\x0f\xa9\x5e\xa2\x6e\xd2\xbb\x83\x92\x3f\x33\x57\xdc\x48\x74\xc0\x3f\x42\x8a\x12\xfc\x17\x66\xfe\x87\xbe\x1d\x12\x7c\xd1\xa9\x1a\x58\xd5\x5c\x71\x23\xd3\x01\xff\x08\x29\x4a\xf0\x5f\x84\xf9\x1f\xf6\x77\xda\xcc\x66\x4d\x8e\xef\xe8\x67\xae\xb8\xfe\x7f\x26\x80\x7f\x84\x14\x25\xf8\x2f\xca\xfc\x0f\x2f\x51\xb5\xcf\x8c\xbd\x09\xce\x9e\x30\x57\xdc\xa8\x74\xc0\x3f\x42\x8a\x12\xfc\x17\x63\xfe\x47\x54\x6e\x55\xf7\xd0\xca\x24\x93\x8a\x9b\x2b\x6e\x34\x3a\xe0\x1f\x21\x45\x09\xfe\x8b\x33\xff\x23\x5f\xae\x0b\xce\xd2\xfd\xf4\xd3\xaf\xe6\x8a\x1b\x9d\x0e\xf8\x47\x48\x51\x82\xff\x12\xcc\xff\xa8\xd2\xed\xaa\xae\x8a\x5d\x23\xe2\x75\x73\xc5\x8d\x41\x07\xfc\x23\xa4\x28\xc1\x7f\x49\xe6\x7f\xf4\xc7\x55\x1b\x6a\x9f\x18\xd6\xbf\xbd\xb9\xe2\xc6\xa4\x03\xfe\x11\x52\x94\xe0\x3f\x80\xf9\x1f\xf3\x74\xd2\xe4\xc8\x97\x9b\x5e\x18\x66\xae\xb8\xb1\xe8\x80\x7f\x84\x14\x25\xf8\x2f\xc5\xfc\x8f\xad\x57\xa3\xeb\xdf\x70\x1b\x97\x67\x35\x57\xdc\xd8\x74\xc0\x3f\x42\x8a\x12\xfc\x97\x66\xfe\xc7\xa5\xf9\x3c\x37\x7f\xab\xf4\x65\x3d\x73\xc5\x8d\x43\x07\xfc\x23\xa4\x28\xc1\x7f\x19\xe6\x7f\xfc\x94\x6c\x03\x8e\x6f\xf9\x51\x60\x95\xb9\xe2\xc6\xa5\x03\xfe\x11\x52\x94\xe0\xbf\x2c\xf3\x3f\x61\x44\xb8\x86\x73\xab\x3d\x8e\x79\xc6\x5c\x71\xe3\xd1\x01\xff\x08\x29\x4a\xf0\x5f\x8e\xf9\x9f\x58\xe0\xec\x9e\x8e\x13\x73\x35\xef\x65\xae\xb8\xf1\xe9\x80\x7f\x84\x14\x25\xf8\x2f\xcf\xfc\x4f\xfa\xfb\xfa\x40\xcf\x77\x6b\x46\xd5\x30\x57\xdc\x04\x74\xc0\x3f\x42\x8a\x12\xfc\x57\x60\xfe\x27\x97\x48\x97\x7c\x58\xf6\x01\x7f\x1f\x99\x2b\xae\xff\x3b\x81\xe0\x1f\x21\x45\x09\xfe\x2b\x32\xff\x53\x2a\x47\x73\xce\x67\x9a\x55\x35\x82\xb9\xe2\x26\xa2\x03\xfe\x11\x52\x94\xe0\xbf\x12\xf3\x3f\xf5\xe5\xd5\xfb\xc9\x3f\x96\x4b\xb1\xcf\x5c\x71\x13\xd3\x01\xff\x08\x29\x4a\xf0\x5f\x99\xf9\x9f\x36\x3a\x65\xd0\x9c\x29\x17\x4e\x4c\x36\x57\xdc\x24\x74\xc0\x3f\x42\x8a\x12\xfc\x57\x61\xfe\xa7\x67\x7f\xd4\xad\x55\x45\x77\x5f\x0a\x73\xc5\xf5\xff\x9e\x20\xf8\x47\x48\x51\x82\xff\xaa\xcc\x7f\x50\xea\x1b\x81\x05\x76\xdf\xe8\x36\xdc\x5c\xf9\x3f\x7f\x0f\xfc\x23\xa4\x28\xc1\x7f\x35\xe6\x7f\xc6\x3c\x6f\xfb\xb9\x46\x11\x9d\x2c\xe6\x8a\x9b\x94\x0e\xf8\x47\x48\x51\x82\xff\xea\xcc\xff\xcc\xc2\x77\xea\x05\x86\x98\xfc\x2e\x89\xb9\xe2\x26\xa3\x03\xfe\x11\x52\x94\xe0\x3f\x90\xf9\x9f\x35\x3c\xe1\xde\x65\xb7\x8b\xcf\x5a\x6d\xae\xb8\xc9\xe9\x80\x7f\x84\x14\x25\xf8\xaf\xc1\xfc\xcf\x9e\x9c\x74\xc1\xc7\x03\x4b\x72\x16\x33\x57\x5c\xff\xaf\x09\xc2\x3f\x42\x8a\x12\xfc\xd7\x64\xfe\xe7\xa4\x7f\xd6\x3f\x64\xe2\x1e\xc5\xbf\x99\x2b\x6e\x4a\x3a\xe0\x1f\x21\x45\x09\xfe\x6b\x31\xff\x73\x1b\x96\x9c\x72\xb8\xff\xeb\x75\x37\xcc\x15\x37\x15\x1d\xf0\x8f\x90\xa2\x04\xff\xb5\x99\xff\x79\x4f\x86\x76\xca\xbd\xa8\xd0\xf5\x76\xe6\x8a\x9b\x9a\x0e\xf8\x47\x48\x51\x82\xff\x3a\xcc\xff\xfc\x0f\xc1\x55\x9a\x06\x24\xff\x16\xd1\x5c\x71\xd3\xd0\x01\xff\x08\x29\x4a\xf0\x5f\x97\xf9\x5f\x50\x6e\xe0\xe6\x49\xb3\x3f\x0c\xde\x6b\xae\xb8\x69\xe9\x80\x7f\x84\x14\x25\xf8\xaf\xc7\xfc\x2f\x2c\x3d\xf7\xfe\xb8\x9f\x6d\xdb\x4d\x32\x57\xdc\x74\x74\xc0\x3f\x42\x8a\x12\xfc\xd7\x67\xfe\x17\x7d\xac\xe3\x0c\x4c\x15\x9c\x20\xa5\xb9\xe2\xa6\xa7\x03\xfe\x11\x52\x94\xe0\xbf\x01\xf3\xff\xdf\xd3\x46\xc9\xd3\xe7\x6f\xb0\xed\xb4\xb9\xe2\x66\xa0\x03\xfe\x11\x52\x94\xe0\xbf\x21\xf3\xbf\xb8\xde\xb2\x03\xd7\x9f\x8d\xdb\xdf\xdb\x5c\x71\x33\xd2\x01\xff\x08\x29\x4a\xf0\xdf\x88\xf9\x5f\x12\xfd\xeb\xf0\xd9\x23\xe3\x64\xac\x69\xae\xb8\x99\xe8\x80\x7f\x84\x14\x25\xf8\x6f\xcc\xfc\x2f\x5d\x9d\xa5\x65\xeb\xba\x87\xeb\x3e\x34\x57\xdc\xcc\x74\xc0\x3f\x42\x8a\x12\xfc\x37\x61\xfe\x97\xed\x8b\x10\x50\xb0\xfc\xfe\xd0\xad\xcc\x15\xd7\xff\x67\x82\xe1\x1f\x21\x45\x09\xfe\x9b\x32\xff\xcb\x43\x9f\x5e\x72\x76\x52\x8c\xae\x77\xcc\x15\xd7\xff\x9d\x80\xf0\x8f\x90\xa2\x04\xff\xcd\x98\xff\x15\xcb\xa3\x54\xaa\xfe\x7e\xd4\xfc\x4f\xe6\x8a\x9b\x8d\x0e\xf8\x47\x48\x51\x82\xff\xe6\xcc\xff\xca\xc4\xc7\xd7\x2e\xcf\x50\xe7\x79\x80\xb9\xe2\x66\xa7\x03\xfe\x11\x52\x94\xe0\xbf\x05\xf3\xbf\x2a\xfc\xc7\x71\x9f\xb2\xee\x29\xb1\xde\x5c\x71\x73\xd0\x01\xff\x08\x29\x4a\xf0\xdf\x92\xf9\x5f\xbd\x39\x47\x87\x10\x6f\x3a\x66\x4b\x60\xae\xb8\x39\xe9\x80\x7f\x84\x14\x25\xf8\x6f\xc5\xfc\xaf\x39\x16\x34\xf8\xc8\xf8\x2f\xf7\x72\x98\x2b\x6e\x2e\x3a\xe0\x1f\x21\x45\x09\xfe\x5b\x33\xff\x6b\xfb\x57\x6e\x9a\xab\x4a\xea\x95\x83\xcd\x15\x37\x37\x1d\xf0\x8f\x90\xa2\x04\xff\x6d\x98\xff\x75\xad\xdb\x14\x6b\xb2\x2d\xdf\x88\xa7\xe6\x8a\x9b\x87\x0e\xf8\x47\x48\x51\x82\xff\xb6\xcc\xff\xfa\x4b\x6b\x16\x4e\x6e\xf3\xfc\x7d\x35\x73\xc5\xcd\x4b\x07\xfc\x23\xa4\x28\xc1\x7f\x3b\xe6\x7f\x43\xf4\x09\xb7\x47\x47\xe8\x92\xb8\xbf\xb9\xe2\xe6\xa3\x03\xfe\x11\x52\x94\xe0\xbf\x3d\xf3\xbf\x71\x75\xe9\x42\x7d\xae\x2e\x6c\x7b\xdc\x5c\x71\xf3\xd3\x01\xff\x08\x29\x4a\xf0\xdf\x81\xf9\xdf\xb4\xaf\x8b\x97\xe9\x54\xa9\x63\x49\xcd\x15\xb7\x00\x1d\xf0\x8f\x90\xa2\x04\xff\x1d\x99\xff\xcd\xa1\xb7\xfc\xb9\x13\x77\xfa\xc6\x69\xe6\x8a\x5b\x90\x0e\xf8\x47\x48\x51\x82\xff\x4e\xcc\xff\x96\x16\xa5\xc6\x36\xef\x19\xb5\xde\x4e\x73\xc5\x2d\x44\x07\xfc\x23\xa4\x28\xc1\x7f\x67\xe6\x7f\xeb\xed\xc1\xad\x83\x56\xdf\x49\x17\xd5\x5c\x71\x0b\xd3\x01\xff\x08\x29\x4a\xf0\xdf\x85\xf9\xdf\x76\x7c\x57\xe9\x83\x33\x6a\xec\x09\x6f\xae\xb8\x45\xe8\x80\x7f\x84\x14\x25\xf8\xef\xca\xfc\x6f\xef\xd2\x7f\x55\xd6\x72\xc3\x4e\xed\x36\x57\xdc\xa2\x74\xc0\x3f\x42\x8a\x12\xfc\x77\x63\xfe\x77\x9c\xdf\x57\x74\x75\xfa\x24\xa9\xa6\x98\x2b\xae\xff\x3b\x81\xe1\x1f\x21\x45\x09\xfe\xbb\x33\xff\xc1\x6d\x7a\x2f\xae\xf5\xed\x74\xe5\xd4\xe6\x8a\x5b\x9c\x0e\xf8\x47\x48\x51\x82\xff\x1e\xcc\xff\xce\x01\xc5\x87\x44\x7a\x99\xfe\xf7\x59\x73\xc5\x2d\x41\x07\xfc\x23\xa4\x28\xc1\x7f\x4f\xe6\x7f\xd7\xe1\xe1\x8d\xfe\xe5\xfa\x31\xa6\xaf\xb9\xe2\x96\xa4\x03\xfe\x11\x52\x94\xe0\xbf\x17\xf3\xbf\x7b\x43\xea\x89\xf9\x6a\x34\x6d\x19\x68\xae\xb8\xfe\x9f\x09\x06\xff\x08\x29\x4a\xf0\xdf\x9b\xf9\xdf\x13\xe1\x41\xfb\x13\x63\x36\x46\xbf\x6f\xae\xb8\x7e\xf7\xf0\x8f\x90\xa2\x04\xff\x7d\x98\xff\xbd\x49\x6e\x95\x9f\xd7\x7e\x4d\xa1\x91\xe6\x8a\x5b\x9a\x0e\xf8\x47\x48\x51\x82\xff\xbe\xcc\xff\xbe\x25\x89\xd7\x75\xd8\x38\xa0\x74\x36\x73\xc5\x2d\x43\x07\xfc\x23\xa4\x28\xc1\x7f\x3f\xe6\x7f\xff\xbf\xc8\x4b\xf3\x5f\x78\xbc\x34\x91\xb9\xe2\x96\xa5\x03\xfe\x11\x52\x94\xe0\xbf\x3f\xf3\x7f\xa0\xe4\xa9\x52\xc7\x23\xe7\xba\xb4\xd2\x5c\x71\xcb\xd1\x01\xff\x08\x29\x4a\xf0\x3f\x80\xf9\x3f\x58\xe5\x43\x8b\xb9\xd1\x2e\x0c\x2c\x62\xae\xb8\xe5\xe9\x80\x7f\x84\x14\x25\xf8\x1f\xc8\xfc\x1f\x7a\x95\x7b\x58\xc7\xd3\x6e\xf8\x2f\xe6\x8a\x5b\x81\x0e\xf8\x47\x48\x51\x82\xff\x41\xcc\xff\xe1\xa2\x6b\x3b\x64\x5d\x33\xeb\xf1\x2d\x73\xc5\xad\x48\x07\xfc\x23\xa4\x28\xc1\xff\x60\xe6\xff\xc8\xaf\xb6\xe3\x0e\x76\x2a\x37\xa5\x83\xb9\xe2\x56\xa2\x03\xfe\x11\x52\x94\xe0\x7f\x08\xf3\x7f\xf4\x5d\x95\xb5\x41\x2d\x2b\x9d\x7e\x6c\xae\xb8\x95\xe9\x80\x7f\x84\x14\x25\xf8\x1f\xca\xfc\x1f\x0b\x9c\x51\xa9\xf9\xae\x79\x3b\xab\x98\x2b\xae\xff\xaf\xc1\x3f\x42\x8a\x12\xfc\x0f\x63\xfe\x8f\x7f\x0b\x5c\xf2\xef\x56\xd8\x9a\x03\xcd\x15\xb7\x2a\x1d\xf0\x8f\x90\xa2\x04\xff\xc3\x99\xff\x13\x15\xa6\x06\x44\x0a\x7b\x25\xe9\x49\x73\xc5\xf5\x7f\x27\x10\xfc\x23\xa4\x28\xc1\xff\x08\xe6\xff\x64\xed\x95\x2d\x6b\x25\xc8\x36\x3e\xb9\xb9\xe2\x56\xa7\x03\xfe\x11\x52\x94\xe0\x7f\x24\xf3\x7f\xea\x51\xc7\xe1\xab\x8f\xde\xff\x15\x64\xae\xb8\xfe\x3f\x13\x0c\xff\x08\x29\x4a\xf0\x3f\x8a\xf9\x3f\x3d\xe3\x4c\x9b\x0e\xcb\xfa\xc4\xd9\x61\xae\xb8\x35\xe8\x80\x7f\x84\x14\x25\xf8\x1f\xcd\xfc\x9f\xc9\x18\x71\xd4\xbc\x3e\x2b\x1a\x45\x36\x57\xdc\x9a\x74\xc0\x3f\x42\x8a\x12\xfc\x8f\x61\xfe\xcf\xe6\xcd\xba\xf2\xc4\xbc\xad\x95\xda\x98\x2b\x6e\x2d\x3a\xe0\x1f\x21\x45\x09\xfe\xc7\x32\xff\xe7\x86\x7e\x2b\x97\xaf\x68\xcb\xbc\xf7\xcc\x15\xb7\x36\x1d\xf0\x8f\x90\xa2\x04\xff\xe3\x98\xff\xf3\x45\xaf\xe4\x4e\x96\xf4\xcf\xe5\x0f\xe6\x8a\x5b\x87\x0e\xf8\x47\x48\x51\x82\xff\xf1\xcc\xff\x85\x5f\x31\xaf\x5c\xf8\x93\xf9\xbf\x12\xe6\x8a\x5b\x97\x0e\xf8\x47\x48\x51\x82\xff\x09\xcc\xff\xc5\x77\x69\x3f\x0f\xbf\x7f\x3c\xca\x5a\x73\xc5\xad\x47\x07\xfc\x23\xa4\x28\xc1\xff\x44\xe6\xff\x52\xe0\xbb\x38\x3d\x0a\x24\xe8\x15\xcf\x5c\x71\xeb\xd3\x01\xff\x08\x29\x4a\xf0\x3f\x89\xf9\xbf\x9c\x2b\x51\xa3\xb3\xf5\x06\x4d\xcf\x65\xae\xb8\x0d\xe8\x80\x7f\x84\x14\x25\xf8\x9f\xcc\xfc\x5f\x19\x77\x73\x48\xc1\x41\x55\x1f\x0d\x35\x57\xdc\x86\x74\xc0\x3f\x42\x8a\x12\xfc\x4f\x61\xfe\xaf\xce\xbc\xbf\xb8\x75\x97\x51\x69\x92\x99\x2b\x6e\x23\x3a\xe0\x1f\x21\x45\x09\xfe\xa7\x32\xff\xd7\x92\xa5\x2a\x3a\x7b\x5d\x9d\x06\x33\xcc\x15\xb7\x31\x1d\xf0\x8f\x90\xa2\x04\xff\xd3\x98\xff\xeb\x83\x1e\xaf\x0a\x71\x76\xff\xe6\x60\x73\xc5\x6d\x42\x07\xfc\x23\xa4\x28\xc1\xff\x74\xe6\xff\x46\xbe\x64\xa5\x3f\xc5\x88\x71\x24\x92\xb9\xe2\x36\xa5\x03\xfe\x11\x52\x94\xe0\x3f\x88\xf9\xbf\x99\x29\x5e\xeb\xe5\x51\xbf\xb4\x7e\x62\xae\xb8\xcd\xe8\x80\x7f\x84\x14\x25\xf8\x9f\xc1\xfc\xdf\x9a\x76\x77\x6c\xf5\x4b\xa9\xbd\xca\xe6\x8a\xdb\x9c\x0e\xf8\x47\x48\x51\x82\xff\x99\xcc\xff\xed\xfb\xfd\x9a\x4d\xde\xbc\xe7\xe3\x00\x73\xc5\x6d\x41\x07\xfc\x23\xa4\x28\xc1\xff\x2c\xe6\xff\x4e\x9d\x9d\x23\x9a\x74\xec\x38\xec\x94\xb9\xe2\xb6\xa4\x03\xfe\x11\x52\x94\xe0\x7f\x36\xf3\x7f\xb7\xe2\xa0\xe5\xb9\x46\x75\x59\xbd\xc6\x5c\x71\x5b\xd1\x01\xff\x08\x29\x4a\xf0\x3f\x87\xf9\xbf\xf7\x39\xa0\xe4\x91\xea\x0b\xef\xc4\x37\x57\xdc\xd6\x74\xc0\x3f\x42\x8a\x12\xfc\xcf\x65\xfe\xef\x7f\x5b\x1a\xe7\x46\x8e\x7c\x59\x72\x9b\x2b\xae\xff\x67\x02\xc1\x3f\x42\x8a\x12\xfc\xcf\x63\xfe\x1f\x54\x68\xfa\x39\xdd\xf3\xe7\x01\x43\xcc\x15\xb7\x2d\x1d\xf0\x8f\x90\xa2\x04\xff\xf3\x99\xff\x87\xb5\x6b\x5f\x19\xf0\x25\xea\xcb\xb6\xe6\x8a\xdb\x8e\x0e\xf8\x47\x48\x51\x82\xff\x05\xcc\xff\xa3\x47\x0b\x72\x8f\x4f\x7b\x67\xee\x5d\x73\xc5\x6d\x4f\x07\xfc\x23\xa4\x28\xc1\xff\x42\xe6\xff\xf1\xba\x73\x5d\xcf\x95\x29\xd5\xf9\xbd\xb9\xe2\xfa\xbf\x13\x1c\xfe\x11\x52\x94\xe0\x7f\x11\xf3\xff\x24\x56\xf8\xc9\x05\xa6\x4f\x0f\x5b\xd2\x5c\x71\x3b\xd2\x01\xff\x08\x29\x4a\xf0\xff\x1f\xf3\xff\x34\x44\xf6\x0d\xad\x86\x4c\xae\x7d\xce\x5c\x71\x3b\xd1\x01\xff\x08\x29\x4a\xf0\xbf\x98\xf9\x7f\xb6\xf3\x4b\xd5\x39\x0d\x8a\x67\xee\x63\xae\xb8\x9d\xe9\x80\x7f\x84\x14\x25\xf8\x5f\xc2\xfc\x3f\x8f\x97\x3b\x38\x64\xa1\x1b\x07\xab\x9b\x2b\x6e\x17\x3a\xe0\x1f\x21\x45\x09\xfe\x97\x32\xff\x2f\xfe\xfb\x50\xf7\xe3\xc3\x88\x5b\x1e\x98\x2b\x6e\x57\x3a\xe0\x1f\x21\x45\x09\xfe\x97\x31\xff\x2f\xb7\x9d\xea\xb3\xec\xdf\xeb\x78\xe1\xcc\x15\xb7\x1b\x1d\xf0\x8f\x90\xa2\x04\xff\xcb\x99\xff\x57\x91\x22\xcf\x0c\x4c\x5e\xa8\xc3\x1e\x73\xc5\xed\x4e\x07\xfc\x23\xa4\x28\xc1\xff\x0a\xe6\xff\x75\xaf\xf5\x3d\x27\x15\x5f\x32\x74\xaa\xb9\xe2\xf6\xa0\x03\xfe\x11\x52\x94\xe0\x7f\x25\xf3\xff\xe6\x60\xeb\xe9\x4d\x17\xf4\xf8\x92\xca\x5c\x71\x7b\xd2\x01\xff\x08\x29\x4a\xf0\xbf\x8a\xf9\x7f\x7b\xb5\xda\x96\xdc\xbd\xda\xde\x2c\x6a\xae\xb8\xbd\xe8\x80\x7f\x84\x14\x25\xf8\x5f\xcd\xfc\xbf\x6b\x37\xbd\xc6\xe1\x25\xc1\x6b\x3e\x9b\x2b\x6e\x6f\x3a\xe0\x1f\x21\x45\x09\xfe\xd7\x30\xff\xef\xd7\x6d\x4f\x77\xfb\x70\xf2\xa2\x37\xcd\x15\xd7\xff\x7b\x82\xe0\x1f\x21\x45\x09\xfe\xd7\x32\xff\x1f\x62\x75\x3e\x9e\x39\xde\x87\xdc\x1d\xcd\x15\xb7\x2f\x1d\xf0\x8f\x90\xa2\x04\xff\xeb\x98\xff\x8f\x21\xca\xbd\xe8\x1b\x3a\xce\x9c\x11\xe6\x8a\xdb\x8f\x0e\xf8\x47\x48\x51\x82\xff\xf5\xcc\xff\xa7\x9d\xe3\x23\x8e\xba\x71\xf8\x4d\x76\x73\xc5\xed\x4f\x07\xfc\x23\xa4\x28\xc1\xff\x06\xe6\xff\xf3\x8d\x01\xfd\xb3\x04\x37\x08\x91\xd8\x5c\x71\xfd\xdf\x09\x00\xff\x08\x29\x4a\xf0\xbf\x91\xf9\xff\xd2\x74\xc7\x82\x43\xcd\xc7\xf5\x58\x61\xae\xb8\x03\xe9\x80\x7f\x84\x14\x25\xf8\xdf\xc4\xfc\x7f\xed\x39\x64\xef\x8c\xfd\x65\x32\x45\x37\x57\xdc\x41\x74\xc0\x3f\x42\x8a\x12\xfc\x6f\x66\xfe\xbf\x9d\x29\x51\xaf\x59\xa2\x39\xb5\x96\x98\x2b\xee\x60\x3a\xe0\x1f\x21\x45\x09\xfe\xb7\x30\xff\xdf\x3b\x8e\xd8\xfe\xb7\x5f\xc8\xad\x63\xcc\x15\xd7\xff\x33\xc1\xe1\x1f\x21\x45\x09\xfe\xb7\x32\xff\x3f\xae\x14\x09\x8c\xbc\xf0\xd2\xa1\xc2\xe6\x8a\x3b\x94\x0e\xf8\x47\x48\x51\x82\xff\x6d\xcc\xff\xcf\x03\x7d\xba\xd5\xde\x93\xa3\xe3\x55\x73\xc5\x1d\x46\x07\xfc\x23\xa4\x28\xc1\xff\x76\xe6\xff\x57\xdf\xdd\x41\xab\x1a\x3f\x8d\xdf\xd4\x5c\x71\x87\xd3\x01\xff\x08\x29\x4a\xf0\xbf\x83\xf9\xff\x1d\x35\x49\xef\x8e\x21\xfb\x7d\xae\x60\xae\xb8\xfe\xdf\x13\x08\xff\x08\x29\x4a\xf0\x1f\xcc\xfc\xff\xd9\x7a\x7d\xce\xdc\x3b\xeb\x86\x7c\x37\x57\xdc\x91\x74\xc0\x3f\x42\x8a\x12\xfc\xef\x64\xfe\xff\x2e\x7a\xb8\xf3\x78\xbe\xcd\x6b\x17\x98\x2b\xee\x28\x3a\xe0\x1f\x21\x45\x09\xfe\x77\x31\xff\xff\x12\xa6\xa8\x95\xff\x69\xe3\x5b\xe9\xcc\x15\x77\x34\x1d\xf0\x8f\x90\xa2\x04\xff\xbb\xff\xc7\xbf\x1b\x22\xdf\x84\x2c\xb5\x47\xfc\xca\x15\xca\x5c\x71\xfd\xbf\x27\x00\xfe\x11\x52\x94\xe0\x7f\x0f\xf3\x1f\x72\x50\xe9\x8b\xab\xea\xa4\x2d\xb2\xd1\x5c\x71\xc7\xd2\x01\xff\x08\x29\x4a\xf0\xbf\x97\xf9\x77\xa6\x75\xf9\xf4\xb7\xd4\xd9\xd7\xb5\xcc\x15\x77\x1c\x1d\xf0\x8f\x90\xa2\x04\xff\xfb\x98\x7f\x37\xd3\x96\xe8\x91\xe7\x24\x9a\xfd\xc6\x5c\x71\xc7\xd3\x01\xff\x08\x29\x4a\xf0\xbf\x9f\xf9\x0f\x55\xe8\xbf\x2c\xbb\x7e\x8d\xe8\x79\xc8\x5c\x71\x27\xd0\x01\xff\x08\x29\x4a\xf0\x7f\x80\xf9\x0f\x3d\xac\xd9\xc5\xd2\xa9\xab\x87\xec\x61\xae\xb8\x13\xe9\x80\x7f\x84\x14\x25\xf8\x3f\xc8\xfc\x87\x99\xd4\xe0\x53\xa2\x2c\x95\x1b\xfe\x36\x57\xdc\x49\x74\xc0\x3f\x42\x8a\x12\xfc\x1f\x62\xfe\xc3\xa6\x9b\x19\xfd\xdd\xeb\x21\x69\xcb\x98\x2b\xee\x64\x3a\xe0\x1f\x21\x45\x09\xfe\x0f\x33\xff\xe1\x46\xd5\xf9\xd9\x7d\x5c\xbc\xc3\x2d\xcd\x15\x77\x0a\x1d\xf0\x8f\x90\xa2\x04\xff\x47\x98\xff\xf0\xd9\xe6\xc6\x1b\x51\xf9\xe4\xa6\x8b\xe6\x8a\xeb\xff\x4e\x50\xf8\x47\x48\x51\x82\xff\xa3\xcc\x7f\x84\x54\xcb\xf2\x5e\xac\x90\x31\x49\x7e\x73\xc5\x9d\x46\x07\xfc\x23\xa4\x28\xc1\xff\x31\xe6\x3f\xe2\xdc\x46\xb7\x92\x4e\xfe\xd7\x6a\x82\xb9\xe2\x4e\xa7\x03\xfe\x11\x52\x94\xe0\xff\x38\xf3\x1f\xe9\xf9\xc1\x1c\x8f\x3f\x34\x1f\xbe\xd0\x5c\x71\x83\xe8\x80\x7f\x84\x14\x25\xf8\x3f\xc1\xfc\x47\xae\x1a\xea\x6a\xdc\x8c\xdb\x3f\xc5\x36\x57\xdc\x19\x74\xc0\x3f\x42\x8a\x12\xfc\x9f\x64\xfe\xa3\x04\x14\xfa\x56\xfc\xe4\xaa\xdb\x5d\xcc\x15\x77\x26\x1d\xf0\x8f\x90\xa2\x04\xff\xa7\x98\xff\xa8\xbf\xbf\xc7\xde\x10\xa7\xd7\xaa\x63\xe6\x8a\x3b\x8b\x0e\xf8\x47\x48\x51\x82\xff\xd3\xcc\x7f\xb4\x42\x37\x5b\xaf\xe8\xf1\xb0\xd4\x0b\x73\xc5\x9d\x4d\x07\xfc\x23\xa4\x28\xc1\xff\x19\xe6\x3f\xfa\xb0\x44\x63\xeb\xae\xca\x92\xb5\x9e\xb9\xe2\xce\xa1\x03\xfe\x11\x52\x94\xe0\xff\x2c\xf3\x1f\x63\x52\xaa\x55\x51\xb7\x5f\x9b\xb7\xd5\x5c\x71\xe7\xd2\x01\xff\x08\x29\x4a\xf0\x7f\x8e\xf9\x8f\x99\xee\x7e\xe9\xdf\x6d\x43\xbf\xb2\xac\xb8\xf3\xe8\x80\x7f\x84\x14\x25\xf8\x3f\xcf\xfc\xc7\x2a\x13\xb3\x50\x89\x88\x0b\xc2\x64\x32\x57\xdc\xf9\x74\xc0\x3f\x42\x8a\x12\xfc\x5f\x60\xfe\x63\x7f\xba\x72\x7b\xfb\xb5\x0a\x9d\xe6\x98\x2b\xae\xff\x67\x82\xc3\x3f\x42\x8a\x12\xfc\x5f\x64\xfe\xe3\x3c\x7b\xf7\xe7\x51\xca\x19\xbb\xf2\x99\x2b\xae\xff\xf7\x04\xc2\x3f\x42\x8a\x12\xfc\x5f\x62\xfe\xe3\xd6\x4f\xeb\x45\xfb\x51\xf2\xcc\x44\x73\xc5\x5d\x44\x07\xfc\x23\xa4\x28\xc1\xff\x65\xe6\x3f\xde\xbf\x57\x9f\xc7\xcc\xba\xe7\x5b\x64\xae\xb8\xff\xd1\x01\xff\x08\x29\x4a\xf0\x7f\x85\xf9\x8f\x5f\x32\x63\x9c\xde\x25\x23\xd7\x88\x65\xae\xb8\x8b\xe9\x80\x7f\x84\x14\x25\xf8\xbf\xca\xfc\x27\xa8\x12\x37\x77\xc6\x5a\x2f\x7f\xfe\x31\x57\xdc\x25\x74\xc0\x3f\x42\x8a\x12\xfc\x5f\x63\xfe\x13\xbe\xba\x70\xe5\xee\xb0\x3c\xe3\x4a\x9b\x2b\xee\x52\x3a\xe0\x1f\x21\x45\x09\xfe\xaf\x33\xff\x89\x16\x74\xcd\x97\xf0\xf1\x7f\x8d\x5b\x98\x2b\xee\x32\x3a\xe0\x1f\x21\x45\x09\xfe\x6f\x30\xff\x89\x53\x6e\xbd\xfe\x3c\x4f\xa7\xb8\x97\xcc\x15\x77\x39\x1d\xf0\x8f\x90\xa2\x04\xff\x37\x99\xff\x24\x59\x27\xfe\xd8\x7d\xaf\x7d\x9e\x2d\xe6\x8a\xbb\x82\x0e\xf8\x47\x48\x51\x82\xff\x5b\xcc\xbf\x37\xb6\x4c\xc2\x4a\xee\xbe\x8a\x21\xcd\x15\x77\x25\x1d\xf0\x8f\x90\xa2\x04\xff\xb7\x99\x7f\xdf\xa8\x55\xa5\xab\x35\x4d\xb9\x38\xb3\xb9\xe2\xae\xa2\x03\xfe\x11\x52\x94\xe0\xff\x0e\xf3\x9f\x34\x5b\xbb\x55\x0b\xf7\x7d\xbb\x32\xdb\x5c\x71\x57\xd3\x01\xff\x08\x29\x4a\xf0\x7f\x97\xf9\x4f\x96\xaa\xc6\xd8\xcf\xff\x45\xeb\xdd\xd5\x5c\x71\xd7\xd0\x01\xff\x08\x29\x4a\xf0\x7f\x8f\xf9\x4f\x3e\x77\x52\xeb\xb0\x03\x0e\x46\x3d\x6a\xae\xb8\x6b\xe9\x80\x7f\x84\x14\x25\xf8\xbf\xcf\xfc\xa7\xb8\xb0\x3f\x63\xc9\x24\xb5\x1e\x3e\x37\x57\xdc\x75\x74\xc0\x3f\x42\x8a\x12\xfc\x3f\x60\xfe\x53\xb6\x0d\x73\x6e\xdb\xc1\x31\xd3\xea\x9b\x2b\xee\x7a\x3a\xe0\x1f\x21\x45\x09\xfe\x1f\x32\xff\xa9\x06\x16\x78\xfb\xf0\xca\x84\x93\xd7\xcc\x15\x77\x03\x1d\xf0\x8f\x90\xa2\x04\xff\x8f\x98\xff\xd4\x47\x7e\x46\x8a\x1e\xbe\xde\xee\x26\xe6\x8a\xbb\x91\x0e\xf8\x47\x48\x51\x82\xff\xc7\xcc\x7f\x9a\x96\x79\x9e\x8d\x6d\x7d\xb4\x4a\x79\x73\xc5\xdd\x44\x07\xfc\x23\xa4\x28\xc1\xff\x13\xe6\x3f\xed\x9d\xbf\xa1\x7b\x6d\x8d\x95\xfa\x87\xb9\xe2\x6e\xa6\x03\xfe\x11\x52\x94\xe0\xff\x29\xf3\x9f\xee\xc4\xe1\x14\x19\x56\x7c\x1a\x1b\xcd\x5c\x71\xfd\x7f\x26\x00\xfe\x11\x52\x94\xe0\xff\x19\xf3\x9f\xbe\xab\x73\xf4\x5e\xb7\xa4\x7f\x96\x9a\x2b\xae\xff\x3b\x41\xe0\x1f\x21\x45\x09\xfe\x9f\x33\xff\x19\xc2\x2e\x4c\x9b\x20\xd6\xae\x68\x63\xcd\x15\x77\x1b\x1d\xf0\x8f\x90\xa2\x04\xff\x2f\x98\xff\x8c\x7b\x5a\x9c\x7a\x71\xbc\x75\x8b\x42\xe6\x8a\xbb\x9d\x0e\xf8\x47\x48\x51\x82\xff\x97\xcc\x7f\xa6\x95\xf5\x5e\xee\xc9\xdc\xad\x4c\x6d\x73\xc5\xdd\x41\x07\xfc\x23\xa4\x28\xc1\xff\x2b\xe6\x3f\x73\xcc\xd9\xe1\x2a\x7e\x5a\x56\xf8\xb5\xb9\xe2\x06\xd3\x01\xff\x08\x29\x4a\xf0\xff\x9a\xf9\xcf\x72\x61\x47\xb7\x1a\x53\x0b\x5c\x3c\x68\xae\xb8\x3b\xe9\x80\x7f\xf4\xff\x63\xef\x9e\x82\x2c\x59\x94\x35\x8e\xcf\xcc\xaa\xaa\xb1\x6d\xb3\xc7\x33\x3d\xb6\x6d\xdb\xb6\x6d\xdb\xb6\x6d\xdb\xb6\x6d\xdb\xea\xc1\x7d\xc9\x15\x37\x23\x72\xc7\xc9\xe7\x8c\xf8\xfe\x4f\x19\x3b\x76\x7f\x6f\xbf\x13\xfb\x74\xaf\x55\x85\x0c\xa5\xf8\x7f\xcb\xfc\x67\x6a\xdd\x6f\xda\xd2\xf2\xef\x96\x74\x97\x2b\xbe\xdd\x74\xc0\x3f\x42\x86\x52\xfc\xbf\x63\xfe\x33\xf7\x2f\xb2\xfd\x63\xa5\xd0\xa1\xe6\xc9\x15\xdf\x1e\x3a\xe0\x1f\x21\x43\x29\xfe\xdf\x33\xff\x59\x8e\x0e\xaa\x1a\x62\xdc\xed\x7e\x01\x72\xc5\xb7\x97\x0e\xf8\x47\xc8\x50\x8a\xff\x0f\xcc\x7f\xd6\x65\x1d\x93\xee\x7a\x57\x70\xb2\x2b\x57\x7c\xfb\xe8\x80\x7f\x84\x0c\xa5\xf8\xff\xc8\xfc\x07\xc6\xdb\x7e\xb0\x64\xe6\xc9\x4f\x37\xc8\x15\xdf\x7e\x3a\xe0\x1f\x21\x43\x29\xfe\x3f\x31\xff\xd9\x42\x8d\x7d\x10\x3f\x42\xac\x4e\xdb\xe4\x8a\xef\x00\x1d\xf0\x8f\x90\xa1\x14\xff\x9f\x99\xff\xec\x9b\x4a\x87\x78\x77\xe9\x94\xe3\x93\x2b\xbe\x83\x74\xc0\x3f\x42\x86\x52\xfc\x7f\x61\xfe\x73\x44\x1a\xf9\xb2\xcb\xa6\x0a\x2f\xd3\xc9\x15\x9f\xff\x33\x01\xf0\x8f\x90\xa1\x14\xff\x5f\x99\xff\x9c\xab\xca\x87\x1d\xde\x6e\xd0\xfc\x19\x72\xc5\x77\x98\x0e\xf8\x47\xc8\x50\x8a\xff\x6f\xcc\x7f\xae\x7d\x5d\xd3\x5c\xee\xdc\x34\x4b\x47\xb9\xe2\x3b\x42\x07\xfc\x23\x64\x28\xc5\xff\x77\xe6\x3f\xb7\xb3\xf9\x44\xa2\xf5\xdb\x8b\x1e\x91\x2b\xbe\xa3\x74\xc0\x3f\x42\x86\x52\xfc\xff\x60\xfe\xf3\x74\x88\x9c\xf2\xe9\xf9\x74\x2b\x5e\xc9\x15\x9f\xff\x9d\x20\xf0\x8f\x90\xa1\x14\xff\x3f\x99\xff\xbc\xa7\xae\x1f\x8d\x11\xf5\xdf\xbd\xfa\x72\xc5\x77\x9c\x0e\xf8\x47\xc8\x50\x8a\xff\x5f\xcc\x7f\xbe\x7b\x6f\x9f\x14\xfa\xf2\xe8\x63\x0e\xb9\xe2\x3b\x41\x07\xfc\x23\x64\x28\xc5\x7f\x10\xf3\x9f\xbf\x49\x80\xb7\x31\x55\xc6\xe1\x63\xe5\x8a\xef\x24\x1d\xf0\x8f\x90\xa1\x14\xff\xbf\x99\xff\x02\xf9\x73\x87\x7f\x52\x62\x55\xab\xc5\x72\xc5\x77\x8a\x0e\xf8\x47\xc8\x50\x8a\xff\x3f\xcc\x7f\xc1\xa1\x7f\xde\xc7\x9c\xd2\x23\x5e\x0c\xb9\xe2\x3b\x4d\x07\xfc\x23\x64\x28\xc5\xff\x5f\xe6\xbf\xd0\xc4\xe3\xe7\x0a\x8f\x9c\xbf\xe1\x9f\x5c\xf1\x9d\xa1\x03\xfe\x11\x32\x94\xe2\xff\x1f\xf3\x5f\x38\x20\x78\xda\x0d\x55\xcb\x1e\x2b\x25\x57\x7c\x67\xe9\x80\x7f\x84\x0c\xf5\xbf\xfd\x27\x08\xc6\xfc\x17\x69\x1d\x3f\xee\x98\xc0\xeb\x01\x4d\xe4\x8a\xef\x1c\x1d\xf0\x8f\x90\xa1\x14\xff\xc1\x99\xff\xa2\x17\x6f\xff\xec\xff\xd2\xad\x7b\x51\xae\xf8\xce\xd3\x01\xff\x08\x19\x4a\xf1\x1f\x82\xf9\x2f\x76\xf4\xe1\x8d\x80\xbf\xc1\x7d\xb5\xe5\x8a\xef\x02\x1d\xf0\x8f\x90\xa1\x14\xff\x3e\xe6\xbf\x78\xff\x94\xb9\x6e\x24\xb9\xdc\xf5\x9d\x5c\xf1\xf9\xff\x9b\x00\xfe\x11\x32\x94\xe2\xdf\x61\xfe\x4b\xdc\x7d\x7a\xb1\x50\xa1\x92\x33\x0e\xc8\x15\xdf\x25\x3a\xe0\x1f\x21\x43\x29\xfe\x5d\xe6\xbf\x64\xf3\xa4\x59\x36\xce\x9b\xfd\xae\xab\x5c\xf1\x5d\xa6\x03\xfe\x11\x32\x94\xe2\xdf\x63\xfe\x4b\x75\x8e\x1d\xe5\xe9\xe0\x3e\x85\xe6\xc8\x15\xdf\x15\x3a\xe0\x1f\x21\x43\x29\xfe\x43\x32\xff\xa5\x4f\xde\xff\x10\xa3\xfe\xba\xac\xa9\xe5\x8a\xef\x2a\x1d\xf0\x8f\x90\xa1\x14\xff\xa1\x98\xff\x32\x7b\xfb\x26\xbc\x9c\x3f\xeb\xcd\x90\x72\xc5\x77\x8d\x0e\xf8\x47\xc8\x50\x8a\xff\xd0\xcc\x7f\xd9\x90\xbb\xff\x24\x7a\xfc\x6c\xfd\x26\xb9\xe2\xbb\x4e\x07\xfc\x23\x64\x28\xc5\x7f\x18\xe6\xbf\x5c\xd4\x81\x77\xba\x38\x41\x03\xae\xca\x15\xdf\x0d\x3a\xe0\x1f\x21\x43\x29\xfe\xc3\x32\xff\xe5\x57\x16\xcf\x37\xfc\x46\xea\x6f\x0d\xe4\x8a\xef\x26\x1d\xf0\x8f\x90\xa1\x14\xff\xe1\x98\xff\x0a\xad\x9b\x16\x9a\xbf\x63\x73\xdc\x72\x72\xc5\x77\x8b\x0e\xf8\x47\xc8\x50\x8a\xff\xf0\xcc\x7f\xc5\x8b\x8b\x17\xb4\x69\xd2\xb0\x6d\x90\x5c\xf1\xdd\xa6\x03\xfe\x11\x32\x94\xe2\x3f\x02\xf3\x5f\xe9\xe8\xcc\x81\x39\x7a\x0e\x3b\x18\x45\xae\xf8\xee\xd0\x01\xff\x08\x19\x4a\xf1\x1f\x91\xf9\xaf\xdc\xbf\x7e\xe3\xd3\x4b\xab\x6c\x5f\x2e\x57\x7c\x77\xe9\x80\x7f\x84\x0c\xa5\xf8\x8f\xc4\xfc\x57\x89\xb7\x26\x7a\xe7\xa3\xe7\x6a\x8d\x94\x2b\xbe\x7b\x74\xc0\x3f\x42\x86\x52\xfc\x47\x66\xfe\xab\x2e\x6b\xf5\x7d\x40\xec\x78\x69\xf3\xc8\x15\xdf\x7d\x3a\xe0\x1f\x21\x43\x29\xfe\xa3\x30\xff\xd5\x36\x55\xb8\x76\xe5\xf5\xb1\xe7\x73\xe5\x8a\xef\x01\x1d\xf0\x8f\x90\xa1\x14\xff\x51\x99\xff\xea\xa1\xa6\x65\x4d\x99\x3d\xda\xc4\x54\x72\xc5\xf7\x90\x0e\xf8\x47\xc8\x50\x8a\xff\x68\xcc\x7f\x8d\x55\x55\xee\xef\xad\x3e\xae\x8f\x27\x57\x7c\x8f\xe8\x80\x7f\x84\x0c\xa5\xf8\x8f\xce\xfc\xd7\x8c\x34\x29\x6f\xb9\xd1\x75\xc2\x6c\x96\x2b\xbe\xc7\x74\xc0\x3f\x42\x86\x52\xfc\xc7\x60\xfe\x6b\x39\x2b\xe2\xc5\x99\xb6\x7b\x59\x2d\xb9\xe2\x7b\x42\x07\xfc\x23\x64\x28\xc5\x7f\x4c\xe6\xbf\xf6\xbe\x76\x7f\x5f\x96\x6a\x79\xe1\xbd\x5c\xf1\x3d\xa5\x03\xfe\x11\x32\x94\xe2\x3f\x16\xf3\x5f\xe7\xd4\x99\xc8\x69\xd3\x7c\xce\x7b\x50\xae\xf8\x9e\xd1\x01\xff\x08\x19\x4a\xf1\x1f\x9b\xf9\xaf\xdb\x21\xcc\xe7\xfb\xdf\x12\x97\xee\x22\x57\x7c\xcf\xe9\x80\x7f\x84\x0c\xa5\xf8\x8f\xc3\xfc\xd7\x6b\x92\xf1\xd2\xe8\xc8\x79\x9a\x44\x95\x2b\xbe\x17\x74\xc0\x3f\x42\x86\x52\xfc\xc7\x65\xfe\xeb\xdf\xfb\x96\xb1\xc7\xd9\x77\x51\x96\xc9\x15\xdf\x4b\x3a\xe0\x1f\x21\x43\x29\xfe\xe3\x31\xff\x0d\xee\x46\x6f\xdc\x64\x6d\x97\x7f\x23\xe4\x8a\xef\x15\x1d\xf0\x8f\x90\xa1\x14\xff\xf1\x99\xff\x86\xcd\x2f\x0f\x9c\xde\x71\xd9\xc8\xbc\x72\xc5\xf7\x9a\x0e\xf8\x47\xc8\x50\x8a\xff\x04\xcc\x7f\xa3\xce\x2f\x17\x1c\x6e\x53\x30\xf9\x15\xb9\xe2\x7b\x43\x07\xfc\x23\x64\x28\xc5\x7f\x42\xe6\xbf\xf1\xc9\x0c\x85\x32\x6e\x98\x5c\xb9\xa1\x5c\xf1\xbd\xa5\x03\xfe\x11\x32\x94\xe2\x3f\x11\xf3\xdf\x64\x48\x7f\xaf\xd3\x85\xd0\xfb\xca\xcb\x15\x9f\xff\x9d\xa0\xf0\x8f\x90\xa1\x14\xff\x89\x99\xff\xa6\xf9\x76\x3e\x19\x18\xee\xf6\x89\x5f\x72\xc5\xe7\xff\x4c\x20\xfc\x23\x64\x28\xc5\x7f\x12\xe6\xbf\x59\x9a\xc1\x47\xaf\xc6\xbd\x3f\xad\x83\x5c\xf1\x7d\xa0\x03\xfe\x11\x32\x94\xe2\x3f\x29\xf3\xdf\x7c\x42\xd1\x94\x29\x8e\x87\x7f\x70\x54\xae\xf8\x3e\xd2\x01\xff\x08\x19\x4a\xf1\x9f\x8c\xf9\x6f\x91\x79\xf8\x99\x3d\xcb\xa7\x87\x7f\x2d\x57\x7c\x9f\xe8\x80\x7f\x84\x0c\xa5\xf8\x4f\xce\xfc\xb7\x1c\x51\x30\x7d\xf9\xde\x45\x7b\xd7\x93\x2b\xbe\xcf\x74\xc0\x3f\x42\x86\x52\xfc\xa7\x60\xfe\x5b\xcd\xe9\x1d\x31\x6e\xb3\x45\xd7\xb7\xcb\x15\xdf\x17\x3a\xe0\x1f\x21\x43\x29\xfe\x53\x32\xff\xad\x53\xec\x7d\xfb\x62\x57\x87\x85\x21\xe4\x8a\xef\x2b\x1d\xf0\x8f\x90\xa1\x14\xff\xa9\x98\xff\x36\x95\x12\x86\x48\x77\xeb\x55\x99\xb4\x72\xc5\xf7\x8d\x0e\xf8\x47\xc8\x50\x8a\xff\xd4\xcc\x7f\xdb\x17\x37\x1f\xdc\xf3\x72\xe4\x9a\x29\x57\x7c\xdf\xe9\x80\x7f\x84\x0c\xa5\xf8\x4f\xc3\xfc\xb7\xfb\xfd\xf8\xe0\xa8\x87\xc9\xa3\xff\x95\x2b\xbe\x1f\x74\xc0\x3f\x42\x86\x52\xfc\x07\x30\xff\xed\x8b\x25\x4f\xda\x33\xef\xf7\xc6\xa5\xe5\x8a\xef\x27\x1d\xf0\x8f\x90\xa1\x14\xff\x69\x99\xff\x0e\x43\x42\xd6\x6f\x58\xb7\xed\xb8\xa6\x72\xc5\xe7\xff\x4c\x30\xfc\x23\x64\x28\xc5\x7f\x3a\xe6\xbf\x63\xbe\x83\x7b\x27\x0d\xdc\xff\xe3\x82\x5c\xf1\x05\xd1\x01\xff\x08\x19\x4a\xf1\x9f\x9e\xf9\xef\x94\x26\x68\xce\xb1\x39\x35\xaa\xe4\x94\x2b\xbe\xdf\x74\xc0\x3f\x42\x86\x52\xfc\x67\x60\xfe\x3b\x4f\xc8\xdb\x2f\xb0\xc0\xa8\x24\x63\xe4\x8a\xef\x0f\x1d\xf0\x8f\x90\xa1\x14\xff\x19\x99\xff\x2e\x9f\xcf\x85\x1a\x9b\x28\xd2\xf9\x45\x72\xc5\xe7\xff\x9b\x00\xfc\x23\x64\x28\xc5\x7f\x26\xe6\xbf\x6b\xc9\x50\xaf\xfa\xfd\x3e\xb4\x33\xa6\x5c\xf1\xfd\xa3\x03\xfe\x11\x32\x94\xe2\x3f\x33\xf3\xdf\xad\x6e\xe6\xd3\x69\x0e\xcd\xe8\xfa\x1f\xcf\xff\x73\xfc\x07\xfc\x23\x64\x28\xc5\x7f\x16\xe6\xbf\xfb\xf3\x2f\xa9\x6f\x26\x28\xe5\xfb\x8f\xe7\xff\x39\xf4\xef\xc0\x3f\x42\x96\x52\xfc\x67\x65\xfe\x7b\x14\xcd\x76\xa8\x70\xbf\x0b\xef\xfe\xe3\xf9\x7f\x8e\xff\x3b\x41\xf0\x8f\x90\xa1\x14\xff\x81\xcc\x7f\xcf\x7f\x1f\x12\x6d\x58\x14\x62\xc6\x7f\x3c\xff\xcf\xf1\xd1\x01\xff\x08\x19\x4a\xf1\x9f\x8d\xf9\xef\xf5\xfa\x54\xf0\x27\xfb\x9f\x66\xfd\x8f\xf7\xff\x39\xfe\x5f\x00\xc0\x3f\x42\x86\x52\xfc\x67\x67\xfe\x7b\x57\x0c\xf7\x38\x66\xe3\xec\x85\xfe\xe3\xfd\x7f\x8e\x4b\x07\xfc\x23\x64\x28\xc5\x7f\x0e\xe6\xbf\x4f\xf2\x75\xe1\x2e\xf9\xd6\xae\xff\x8f\xf7\xff\x39\x1e\x1d\xf0\x8f\x90\xa1\x14\xff\x39\x99\xff\xbe\xf3\x5b\xbc\x4b\x7c\xbf\xff\xcd\xff\x78\xff\x9f\x13\x92\x0e\xf8\x47\xc8\x50\x8a\xff\x5c\xcc\x7f\xbf\xd1\x95\xce\x77\xcd\xd1\xe8\x5b\x2d\xb9\xe2\xf8\x7f\x1e\xfe\x11\x32\x94\xe2\x3f\x37\xf3\xdf\x3f\xd3\x94\x74\xc3\x9e\x6c\x18\xf0\x5e\xae\x38\xa1\xe9\x80\x7f\x84\x0c\xa5\xf8\xcf\xc3\xfc\x0f\xb8\xdd\x68\x5a\xc1\x21\x69\xda\x1e\x94\x2b\x4e\x18\x3a\xe0\x1f\x21\x43\x29\xfe\xf3\x32\xff\x03\x1b\x2e\xe9\xb2\xa9\xc6\x8f\xb8\x5d\xe4\x8a\x13\x96\x0e\xf8\x47\xc8\x50\x8a\xff\x7c\xcc\xff\xa0\xae\xf3\xaa\x3e\x2b\x9a\x70\xfb\x5c\xb9\xe2\x84\xa3\x03\xfe\x11\x32\x94\xe2\x3f\x3f\xf3\x3f\xf8\x7c\x8d\xed\xd1\x67\x9e\x3d\x98\x4a\xae\x38\xe1\xe9\x80\x7f\x84\x0c\xa5\xf8\x2f\xc0\xfc\x0f\xb9\x5f\x6e\xda\xe2\x9f\xd5\xd3\x7a\x72\xc5\x89\x40\x07\xfc\x23\x64\x28\xc5\x7f\x41\xe6\x7f\x68\xd3\x11\x5d\x2a\x24\x1f\x5a\x6b\xb3\x5c\x71\x22\xd2\x01\xff\x08\x19\x4a\xf1\x5f\x88\xf9\x1f\xd6\x71\x53\x55\x27\xf3\x40\xe7\x3f\x9e\xff\xe7\x44\xa2\x03\xfe\x11\x32\x94\xe2\xbf\x30\xf3\x3f\xfc\x74\x97\xed\xdf\xdf\x55\xee\xf4\x1f\xcf\xff\x73\x22\xd3\x01\xff\x08\x19\x4a\xf1\x5f\x84\xf9\x1f\xd1\x72\x5b\x9d\xb6\xe3\x4e\xce\xff\x8f\xe7\xff\x39\x51\xe8\x80\x7f\x84\x0c\xa5\xf8\x2f\xca\xfc\x8f\xbc\xdc\x61\xdf\xbc\x4a\x71\x5f\xfe\xc7\xf3\xff\x1c\xff\x77\x82\xe1\x1f\x21\x43\x29\xfe\x8b\x31\xff\xa3\x8e\x97\x9a\x7f\xaa\xfc\xef\xa2\xff\xf1\xfe\x3f\x27\x1a\x1d\xf0\x8f\x90\xa1\x14\xff\xc5\x99\xff\xd1\x7d\xc7\xf4\xcd\x39\x39\x7d\x96\xff\x78\xff\x9f\x13\x9d\x0e\xf8\x47\xc8\x50\x8a\xff\x12\xcc\xff\x98\xd0\xe9\x27\xfd\xfe\xbc\xe5\xde\x7f\xbc\xff\xcf\x89\x41\x07\xfc\x23\x64\x28\xc5\x7f\x49\xe6\x7f\xec\xe6\x17\x1d\x22\x66\x68\xb6\xe2\x3f\xde\xff\xe7\xf8\x7f\x27\x00\xff\x08\x19\x4a\xf1\x5f\x8a\xf9\x1f\xb7\xfc\x52\xc5\xda\x27\x7a\x0f\xdf\x2e\x57\x9c\x58\x74\xc0\x3f\x42\x86\x52\xfc\x97\x66\xfe\xc7\xc7\x8f\xb6\x79\x45\xb4\x95\x1f\x43\xc8\x15\x27\x36\x1d\xf0\x8f\x90\xa1\x14\xff\x65\x98\xff\x09\xf7\xb3\x9d\xdf\xd0\x25\x4b\xbc\xb4\x72\xc5\x89\x43\x07\xfc\x23\x64\x28\xc5\x7f\x59\xe6\x7f\x62\xd3\x0f\xe9\x0a\xaf\x78\xd8\x6a\xa6\x5c\x71\xe2\xd2\x01\xff\x08\x19\x4a\xf1\x5f\x8e\xf9\x9f\xd4\xf1\x54\xb8\x98\x5b\xbd\x63\x1d\xe4\x8a\x13\x8f\x0e\xf8\x47\xc8\x50\x8a\xff\xf2\xcc\xff\xe4\xd3\xe1\xde\x3d\x69\x79\x65\xc3\x51\xb9\xe2\xc4\xa7\x03\xfe\x11\x32\x94\xe2\xbf\x02\xf3\x3f\x65\xc5\xbf\x19\x75\x42\x97\xab\xfb\x5a\xae\x38\x09\xe8\x80\x7f\x84\x0c\xa5\xf8\xaf\xc8\xfc\x4f\x8d\x92\xb3\xd7\xfa\xab\x73\x02\xea\xc9\x15\x27\x21\x1d\xf0\x8f\x90\xa1\x14\xff\x95\x98\xff\x69\x9e\xaf\x76\x50\xca\x62\x0f\xfe\xc9\x15\xc7\xff\x33\xf0\x8f\x90\xa1\x14\xff\x95\x99\xff\xe9\x7b\x8e\xee\x0c\x15\x34\x65\x5a\x29\xb9\xe2\x24\xa6\x03\xfe\x11\x32\x94\xe2\xbf\x0a\xf3\x3f\x23\x41\xc8\x4a\x93\x66\x47\xe8\xdd\x44\xae\x38\x49\xe8\x80\x7f\x84\x0c\xa5\xf8\xaf\xca\xfc\xcf\x5c\x72\x70\x43\xc3\xe2\x77\xc2\x5f\x94\x2b\x4e\x52\x3a\xe0\x1f\x21\x43\x29\xfe\xab\x31\xff\xb3\x36\x04\x4d\x0c\xac\x95\x7b\x61\x0e\xb9\xe2\x24\xa3\x03\xfe\x11\x32\x94\xe2\xbf\x3a\xf3\x3f\x3b\x4c\xde\xce\xc7\x86\xbd\xbc\x3e\x56\xae\x38\xc9\xe9\x80\x7f\x84\x0c\xa5\xf8\xaf\xc1\xfc\xcf\xe9\x37\x7f\x8e\xef\x59\xe7\x5c\x8b\xe5\x8a\x93\x82\x0e\xf8\x47\xc8\x50\x8a\xff\x9a\xcc\xff\xdc\x23\x35\xfb\x7d\xc8\xb5\xb0\x4c\x0c\xb9\xe2\xa4\xa4\x03\xfe\x11\x32\x94\xe2\xbf\x16\xf3\x3f\xef\x42\xe3\xfa\x4b\xee\xee\x69\xdc\x51\xae\x38\xfe\x77\x82\xc1\x3f\x42\x86\x52\xfc\xd7\x66\xfe\xe7\xb7\x5a\xba\xb7\x7a\xf0\x76\xd1\x8f\xc8\x15\x27\x35\x1d\xf0\x8f\x90\xa1\x14\xff\x75\x98\xff\x05\x2d\x8b\xbd\x2b\xdd\xf0\xcb\x8f\x57\x72\xc5\x49\x43\x07\xfc\x23\x64\x28\xc5\x7f\x5d\xe6\x7f\xe1\xe5\x01\xe1\x76\xec\x4d\x31\xae\xbe\x5c\x71\x02\xe8\x80\x7f\x84\x0c\xa5\xf8\xaf\xc7\xfc\x2f\x3a\xbe\x2b\xdd\x9b\x05\x07\x93\x6c\x93\x2b\x8e\xff\x99\x40\xf0\x8f\x90\xa1\x14\xff\xf5\x99\xff\xc5\x7d\xfb\x9c\x4f\xd8\x27\x6a\x15\x9f\x5c\x71\xd2\xd1\x01\xff\x08\x19\x4a\xf1\xdf\x80\xf9\x5f\x92\x31\xed\xe8\xba\xf1\x46\xee\x4c\x27\x57\x9c\xf4\x74\xc0\x3f\x42\x86\x52\xfc\x37\x64\xfe\x97\x8e\x7a\xd5\x72\xdd\x81\xda\xe7\x67\xc8\x15\x27\x03\x1d\xf0\x8f\x90\xa1\x14\xff\x8d\x98\xff\x65\xf3\x2e\x94\xf8\x75\xbd\xfe\xc4\x28\x72\xc5\xc9\x48\x07\xfc\x23\x64\x28\xc5\x7f\x63\xe6\x7f\x79\xb2\x18\xab\x42\x87\x1d\xfb\x7c\xb9\x5c\x71\x32\xd1\x01\xff\x08\x19\x4a\xf1\xdf\x84\xf9\x5f\x31\xec\x4a\xc1\xc9\xad\x63\x86\x19\x29\x57\x9c\xcc\x74\xc0\x3f\x42\x86\x52\xfc\x37\x65\xfe\x57\xe6\x89\xb2\xb8\xc1\xf6\xa3\x7d\xf2\xc8\x15\x27\x0b\x1d\xf0\x8f\x90\xa1\x14\xff\xcd\x98\xff\x55\xa9\x52\x0d\xca\xba\x2a\xc9\x85\xab\x72\xc5\xc9\x4a\x07\xfc\x23\x64\x28\xc5\x7f\x73\xe6\x7f\xf5\xa4\x77\x0d\x8e\x77\xfb\xb0\xac\x81\x5c\x71\x02\xe9\x80\x7f\x84\x0c\xa5\xf8\x6f\xc1\xfc\xaf\x79\x56\x66\x7c\x88\x18\xad\x4a\x97\x93\x2b\x4e\x36\x3a\xe0\x1f\x21\x43\x29\xfe\x5b\x32\xff\x6b\xeb\x8c\x6a\xfb\xf1\xd4\x8e\xbc\x41\x72\xc5\xc9\x4e\x07\xfc\x23\x64\x28\xc5\x7f\x2b\xe6\x7f\x5d\x89\x0d\x65\x96\xa6\x5b\x1a\x65\x8e\x5c\x71\xfc\xcf\x04\x84\x7f\x84\x0c\xa5\xf8\x6f\xcd\xfc\xaf\xff\xd4\x6d\x5d\xb5\x8f\xdd\x9b\xa4\x96\x2b\x4e\x4e\x3a\xe0\x1f\x21\x43\x29\xfe\xdb\x30\xff\x1b\x32\x56\xb9\x54\x6e\xe2\xdb\x91\x21\xe5\x8a\x93\x8b\x0e\xf8\x47\xc8\x50\x8a\xff\xb6\xcc\xff\xc6\x51\x93\x32\xee\x2d\x9b\xff\xdf\x26\xb9\xe2\xe4\xa6\x03\xfe\x11\x32\x94\xe2\xbf\x1d\xf3\xbf\x69\xde\x8a\xc8\x2f\x2b\xdc\xa8\x5c\x5b\xae\x38\xfe\xcf\x04\xc1\x3f\x42\x86\x52\xfc\xb7\x67\xfe\x37\x27\x6b\xf7\x39\xce\x98\x30\xc9\xdf\xc9\x15\x27\x2f\x1d\xf0\x8f\x90\xa1\x14\xff\x1d\x98\xff\x2d\xc5\xe7\x0e\x5d\xf4\x66\xc2\x89\x03\x72\xc5\xc9\x47\x07\xfc\x23\x64\x28\xc5\x7f\x47\xe6\x7f\xeb\x9f\xda\xcd\x2b\x66\x2c\xb4\xaf\xab\x5c\x71\xf2\xd3\x01\xff\x08\x19\x4a\xf1\xdf\x89\xf9\xdf\xf6\xb2\x61\x31\x37\xdc\xc9\xd4\x9d\xe5\x8a\x53\x80\x0e\xf8\x47\xc8\x50\x8a\xff\xce\xcc\xff\xf6\xca\xcb\x97\x7c\xbb\x10\xb7\xfe\x31\xb9\xe2\x14\xa4\x03\xfe\x11\x32\x94\xe2\xbf\x0b\xf3\xbf\xe3\x63\xd3\xf2\x6d\x36\x0c\xdc\xf4\x42\xae\x38\x85\xe8\x80\x7f\x84\x0c\xa5\xf8\xef\xca\xfc\xef\x2c\xbd\x78\xed\xfc\x36\x95\x8f\xd4\x95\x2b\x4e\x61\x3a\xe0\x1f\x21\x43\x29\xfe\xbb\x31\xff\xbb\xea\xcf\x1c\x73\xba\xe3\x96\x16\x5b\xe4\x8a\x53\x84\x0e\xf8\x47\xc8\x50\x8a\xff\xee\xcc\xff\xee\xa7\xf5\xdb\xe5\x58\xdb\x2c\x41\x70\xb9\xe2\x14\xa5\x03\xfe\x11\x32\x94\xe2\xbf\x07\xf3\xbf\x67\xe2\x9f\x81\x7f\xce\xfe\xfe\x9c\x41\xae\x38\xc5\xe8\x80\x7f\x84\x0c\xa5\xf8\xef\xc9\xfc\xef\x0d\xc8\xdd\x38\x42\xe4\xf4\x43\x67\xc9\x15\xc7\xef\x1e\xfe\x11\x32\x94\xe2\xbf\x17\xf3\xbf\x2f\x7f\xf0\x42\xb5\xbe\x65\x59\xf5\x47\xae\x38\x25\xe8\x80\x7f\x84\x0c\xa5\xf8\xef\xcd\xfc\xef\x1f\x7a\x7c\xc1\xca\x34\x0f\xef\x94\x90\x2b\x4e\x49\x3a\xe0\x1f\x21\x43\x29\xfe\xfb\x30\xff\x07\xee\x5d\x5f\xfd\xbb\x54\xef\x4c\xcd\xe4\x8a\x53\x8a\x0e\xf8\x47\xc8\x50\x8a\xff\xbe\xcc\xff\xc1\x26\x91\x4b\x46\x9c\xb6\xb2\xf8\x65\xb9\xe2\x94\xa6\x03\xfe\x11\x32\x94\xe2\xbf\x1f\xf3\x7f\xa8\x43\x40\x8b\xda\xa3\xcb\xbd\xce\x25\x57\x9c\x32\x74\xc0\x3f\x42\x86\x52\xfc\xf7\x67\xfe\x0f\x9f\x7a\x3b\x6a\x45\xf5\x39\x73\xc7\xcb\x15\xa7\x2c\x1d\xf0\x8f\x90\xa1\x14\xff\x03\x98\xff\x23\x0d\xba\x37\xf8\x96\xdd\xeb\xb0\x50\xae\x38\xfe\x77\x02\xc0\x3f\x42\x86\x52\xfc\x0f\x64\xfe\x8f\xde\xda\x38\xc8\x7d\x7d\xc5\x8b\x26\x57\x9c\xf2\x74\xc0\x3f\x42\x86\x52\xfc\x0f\x62\xfe\x8f\x9d\x1b\xbd\xb8\xe2\xef\x0b\x35\xe6\xc9\x15\xa7\x02\x1d\xf0\x8f\x90\xa1\x14\xff\x83\x99\xff\xe3\x5d\xca\x16\x5c\x94\x28\x44\xfa\x00\xb9\xe2\x54\xa4\x03\xfe\x11\x32\x94\xe2\x7f\x08\xf3\x7f\xe2\xda\xf8\x55\x39\x0a\xcc\x38\xec\xca\x15\xa7\x12\x1d\xf0\x8f\x90\xa1\x14\xff\x43\x99\xff\x93\x6d\x4a\x96\x38\x3d\xa7\xd4\xd6\x0d\x72\xc5\xa9\x4c\x07\xfc\x23\x64\x28\xc5\xff\x30\xe6\xff\x54\x8f\xce\x2d\xe7\x0f\x5c\x1b\xbb\xa6\x5c\x71\xaa\xd0\x01\xff\x08\x19\x4a\xf1\x3f\x9c\xf9\x3f\x7d\x68\xeb\xe8\x36\x75\xfb\xb7\x7f\x23\x57\x9c\xaa\x74\xc0\x3f\x42\x86\x52\xfc\x8f\x60\xfe\xcf\x6c\x8b\xd9\x64\x65\xde\xa7\x83\x0e\xc9\x15\xa7\x1a\x1d\xf0\x8f\x90\xa1\x14\xff\x23\x99\xff\xb3\xe1\x2e\x0e\xab\xf5\x30\xfb\x97\xee\x72\xc5\xa9\x4e\x07\xfc\x23\x64\x28\xc5\xff\x28\xe6\xff\x5c\xac\xd7\xcb\x23\x78\x69\x6e\x47\x92\x2b\x4e\x0d\x3a\xe0\x1f\x21\x43\x29\xfe\x47\x33\xff\xe7\x17\xa5\x2b\xfa\xe7\xd6\x8f\xb5\x4b\xe5\x8a\xe3\xff\x9d\x20\xfc\x23\x64\x28\xc5\xff\x18\xe6\xff\x42\x83\x88\x39\x9f\xee\x6a\x54\x60\xb4\x5c\x71\x6a\xd1\x01\xff\x08\x19\x4a\xf1\x3f\x96\xf9\xbf\x78\xeb\xe4\xed\x18\xcd\x36\x64\xcb\x27\x57\x1c\xff\x3b\xc1\xe1\x1f\x21\x43\x29\xfe\xc7\x31\xff\x97\xce\x7d\xfe\x55\xa8\x77\xf5\x59\xd7\xe5\x8a\x53\x87\x0e\xf8\x47\xc8\x50\x8a\xff\xf1\xcc\xff\xe5\x2e\x81\xb1\x36\x2e\x1f\xfa\xa6\x91\x5c\x71\xfc\xef\x04\x82\x7f\x84\x0c\xa5\xf8\x9f\xc0\xfc\x5f\x89\x79\xac\x5d\xe8\xe3\x09\x83\x97\x91\x2b\x4e\x3d\x3a\xe0\x1f\x21\x43\x29\xfe\x27\x32\xff\x57\xd7\x06\x1b\xf3\x2b\xee\xd9\xee\x3f\xe5\x8a\x53\x9f\x0e\xf8\x47\xc8\x50\x8a\xff\x49\xcc\xff\xb5\x9d\xb9\xd6\xae\x7b\x19\x73\x4f\x0d\xb9\xe2\x34\xa0\x03\xfe\x11\x32\x94\xe2\x7f\x32\xf3\x7f\xdd\xf7\xbb\x7c\xdd\xc0\xa3\xa7\xde\xca\x15\xa7\x21\x1d\xf0\x8f\x90\xa1\x14\xff\x53\x98\xff\x1b\x0b\xf3\x2d\x39\x5e\xb5\x7e\xca\xc3\x72\xc5\xf1\xff\x4e\x10\xfe\x11\x32\x94\xe2\x7f\x2a\xf3\x7f\x33\xee\x8f\x62\x59\x47\x8e\xad\xd8\x4d\xae\x38\x8d\xe9\x80\x7f\x84\x0c\xa5\xf8\x9f\xc6\xfc\xdf\x8a\x78\xa8\x79\x83\x29\xad\xfe\xcc\x97\x2b\x4e\x13\x3a\xe0\x1f\x21\x43\x29\xfe\xa7\x33\xff\xb7\xb7\x3a\x43\x27\x97\xd8\x31\x3a\x8d\x5c\x71\x9a\xd2\x01\xff\x08\x19\x4a\xf1\x3f\x83\xf9\xbf\x73\x70\x59\xab\x6a\xa9\x92\x34\x73\xe4\x8a\xe3\x7f\x27\x20\xfc\x23\x64\x28\xc5\xff\x4c\xe6\xff\x6e\xef\x06\x23\x96\x7e\xf9\x10\x69\xa3\x5c\x71\x9a\xd3\x01\xff\x08\x19\x4a\xf1\x3f\x8b\xf9\xbf\xd7\xbe\xd6\xca\x8f\x51\xdf\xe6\xbf\x26\x57\x9c\x16\x74\xc0\x3f\x42\x86\x52\xfc\xcf\x66\xfe\xef\x5f\x9d\x53\x3a\xc4\xf9\xfc\x25\x1b\xcb\x15\xa7\x25\x1d\xf0\x8f\x90\xa1\x14\xff\x73\x98\xff\x07\xd7\xfa\xc7\x4a\xb0\x7e\xe9\x92\xb2\x72\xc5\x69\x45\x07\xfc\x23\x64\x28\xc5\xff\x5c\xe6\xff\x61\x9b\x9d\xbf\xde\x76\xee\x7e\xe9\x87\x5c\x71\x5a\xd3\x01\xff\x08\x19\x4a\xf1\x3f\x8f\xf9\x7f\xd4\x63\xf0\xed\x9d\xed\x26\xf4\x8b\x2c\x57\x9c\x36\x74\xc0\x3f\x42\x86\x52\xfc\xcf\x67\xfe\x1f\x1f\x2a\x9a\xb3\xd4\xa6\x42\xa1\x96\xc8\x15\xa7\x2d\x1d\xf0\x8f\x90\xa1\x14\xff\x0b\x98\xff\x27\xe3\xa3\xf7\x0d\x75\xe9\xc6\xd3\x51\x72\xc5\x69\x47\x07\xfc\x23\x64\x28\xc5\xff\x42\xe6\xff\x69\xe0\xe5\xf9\x41\x11\xc2\x4c\xce\x2f\x57\x9c\xf6\x74\xc0\x3f\x42\x86\x52\xfc\x2f\x62\xfe\x9f\x25\x7e\xb9\x6f\x7d\xec\x08\x67\xb7\xca\x15\xa7\x03\x1d\xf0\x8f\x90\xa1\x14\xff\x8b\x99\xff\xe7\xb3\x33\xd4\xa9\x73\xf4\xce\xee\xff\x58\x71\x3a\xd2\x01\xff\x08\x19\x4a\xf1\xbf\x84\xf9\x7f\x91\xf3\xed\xf6\x63\x4b\x8b\x55\x4b\x2f\x57\x9c\x4e\x74\xc0\x3f\x42\x86\x52\xfc\x2f\x65\xfe\x5f\x0e\x0e\xa8\x1a\xd8\x73\x4a\xa2\xd9\x72\xc5\xe9\x4c\x07\xfc\x23\x64\x28\xc5\xff\x32\xe6\xff\xd5\xf4\xc8\x5d\x1a\x36\xe9\x3c\xa6\x93\x5c\x71\xba\xd0\x01\xff\x08\x19\x4a\xf1\xbf\x9c\xf9\x7f\x9d\xee\xfa\xb4\x49\x3b\x16\xfe\x3a\x2e\x57\x9c\xae\x74\xc0\x3f\x42\x86\x52\xfc\xaf\x60\xfe\xdf\xd4\xec\xda\xb3\xfa\x8d\xdc\x31\x5f\xca\x15\xc7\xff\x4c\x30\xf8\x47\xc8\x50\x8a\xff\x95\xcc\xff\xdb\xc7\x9b\x67\x2f\x71\x5e\x36\xac\x23\x57\x9c\xee\x74\xc0\x3f\x42\x86\x52\xfc\xaf\x62\xfe\xdf\x7d\x1f\xb9\xeb\xc3\xe3\x2f\xe5\x72\xcb\x15\xa7\x07\x1d\xf0\x8f\x90\xa1\x14\xff\xab\x99\xff\xf7\x65\xcb\xd7\xf0\xe5\x4f\x91\x63\x9c\x5c\x71\x7a\xd2\x01\xff\x08\x19\x4a\xf1\xbf\x86\xf9\xff\x30\xbe\x6d\xb2\xb8\xf5\xf7\x5c\x5d\x20\x57\x9c\x5e\x74\xc0\x3f\x42\x86\x52\xfc\xaf\x65\xfe\x3f\x06\xae\x3e\xf6\x62\x70\xbb\xc5\xd1\xe5\x8a\xd3\x9b\x0e\xf8\x47\xc8\x50\x8a\xff\x75\xcc\xff\xa7\xc4\x13\x9f\xef\x99\x37\x32\xe2\x6f\xb9\xe2\xf4\xa1\x03\xfe\x11\x32\x94\xe2\x7f\x3d\xf3\xff\x79\x76\x75\xb7\x7c\xa1\xda\x3d\x4b\xca\x15\xa7\x2f\x1d\xf0\x8f\x90\xa1\x14\xff\x1b\x98\xff\x2f\x3f\x96\x74\xfe\x9e\xe4\xe0\x94\xe6\x72\xc5\xe9\x47\x07\xfc\x23\x64\x28\xc5\xff\x46\xe6\xff\x6b\xa1\x46\x13\x9d\xbf\x51\x1f\x5d\x92\x2b\x4e\x7f\x3a\xe0\x1f\x21\x43\x29\xfe\x37\x31\xff\xdf\xaa\xd5\xd8\x50\xa1\xf6\xb5\x5d\xad\xe5\x8a\x33\x80\x0e\xf8\x47\xc8\x50\x8a\xff\xcd\xcc\xff\xf7\x37\xf3\x2a\x2d\x1e\xee\x9c\xb9\x27\x57\x9c\x81\x74\xc0\x3f\x42\x86\x52\xfc\x6f\x61\xfe\x7f\x94\xab\xb3\x33\xe7\xf3\x79\x89\x3f\xc8\x15\x67\x10\x1d\xf0\x8f\x90\xa1\x14\xff\x5b\x99\xff\x9f\x5f\x66\xd5\x3e\x95\xbb\x4c\xf5\xa2\x72\xc5\x19\x4c\x07\xfc\x23\x64\x28\xc5\xff\x36\xe6\xff\xd7\x83\x05\xbd\xe6\xa5\x58\x1d\xb4\x46\xae\x38\x43\xe8\x80\x7f\x84\x0c\xa5\xf8\xdf\xce\xfc\x07\xd5\x6a\x36\xa3\xed\xaf\x9e\x63\x63\xcb\x15\x67\x28\x1d\xf0\x8f\x90\xa1\x14\xff\x3b\x98\xff\xdf\xe9\x8f\x74\x5f\x31\xeb\x71\x83\xec\x72\xc5\x19\x46\x07\xfc\x23\x64\x28\xc5\xff\x4e\xe6\xff\xcf\x94\x10\x53\x6b\x17\xcb\x14\x63\x90\x5c\x71\x86\xd3\x01\xff\x08\x19\x4a\xf1\xbf\x8b\xf9\xff\x3b\x20\xc7\x96\x88\x0b\xd3\xe6\x7c\x2a\x57\x9c\x11\x74\xc0\x3f\x42\x86\x52\xfc\xef\x66\xfe\xff\xe5\xfa\x5b\xed\x77\xdf\xbf\xe5\x2b\xc8\x15\x67\x24\x1d\xf0\x8f\x90\xa1\x14\xff\x7b\xfe\xdf\xbf\x13\xec\x6c\xf8\xbb\x83\xe3\x37\x59\xd4\x4f\xae\x38\xfe\x77\x02\xc2\x3f\x42\x86\x52\xfc\xef\x65\xfe\x83\x77\x3f\x9d\xbf\xc3\xc1\x6d\x57\x4e\xcb\x15\x67\x34\x1d\xf0\x8f\x90\xa1\x14\xff\xfb\x98\xff\x10\x8d\x3f\x26\x48\x76\xa7\x62\x8f\x24\x72\xc5\x19\x43\x07\xfc\x23\x64\x28\xc5\xff\x7e\xe6\xdf\x77\x33\xfb\xef\xeb\xc1\x06\x47\x98\x2e\x57\x9c\xb1\x74\xc0\x3f\x42\x86\x52\xfc\x1f\x60\xfe\x9d\x93\x89\xef\x36\x6c\x10\xfb\xf1\x4e\xb9\xe2\xf8\x9f\x09\x0a\xff\x08\x19\x4a\xf1\x7f\x90\xf9\x77\x3b\x3f\xcf\x3f\x69\xcf\xe9\xa9\xe1\xe4\x8a\x33\x9e\x0e\xf8\x47\xc8\x50\x8a\xff\x43\xcc\xbf\xd7\xfc\x6e\x82\x63\xab\xcf\x9f\x1e\x26\x57\x9c\x09\x74\xc0\x3f\x42\x86\x52\xfc\x1f\x66\xfe\x43\xde\x8d\xfb\x3b\xb0\x7b\xfc\xbd\x59\xe4\x8a\x33\x91\x0e\xf8\x47\xc8\x50\x8a\xff\x23\xcc\x7f\xa8\xfe\x37\x63\xae\x8f\x39\xbc\x42\x7c\xb9\xe2\x4c\xa2\x03\xfe\x11\x32\x94\xe2\xff\x28\xf3\x1f\xfa\x68\xc2\xaf\x75\x4e\x57\x4d\xb1\x42\xae\x38\x93\xe9\x80\x7f\x84\x0c\xa5\xf8\x3f\xc6\xfc\x87\xb9\x98\xfc\x4a\xa8\x6b\x9b\x46\x15\x94\x2b\xce\x14\x3a\xe0\x1f\x21\x43\x29\xfe\x8f\x33\xff\x61\x5b\x3f\xce\x16\x14\xa6\xc1\xef\x2f\x72\xc5\x99\x4a\x07\xfc\x23\x64\x28\xc5\xff\x09\xe6\x3f\x5c\xc2\x82\x37\xf3\xb5\xfa\x15\xf9\x96\x5c\x71\xa6\xd1\x01\xff\x08\x19\x4a\xf1\x7f\x92\xf9\x0f\xbf\x74\x78\xee\xb3\xdb\x52\x35\x6f\x2f\x57\x1c\xff\x67\x02\xe1\x1f\x21\x43\x29\xfe\x4f\x31\xff\x11\x36\xee\x8d\x33\xb3\x62\x60\x89\x50\x72\xc5\x99\x41\x07\xfc\x23\x64\x28\xc5\xff\x69\xe6\x3f\x62\xd8\xde\x3f\x5a\x8d\x7d\x9e\x6f\xaf\x5c\x71\x66\xd2\x01\xff\x08\x19\x4a\xf1\x7f\x86\xf9\x8f\x74\xb2\xe6\x90\x4e\x6f\xfb\x5e\x9e\x2c\x57\x9c\x59\x74\xc0\x3f\x42\x86\x52\xfc\x9f\x65\xfe\x23\x77\x9e\xdf\x6c\x60\xa6\xf5\x4b\x53\xc8\x15\x67\x36\x1d\xf0\x8f\x90\xa1\x14\xff\xe7\x98\xff\x28\xcd\x97\x16\xbf\x9a\xb6\x44\xe8\xf3\x72\xc5\x99\x43\x07\xfc\x23\x64\x28\xc5\xff\x79\xe6\x3f\xea\xdd\xc6\x4b\x53\x7c\x98\xd5\xbf\x97\x5c\x71\xe6\xd2\x01\xff\x08\x19\x4a\xf1\x7f\x81\xf9\x8f\xb6\x6f\xc2\xe5\x79\x13\x82\x4d\xaa\x22\x57\x9c\x79\x74\xc0\x3f\x42\x86\x52\xfc\x5f\x64\xfe\xa3\x3b\xd5\x32\xb5\x2d\x73\xe9\xc9\x43\xb9\xe2\xcc\xa7\x03\xfe\x11\x32\x94\xe2\xff\x12\xf3\x1f\x23\x52\x9b\x48\x39\xf7\x85\xca\x50\x40\xae\x38\x0b\xe8\x80\x7f\x84\x0c\xa5\xf8\xbf\xcc\xfc\xc7\x5c\xb5\xea\xd3\xa9\x46\xb7\x6a\x7e\x95\x2b\xce\x42\x3a\xe0\x1f\x21\x43\x29\xfe\xaf\x30\xff\xb1\x42\xb5\x88\x5d\x21\x44\x81\x2d\xb7\xe5\x8a\xb3\x88\x0e\xf8\x47\xc8\x50\x8a\xff\xab\xcc\x7f\xec\x4d\xeb\x82\x16\xdf\x9b\x74\xa8\x9d\x5c\x71\x16\xd3\x01\xff\x08\x19\x4a\xf1\x7f\x8d\xf9\x8f\xb3\x6c\xca\xad\xef\x87\xbb\xb6\x1b\x2e\x57\x9c\x25\x74\xc0\x3f\x42\x86\x52\xfc\x5f\x67\xfe\xe3\xc6\xab\x94\xc3\x49\xb8\x3c\x56\x66\xb9\xe2\x2c\xa5\x03\xfe\x11\x32\x94\xe2\xff\x06\xf3\x1f\xaf\xc5\x87\xeb\x07\xfb\xe7\xfd\x1a\x4f\xae\x38\xcb\xe8\x80\x7f\x84\x0c\xa5\xf8\xbf\xc9\xfc\xc7\xbf\x94\x2d\x30\xf3\xe2\xf7\x83\x57\xca\x15\x67\x39\x1d\xf0\x8f\x90\xa1\x14\xff\xb7\x98\xff\x04\xc7\xc2\x45\x6b\x56\xe4\xd3\x9a\x73\x72\xc5\xf1\x3f\x13\x14\xfe\x11\x32\x94\xe2\xff\x36\xf3\x9f\xb0\xcf\xa9\x6f\x53\x67\x24\xba\xd5\x5b\xae\x38\xfe\xff\x26\x80\x7f\x84\x0c\xa5\xf8\xbf\xc3\xfc\x27\xea\x9f\x7a\xe9\xc8\x1f\xbb\xb2\x57\x95\x2b\xce\x2a\x3a\xe0\x1f\x21\x43\x29\xfe\xef\x32\xff\x89\x8f\xbe\x2f\xde\x2b\x59\x8b\x82\x0f\xe4\x8a\xb3\x9a\x0e\xf8\x47\xc8\x50\x8a\xff\x7b\xcc\x7f\x92\x8b\x57\x9b\xa5\xcf\x39\xfe\x6d\x68\xb9\xe2\xac\xa1\x03\xfe\x11\x32\x94\xe2\xff\x3e\xf3\x9f\xb4\x75\xd4\x21\x77\x9f\xd6\x9d\xbd\x47\xae\x38\x6b\xe9\x80\x7f\x84\x0c\xa5\xf8\x7f\xc0\xfc\x27\x4b\x51\xf8\xc0\xfc\xa1\xc7\xbb\x4d\x92\x2b\xce\x3a\x3a\xe0\x1f\x21\x43\x29\xfe\x1f\x32\xff\xc9\xe7\x0c\x4d\xd2\xa6\x66\xf4\x60\x29\xe5\x8a\xb3\x9e\x0e\xf8\x47\xc8\x50\x8a\xff\x47\xcc\x7f\x8a\x11\xfb\x7d\x39\xca\x45\xae\xb7\x56\xae\x38\x1b\xe8\x80\x7f\x84\x0c\xa5\xf8\x7f\xcc\xfc\xa7\xcc\xdc\xf3\xe1\xe9\x49\x87\x53\xc5\x92\x2b\xce\x46\x3a\xe0\x1f\x21\x43\x29\xfe\x9f\x30\xff\xa9\x26\xec\x0e\x53\xf1\x53\xcd\xa3\xd9\xe4\x8a\xb3\x89\x0e\xf8\x47\xc8\x50\x8a\xff\xa7\xcc\x7f\xea\x34\x7d\x5f\x2c\x4a\x3f\x7a\xf3\x60\xb9\xe2\x6c\xa6\x03\xfe\x11\x32\x94\xe2\xff\x19\xf3\x9f\x26\x5f\xf1\x93\xdf\xb2\xb4\x49\xd8\x4a\xae\x38\x5b\xe8\x80\x7f\x84\x0c\xa5\xf8\x7f\xce\xfc\x07\x0c\x19\x18\xe0\xbe\xdf\xd7\xf2\xbe\x5c\x71\xb6\xd2\x01\xff\x08\x19\x4a\xf1\xff\x82\xf9\x4f\xfb\x21\xe9\x91\x03\xe3\x93\x0d\xf9\x28\x57\x9c\x6d\x74\xc0\x3f\x42\x86\x52\xfc\xbf\x64\xfe\xd3\x95\x7a\x9a\x22\x4b\xe5\x6f\x9f\x8a\xc8\x15\x67\x3b\x1d\xf0\x8f\x90\xa1\x14\xff\xaf\x98\xff\xf4\xf5\xee\x87\x6c\xbe\xe5\xf5\xdd\xa4\x72\xc5\xd9\x41\x07\xfc\x23\x64\x28\xc5\xff\x6b\xe6\x3f\xc3\x93\xd8\x4f\xa7\xb4\xc8\xb9\x7a\x9a\x5c\x71\x76\xd2\x01\xff\x08\x19\x4a\xf1\xff\x86\xf9\xcf\x98\x22\xf7\xcc\x31\xa1\x16\x17\xdb\x21\x57\x9c\x5d\x74\xc0\x3f\x42\x86\x52\xfc\xbf\x65\xfe\x33\xcd\xf9\xd3\xbb\xff\x95\x8e\x19\xc3\xcb\x15\x67\x37\x1d\xf0\x8f\x90\xa1\x14\xff\xef\x98\xff\xcc\x23\x8e\xd7\x0a\x38\x39\x6d\xce\x13\xb9\xe2\xf8\xbf\x13\x0c\xff\x08\x19\x4a\xf1\xff\x9e\xf9\xcf\x92\x39\xf8\x8e\x1b\xd1\x8b\xbc\xaa\x28\x57\x9c\xbd\x74\xc0\x3f\x42\x86\x52\xfc\x7f\x60\xfe\xb3\x56\xfc\x74\xae\x41\xd7\x7b\x21\xfb\xcb\x15\x67\x1f\x1d\xf0\x8f\x90\xa1\x14\xff\x1f\x99\xff\xc0\xd7\x59\xd3\x4e\x5e\x19\xae\xe3\x29\xb9\xe2\xec\xa7\x03\xfe\x11\x32\x94\xe2\xff\x13\xf3\x9f\xed\x5f\x84\xf0\xc7\xa7\x0e\x7f\x76\x46\xae\x38\x07\xe8\x80\x7f\x84\x0c\xa5\xf8\xff\xcc\xfc\x67\x2f\x7a\xe2\x7d\xd6\x92\x55\x27\xf4\x94\x2b\xce\x41\x3a\xe0\x1f\x21\x43\x29\xfe\xbf\x30\xff\x39\x9e\x87\x71\xd6\xa5\x3e\xdf\xb7\xba\x5c\x71\x0e\xd1\x01\xff\x08\x19\x4a\xf1\xff\x95\xf9\xcf\x59\xf7\xcc\xb3\xba\x5f\xe3\x87\x7d\x24\x57\x9c\xc3\x74\xc0\x3f\x42\x86\x52\xfc\x7f\x63\xfe\x73\x95\xfc\x76\x3c\xf4\x8b\x5f\xcb\xc3\xca\x15\xe7\x08\x1d\xf0\x8f\x90\xa1\x14\xff\xdf\x99\xff\xdc\x9f\x33\x26\xff\x95\x35\xd5\xc5\x7d\x72\xc5\x39\x4a\x07\xfc\x23\x64\x28\xc5\xff\x0f\xe6\x3f\xcf\xf0\x49\xa7\xf2\x57\xd9\x94\x67\x82\x5c\x71\x8e\xd1\x01\xff\x08\x19\x4a\xf1\xff\x93\xf9\xcf\x9b\xb7\x4a\xaa\x33\x23\x1a\x94\x4a\x2e\x57\x9c\xe3\x74\xc0\x3f\x42\x86\x52\xfc\xff\x62\xfe\xf3\xa5\x6e\x17\x7a\x46\xfb\xbe\x4d\x0b\xc9\x15\xe7\x04\x1d\xf0\x8f\x90\xa1\x14\xff\x41\xcc\x7f\xfe\xc9\x2b\x5e\xb7\xde\xbc\x3e\xea\x77\xb9\xe2\x9c\xa4\x03\xfe\x11\x32\x94\xe2\xff\x37\xf3\x5f\xe0\xc4\x8e\x07\xf9\x2e\x07\xfe\xbd\x29\x57\x1c\xff\x67\x82\xe1\x1f\x21\x43\x29\xfe\xff\x30\xff\x05\x3b\xf5\x0b\x71\x36\xe2\xf3\x11\x6d\xe4\x8a\x73\x9a\x0e\xf8\x47\xc8\x50\x8a\xff\xbf\xcc\x7f\xa1\x66\x45\x92\xce\x8c\x12\x2c\xd9\x50\xb9\xe2\xf8\xbf\x13\x00\xff\x08\x19\x4a\xf1\xff\x8f\xf9\x2f\x7c\x67\xd0\xc1\x56\xe7\x2e\x55\xca\x28\x57\x9c\xb3\x74\xc0\x3f\x42\x86\xfa\xdf\xfe\x13\x06\x63\xfe\x8b\xcc\x2c\x35\xf7\xea\xba\x12\xfb\x13\xc8\x15\xe7\x1c\x1d\xf0\x8f\x90\xa1\x14\xff\xc1\x99\xff\xa2\x49\xc7\xf4\x4f\xd1\x69\xd6\xc9\xd5\x72\xc5\x39\x4f\x07\xfc\x23\x64\x28\xc5\x7f\x08\xe6\xbf\x58\xf6\x6d\xf5\x3a\x35\x9d\x37\x3d\xb1\x5c\x71\x2e\xd0\x01\xff\x08\x19\x4a\xf1\xef\x63\xfe\x8b\x8f\xed\xb0\x67\xe0\xce\x32\x0f\xa7\xc8\x15\xe7\x22\x1d\xf0\x8f\x90\xa1\x14\xff\x0e\xf3\x5f\x22\xc3\xa6\xea\x71\x6f\x5e\x0b\xb7\x4b\xae\x38\x97\xe8\x80\x7f\x84\x0c\xa5\xf8\x77\x99\xff\x92\x53\xbb\x6c\x7d\xe1\x3a\xbd\x22\xca\x15\xe7\x32\x1d\xf0\x8f\x90\xa1\x14\xff\x1e\xf3\x5f\x6a\x60\xb9\x29\x7b\x62\x3d\xbe\xf6\x4c\xae\x38\x57\xe8\x80\x7f\x84\x0c\xa5\xf8\x0f\xc9\xfc\x97\xce\x3d\xa2\x5b\xf9\x23\x99\x16\x54\x96\x2b\xce\x55\x3a\xe0\x1f\x21\x43\x29\xfe\x43\x31\xff\x65\xca\xa7\x99\x39\x6a\xc9\xea\xb2\x7d\xe5\x8a\x73\x8d\x0e\xf8\x47\xc8\x50\x8a\xff\xd0\xcc\x7f\xd9\xaf\x6f\x7a\xf7\xec\xd1\x33\xf7\x09\xb9\xe2\x5c\xa7\x03\xfe\x11\x32\x94\xe2\x3f\x0c\xf3\x5f\xee\xe1\xb5\x5a\xe9\xe6\x37\x89\xb6\x5e\xae\x38\x37\xe8\x80\x7f\x84\x0c\xa5\xf8\x0f\xcb\xfc\x97\xaf\x1d\x69\xc7\xbd\xc2\xdb\x1a\xc5\x91\x2b\x8e\xff\x3b\xc1\xf0\x8f\x90\xa1\x14\xff\xe1\x98\xff\x0a\x33\x33\x1f\x39\x96\x34\xed\xf8\xac\x72\xc5\xb9\x45\x07\xfc\x23\x64\x28\xc5\x7f\x78\xe6\xbf\x62\xd2\x2f\x29\x02\xff\xfd\xfd\x39\x50\xae\x38\xb7\xe9\x80\x7f\x84\x0c\xa5\xf8\x8f\xc0\xfc\x57\xca\x7e\x2e\x64\xc3\x47\xb1\xab\xb6\x90\x2b\xce\x1d\x3a\xe0\x1f\x21\x43\x29\xfe\x23\x32\xff\x95\xc7\x86\x7a\x3a\x29\xdf\xe9\xa4\x77\xe5\x8a\xe3\xff\x67\xf0\x8f\x90\xa1\x14\xff\x91\x98\xff\x2a\xef\x82\x26\xa7\xa9\x57\xf1\xdc\x67\xb9\xe2\xdc\xa3\x03\xfe\x11\x32\x94\xe2\x3f\x32\xf3\x5f\xb5\x4a\xde\x8e\x37\x07\x0d\xde\x51\x4c\xae\x38\xf7\xe9\x80\x7f\x84\x0c\xa5\xf8\x8f\xc2\xfc\x57\x2b\x10\xb2\xc2\xd8\x0e\x35\x3b\x3f\x97\x2b\xce\x03\x3a\xe0\x1f\x21\x43\x29\xfe\xa3\x32\xff\xd5\x7f\x1d\xdc\xd4\x6f\xcd\x68\xb7\x92\x5c\x71\x1e\xd2\x01\xff\x08\x19\x4a\xf1\x1f\x8d\xf9\xaf\x51\xc3\x57\xf3\xc9\x99\xc8\x2f\xfa\xc8\x15\xc7\xff\x4e\x70\xf8\x47\xc8\x50\x8a\xff\xe8\xcc\x7f\xcd\x47\x47\x77\xc7\x8c\x74\x78\xde\x49\xb9\xe2\x3c\xa6\x03\xfe\x11\x32\x94\xe2\x3f\x06\xf3\x5f\xeb\xdb\xbf\x59\x85\xc3\x27\xcb\x9c\x48\xae\x38\x4f\xe8\x80\x7f\x84\x0c\xa5\xf8\x8f\xc9\xfc\xd7\x2e\x93\xb3\xc7\x86\x8b\xdf\x8a\x4c\x95\x2b\xce\x53\x3a\xe0\x1f\x21\x43\x29\xfe\x63\x31\xff\x75\x72\xcc\x9e\xde\x75\x63\x9b\x95\xbb\xe5\x8a\xe3\x7f\x26\x10\xfc\x23\x64\x28\xc5\x7f\x6c\xe6\xbf\xee\xa0\xba\x5d\x87\xb5\xdd\x77\x3f\x82\x5c\x71\xfc\x7f\x13\x84\x7f\x84\x0c\xa5\xf8\x8f\xc3\xfc\xd7\x9b\xd6\xbc\xca\xa5\x51\x8b\x3f\xb4\x94\x2b\xce\x0b\x3a\xe0\x1f\x21\x43\x29\xfe\xe3\x32\xff\xf5\xd3\x2e\xdc\x96\xb8\x5a\xc7\x61\x77\xe4\x8a\xf3\x92\x0e\xf8\x47\xc8\x50\x8a\xff\x78\xcc\x7f\x83\x0c\x85\x9e\xe6\xcd\xf6\xba\xf5\x27\xb9\xe2\xbc\xa2\x03\xfe\x11\x32\x94\xe2\x3f\x3e\xf3\xdf\x70\xea\x90\x90\xe7\x5e\xe5\x8c\xff\x1f\xc6\x9d\xd7\x74\xc0\x3f\x42\x86\x52\xfc\x27\x60\xfe\x1b\x0d\xdc\x97\x62\xd6\xf7\x7b\x1b\xd7\xc9\x15\xe7\x0d\x1d\xf0\x8f\x90\xa1\x14\xff\x09\x99\xff\xc6\xb9\x7b\x1c\x69\x19\x10\xee\x78\x5c\xb9\xe2\xbc\xa5\x03\xfe\x11\x32\x94\xe2\x3f\x11\xf3\xdf\xa4\x5b\xaa\x01\x01\xa5\xa7\xa5\x09\x94\x2b\xce\x3b\x3a\xe0\x1f\x21\x43\x29\xfe\x13\x33\xff\x4d\xcf\xbc\x6b\x74\x63\x7a\x91\x3a\x03\xe4\x8a\xf3\x9e\x0e\xf8\x47\xc8\x50\x8a\xff\x24\xcc\x7f\xb3\x1b\x57\x0a\x8f\x19\x50\x20\x44\x18\xb9\xe2\x7c\xa0\x03\xfe\x11\x32\x94\xe2\x3f\x29\xf3\xdf\xbc\x51\x94\x85\xfd\xeb\x4c\xea\xb2\x5f\xae\x38\x1f\xe9\x80\x7f\x84\x0c\xa5\xf8\x4f\xc6\xfc\xb7\x38\x70\xa1\xd4\xd3\x3c\xa1\x66\x4e\x94\x2b\x8e\xff\x33\x01\xf0\x8f\x90\xa1\x14\xff\xc9\x99\xff\x96\xbd\x62\xac\x88\xf1\xe0\xd6\xfb\x64\x72\xc5\xf1\x3f\x13\x14\xfe\x11\x32\x94\xe2\x3f\x05\xf3\xdf\xaa\x5d\xda\x91\x85\xfe\xe4\x2d\x7c\x56\xae\x38\x5f\xe8\x80\x7f\x84\x0c\xa5\xf8\x4f\xc9\xfc\xb7\xbe\xf2\xaa\xf5\xc6\xc4\xef\x03\x7b\xc8\x15\xe7\x2b\x1d\xf0\x8f\x90\xa1\x14\xff\xa9\x98\xff\x36\x0b\x4a\x0c\xe9\x52\xb0\xeb\x8d\x6a\x72\xc5\xf9\x46\x07\xfc\x23\x64\x28\xc5\x7f\x6a\xe6\xbf\x6d\x9c\x71\xcd\x86\xcf\x5d\xbe\xee\xb1\x5c\x71\xbe\xd3\x01\xff\x08\x19\x4a\xf1\x9f\x86\xf9\x6f\x17\x61\x4b\xf1\xcb\xbd\x76\x0d\x1c\x22\x57\x9c\x1f\x74\xc0\x3f\x42\x86\x52\xfc\x07\x30\xff\xed\xb7\x74\x5a\x9a\x68\x59\x8b\xef\x99\xe4\x8a\xf3\x93\x0e\xf8\x47\xc8\x50\x8a\xff\xb4\xcc\x7f\x87\x6e\x15\x6e\xe6\x38\xf6\x29\x4e\x42\xb9\xe2\xfc\xa2\x03\xfe\x11\x32\x94\xe2\x3f\x1d\xf3\xdf\xf1\xcc\xb4\xdc\xa7\xe3\x24\x6a\xb3\x4a\xae\x38\x41\x74\xc0\x3f\x42\x86\x52\xfc\xa7\x67\xfe\x3b\xdd\x58\x13\x67\x7e\xc8\xe3\x07\x0a\xcb\x15\xe7\x37\x1d\xf0\x8f\x90\xa1\x14\xff\x19\x98\xff\xce\x8d\x5a\xfd\x68\x73\x3b\xfa\xb6\x6f\x72\xc5\xf9\x43\x07\xfc\x23\x64\x28\xc5\x7f\x46\xe6\xbf\x4b\xf0\x99\xe3\xae\xec\x1e\x5f\xfb\x86\x5c\x71\xfe\xd2\x01\xff\x08\x19\x4a\xf1\x9f\x89\xf9\xef\xba\xbb\x7e\x9b\x94\xcd\xeb\xa6\x6b\x2b\x57\x9c\x7f\x74\xc0\x3f\x42\x86\x52\xfc\x67\x66\xfe\xbb\xad\x6f\x5a\xb6\x73\xd1\x05\x07\xbb\xcb\x15\xd7\x7f\xc0\x3f\x42\x86\x52\xfc\x67\x61\xfe\xbb\x47\x5f\xbc\x7e\xc0\xcc\x4e\xdb\x0f\xc9\x15\x97\xfe\x1d\xf8\x47\xc8\x52\x8a\xff\xac\xcc\x7f\x8f\xed\x0d\x8b\xc4\xf9\xf9\xa2\xd6\x1b\xb9\xe2\x86\xa0\x03\xfe\x11\x32\x94\xe2\x3f\x90\xf9\xef\x19\x7e\xf9\xb2\x97\xc9\x73\xa5\xad\x29\x57\x5c\x1f\x1d\xf0\x8f\x90\xa1\x14\xff\xd9\x98\xff\x5e\xb1\xe7\x0e\xdf\x9b\xe3\xee\x80\x0d\x72\xc5\x75\xe8\x80\x7f\x84\x0c\xa5\xf8\xcf\xce\xfc\xf7\x5e\x5c\xbb\x69\xb9\x27\x11\xbf\xb9\x72\xc5\xf5\xff\x33\xf8\x47\xc8\x50\x8a\xff\x1c\xcc\x7f\x9f\xeb\x3f\x47\x8d\x1e\x32\x35\x6e\x80\x5c\x71\x3d\x3a\xe0\x1f\x21\x43\x29\xfe\x73\x32\xff\x7d\xdb\xe6\x6f\xd1\xa3\x46\xf1\xb6\xf3\xe4\x8a\x1b\x92\x0e\xf8\x47\xc8\x50\x8a\xff\x5c\xcc\x7f\xbf\x9e\x6e\xc9\xb4\xfb\x6b\x15\xfa\x29\x57\x5c\xff\xcf\xc3\x3f\x42\x86\x52\xfc\xe7\x66\xfe\xfb\x1f\x3e\xbc\xfa\x7e\xe3\x11\x59\xcb\xc8\x15\x37\x34\x1d\xf0\x8f\x90\xa1\x14\xff\x79\x98\xff\x01\xa9\x03\x23\xc5\xf2\x45\xb9\xd9\x48\xae\xb8\xfe\x77\x02\xc1\x3f\x42\x86\x52\xfc\xe7\x65\xfe\x07\x4e\xfe\xfc\xe9\xf5\xfd\x03\xeb\xaf\xcb\x15\x37\x2c\x1d\xf0\x8f\x90\xa1\x14\xff\xf9\x98\xff\x41\xc3\x4f\x5e\xde\x7f\x28\xa5\x2f\x9f\x5c\x71\xc3\xd1\x01\xff\x08\x19\x4a\xf1\x9f\x9f\xf9\x1f\x9c\x37\x62\xa6\x32\x09\xbe\x76\x1d\x2d\x57\xdc\xf0\x74\xc0\x3f\x42\x86\x52\xfc\x17\x60\xfe\x87\xa4\x8b\x1d\xe9\x57\xbf\xf6\x33\x96\xca\x15\x37\x02\x1d\xf0\x8f\x90\xa1\x14\xff\x05\x99\xff\xa1\xd3\xef\x7f\x0a\xbd\x68\xef\xbb\x48\x72\xc5\x8d\x48\x07\xfc\x23\x64\x28\xc5\x7f\x21\xe6\x7f\xd8\xe0\xa7\x97\xeb\x6e\xdd\xb9\x61\x96\x5c\x71\xfd\xff\x9b\x00\xff\x08\x19\x4a\xf1\x5f\x98\xf9\x1f\x9e\x33\x69\xa6\x75\x2d\x5b\x1f\xcb\x20\x57\xdc\xc8\x74\xc0\x3f\x42\x86\x52\xfc\x17\x61\xfe\x47\xcc\x7e\x78\x2b\x6b\xe8\x8f\x01\xc1\xe5\x8a\x1b\x85\x0e\xf8\x47\xc8\x50\x8a\xff\xa2\xcc\xff\xc8\xc4\x29\x73\x1c\xbf\x9a\xb4\xee\x16\xb9\xe2\x46\xa5\x03\xfe\x11\x32\x94\xe2\xbf\x18\xf3\x3f\x2a\x30\x7e\xec\xc9\x27\x8e\x7c\xac\x2b\x57\xdc\x68\x74\xc0\x3f\x42\x86\x52\xfc\x17\x67\xfe\x47\x8f\xbf\x1d\xd4\x20\x5a\x8c\xe1\x2f\xe4\x8a\x1b\x9d\x0e\xf8\x47\xc8\x50\x8a\xff\x12\xcc\xff\x98\xa0\x9e\xd1\x96\x76\x19\xd3\xea\x98\x5c\x71\x63\xd0\x01\xff\x08\x19\x4a\xf1\x5f\x92\xf9\x1f\x5b\x70\xff\xb7\x6a\x2b\xea\xc5\xeb\x2c\x57\xdc\x98\x74\xc0\x3f\x42\x86\x52\xfc\x97\x62\xfe\xc7\x55\x1d\x7a\x3d\x44\xf9\xc2\x59\xa2\xc9\x15\x37\x16\x1d\xf0\x8f\x90\xa1\x14\xff\xa5\x99\xff\xf1\xef\x0b\x07\x7e\x9c\x3c\xb1\xe8\x42\xb9\xe2\xc6\xa6\x03\xfe\x11\x32\x94\xe2\xbf\x0c\xf3\x3f\x21\x5d\xc3\x92\x2f\x3f\x87\x5d\x31\x5e\xae\xb8\x71\xe8\x80\x7f\x84\x0c\xa5\xf8\x2f\xcb\xfc\x4f\x9c\xbe\x7c\x75\x9c\x0c\x37\xef\xe5\x92\x2b\x6e\x5c\x3a\xe0\x1f\x21\x43\x29\xfe\xcb\x31\xff\x93\x06\xcf\x1d\x55\x2e\x73\xbe\x4e\x97\xe5\x8a\x1b\x8f\x0e\xf8\x47\xc8\x50\x8a\xff\xf2\xcc\xff\xe4\x9c\xb5\x5b\xec\x7d\xf7\xc6\x69\x26\x57\xdc\xf8\x74\xc0\x3f\x42\x86\x52\xfc\x57\x60\xfe\xa7\xd4\x5a\x91\xc0\x1d\xd7\xed\x65\x09\xb9\xe2\x26\xa0\x03\xfe\x11\x32\x94\xe2\xbf\x22\xf3\x3f\xf5\x41\xbb\xdf\xdf\x2a\x2d\x99\xff\x47\xae\xb8\x09\xe9\x80\x7f\x84\x0c\xa5\xf8\xaf\xc4\xfc\x4f\xfb\x52\xe5\xee\xa2\x05\xfd\xaa\xd4\x91\x2b\xae\xff\x67\xe0\x1f\x21\x43\x29\xfe\x2b\x33\xff\xd3\xcb\x4d\xca\x5f\xb1\xcf\x9a\x24\x2f\xe5\x8a\x9b\x98\x0e\xf8\x47\xc8\x50\x8a\xff\x2a\xcc\xff\x8c\x37\x15\xae\x9c\x8e\x97\xed\xfc\x71\xb9\xe2\x26\xa1\x03\xfe\x11\x32\x94\xe2\xbf\x2a\xf3\x3f\xb3\xda\xb4\x6c\x39\x0e\x3c\xd9\xd9\x49\xae\xb8\x49\xe9\x80\x7f\x84\x0c\xa5\xf8\xaf\xc6\xfc\xcf\x2a\xb4\x26\x66\x9b\xbb\xbe\xe8\xb3\xe5\x8a\x9b\x8c\x0e\xf8\x47\xc8\x50\x8a\xff\xea\xcc\xff\xec\x1f\xad\xbe\xce\x0f\x7e\xb1\x71\x7a\xb9\xe2\x26\xa7\x03\xfe\x11\x32\x94\xe2\xbf\x06\xf3\x3f\x67\xcc\x89\x38\xb5\x1a\x96\x1e\xf7\x1f\x2b\x6e\x0a\x3a\xe0\x1f\x21\x43\x29\xfe\x6b\x32\xff\x73\xb3\x45\xf8\xb1\x72\xef\xcc\x1f\x5b\xe5\x8a\x9b\x92\x0e\xf8\x47\xc8\x50\x8a\xff\x5a\xcc\xff\xbc\x24\x59\x6f\xfe\xa9\x35\xe4\xfa\x25\xb9\xe2\xa6\xa2\x03\xfe\x11\x32\x94\xe2\xbf\x36\xf3\x3f\x7f\xc6\xa7\xdc\x11\x86\x55\x5b\xd8\x5c\xae\xb8\xa9\xe9\x80\x7f\x84\x0c\xa5\xf8\xaf\xc3\xfc\x2f\x98\x1d\xb9\x45\x94\x67\x67\xca\x94\x94\x2b\x6e\x1a\x3a\xe0\x1f\x21\x43\x29\xfe\xeb\x32\xff\x0b\x13\x5f\x1f\xf5\x30\x57\x82\x5c\xbf\xe5\x8a\x1b\x40\x07\xfc\x23\x64\x28\xc5\x7f\x3d\xe6\x7f\x51\xe0\xdb\xd5\x5b\x53\xfe\x9c\x16\x5d\xae\xb8\x69\xe9\x80\x7f\x84\x0c\xa5\xf8\xaf\xcf\xfc\x2f\x1e\x1f\x50\xb2\x58\x50\xc0\x83\x05\x72\xc5\x4d\x47\x07\xfc\x23\x64\x28\xc5\x7f\x03\xe6\x7f\xc9\xa1\xde\xe1\x9d\xd9\x1b\xc3\xff\xc7\x07\x00\x5c\xff\x67\x82\xe0\x1f\x21\x43\x29\xfe\x1b\x32\xff\x4b\x7b\xec\x7d\xff\xbd\x78\xe3\xde\xb9\xe5\x8a\xeb\x7f\x27\x30\xfc\x23\x64\x28\xc5\x7f\x23\xe6\x7f\x59\x9b\xe1\xe7\x16\x57\x68\x9e\x7c\xa3\x5c\x71\x33\xd2\x01\xff\x08\x19\x4a\xf1\xdf\x98\xf9\x5f\x7e\xad\x60\xda\x0a\x63\xb6\x56\x76\xe4\x8a\x9b\x89\x0e\xf8\x47\xc8\x50\x8a\xff\x26\xcc\xff\x8a\x2e\x83\x8f\x9f\x7a\x93\x61\x5f\x1a\xb9\xe2\x66\xa6\x03\xfe\x11\x32\x94\xe2\xbf\x29\xf3\xbf\xf2\x5c\xd1\xe4\x39\x33\xfe\x39\x31\x5f\xae\xb8\x59\xe8\x80\x7f\x84\x0c\xa5\xf8\x6f\xc6\xfc\xaf\xba\xd5\xdf\x69\x9b\x2e\x4e\x93\x6e\x72\xc5\xcd\x4a\x07\xfc\x23\x64\x28\xc5\x7f\x73\xe6\x7f\x75\x83\x9d\xcf\xe6\x7d\x3c\x11\xe5\xb0\x5c\x71\x03\xe9\x80\x7f\x84\x0c\xa5\xf8\x6f\xc1\xfc\xaf\x89\x16\x37\x74\xed\x89\x95\xfe\xbd\x95\x2b\x6e\x36\x3a\xe0\x1f\x21\x43\x29\xfe\x5b\x32\xff\x6b\xd7\xdd\x7d\xbd\xa2\xec\x80\x91\x35\xe4\x8a\x9b\x9d\x0e\xf8\x47\xc8\x50\x8a\xff\x56\xcc\xff\xba\x5d\xcf\x4f\xfd\x5e\x35\x77\x59\x7e\xb9\xe2\xe6\xa0\x03\xfe\x11\x32\x94\xe2\xbf\x35\xf3\xbf\x3e\x58\xe2\x54\x11\xbb\x95\xbf\x30\x4a\xae\xb8\x39\xe9\x80\x7f\x84\x0c\xa5\xf8\x6f\xc3\xfc\x6f\x38\xe4\xab\x12\x33\xc6\xd5\xbc\x4b\xe4\x8a\xeb\x7f\x27\x38\xfc\x23\x64\x28\xc5\x7f\x5b\xe6\x7f\x63\x8f\xa3\xdb\x9e\x9c\x0a\x59\x3a\xb2\x5c\x71\xfd\xdf\x09\x80\x7f\x84\x0c\xa5\xf8\x6f\xc7\xfc\x6f\x6a\xf3\x6f\xfa\x86\xeb\x0f\x9e\xff\x90\x2b\x6e\x1e\x3a\xe0\x1f\x21\x43\x29\xfe\xdb\x33\xff\x9b\xaf\xe5\xec\x5a\x38\x6c\xe6\x89\x65\xe5\x8a\x9b\x97\x0e\xf8\x47\xc8\x50\x8a\xff\x0e\xcc\xff\x96\xad\xa7\x7c\x41\xad\x57\xf4\x69\x2c\x57\xdc\x7c\x74\xc0\x3f\x42\x86\x52\xfc\x77\x64\xfe\xb7\x46\x0c\xf7\x30\xd4\xf6\x5e\x61\xae\xc9\x15\xd7\xff\x37\x41\xf8\x47\xc8\x50\x8a\xff\x4e\xcc\xff\xb6\xb8\xd9\x0e\xd4\x19\xfd\x71\xee\x05\xb9\xe2\x16\xa0\x03\xfe\x11\x32\x94\xe2\xbf\x33\xf3\xbf\x7d\xe1\x87\x24\xeb\xab\x27\x7d\xdd\x54\xae\xb8\x05\xe9\x80\x7f\x84\x0c\xa5\xf8\xef\xc2\xfc\xef\xf0\x65\x3e\x19\x98\x7d\xa7\x57\x5a\xae\xb8\x85\xe8\x80\x7f\x84\x0c\xa5\xf8\xef\xca\xfc\xef\xdc\xf9\x25\xe0\xd8\xeb\xd6\x1d\xfe\xca\x15\xb7\x30\x1d\xf0\x8f\x90\xa1\x14\xff\xdd\x98\xff\x5d\x6b\xcf\x85\x99\xf4\x6d\xcc\x9d\x98\x72\xc5\x2d\x42\x07\xfc\x23\x64\x28\xc5\x7f\x77\xe6\x7f\x77\xcc\x50\x2f\x1a\xa6\xa9\xb7\x6a\x91\x5c\x71\x8b\xd2\x01\xff\x08\x19\x4a\xf1\xdf\x83\xf9\xdf\xd3\x78\x55\xc8\x25\xa5\x8e\x14\x1f\x23\x57\xdc\x62\x74\xc0\x3f\x42\x86\x52\xfc\xf7\x64\xfe\xf7\xde\x6c\xf3\xb4\xfa\xb4\x18\x99\x72\xca\x15\xd7\xef\x1e\xfe\x11\x32\x94\xe2\xbf\x17\xf3\xbf\xef\x6c\xb5\x23\xbe\x8e\x61\x13\xd4\x93\x2b\x6e\x09\x3a\xe0\x1f\x21\x43\x29\xfe\x7b\x33\xff\xfb\xbb\x4f\x48\xf1\x61\xed\xcd\x16\xaf\xe5\x8a\xeb\x7f\x27\x38\xfc\x23\x64\x28\xc5\x7f\x1f\xe6\xff\x40\xda\x01\xe9\x96\x9e\x2d\x3c\xf4\xa8\x5c\x71\x4b\xd1\x01\xff\x08\x19\x4a\xf1\xdf\x97\xf9\x3f\x38\xad\xd8\xf9\x6a\x91\x27\x7e\xee\x20\x57\x5c\xff\x67\x82\xe0\x1f\x21\x43\x29\xfe\xfb\x31\xff\x87\x06\xf5\x79\x17\x22\x5c\xb7\xfa\x33\xe5\x8a\x5b\x86\x0e\xf8\x47\xc8\x50\x8a\xff\xfe\xcc\xff\xe1\x1c\xbb\xc2\x7d\xbc\xb0\x24\x75\x5a\xb9\xe2\xfa\x9f\x09\x00\xff\x08\x19\x4a\xf1\x3f\x80\xf9\x3f\x32\x29\xd1\xb3\xf5\x1b\xf2\x1d\x09\x21\x57\xdc\x72\x74\xc0\x3f\x42\x86\x52\xfc\x0f\x64\xfe\x8f\xa6\x7a\xe6\xd4\x69\xf3\x66\xd3\x76\xb9\xe2\x96\xa7\x03\xfe\x11\x32\x94\xe2\x7f\x10\xf3\x7f\x2c\xcf\x9d\xe4\xa1\x7a\xbf\x78\x93\x57\xae\xb8\x15\xe8\x80\x7f\x84\x0c\xa5\xf8\x1f\xcc\xfc\x1f\x1f\x16\xe7\x78\xd0\xf2\x5c\xb3\x46\xc8\x15\xb7\x22\x1d\xf0\x8f\x90\xa1\x14\xff\x43\x98\xff\x13\xc9\x6e\xa4\x6d\x78\x7c\x41\xf7\x65\x72\xc5\xad\x44\x07\xfc\x23\x64\x28\xc5\xff\x50\xe6\xff\xe4\xbc\x04\xe7\x26\xc5\xed\x14\x3c\xaa\x5c\x71\x2b\xd3\x01\xff\x08\x19\x4a\xf1\x3f\x8c\xf9\x3f\x35\x2a\xd9\xfb\x63\xde\xd4\xb5\xbf\xe4\x8a\x5b\x85\x0e\xf8\x47\xc8\x50\x8a\xff\xe1\xcc\xff\xe9\x8c\x8f\xc2\x07\xde\x2a\x7e\xbb\xbc\x5c\x71\xab\xd2\x01\xff\x08\x19\x4a\xf1\x3f\x82\xf9\x3f\x53\xa4\xc0\xa3\x0f\xbb\xee\x66\x6b\x28\x57\xdc\x6a\x74\xc0\x3f\x42\x86\x52\xfc\x8f\x64\xfe\xcf\xfe\x1d\x16\xcc\xd7\x2c\x62\x81\x2b\x72\xc5\xad\x4e\x07\xfc\x23\x64\x28\xc5\xff\x28\xe6\xff\xdc\xab\x3d\x89\xab\x0f\x8c\xd2\x7e\xb3\x5c\x71\x6b\xd0\x01\xff\x08\x19\x4a\xf1\x3f\x9a\xf9\x3f\x5f\xa1\xd7\xe1\x25\x75\x0f\xc4\xf6\xe4\x8a\x5b\x93\x0e\xf8\x47\xc8\x50\x8a\xff\x31\xcc\xff\x85\x49\x35\xf6\xef\xc9\x5b\xeb\x4b\x2a\xb9\xe2\xd6\xa2\x03\xfe\x11\x32\x94\xe2\x7f\x2c\xf3\x7f\x31\xd5\xbc\xba\xe5\x1f\x8e\x18\x34\x57\xae\xb8\xb5\xe9\x80\x7f\x84\x0c\xa5\xf8\x1f\xc7\xfc\x5f\xca\xb3\xa4\x4f\xdc\xdf\xed\xd3\x77\x91\x2b\x6e\x1d\x3a\xe0\x1f\x21\x43\x29\xfe\xc7\x33\xff\x97\x87\x35\x9a\xf7\x22\xd1\xde\x1a\x07\xe5\x8a\x5b\x97\x0e\xf8\x47\xc8\x50\x8a\xff\x09\xcc\xff\x95\xa7\x13\x5f\x54\x28\x90\x72\xeb\x7b\xb9\xe2\xfa\x9f\x09\x0c\xff\x08\x19\x4a\xf1\x3f\x91\xf9\xbf\x5a\xbf\x7a\x98\xc5\x73\xbe\x1e\xae\x25\x57\xdc\xfa\x74\xc0\x3f\x42\x86\x52\xfc\x4f\x62\xfe\xaf\x95\x6e\x1b\xf0\xbd\x5d\x86\x50\x41\x72\xc5\x6d\x40\x07\xfc\x23\x64\x28\xc5\xff\x64\xe6\xff\xfa\xc7\xd5\x27\x9d\x4d\x7f\xfa\x95\x93\x2b\xae\xff\x33\xc1\xf0\x8f\x90\xa1\x14\xff\x53\x98\xff\x1b\x95\x5b\x26\x99\x77\xa9\xf9\xe4\x06\x72\xc5\x6d\x44\x07\xfc\x23\x64\x28\xc5\xff\x54\xe6\xff\xe6\xcb\xf5\x07\xda\x46\xd8\xfa\xf4\xaa\x5c\x71\x1b\xd3\x01\xff\x08\x19\x4a\xf1\x3f\x8d\xf9\xbf\xf5\x67\xea\xc3\x9c\x51\x2b\x95\xcc\x23\x57\xdc\x26\x74\xc0\x3f\x42\x86\x52\xfc\x4f\x67\xfe\x6f\x17\xaf\xec\x3b\x75\x7e\x40\xfe\x91\x72\xc5\x6d\x4a\x07\xfc\x23\x64\x28\xc5\xff\x0c\xe6\xff\x4e\x96\x8f\x6f\x22\xae\x8f\x73\x69\xb9\x5c\x71\x9b\xd1\x01\xff\x08\x19\x4a\xf1\x3f\x93\xf9\xbf\x3b\x32\x7b\x84\xdf\x9d\x4f\x2c\x89\x22\x57\xdc\xe6\x74\xc0\x3f\x42\x86\x52\xfc\xcf\x62\xfe\xef\xcd\x0d\x9f\x61\xc5\x94\xab\xa3\xbb\xca\x15\xb7\x05\x1d\xf0\x8f\x90\xa1\x14\xff\xb3\x99\xff\xfb\x29\x4f\x9f\xad\x5d\x22\xe4\x9f\x03\x72\xc5\x6d\x49\x07\xfc\x23\x64\x28\xc5\xff\x1c\xe6\xff\x41\xb2\x54\xf3\x8a\xa7\x9a\x1b\xe9\x9d\x5c\x71\x5b\xd1\x01\xff\x08\x19\x4a\xf1\x3f\x97\xf9\x7f\x38\xef\x5d\x9f\x2d\x5f\xca\x37\xab\x2d\x57\xdc\xd6\x74\xc0\x3f\x42\x86\x52\xfc\xcf\x63\xfe\x1f\x8d\xba\x52\xf7\xc1\xcb\x15\xa7\x36\xc9\x15\xb7\x0d\x1d\xf0\x8f\x90\xa1\x14\xff\xf3\x99\xff\xc7\x19\xa3\xec\x8f\x1a\xd8\x6b\x4f\x48\xb9\xe2\xb6\xa5\x03\xfe\x11\x32\x94\xe2\x7f\x01\xf3\xff\xa4\x6f\xa1\xa0\x8a\x55\x1f\x54\x4c\x2d\x57\xdc\x76\x74\xc0\x3f\x42\x86\x52\xfc\x2f\x64\xfe\x9f\x1e\x1f\x12\x7b\xd1\xc8\xcc\x29\xe7\xc8\x15\xb7\x3d\x1d\xf0\x8f\x90\xa1\x14\xff\x8b\x98\xff\x67\x97\xf7\xe5\xf8\x36\x2f\x5b\xcf\x18\x72\xc5\xed\x40\x07\xfc\x23\x64\x28\xc5\xff\x62\xe6\xff\x79\xcb\x1e\xb7\xdc\x42\x4f\x22\x2e\x96\x2b\x6e\x47\x3a\xe0\x1f\x21\x43\x29\xfe\x97\x30\xff\x2f\x4e\xef\xca\x34\x3f\x49\xbf\x47\x63\xe5\x8a\xdb\x89\x0e\xf8\x47\xc8\x50\x8a\xff\xa5\xcc\xff\xcb\x8e\x7d\x2e\xb7\xf9\xbb\x66\x4a\x0e\xb9\xe2\x76\xa6\x03\xfe\x11\x32\x94\xe2\x7f\x19\xf3\xff\xaa\x69\xb1\x4f\x39\x1e\x97\xce\x71\x51\xae\xb8\xfe\x77\x02\xc0\x3f\x42\x86\x52\xfc\x2f\x67\xfe\x5f\xdf\x1f\x10\xe9\x74\xfe\x99\xe5\x9a\xc8\x15\xd7\xff\x9d\x20\xf8\x47\xc8\x50\x8a\xff\x15\xcc\xff\x9b\xd5\x49\xfe\x45\xa8\xef\x5b\x5c\x4a\xae\xb8\xdd\xe8\x80\x7f\x84\x0c\xa5\xf8\x5f\xc9\xfc\xbf\x8d\xfc\x24\xfe\x9f\xc1\x17\xaf\xfe\x93\x2b\x6e\x77\x3a\xe0\x1f\x21\x43\x29\xfe\x57\x31\xff\xef\xdc\x7b\x79\x56\x36\x39\xf3\x6b\x86\x5c\x71\x7b\xd0\x01\xff\x08\x19\x4a\xf1\xbf\x9a\xf9\x7f\xbf\x3f\xd6\xbd\x5a\x3b\x12\x8c\x49\x27\x57\xdc\x9e\x74\xc0\x3f\x42\x86\x52\xfc\xaf\x61\xfe\x3f\xf4\xcd\xb5\xa8\xd0\x8d\x21\x0d\x7d\x72\xc5\xed\x45\x07\xfc\x23\x64\x28\xc5\xff\x5a\xe6\xff\xe3\xf1\xdf\x05\x36\x3a\xd5\x62\x6e\x93\x2b\x6e\x6f\x3a\xe0\x1f\x21\x43\x29\xfe\xd7\x31\xff\x9f\x2e\x1f\x6b\xf8\x34\xf6\xc6\xdd\xf5\xe5\x8a\xdb\x87\x0e\xf8\x47\xc8\x50\x8a\xff\xf5\xcc\xff\xe7\x96\xc1\x06\xc7\x38\xda\xf8\xec\x2b\xb9\xe2\xf6\xa5\x03\xfe\x11\x32\x94\xe2\x7f\x03\xf3\xff\x25\xcc\xe7\xaf\xeb\x96\xfe\x4c\x74\x44\xae\xb8\xfd\xe8\x80\x7f\x84\x0c\xa5\xf8\xdf\xc8\xfc\x7f\xdd\x10\x18\xb3\x6e\xcf\x80\x6a\x1d\xe5\x8a\xdb\x9f\x0e\xf8\x47\xc8\x50\x8a\xff\x4d\xcc\xff\xb7\x25\x11\xb3\x85\xbe\xf3\x2e\xc2\x09\xb9\xe2\x0e\xa0\x03\xfe\x11\x32\x94\xe2\x7f\x33\xf3\xff\x3d\xc1\xc9\x2b\xbf\x82\xe5\xe9\xd1\x57\xae\xb8\x03\xe9\x80\x7f\x84\x0c\xa5\xf8\xdf\xc2\xfc\xff\xd8\x13\x36\x7f\x83\x06\xcb\xa6\x56\x96\x2b\xee\x20\x3a\xe0\x1f\x21\x43\x29\xfe\xb7\x32\xff\x3f\xbd\xb3\x77\x27\xef\xe9\xf2\xf8\x99\x5c\x71\x07\xd3\x01\xff\x08\x19\x4a\xf1\xbf\x8d\xf9\xff\x15\xe5\xfb\xef\xe3\x0b\x27\x97\x8f\x28\x57\xdc\x21\x74\xc0\x3f\x42\x86\x52\xfc\x6f\x67\xfe\x83\x56\x64\x4a\x90\xb5\x6f\xc1\x9c\xbb\xe4\x8a\x3b\x94\x0e\xf8\x47\xc8\x50\x8a\xff\x1d\xcc\xff\xef\x3b\x93\x3f\x7e\x8c\x7f\xfb\xca\x14\xb9\xe2\x0e\xa3\x03\xfe\x11\x32\x94\xe2\x7f\x27\xf3\xff\xa7\x59\xd5\xa8\x21\x0e\x86\x5e\x94\x58\xae\xb8\xc3\xe9\x80\x7f\x84\x0c\xa5\xf8\xdf\xc5\xfc\xff\xed\xd4\x3e\x73\xb5\x14\xd1\xc6\x16\x93\x2b\xee\x08\x3a\xe0\x1f\x21\x43\x29\xfe\x77\x33\xff\xff\x4e\xac\xbc\xb0\xf4\xd7\xb1\xa0\xcf\x72\xc5\x1d\x49\x07\xfc\x23\x64\x28\xc5\xff\x9e\xff\xf7\xef\x06\x7b\xe9\xdb\x71\x7c\x56\x9d\x18\x77\xe5\x8a\x3b\x8a\x0e\xf8\x47\xc8\x50\x8a\xff\xbd\xcc\x7f\xf0\xca\x47\x6b\x65\x2d\x36\xae\x41\x0b\xb9\xe2\x8e\xa6\x03\xfe\x11\x32\x94\xe2\x7f\x1f\xf3\x1f\xa2\xf8\xbf\xde\x0d\x6a\xb7\x3c\x33\x50\xae\xb8\x63\xe8\x80\x7f\x84\x0c\xa5\xf8\xdf\xcf\xfc\xfb\xfe\xe4\x9c\x39\x79\xf8\xee\x5d\x59\xe5\x8a\xeb\x7f\x27\x18\xfc\x23\x64\x28\xc5\xff\x01\xe6\xdf\x79\x9b\x61\x47\xf2\xe7\x89\xab\xc7\x91\x2b\xee\x38\x3a\xe0\x1f\x21\x43\x29\xfe\x0f\x32\xff\x6e\xf5\x97\xb5\xae\xe5\xfe\x9c\x78\xbd\x5c\x71\xc7\xd3\x01\xff\x08\x19\x4a\xf1\x7f\x88\xf9\xf7\x0a\x5f\xee\x3d\x28\xed\xf7\xfe\xc9\xe5\x8a\x3b\x81\x0e\xf8\x47\xc8\x50\x8a\xff\xc3\xcc\x7f\xc8\x9f\xd1\x67\x76\xfc\x90\x3c\xf4\x04\xb9\xe2\x4e\xa4\x03\xfe\x11\x32\x94\xe2\xff\x08\xf3\x1f\xaa\xf6\xf5\x4e\xaf\x27\xec\x7f\xb2\x4f\xae\xb8\x93\xe8\x80\x7f\x84\x0c\xa5\xf8\x3f\xca\xfc\x87\x7e\x18\x79\x42\xac\x32\x6d\x27\x85\x95\x2b\xee\x64\x3a\xe0\x1f\x21\x43\x29\xfe\x8f\x31\xff\x61\xbe\x06\x6c\x2c\x53\x71\x54\xbe\x47\x72\xc5\xf5\x7f\x27\x10\xfe\x11\x32\x94\xe2\xff\x38\xf3\x1f\xb6\xfc\xdb\xca\xfb\xc7\xd6\x28\x51\x5d\xae\xb8\x53\xe9\x80\x7f\x84\x0c\xa5\xf8\x3f\xc1\xfc\x87\xcb\x5d\x7e\x4f\xaf\xb7\x87\x96\xf6\x94\x2b\xee\x34\x3a\xe0\x1f\x21\x43\x29\xfe\x4f\x32\xff\xe1\x07\x8e\xac\x37\x32\x53\xa4\xcb\x67\xe4\x8a\x3b\x9d\x0e\xf8\x47\xc8\x50\x8a\xff\x53\xcc\x7f\x84\xa9\x9b\xfb\xdf\xbd\x16\xfe\xf7\x6a\xb9\xe2\xce\xa0\x03\xfe\x11\x32\x94\xe2\xff\x34\xf3\x1f\x31\x43\xd7\xb9\xe9\xc3\xdc\x1f\x95\x40\xae\xb8\x33\xe9\x80\x7f\x84\x0c\xa5\xf8\x3f\xc3\xfc\x47\x7a\x5b\xfd\x61\xb6\x56\x45\x9b\x67\x94\x2b\xee\x2c\x3a\xe0\x1f\x21\x43\x29\xfe\xcf\x32\xff\x91\xab\x4f\xf4\x1d\xdd\x36\x3d\xf2\x50\xb9\xe2\xce\xa6\x03\xfe\x11\x32\x94\xe2\xff\x1c\xf3\x1f\xa5\xf0\xea\x24\x13\x57\x77\xd8\xdb\x46\xae\xb8\x73\xe8\x80\x7f\x84\x0c\xa5\xf8\x3f\xcf\xfc\x47\xfd\xd9\xf6\x40\xa3\xee\x8b\x4e\xdf\x94\x2b\xee\x5c\x3a\xe0\x1f\x21\x43\x29\xfe\x2f\x30\xff\xd1\x66\xcd\xdb\x76\x2b\x66\x8e\x14\xdf\xe5\x8a\x3b\x8f\x0e\xf8\x47\xc8\x50\x8a\xff\x8b\xcc\x7f\xf4\x44\x35\xaa\xa4\x3e\xfd\xaa\x42\x21\xb9\xe2\xce\xa7\x03\xfe\x11\x32\x94\xe2\xff\x12\xf3\x1f\x23\x6b\xa3\xae\x7d\x73\x66\x9c\xfd\x58\xae\xb8\x0b\xe8\x80\x7f\x84\x0c\xa5\xf8\xbf\xcc\xfc\xc7\x1c\xb7\x64\xfa\xb8\xa7\x8f\xde\x56\x93\x2b\xee\x42\x3a\xe0\x1f\x21\x43\x29\xfe\xaf\x30\xff\xb1\xd2\x36\xeb\x13\x6d\x68\x8f\x60\x3d\xe4\x8a\xbb\x88\x0e\xf8\x47\xc8\x50\x8a\xff\xab\xcc\x7f\xec\x69\x0b\xe6\x3d\xaf\xb9\xaa\xdb\x59\xb9\xe2\x2e\xa6\x03\xfe\x11\x32\x94\xe2\xff\x1a\xf3\x1f\x67\xd0\xac\xfd\x9b\x8b\x94\xbd\x95\x4c\xae\xb8\x4b\xe8\x80\x7f\x84\x0c\xa5\xf8\xbf\xce\xfc\xc7\xcd\x51\xa7\x6e\x81\x19\xf3\xd7\x4c\x94\x2b\xee\x52\x3a\xe0\x1f\x21\x43\x29\xfe\x6f\x30\xff\xf1\xca\xfc\xdd\x34\xf4\x87\x5b\x70\xbf\x5c\x71\x97\xd1\x01\xff\x08\x19\x4a\xf1\x7f\x93\xf9\x8f\xff\x2d\x47\x85\x6e\xc9\xae\x67\x0f\x23\x57\xdc\xe5\x74\xc0\x3f\x42\x86\x52\xfc\xdf\x62\xfe\x13\x3c\x0a\xd1\x31\xc9\xe1\x53\xb1\xda\xca\x15\x77\x05\x1d\xf0\x8f\x90\xa1\x14\xff\xb7\x99\xff\x84\x35\x8e\x4c\xbe\x98\x30\x56\xbb\x1b\x72\xc5\x5d\x49\x07\xfc\x23\x64\x28\xc5\xff\x1d\xe6\x3f\x51\xed\x94\x07\xce\xf6\x1f\x34\xf8\x9b\x5c\x71\x57\xd1\x01\xff\x08\x19\x4a\xf1\x7f\x97\xf9\x4f\xfc\xf0\x61\x92\x7c\x8b\x2b\x7c\x2d\x2c\x57\x5c\xff\x33\xc1\xe0\x1f\x21\x43\x29\xfe\xef\x31\xff\x49\xbe\xde\xf6\xb5\xda\xb7\xbd\xe6\x2a\xb9\xe2\xae\xa1\x03\xfe\x11\x32\x94\xe2\xff\x3e\xf3\x9f\xb4\x7c\xfc\x87\x33\x1b\x35\xcd\x90\x50\xae\xb8\x6b\xe9\x80\x7f\x84\x0c\xa5\xf8\x7f\xc0\xfc\x27\x0b\x51\x76\xe9\xed\x10\xff\x0e\x65\x92\x2b\xee\x3a\x3a\xe0\x1f\x21\x43\x29\xfe\x1f\x32\xff\xc9\x77\x8c\x2e\x9e\xea\x5e\xba\x2d\x43\xe4\x8a\xbb\x9e\x0e\xf8\x47\xc8\x50\x8a\xff\x47\xcc\x7f\x8a\x35\x1b\x9b\xf5\x39\x99\xfa\x55\x04\xb9\xe2\x6e\xa0\x03\xfe\x11\x32\x94\xe2\xff\x31\xf3\x9f\x32\x46\xf7\x21\xe3\xa3\x07\xcd\xd9\x2d\x57\xdc\x8d\x74\xc0\x3f\x42\x86\x52\xfc\x3f\x61\xfe\x53\x6d\xd9\xda\x3e\x7a\xd7\x86\x1d\xa7\xca\x15\x77\x13\x1d\xf0\x8f\x90\xa1\x14\xff\x4f\x99\xff\xd4\x11\x3a\x8f\x7d\xb6\x72\x73\xc8\x44\x72\xc5\xdd\x4c\x07\xfc\x23\x64\x28\xc5\xff\x33\xe6\x3f\x4d\x9c\x92\x6b\x36\x6d\xa9\xb2\xfa\xa4\x5c\x71\xb7\xd0\x01\xff\x08\x19\x4a\xf1\xff\x9c\xf9\x0f\x58\x30\xbe\x5c\xc1\x16\xc3\xee\xf6\x91\x2b\xee\x56\x3a\xe0\x1f\x21\x43\x29\xfe\x5f\x30\xff\x69\xaf\xa4\x5b\x38\x24\x54\xbc\x8c\x95\xe4\x8a\xbb\x8d\x0e\xf8\x47\xc8\x50\x8a\xff\x97\xcc\x7f\xba\x76\xaf\x0b\x77\xbf\x72\xae\xd8\x73\xb9\xe2\x6e\xa7\x03\xfe\x11\x32\x94\xe2\xff\x15\xf3\x9f\xbe\xd7\xc5\x46\x49\xb3\x5c\x6e\x39\x40\xae\xb8\x3b\xe8\x80\x7f\x84\x0c\xa5\xf8\x7f\xcd\xfc\x67\x38\x10\x73\xc0\x85\xf7\xc1\x13\x06\xca\x15\x77\x27\x1d\xf0\x8f\x90\xa1\x14\xff\x6f\x98\xff\x8c\x21\x02\x7f\x9f\x18\x3f\xfb\x53\x5c\xb9\xe2\xee\xa2\x03\xfe\x11\x32\x94\xe2\xff\x2d\xf3\x9f\x69\xc7\xe7\x04\xb9\x2b\x97\x1c\xb2\x4e\xae\xb8\xfe\xcf\x04\xc2\x3f\x42\x86\x52\xfc\xbf\x63\xfe\x33\xaf\x39\x99\xbf\x7d\xb9\x75\xa9\xfe\xc3\xb8\xbb\x87\x0e\xf8\x47\xc8\x50\x8a\xff\xf7\xcc\x7f\x96\x18\x11\xef\xce\x99\xd4\xa7\xde\x27\xb9\xe2\xee\xa5\x03\xfe\x11\x32\x94\xe2\xff\x03\xf3\x9f\xb5\xeb\xef\xd5\xc9\x3e\x3d\xdb\x7c\x47\xae\xb8\xfb\xe8\x80\x7f\x84\x0c\xa5\xf8\xff\xc8\xfc\x07\x9e\xcf\x55\xf2\x7a\xfa\xac\x47\x5b\xca\x15\xd7\xff\x4e\x10\xf8\x47\xc8\x50\x8a\xff\x4f\xcc\x7f\xb6\xdb\xc1\x5a\x0c\x8e\xb2\xbf\x52\x7b\xb9\xe2\x1e\xa0\x03\xfe\x11\x32\x94\xe2\xff\x33\xf3\x9f\xbd\xe1\xb1\x51\x1d\xce\xb5\x4d\x76\x4b\xae\xb8\x07\xe9\x80\x7f\x84\x0c\xa5\xf8\xff\xc2\xfc\xe7\x38\xec\x34\x7c\xb5\xee\xfb\xc9\x2f\x72\xc5\x3d\x44\x07\xfc\x23\x64\x28\xc5\xff\x57\xe6\x3f\x67\xcf\x43\x83\x63\x77\x4a\xbe\xbf\xa0\x5c\x71\x0f\xd3\x01\xff\x08\x19\x4a\xf1\xff\x8d\xf9\xcf\xd5\xf6\xc7\xa2\xb2\xed\x0f\x45\x5d\x21\x57\xdc\x23\x74\xc0\x3f\x42\x86\x52\xfc\x7f\x67\xfe\x73\x5f\xcf\x57\x60\xdf\xe6\x48\x4d\xe3\xcb\x15\xf7\x28\x1d\xf0\x8f\x90\xa1\x14\xff\x3f\x98\xff\x3c\x8b\xe7\xac\xef\x7d\x79\xd4\x88\x2c\x72\xc5\x3d\x46\x07\xfc\x23\x64\x28\xc5\xff\x4f\xe6\x3f\x6f\xec\x5a\x65\x47\x44\xac\xf1\x77\x98\x5c\x71\x8f\xd3\x01\xff\x08\x19\x4a\xf1\xff\x8b\xf9\xcf\x17\xbe\x41\x9b\x3b\x2f\x8a\x5e\x7c\x28\x57\xdc\x13\x74\xc0\x3f\x42\x86\x52\xfc\x07\x31\xff\xf9\xb7\x2f\x1b\x97\x21\xeb\xf4\xe5\x55\xe4\x8a\xeb\x7f\x26\x28\xfc\x23\x64\x28\xc5\xff\x6f\xe6\xbf\xc0\x9b\x6d\x43\x7b\x55\x09\x5f\xaa\x97\x5c\x71\x4f\xd1\x01\xff\x08\x19\x4a\xf1\xff\x87\xf9\x2f\x58\xad\x43\xf3\x91\x23\xee\xe7\x39\x2f\x57\xdc\xd3\x74\xc0\x3f\x42\x86\x52\xfc\xff\x65\xfe\x0b\x15\x2a\x55\xec\xee\xd4\x1c\x13\x52\xc8\x15\xf7\x0c\x1d\xf0\x8f\x90\xa1\x14\xff\xff\x98\xff\xc2\x3f\xc6\x2c\x49\x5f\xf2\xd5\xb3\xc9\x72\xc5\x3d\x4b\x07\xfc\x23\x64\xa8\xff\xed\x3f\x58\x30\xe6\xbf\xc8\xa8\x53\xdb\x82\xa5\xee\x10\x76\xaf\x5c\x71\xcf\xd1\x01\xff\x08\x19\x4a\xf1\x1f\x9c\xf9\x2f\x9a\x31\x5c\x95\xcf\x5f\x17\xf5\x0d\x25\x57\x5c\xff\xef\x04\xe0\x1f\x21\x43\x29\xfe\x43\x30\xff\xc5\x92\x65\xeb\xba\xfc\xd1\xb2\xa4\x83\xe4\x8a\x7b\x81\x0e\xf8\x47\xc8\x50\x8a\x7f\x1f\xf3\x5f\x7c\xde\x87\xe9\x55\xf2\x75\xa9\x9a\x5d\xae\xb8\x17\xe9\x80\x7f\x84\x0c\xa5\xf8\x77\x98\xff\x12\x79\x32\xf7\x39\x57\xef\xdd\x8e\xd8\x72\xc5\xbd\x44\x07\xfc\x23\x64\x28\xc5\xbf\xcb\xfc\x97\x1c\xf6\x65\x5e\xde\x41\x79\xce\xad\x91\x2b\xee\x65\x3a\xe0\x1f\x21\x43\x29\xfe\x3d\xe6\xbf\xd4\xa4\x73\xfb\x5b\xce\xbf\xdd\xa8\xa8\x5c\x71\xaf\xd0\x01\xff\x08\x19\x4a\xf1\x1f\x92\xf9\x2f\x9d\x2a\x54\xdd\x59\x85\x43\x47\xfb\x20\x57\xdc\xab\x74\xc0\x3f\x42\x86\x52\xfc\x87\x62\xfe\xcb\xd4\x59\xb5\xa9\x7e\xd2\xc9\x3f\xef\xc9\x15\xf7\x1a\x1d\xf0\x8f\x90\xa1\x14\xff\xa1\x99\xff\xb2\xcf\xda\x54\x58\xf3\xaf\xe0\xf8\xd6\x72\xc5\xbd\x4e\x07\xfc\x23\x64\x28\xc5\x7f\x18\xe6\xbf\xdc\xa7\x6a\x1d\x7f\xc4\xaa\xb3\x20\x9c\x5c\x71\x6f\xd0\x01\xff\x08\x19\x4a\xf1\x1f\x96\xf9\x2f\x5f\x62\xc2\xe4\xb0\x47\xc6\x5d\xdb\x29\x57\xdc\x9b\x74\xc0\x3f\x42\x86\x52\xfc\x87\x63\xfe\x2b\x8c\xda\xf4\x3e\xea\x92\x68\xb9\xa7\xcb\x15\xd7\xff\x4e\x10\xf8\x47\xc8\x50\x8a\xff\xf0\xcc\x7f\xc5\x8c\x5d\xc2\x3f\xe8\x71\xac\x6c\x12\xb9\xe2\xde\xa6\x03\xfe\x11\x32\x94\xe2\x3f\x02\xf3\x5f\x29\x59\xb9\xb4\x5b\x9a\x26\x7e\x78\x5a\xae\xb8\xfe\x77\x02\xc3\x3f\x42\x86\x52\xfc\x47\x64\xfe\x2b\xcf\x1b\x71\xae\xf8\xce\xcf\xd3\xfb\xc9\x15\xf7\x2e\x1d\xf0\x8f\x90\xa1\x14\xff\x91\x98\xff\x2a\x7f\x7a\xef\xf8\x77\xb3\x65\xaf\x0a\x72\xc5\xf5\x7f\x26\x00\xfe\x11\x32\x94\xe2\x3f\x32\xf3\x5f\xb5\xf8\xde\x5a\xe1\xdc\xdd\xe1\x9e\xca\x15\xf7\x3e\x1d\xf0\x8f\x90\xa1\x14\xff\x51\x98\xff\x6a\x95\x87\xf7\xae\xf1\xbd\xe1\xf1\x22\x72\xc5\x7d\x40\x07\xfc\x23\x64\x28\xc5\x7f\x54\xe6\xbf\xfa\xcb\x82\x33\x57\x07\x6c\xde\xf8\x51\xae\xb8\xfe\x77\x82\xc0\x3f\x42\x86\x52\xfc\x47\x63\xfe\x6b\x94\x1e\xdc\x29\x53\xe9\xd4\x75\xee\xcb\x15\xf7\x11\x1d\xf0\x8f\x90\xa1\x14\xff\xd1\x99\xff\x9a\x1f\x8b\x4e\x38\x34\x3d\x28\x4d\x2b\xb9\xe2\x3e\xa6\x03\xfe\x11\x32\x94\xe2\x3f\x06\xf3\x5f\xeb\x69\xff\x8d\xd3\x46\xc5\x1b\x36\x58\xae\xb8\x4f\xe8\x80\x7f\x84\x0c\xa5\xf8\x8f\xc9\xfc\xd7\xae\xbf\xb3\x72\xd3\x6a\xe7\x3e\x64\x93\x2b\xae\xff\x6f\x02\xf0\x8f\x90\xa1\x14\xff\xb1\x98\xff\x3a\x01\x71\xf7\x2c\xc8\x56\x25\x7e\x2c\xb9\xe2\x3e\xa3\x03\xfe\x11\x32\x94\xe2\x3f\x36\xf3\x5f\x77\xe2\xdd\x7a\x95\x5f\x0d\x6b\xbd\x56\xae\xb8\xcf\xe9\x80\x7f\x84\x0c\xa5\xf8\x8f\xc3\xfc\xd7\x1b\xfa\xbc\x7f\xc8\xf0\xb3\x8b\x9c\x92\x2b\xee\x0b\x3a\xe0\x1f\x21\x43\x29\xfe\xe3\x32\xff\xf5\xf3\x27\x9e\xfb\xe5\x62\xc9\xcc\xfd\xe5\x8a\xfb\x92\x0e\xf8\x47\xc8\x50\x8a\xff\x78\xcc\x7f\x83\x3c\x87\xce\xbd\xd8\x78\xf9\x7e\x45\xb9\xe2\xbe\xa2\x03\xfe\x11\x32\x94\xe2\x3f\x3e\xf3\xdf\x70\x98\x93\x36\x6e\xdb\xe0\x2b\x9f\xc8\x15\xf7\x35\x1d\xf0\x8f\x90\xa1\x14\xff\x09\x98\xff\x46\x93\xf2\x85\x2f\xdf\xe1\x99\x1b\x5e\xae\xb8\x6f\xe8\x80\x7f\x84\x0c\xa5\xf8\x4f\xc8\xfc\x37\x4e\xf5\xe3\xfd\x9e\x35\x59\x3b\xef\x90\x2b\xee\x5b\x3a\xe0\x1f\x21\x43\x29\xfe\x13\x31\xff\x4d\x9a\xae\x58\xfd\xf7\xcc\xba\x79\xd3\xe4\x8a\xfb\x8e\x0e\xf8\x47\xc8\x50\x8a\xff\xc4\xcc\x7f\xd3\xfb\xed\x4a\x86\x8f\xd4\xe7\x45\x52\xb9\xe2\xbe\xa7\x03\xfe\x11\x32\x94\xe2\x3f\x09\xf3\xdf\xec\x74\x95\x16\x35\x43\xf6\xd8\xb6\x52\xae\xb8\xfe\x77\x82\xc1\x3f\x42\x86\x52\xfc\x27\x65\xfe\x9b\x77\x9c\x34\x6a\xd5\xed\x55\x07\xe2\xc9\x15\xd7\xff\x4c\x00\xf8\x47\xc8\x50\x8a\xff\x64\xcc\x7f\x8b\xcb\x15\x1a\x66\xdc\x9d\x31\x5d\x66\xb9\xe2\x7e\xa2\x03\xfe\x11\x32\x94\xe2\x3f\x39\xf3\xdf\xb2\xe5\xb4\xc1\x87\x9b\x3f\xaa\x3d\x5c\xae\xb8\x9f\xe9\x80\x7f\x84\x0c\xa5\xf8\x4f\xc1\xfc\xb7\xea\xbb\x66\xd1\xf4\x5e\xee\xf7\x76\x72\xc5\xfd\x42\x07\xfc\x23\x64\x28\xc5\x7f\x4a\xe6\xbf\xf5\xf1\x56\x05\x9a\x2c\xbb\x3e\xf0\xb6\x5c\x71\xbf\xd2\x01\xff\x08\x19\x4a\xf1\x9f\x8a\xf9\x6f\xb3\xf9\xc4\xfa\x85\xc7\xca\xb6\xf9\x2a\x57\xdc\x6f\x74\xc0\x3f\x42\x86\x52\xfc\xa7\x66\xfe\xdb\x86\x8e\x50\xb6\x52\x9c\xf9\x71\x0a\xc8\x15\xf7\x3b\x1d\xf0\x8f\x90\xa1\x14\xff\x69\x98\xff\x76\xf1\xb3\xb6\xf1\xfe\x0c\x0a\x4c\x29\x57\xdc\x1f\x74\xc0\x3f\x42\x86\x52\xfc\x07\x30\xff\xed\x97\x7f\x1a\xf7\x35\x71\x85\xc2\x93\xe4\x8a\xfb\x93\x0e\xf8\x47\xc8\x50\x8a\xff\xb4\xcc\x7f\x87\xa6\x17\x3e\xbd\x2d\x78\x6a\xdd\x1e\xb9\xe2\xfe\xa2\x03\xfe\x11\x32\x94\xe2\x3f\x1d\xf3\xdf\xf1\x7e\x8c\x48\x09\xe6\xc6\xba\x11\x5a\xae\xb8\x41\x74\xc0\x3f\x42\x86\x52\xfc\xa7\x67\xfe\x3b\x9d\x4e\x9b\xa9\xd4\x80\x7f\x5d\x1e\xc8\x15\xf7\x37\x1d\xf0\x8f\x90\xa1\x14\xff\x19\x98\xff\xce\x1d\x5f\x5d\xde\x59\x27\x5d\x88\xaa\x72\xc5\xfd\x43\x07\xfc\x23\x64\x28\xc5\x7f\x46\xe6\xbf\x4b\x94\xd8\x4b\x83\xe7\xd9\xfe\xbe\xb7\x5c\x71\xff\xd2\x01\xff\x08\x19\x4a\xf1\x9f\x89\xf9\xef\xba\xe2\x7e\xf1\x4f\x0f\x9a\xce\x3c\x27\x57\xdc\x7f\x74\xc0\x3f\x42\x86\x52\xfc\x67\x66\xfe\xbb\xed\x79\xda\x6c\xd9\x49\xb7\x55\x63\xb9\xe2\xf9\x0f\xf8\x47\xc8\x50\x8a\xff\x2c\xcc\x7f\x77\x2f\xe9\x90\xaa\xd1\xaf\xc7\xbb\x26\x57\x3c\xfa\x77\xe0\x1f\x21\x4b\x29\xfe\xb3\x32\xff\x3d\x96\x3c\x6c\x7f\xbe\x6b\xd9\x8f\x3f\xe4\x8a\x17\x82\x0e\xf8\x47\xc8\x50\x8a\xff\x40\xe6\xbf\x67\x82\x94\x63\xf3\xac\x9c\x3f\xbc\xac\x5c\xf1\x7c\x74\xc0\x3f\x42\x86\x52\xfc\x67\x63\xfe\x7b\x85\x89\xbf\xa6\xc5\x96\x1e\x01\x4b\xe4\x8a\xe7\xd0\x01\xff\x08\x19\x4a\xf1\x9f\x9d\xf9\xef\xbd\xe1\x76\xb9\xd9\x2d\x56\xd5\x8d\x2c\x57\x3c\x97\x0e\xf8\x47\xc8\x50\x8a\xff\x1c\xcc\x7f\x9f\x23\x3d\x17\xd6\x0b\x95\x71\x43\x7e\xb9\xe2\xf9\xff\x00\x00\xff\x08\x19\x4a\xf1\x9f\x93\xf9\xef\xdb\x6f\x7f\xe1\xb5\x57\x1e\x1d\x1b\x25\x57\xbc\x90\x74\xc0\x3f\x42\x86\x52\xfc\xe7\x62\xfe\xfb\xb5\x1a\xda\xe8\x67\x96\x7f\x2f\xdf\xca\x15\xcf\xff\xf3\xf0\x8f\x90\xa1\x14\xff\xb9\x99\xff\xfe\x17\x0a\x0f\x08\xf3\x3e\xdd\xfc\x1a\x72\xc5\xf3\x7f\x27\x10\xfe\x11\x32\x94\xe2\x3f\x0f\xf3\x3f\x20\xd7\xd6\xdc\x67\xc7\x6f\xef\xd4\x4d\xae\x78\x61\xe8\x80\x7f\x84\x0c\xa5\xf8\xcf\xcb\xfc\x0f\x1c\xd0\xf9\x66\xbe\xca\x4d\x9d\xc3\x72\xc5\x0b\x4b\x07\xfc\x23\x64\x28\xc5\x7f\x3e\xe6\x7f\xd0\x94\x92\x3f\x5a\x95\x1b\xb4\x22\x8d\x5c\xf1\xc2\xd1\x01\xff\x08\x19\x4a\xf1\x9f\x9f\xf9\x1f\x9c\x7e\x7c\x9c\x99\x93\x2a\xdc\x9b\x2f\x57\xbc\xf0\x74\xc0\x3f\x42\x86\x52\xfc\x17\x60\xfe\x87\xe4\x9b\x99\x3b\xc3\xa7\x53\x59\x36\xca\x15\x2f\x02\x1d\xf0\x8f\x90\xa1\x14\xff\x05\x99\xff\xa1\x43\xea\xdf\xbc\x93\x3e\x56\x51\x47\xae\x78\x11\xe9\x80\x7f\x84\x0c\xa5\xf8\x2f\xc4\xfc\x0f\x9b\xd0\xf4\xc7\x88\x9c\xf1\xe2\x8e\x93\x2b\x5e\x24\x3a\xe0\x1f\x21\x43\x29\xfe\x0b\x33\xff\xc3\xd3\x2c\x8e\xd3\xfb\xe9\xb9\xb6\xb9\xe5\x8a\xe7\xff\x4e\x00\xfc\x23\x64\x28\xc5\x7f\x11\xe6\x7f\xc4\x88\x86\x1f\x1f\x0e\xad\x32\x20\xba\x5c\xf1\xa2\xd0\x01\xff\x08\x19\x4a\xf1\x5f\x94\xf9\x1f\x99\x79\x79\xd4\x28\x35\x87\x7d\x5b\x20\x57\xbc\xa8\x74\xc0\x3f\x42\x86\x52\xfc\x17\x63\xfe\x47\xa5\x98\x9b\xb9\x58\x91\x86\xb5\x4a\xca\x15\x2f\x1a\x1d\xf0\x8f\x90\xa1\x14\xff\xc5\x99\xff\xd1\x73\x6a\x5f\xd8\x3a\x63\x73\xda\xdf\x72\xc5\xf3\xff\x7f\x02\xf8\x47\xc8\x50\x8a\xff\x12\xcc\xff\x98\x17\x3f\xf3\x77\xf8\x91\xfa\xe0\x25\xb9\xe2\xc5\xa0\x03\xfe\x11\x32\x94\xe2\xbf\x24\xf3\x3f\xb6\x52\xfe\xbb\x83\x93\x05\x6d\x6f\x2e\x57\xbc\x98\x74\xc0\x3f\x42\x86\x52\xfc\x97\x62\xfe\xc7\x15\x73\x7f\x5f\x3f\xfc\x6c\xc6\x7f\xac\x78\xb1\xe8\x80\x7f\x84\x0c\xa5\xf8\x2f\xcd\xfc\x8f\xff\x7d\x38\x41\xb2\x84\x59\xdf\x6d\x95\x2b\x5e\x6c\x3a\xe0\x1f\x21\x43\x29\xfe\xcb\x30\xff\x13\xf2\x3d\x6c\x94\xa7\xff\x3a\xdf\x6c\xb9\xe2\xc5\xa1\x03\xfe\x11\x32\x94\xe2\xbf\x2c\xf3\x3f\x71\x48\xca\x01\xe7\x17\xf7\xe9\x9a\x5e\xae\x78\x71\xe9\x80\x7f\x84\x0c\xa5\xf8\x2f\xc7\xfc\x4f\x9a\x10\x7f\xe1\xec\x7d\xb3\x6f\x1e\x97\x2b\x5e\x3c\x3a\xe0\x1f\x21\x43\x29\xfe\xcb\x33\xff\x93\xd3\xdc\x2e\xdc\xa2\x51\xc9\xf5\x9d\xe4\x8a\x17\x9f\x0e\xf8\x47\xc8\x50\x8a\xff\x0a\xcc\xff\x94\x92\xa9\x02\x2f\x84\xb8\x5c\xa8\x8e\x5c\xf1\x12\xd0\x01\xff\x08\x19\x4a\xf1\x5f\x91\xf9\x9f\xfa\xf9\xdd\xf5\xa4\xf7\x82\x67\x7d\x29\x57\xbc\x84\x74\xc0\x3f\x42\x86\x52\xfc\x57\x62\xfe\xa7\x3d\xbf\xf2\xad\x7b\xda\xdb\xff\x4a\xc8\x15\xcf\xff\x33\xf0\x8f\x90\xa1\x14\xff\x95\x99\xff\xe9\x75\xa3\x44\x1b\xf2\x21\xf4\xc8\x3f\x72\xc5\x4b\x4c\x07\xfc\x23\x64\x28\xc5\x7f\x15\xe6\x7f\xc6\xbf\x0b\xff\x12\x4c\x98\xdc\xe4\xb2\x5c\xf1\x92\xd0\x01\xff\x08\x19\x4a\xf1\x5f\x95\xf9\x9f\x59\x34\x46\xfc\xb7\x65\x0a\x46\x69\x26\x57\xbc\xa4\x74\xc0\x3f\x42\x86\x52\xfc\x57\x63\xfe\x67\x55\x4c\x9b\x67\x67\xc5\x65\xfb\xc6\xcb\x15\x2f\x19\x1d\xf0\x8f\x90\xa1\x14\xff\xd5\x99\xff\xd9\xaf\x5f\xdd\x2b\x35\xb6\xcb\x89\x5c\x72\xc5\x4b\x4e\x07\xfc\x23\x64\x28\xc5\x7f\x0d\xe6\x7f\xce\xfc\x12\x99\xc6\xbf\x7d\x97\x3c\x9a\x5c\xf1\x52\xd0\x01\xff\x08\x19\x4a\xf1\x5f\x93\xf9\x9f\x9b\x7c\xdc\xe5\x3e\x99\xf2\x54\x5e\x28\x57\xbc\x94\x74\xc0\x3f\x42\x86\x52\xfc\xd7\x62\xfe\xe7\x65\xda\xf2\x29\xd5\xb5\xc4\x7d\x8e\xc9\x15\x2f\x15\x1d\xf0\x8f\x90\xa1\x14\xff\xb5\x99\xff\xf9\xa3\x3b\x45\xba\x1d\xe6\x73\x98\xce\x72\xc5\x4b\x4d\x07\xfc\x23\x64\x28\xc5\x7f\x1d\xe6\x7f\xc1\x88\x89\x85\x8f\xb7\x6a\xf9\xbc\xae\x5c\xf1\xfc\xef\x04\x86\x7f\x84\x0c\xa5\xf8\xaf\xcb\xfc\x2f\xcc\x5c\x7d\x61\xd6\x6d\xbb\x27\xbe\x90\x2b\x5e\x00\x1d\xf0\x8f\x90\xa1\x14\xff\xf5\x98\xff\x45\x29\xda\x0e\x68\xb0\xba\x4e\xde\xe0\x72\xc5\x4b\x4b\x07\xfc\x23\x64\x28\xc5\x7f\x7d\xe6\x7f\xf1\x9c\xd5\x8d\x26\x77\x1f\x57\x7a\x8b\x5c\xf1\xd2\xd1\x01\xff\x08\x19\x4a\xf1\xdf\x80\xf9\x5f\x72\x31\x28\xc5\xc5\x98\xd1\x96\xcd\x92\x2b\x9e\xff\x99\x60\xf0\x8f\x90\xa1\x14\xff\x0d\x99\xff\xa5\xad\xf3\x1e\x49\x72\xfa\xd8\x85\x0c\x72\xc5\xf3\xff\x33\xf8\x47\xc8\x50\x8a\xff\x46\xcc\xff\xb2\xfe\x21\x9f\x76\xbb\x73\x68\xdc\x52\xb9\xe2\x65\xa4\x03\xfe\x11\x32\x94\xe2\xbf\x31\xf3\xbf\xfc\xe8\xc1\x90\x43\x83\x45\xfa\x11\x49\xae\x78\x99\xe8\x80\x7f\x84\x0c\xa5\xf8\x6f\xc2\xfc\xaf\x68\xee\x7b\x93\xb0\xc1\xa8\xe8\xf9\xe4\x8a\x97\x99\x0e\xf8\x47\xc8\x50\x8a\xff\xa6\xcc\xff\xca\xbb\x47\x23\xbc\xd9\x53\xa3\xf1\x68\xb9\xe2\x65\xa1\x03\xfe\x11\x32\x94\xe2\xbf\x19\xf3\xbf\xea\xe4\xbf\x0c\x3b\x16\xee\x3f\xdf\x48\xae\x78\x59\xe9\x80\x7f\x84\x0c\xa5\xf8\x6f\xce\xfc\xaf\xee\x9c\xf3\x6c\xe9\xbe\x6d\x77\x5e\x97\x2b\x5e\x20\x1d\xf0\x8f\x90\xa1\x14\xff\x2d\x98\xff\x35\x21\x67\x27\x19\x17\xff\x7b\x95\x9f\x72\xc5\xcb\x46\x07\xfc\x23\x64\x28\xc5\x7f\x4b\xe6\x7f\xed\xde\xba\x07\xfa\x1e\x4c\x9e\xa4\x8c\x5c\xf1\xb2\xd3\x01\xff\x08\x19\x4a\xf1\xdf\x8a\xf9\x5f\xb7\xb2\xf9\xc3\xd4\x29\x72\x84\x0f\x90\x2b\x5e\x0e\x3a\xe0\x1f\x21\x43\x29\xfe\x5b\x33\xff\xeb\xa3\x2e\xf4\xdd\xfa\xf5\xaa\xf7\x3c\xb9\xe2\xe5\xa4\x03\xfe\x11\x32\x94\xe2\xbf\x0d\xf3\xbf\xe1\xe2\xe0\xfe\x87\x66\x75\x98\xb6\x41\xae\x78\xfe\x67\x82\xc2\x3f\x42\x86\x52\xfc\xb7\x65\xfe\x37\xb6\x2e\x3a\x37\x53\xb1\x45\x0f\x5c\xb9\xe2\xe5\xa6\x03\xfe\x11\x32\x94\xe2\xbf\x1d\xf3\xbf\xa9\x7f\xff\x3d\x4d\x6b\x17\x2d\xf3\x46\xae\x78\x79\xe8\x80\x7f\x84\x0c\xa5\xf8\x6f\xcf\xfc\x6f\x3e\xba\xb3\xde\xb4\xe1\xd3\x73\xd5\x94\x2b\x5e\x5e\x3a\xe0\x1f\x21\x43\x29\xfe\x3b\x30\xff\x5b\x96\x95\x4a\x95\xfe\x79\xf8\xeb\xdd\xe5\x8a\xe7\xff\x4e\x00\xfc\x23\x64\x28\xc5\x7f\x47\xe6\x7f\x6b\xbc\x31\xa7\xee\xe6\xbe\xbf\xf0\x90\x5c\xf1\xf2\xd3\x01\xff\x08\x19\x4a\xf1\xdf\x89\xf9\xdf\x16\x6a\xdb\xeb\x91\x21\xab\x64\x3b\x22\x57\xbc\x02\x74\xc0\x3f\x42\x86\x52\xfc\x77\x66\xfe\xb7\x6f\xea\x10\xba\xd7\xed\x61\x05\x3a\xca\x15\xaf\x20\x1d\xf0\x8f\x90\xa1\x14\xff\x5d\x98\xff\x1d\x91\x36\x3d\x7a\xb0\x3b\xde\xda\xfa\x72\xc5\x2b\x44\x07\xfc\x23\x64\x28\xc5\x7f\x57\xe6\x7f\xe7\xaa\x2e\xc1\xa2\x36\x3f\x77\xfb\x95\x5c\xf1\x0a\xd3\x01\xff\x08\x19\x4a\xf1\xdf\x8d\xf9\xdf\xb5\xaf\x5c\xe2\xe2\xbd\x52\x77\xf7\xc9\x15\xaf\x08\x1d\xf0\x8f\x90\xa1\x14\xff\xdd\x99\xff\xdd\xce\x88\xc3\x5b\x96\x05\x05\xdf\x26\x57\xbc\xa2\x74\xc0\x3f\x42\x86\x52\xfc\xf7\x60\xfe\xf7\x74\x48\x93\xb6\xe3\xb1\x86\x6f\x66\xc8\x15\xaf\x18\x1d\xf0\x8f\x90\xa1\x14\xff\x3d\x99\xff\xbd\xa7\xde\x9c\x1b\x14\x67\xf3\xac\x74\x72\xc5\xf3\xbb\x87\x7f\x84\x0c\xa5\xf8\xef\xc5\xfc\xef\xbb\x77\xed\xfd\xb5\x3f\xeb\xb6\x96\x92\x2b\x5e\x09\x3a\xe0\x1f\x21\x43\x29\xfe\x7b\x33\xff\xfb\x9b\x44\x0a\x9f\x3c\x71\x9f\xc3\xff\xe4\x8a\x57\x92\x0e\xf8\x47\xc8\x50\x8a\xff\x3e\xcc\xff\x81\xfc\xc1\xbc\x0e\x05\x9f\xa5\xbf\x28\x57\x3c\xff\x7f\x13\xc0\x3f\x42\x86\x52\xfc\xf7\x65\xfe\x0f\x0e\x3d\xf6\x64\xf0\xdc\xac\x35\x9a\xc8\x15\xaf\x34\x1d\xf0\x8f\x90\xa1\x14\xff\xfd\x98\xff\x43\x13\x7f\x1f\xbd\x3e\xe0\xf2\x97\xb1\x72\xc5\xf3\x3f\x13\x14\xfe\x11\x32\x94\xe2\xbf\x3f\xf3\x7f\x38\x20\x57\xca\x64\x75\x82\x0f\xca\x21\x57\xbc\xb2\x74\xc0\x3f\x42\x86\x52\xfc\x0f\x60\xfe\x8f\x0c\x5c\x70\xb6\x57\x9e\xd9\xed\x63\xc8\x15\xaf\x1c\x1d\xf0\x8f\x90\xa1\x14\xff\x03\x99\xff\xa3\xb9\x9b\x65\x18\xf9\xa0\x64\xec\xc5\x72\xc5\x2b\x4f\x07\xfc\x23\x64\x28\xc5\xff\x20\xe6\xff\x58\x86\x3a\x11\xee\x7e\x2f\x5b\x3c\xb5\x5c\xf1\x2a\xd0\x01\xff\x08\x19\x4a\xf1\x3f\x98\xf9\x3f\x3e\x75\xd6\x9b\xf4\x01\xf3\x33\xcd\x91\x2b\x5e\x45\x3a\xe0\x1f\x21\x43\x29\xfe\x87\x30\xff\x27\xb2\xd7\x08\xb9\xa5\xb4\x7b\x67\x93\x5c\xf1\x2a\xd1\x01\xff\x08\x19\x4a\xf1\x3f\x94\xf9\x3f\x39\x76\xde\xd3\xe2\xd3\xaf\xaf\x0a\x29\x57\xbc\xca\x74\xc0\x3f\x42\x86\x52\xfc\x0f\x63\xfe\x4f\xcd\x5c\x72\x24\xea\xa8\x8c\xde\x3b\xb9\xe2\x55\xa1\x03\xfe\x11\x32\x94\xe2\x7f\x38\xf3\x7f\x3a\x69\xa3\x14\x0f\xaa\x3d\xea\x50\x5b\xae\x78\x55\xe9\x80\x7f\x84\x0c\xa5\xf8\x1f\xc1\xfc\x9f\xa9\x7e\xe0\x64\xf2\x6c\x3d\xe6\x76\x95\x2b\x5e\x35\x3a\xe0\x1f\x21\x43\x29\xfe\x47\x32\xff\x67\xdf\x7a\x01\xd7\x5e\xad\x7a\x7d\x40\xae\x78\xd5\xe9\x80\x7f\x84\x0c\xa5\xf8\x1f\xc5\xfc\x9f\xfb\x99\x27\xcc\xa0\xf0\xdb\x8f\x2c\x97\x2b\x5e\x0d\x3a\xe0\x1f\x21\x43\x29\xfe\x47\x33\xff\xe7\x0b\xff\x7a\xd1\xf1\x62\xd3\x4d\x51\xe4\x8a\xe7\x7f\x27\x20\xfc\x23\x64\x28\xc5\xff\x18\xe6\xff\xc2\xc0\x1b\x53\x5a\x6e\xfc\x57\x3f\x8f\x5c\xf1\x6a\xd1\x01\xff\x08\x19\x4a\xf1\x3f\x96\xf9\xbf\x98\x3b\x41\xb7\x59\x6d\xd3\xa5\x1e\x29\x57\x3c\xff\xdf\x04\xe0\x1f\x21\x43\x29\xfe\xc7\x31\xff\x97\x32\x24\xab\x7e\xae\xc3\xa9\xa1\x0d\xe4\x8a\x57\x87\x0e\xf8\x47\xc8\x50\x8a\xff\xf1\xcc\xff\xe5\xa9\x8f\xb6\xe6\x5d\x13\xeb\xf3\x55\xb9\xe2\xd5\xa5\x03\xfe\x11\x32\x94\xe2\x7f\x02\xf3\x7f\xe5\x5b\xe4\xc3\x43\xcf\x0c\x4a\x10\x24\x57\xbc\x7a\x74\xc0\x3f\x42\x86\x52\xfc\x4f\x64\xfe\xaf\x96\xb9\x9e\xb8\x5b\xa4\x0a\x2d\xca\xc9\x15\xcf\xff\x4e\x50\xf8\x47\xc8\x50\x8a\xff\x49\xcc\xff\xb5\x1a\x6f\x83\x25\x79\x34\x6a\xf1\x7b\xb9\xe2\xf9\x7f\x27\x00\xff\x08\x19\x4a\xf1\x3f\x99\xf9\xbf\xfe\x28\xe0\xd1\xc5\x7c\x35\xae\xd6\x92\x2b\x5e\x43\x3a\xe0\x1f\x21\x43\x29\xfe\xa7\x30\xff\x37\x0a\xbc\x0c\x5d\xba\xde\xa1\x1c\x5d\xe4\x8a\xd7\x88\x0e\xf8\x47\xc8\x50\x8a\xff\xa9\xcc\xff\xcd\x5f\x19\x5e\xef\x18\x14\xa9\xdc\x41\xb9\xe2\x35\xa6\x03\xfe\x11\x32\x94\xe2\x7f\x1a\xf3\x7f\xeb\x5d\xf4\x53\x6f\xe6\x7f\x7f\x94\x4a\xae\x78\xfe\x77\x82\xc0\x3f\x42\x86\x52\xfc\x4f\x67\xfe\x6f\x57\xb9\x9c\x2a\x61\xe1\xe4\x53\xe6\xca\x15\xaf\x29\x1d\xf0\x8f\x90\xa1\x14\xff\x33\x98\xff\x3b\x89\x3a\x1e\xbf\x95\x74\x7f\xcf\xcd\x72\xc5\x6b\x46\x07\xfc\x23\x64\x28\xc5\xff\x4c\xe6\xff\xee\xac\xed\xc9\x53\xff\x6b\x1b\xd1\x93\x2b\x5e\x73\x3a\xe0\x1f\x21\x43\x29\xfe\x67\x31\xff\xf7\xc6\x8d\x75\xfa\xc6\xea\x90\xa8\xa1\x5c\xf1\x5a\xd0\x01\xff\x08\x19\x4a\xf1\x3f\x9b\xf9\xbf\x9f\xb5\xf4\xb3\x71\x47\x16\x55\xbb\x22\x57\xbc\x96\x74\xc0\x3f\x42\x86\x52\xfc\xcf\x61\xfe\x1f\x64\x5f\xb1\x75\xd2\x92\x1c\xbb\x7f\xc9\x15\xaf\x15\x1d\xf0\x8f\x90\xa1\x14\xff\x73\x99\xff\x87\x63\xdb\x55\x6f\xd8\xe3\xd5\xd9\xf2\x72\xc5\x6b\x4d\x07\xfc\x23\x64\x28\xc5\xff\x3c\xe6\xff\xd1\xcc\x2a\xdd\x02\x9b\x86\x6f\xb8\x4c\xae\x78\x6d\xe8\x80\x7f\x84\x0c\xa5\xf8\x9f\xcf\xfc\x3f\x4e\x3a\x69\xca\xb1\x9d\xf7\x63\x46\x95\x2b\x5e\x5b\x3a\xe0\x1f\x21\x43\x29\xfe\x17\x30\xff\x4f\xda\x1d\xba\x30\xe4\x66\xd1\x5f\x79\xe5\x8a\xd7\x8e\x0e\xf8\x47\xc8\x50\x8a\xff\x85\xcc\xff\xd3\x2b\x4e\xe6\xee\xee\xf4\x31\x23\xe4\x8a\xd7\x9e\x0e\xf8\x47\xc8\x50\x8a\xff\x45\xcc\xff\xb3\x03\xf9\xa2\x26\x8d\x32\xf9\x52\x08\xb9\xe2\x75\xa0\x03\xfe\x11\x32\x94\xe2\x7f\x31\xf3\xff\xbc\xd7\x8f\x8f\x17\xce\x15\x5c\xb2\x5d\xae\x78\x1d\xe9\x80\x7f\x84\x0c\xa5\xf8\x5f\xc2\xfc\xbf\xb8\x91\x2b\x4e\xa9\x75\xb7\x4b\xce\x94\x2b\x5e\x27\x3a\xe0\x1f\x21\x43\x29\xfe\x97\x32\xff\x2f\x1b\xfd\xfe\xb1\xb3\x53\xe8\xfc\x69\xe5\x8a\xd7\x99\x0e\xf8\x47\xc8\x50\x8a\xff\x65\xcc\xff\xab\x6e\xc7\x6e\xbe\x6d\xff\x6e\xf2\x51\xb9\xe2\xf9\x9f\x09\x04\xff\x08\x19\x4a\xf1\xbf\x9c\xf9\x7f\x7d\x26\x58\xee\x04\x9b\xf3\x3c\xed\x20\x57\x3c\xff\x3b\xc1\xe1\x1f\x21\x43\x29\xfe\x57\x30\xff\x6f\x76\x2c\xba\x72\xfb\xf2\xb2\x50\xf5\xe4\x8a\xd7\x8d\x0e\xf8\x47\xc8\x50\x8a\xff\x95\xcc\xff\xdb\x10\x4d\xb2\xa5\x8a\xd8\xa5\xdf\x6b\xb9\xe2\x75\xa7\x03\xfe\x11\x32\x94\xe2\x7f\x15\xf3\xff\x2e\x46\xbd\x98\x7d\x5e\xb4\xac\x38\x46\xae\x78\x3d\xe8\x80\x7f\x84\x0c\xa5\xf8\x5f\xcd\xfc\xbf\x5f\x33\xe3\xeb\xf8\xac\xbb\x53\xe6\x94\x2b\x5e\x4f\x3a\xe0\x1f\x21\x43\x29\xfe\xd7\x30\xff\x1f\xda\xed\x1a\x39\xbd\x4a\xe2\x53\x31\xe5\x8a\xd7\x8b\x0e\xf8\x47\xc8\x50\x8a\xff\xb5\xcc\xff\xc7\x2b\x7d\x5a\x37\x19\xf1\x79\xcf\x22\xb9\xe2\xf5\xa6\x03\xfe\x11\x32\x94\xe2\x7f\x1d\xf3\xff\xe9\x40\xb1\x52\x19\xa7\x46\x8b\x54\x5a\xae\x78\x7d\xe8\x80\x7f\x84\x0c\xa5\xf8\x5f\xcf\xfc\x7f\xee\x35\x60\xc5\xe1\x92\xc7\x9a\xfd\x95\x2b\x5e\x5f\x3a\xe0\x1f\x21\x43\x29\xfe\x37\x30\xff\x5f\x62\x77\xbe\xd7\x3b\x75\x9d\xd1\x17\xe4\x8a\xd7\x8f\x0e\xf8\x47\xc8\x50\x8a\xff\x8d\xcc\xff\xd7\xc5\x5b\xf3\x8c\xf8\x3a\xee\x4f\x53\xb9\xe2\xf5\xa7\x03\xfe\x11\x32\x94\xe2\x7f\x13\xf3\xff\x6d\xfb\xf8\xf8\x77\x2a\x94\x5e\x7a\x47\xae\x78\x03\xe8\x80\x7f\x84\x0c\xa5\xf8\xdf\xcc\xfc\x7f\x0f\x5f\xf2\x5f\x86\x31\x33\x2f\xb7\x94\x2b\xde\x40\x3a\xe0\x1f\x21\x43\x29\xfe\xb7\x30\xff\x3f\xd6\x8f\x8e\xb6\xf5\x8d\x2f\xdf\x7f\x18\xf7\x06\xd1\x01\xff\x08\x19\x4a\xf1\xbf\x95\xf9\xff\x19\xbd\xec\xb7\x62\x19\x2f\x96\xf8\x24\x57\xbc\xc1\x74\xc0\x3f\x42\x86\x52\xfc\x6f\x63\xfe\x7f\x05\xef\x7e\x3d\x4a\xba\x6c\x4f\xe2\xca\x15\x6f\x08\x1d\xf0\x8f\x90\xa1\x14\xff\xdb\x99\xff\xa0\xdd\x1b\x03\x1f\x7e\x7c\x32\x69\x9d\x5c\xf1\x86\xd2\x01\xff\x08\x19\x4a\xf1\xbf\x83\xf9\xff\x7d\x3e\xea\xad\x64\x13\xfb\xf5\x1f\x20\x57\xbc\x61\x74\xc0\x3f\x42\x86\x52\xfc\xef\x64\xfe\xff\x74\xbd\x9a\xe3\x7a\xd9\x35\xa1\x03\xe5\x8a\x37\x9c\x0e\xf8\x47\xc8\x50\x8a\xff\x5d\xcc\xff\xdf\x86\xef\x63\x0f\x5e\xb5\x31\x45\x25\xb9\xe2\xf9\xdf\x09\x02\xff\x08\x19\x4a\xf1\xbf\x9b\xf9\xff\x77\x3b\x75\x50\x87\x6e\x8d\x2b\x3c\x97\x2b\xde\x48\x3a\xe0\x1f\x21\x43\x29\xfe\xf7\xfc\xbf\x7f\x2f\xd8\xf6\xd2\x99\x63\xc7\xf8\xb9\xf7\xa4\x5c\xf1\x46\xd1\x01\xff\x08\x19\x4a\xf1\xbf\x97\xf9\x0f\x1e\x7e\xec\x85\x57\xa7\x02\x4e\xf7\x91\x2b\xde\x68\x3a\xe0\x1f\x21\x43\x29\xfe\xf7\x31\xff\x21\x62\x6f\xff\xb8\xef\xfa\x99\xe6\x53\xe5\x8a\xe7\x7f\x26\x20\xfc\x23\x64\x28\xc5\xff\x7e\xe6\xdf\xb7\xb8\x63\xd4\xb2\x61\x13\x44\x4e\x24\x57\xbc\xb1\x74\xc0\x3f\x42\x86\x52\xfc\x1f\x60\xfe\x9d\xcd\xcd\x33\x07\xb5\x1e\xf2\x3b\x82\x5c\xf1\xc6\xd1\x01\xff\x08\x19\x4a\xf1\x7f\x90\xf9\x77\x43\x2f\xbc\x10\x6a\x7b\xb5\x51\xbb\xe5\x8a\x37\x9e\x0e\xf8\x47\xc8\x50\x8a\xff\x43\xcc\xbf\x17\x7f\xf6\xc7\x3a\x0b\x2a\x5d\xc9\x24\x57\xbc\x09\x74\xc0\x3f\x42\x86\x52\xfc\x1f\x66\xfe\x43\x2e\xaf\x1b\x75\x7d\x9f\x01\x8b\x86\xc8\x15\x6f\x22\x1d\xf0\x8f\x90\xa1\x14\xff\x47\x98\xff\x50\xee\xfc\x1f\x81\xf1\xe2\x94\x5f\x25\x57\xbc\x49\x74\xc0\x3f\x42\x86\x52\xfc\x1f\x65\xfe\x43\xef\xaf\x19\xe7\xd8\x81\x13\x39\x13\xca\x15\x6f\x32\x1d\xf0\x8f\x90\xa1\x14\xff\xc7\x98\xff\x30\xab\x1b\xe7\x9e\x74\x37\xc3\xd4\x6f\x72\xc5\x9b\x42\x07\xfc\x23\x64\x28\xc5\xff\x71\xe6\x3f\x6c\xe4\xa5\x37\x1b\x06\xff\xf3\xb8\xb0\x5c\xf1\xfc\x9f\x09\x82\x7f\x84\x0c\xa5\xf8\x3f\xc1\xfc\x87\x6b\x1a\x32\xdb\x92\x86\xcd\x23\xb4\x95\x2b\xde\x34\x3a\xe0\x1f\x21\x43\x29\xfe\x4f\x32\xff\xe1\xef\x1f\xbc\x52\x7d\xef\xd6\x1e\x37\xe4\x8a\x37\x9d\x0e\xf8\x47\xc8\x50\x8a\xff\x53\xcc\x7f\x84\xd3\x41\x5f\x7d\xb5\x56\x54\xdf\x2f\x57\xbc\x19\x74\xc0\x3f\x42\x86\x52\xfc\x9f\x66\xfe\x23\x76\xcc\x1b\xf3\xc3\xb0\x5e\x89\xc3\xc8\x15\x6f\x26\x1d\xf0\x8f\x90\xa1\x14\xff\x67\x98\xff\x48\x9b\x13\xb6\x7e\xf1\xec\xc1\x99\x64\x72\xc5\x9b\x45\x07\xfc\x23\x64\x28\xc5\xff\x59\xe6\x3f\x72\xe8\x9b\x23\xe3\xe6\xca\xbc\x6b\xa2\x5c\xf1\x66\xd3\x01\xff\x08\x19\x4a\xf1\x7f\x8e\xf9\x8f\x12\xff\xf1\x8a\xf2\x29\xaf\xc6\xe8\x21\x57\xbc\x39\x74\xc0\x3f\x42\x86\x52\xfc\x9f\x67\xfe\xa3\x2e\x4f\x5e\x6a\x4f\x50\xc8\x06\x67\xe5\x8a\x37\x97\x0e\xf8\x47\xc8\x50\x8a\xff\x0b\xcc\x7f\xb4\x23\xd7\xf2\x38\xb3\xe7\x8e\x7d\x2c\x57\xbc\x79\x74\xc0\x3f\x42\x86\x52\xfc\x5f\x64\xfe\xa3\xf7\x8b\x74\xef\x7b\xf1\xf2\x41\xd5\xe4\x8a\x37\x9f\x0e\xf8\x47\xc8\x50\x8a\xff\x4b\xcc\x7f\x8c\x56\x69\xfe\x2d\xde\x3a\x35\xe3\x77\xb9\xe2\x2d\xa0\x03\xfe\x11\x32\x94\xe2\xff\x32\xf3\x1f\xf3\xc2\x9b\xf8\x15\x5a\x16\x2f\x56\x48\xae\x78\x0b\xe9\x80\x7f\x84\x0c\xa5\xf8\xbf\xc2\xfc\xc7\xea\x94\xfe\xdb\xa9\xd0\x77\x57\xb7\x91\x2b\xde\x22\x3a\xe0\x1f\x21\x43\x29\xfe\xaf\x32\xff\xb1\x4f\xbc\x88\x96\xf3\x6a\xc4\xbb\x37\xe5\x8a\xb7\x98\x0e\xf8\x47\xc8\x50\x8a\xff\x6b\xcc\x7f\x9c\x3b\x97\x02\xdb\x9e\x78\xd1\x31\xa3\x5c\xf1\x96\xd0\x01\xff\x08\x19\x4a\xf1\x7f\x9d\xf9\x8f\xdb\x2c\xda\xf5\x79\xd1\x72\x85\x1c\x2a\x57\xbc\xa5\x74\xc0\x3f\x42\x86\x52\xfc\xdf\x60\xfe\xe3\x45\xd9\x96\xa3\x76\x97\x05\xaf\x56\xcb\x15\x6f\x19\x1d\xf0\x8f\x90\xa1\x14\xff\x37\x99\xff\xf8\x2b\x3a\xdc\x5a\xb1\xa2\xd3\x9c\x04\x72\xc5\x5b\x4e\x07\xfc\x23\x64\x28\xc5\xff\x2d\xe6\x3f\xc1\x9e\x52\x41\xbf\xcb\xb7\xdf\xdc\x53\xae\x78\x2b\xe8\x80\x7f\x84\x0c\xa5\xf8\xbf\xcd\xfc\x27\xf4\xc6\xc4\x8e\x38\x79\xef\xd1\x33\x72\xc5\x5b\x49\x07\xfc\x23\x64\x28\xc5\xff\x1d\xe6\x3f\x91\xdb\xbe\x54\xd4\xcf\x29\x53\x3d\x92\x2b\x9e\xff\x9d\x00\xf0\x8f\x90\xa1\x14\xff\x77\x99\xff\xc4\xfb\x57\xae\x78\x90\xe1\x6b\xbd\xea\x72\xc5\xf3\xff\x4e\x10\xfe\x11\x32\x94\xe2\xff\x1e\xf3\x9f\x64\xf5\xe4\x91\x5b\x32\x47\xf9\xb4\x4f\xae\x78\x6b\xe8\x80\x7f\x84\x0c\xa5\xf8\xbf\xcf\xfc\x27\x8d\x5c\xb5\x75\xf1\x77\x07\x86\x84\x95\x2b\xde\x5a\x3a\xe0\x1f\x21\x43\x29\xfe\x1f\x30\xff\xc9\xea\xb8\x19\xdc\x71\xb5\x5a\x26\x97\x2b\xde\x3a\x3a\xe0\x1f\x21\x43\x29\xfe\x1f\x32\xff\xc9\x9f\x1d\x3e\xfb\xad\xd2\x88\x84\x13\xe4\x8a\xb7\x9e\x0e\xf8\x47\xc8\x50\x8a\xff\x47\xcc\x7f\x8a\x4f\x3f\xdf\x2c\x2a\x3a\xa6\x60\x1c\xb9\xe2\x6d\xa0\x03\xfe\x11\x32\x94\xe2\xff\x31\xf3\x9f\xb2\x44\xfe\x08\x15\x67\xd6\xcb\xbe\x5e\xae\x78\x1b\xe9\x80\x7f\x84\x0c\xa5\xf8\x7f\xc2\xfc\xa7\x7a\xf5\xe7\xe9\xe9\x9f\x47\x6e\x0d\x94\x2b\xde\x26\x3a\xe0\x1f\x21\x43\x29\xfe\x9f\x32\xff\xa9\x2b\xe4\x0e\x99\x23\x79\x8c\x35\x59\xe5\x8a\xb7\x99\x0e\xf8\x47\xc8\x50\x8a\xff\x67\xcc\x7f\x9a\x22\xc1\x53\xb4\xc9\xf1\x31\xd8\x5d\xb9\xe2\x6d\xa1\x03\xfe\x11\x32\x94\xe2\xff\x39\xf3\x1f\xf0\xf7\xf8\x91\xf9\x4f\x92\x76\x6b\x21\x57\xbc\xad\x74\xc0\x3f\x42\x86\x52\xfc\xbf\x60\xfe\xd3\x8e\x6a\x1a\x50\x6b\xc8\xce\xd9\xc5\xe4\x8a\xb7\x8d\x0e\xf8\x47\xc8\x50\x8a\xff\x97\xcc\x7f\xba\x8c\x8b\x4f\xae\xac\xd1\xfa\xed\x67\xb9\xe2\x6d\xa7\x03\xfe\x11\x32\x94\xe2\xff\x15\xf3\x9f\x3e\xd9\xcc\x17\x7f\xf6\x77\x3b\x34\x45\xae\x78\x3b\xe8\x80\x7f\x84\x0c\xa5\xf8\x7f\xcd\xfc\x67\x98\x57\x3f\x4c\x84\xc6\x4b\xb6\x24\x96\x2b\xde\x4e\x3a\xe0\x1f\x21\x43\x29\xfe\xdf\x30\xff\x19\xeb\xf4\xed\x16\xc3\x97\xaf\x66\x44\xb9\xe2\xed\xa2\x03\xfe\x11\x32\x94\xe2\xff\x2d\xf3\x9f\xe9\xd9\xee\x29\x4f\xef\xbf\xc9\xb0\x4b\xae\x78\xbb\xe9\x80\x7f\x84\x0c\xa5\xf8\x7f\xc7\xfc\x67\xfe\x34\x70\xeb\xc6\x43\x61\x07\x57\x96\x2b\xde\x1e\x3a\xe0\x1f\x21\x43\x29\xfe\xdf\x33\xff\x59\x4a\x14\xaf\x5e\x28\xc1\xcd\xaf\xcf\xe4\x8a\xb7\x97\x0e\xf8\x47\xc8\x50\x8a\xff\x0f\xcc\x7f\xd6\x80\x2d\x89\x7f\xf5\x2b\x1c\xeb\x84\x5c\xf1\xfc\xcf\x04\x82\x7f\x84\x0c\xa5\xf8\xff\xc8\xfc\x07\x4e\xec\x74\x38\xf4\xa2\x89\xed\xfa\xca\x15\x6f\x3f\x1d\xf0\x8f\x90\xa1\x14\xff\x9f\x98\xff\x6c\x43\x4b\x3c\xaa\x3b\x2f\xce\xcf\xde\x72\xc5\x3b\x40\x07\xfc\x23\x64\x28\xc5\xff\x67\xe6\x3f\x7b\xfe\x71\xc1\xd6\x15\x3a\x31\xfe\x9c\x5c\xf1\x0e\xd2\x01\xff\x08\x19\x4a\xf1\xff\x85\xf9\xcf\x31\xb7\xcc\xeb\xac\x49\x2a\x35\x7a\x20\x57\xbc\x43\x74\xc0\x3f\x42\x86\x52\xfc\x7f\x65\xfe\x73\xa6\x1c\x15\xfa\xf8\xdf\x01\xd1\xaa\xca\x15\xef\x30\x1d\xf0\x8f\x90\xa1\x14\xff\xdf\x98\xff\x5c\x59\x36\xa4\x9a\xfc\xb8\xf9\x8e\x3d\x72\xc5\x3b\x42\x07\xfc\x23\x64\x28\xc5\xff\x77\xe6\x3f\xf7\xc8\x6e\xa7\x1a\xe4\xdf\x7a\x2e\xb4\x5c\xf1\x8e\xd2\x01\xff\x08\x19\x4a\xf1\xff\x83\xf9\xcf\xf3\xe7\x4a\xf2\xa5\xf5\x33\x24\x4d\x29\x57\xbc\x63\x74\xc0\x3f\x42\x86\x52\xfc\xff\x64\xfe\xf3\x16\x8f\x72\xbc\xda\xe0\x3f\x55\x27\xc9\x15\xef\x38\x1d\xf0\x8f\x90\xa1\x14\xff\xbf\x98\xff\x7c\x95\x53\x3d\x0b\xd1\xe4\x41\xaf\xaf\x72\xc5\xf3\x7f\x26\x10\xfe\x11\x32\x94\xe2\x3f\x88\xf9\xcf\xff\xf2\x9d\xf3\x71\x47\xe6\x70\x05\xe4\x8a\x77\x92\x0e\xf8\x47\xc8\x50\x8a\xff\xdf\xcc\x7f\x81\x4d\x7f\x23\x2e\xb9\xb1\xe2\x61\x3b\xb9\xe2\x9d\xa2\x03\xfe\x11\x32\x94\xe2\xff\x0f\xf3\x5f\x30\x54\x8e\xb7\xd5\x9d\x5e\xd3\x6f\xcb\x15\xef\x34\x1d\xf0\x8f\x90\xa1\x14\xff\x7f\x99\xff\x42\xf1\x42\x9c\xf1\xc5\x9e\x9b\x3b\xb3\x5c\xf1\xce\xd0\x01\xff\x08\x19\x4a\xf1\xff\x8f\xf9\x2f\xbc\xec\x48\xfa\x0f\x47\xcb\x97\x1d\x2e\x57\xbc\xb3\x74\xc0\x3f\x42\x86\xfa\xdf\xfe\x83\x07\x63\xfe\x8b\x3c\x0e\xd7\xa9\xfc\xd2\xab\x0b\x56\xca\x15\xcf\xff\x9d\x20\xf8\x47\xc8\x50\x8a\xff\xe0\xcc\x7f\xd1\x9a\xa7\x26\xec\xe9\x19\xf2\x5a\x3c\xb9\xe2\x9d\xa7\x03\xfe\x11\x32\x94\xe2\x3f\x04\xf3\x5f\xac\xec\x87\x8d\x2f\xda\xf9\x46\x4c\x93\x2b\xde\x05\x3a\xe0\x1f\x21\x43\x29\xfe\x7d\xcc\x7f\xf1\xef\xd9\x2a\xc7\xdd\x74\xf1\x6f\x52\xb9\xe2\x5d\xa4\x03\xfe\x11\x32\x94\xe2\xdf\x61\xfe\x4b\x54\xfd\xb2\x63\xe0\xa5\xd2\x51\xc3\xcb\x15\xef\x12\x1d\xf0\x8f\x90\xa1\x14\xff\x2e\xf3\x5f\xf2\x7d\xe6\x5a\x9d\x22\xcc\x6c\xba\x43\xae\x78\x97\xe9\x80\x7f\x84\x0c\xa5\xf8\xf7\x98\xff\x52\x41\xa1\x7a\xa7\x88\xda\xef\x64\x45\xb9\xe2\x5d\xa1\x03\xfe\x11\x32\x94\xe2\x3f\x24\xf3\x5f\xba\xe0\xb9\x99\x57\xcf\xaf\xd9\xff\x44\xae\x78\x57\xe9\x80\x7f\x84\x0c\xa5\xf8\x0f\xc5\xfc\x97\x09\x6c\xd3\x2d\xd2\xfa\x6c\x95\x4e\xc9\x15\xef\x1a\x1d\xf0\x8f\x90\xa1\x14\xff\xa1\x99\xff\xb2\xe3\x57\x4d\x79\xdc\xf9\x49\xb2\xfe\x72\xc5\xbb\x4e\x07\xfc\x23\x64\x28\xc5\x7f\x18\xe6\xbf\xdc\xec\x09\x5b\xb7\x4f\xf9\x19\x36\x96\x5c\xf1\x6e\xd0\x01\xff\x08\x19\x4a\xf1\x1f\x96\xf9\x2f\x9f\xb8\x5a\xf5\x22\x25\x02\xfa\xae\x95\x2b\xde\x4d\x3a\xe0\x1f\x21\x43\x29\xfe\xc3\x31\xff\x15\x1e\x77\x09\xa8\x93\x6a\xe3\x84\xc1\x72\xc5\xbb\x45\x07\xfc\x23\x64\x28\xc5\x7f\x78\xe6\xbf\x62\xcd\x4d\x27\xd7\x7f\x69\xfc\x2c\x9b\x5c\xf1\xfc\xcf\x04\x80\x7f\x84\x0c\xa5\xf8\x8f\xc0\xfc\x57\x2a\x3b\xe2\x45\xd0\xcb\x21\xa5\xee\xcb\x15\xef\x0e\x1d\xf0\x8f\x90\xa1\x14\xff\x11\x99\xff\xca\xdf\xcb\x85\x09\x15\x58\x2d\x4f\x2b\xb9\xe2\xdd\xa5\x03\xfe\x11\x32\x94\xe2\x3f\x12\xf3\x5f\x65\xca\xde\x3e\x1b\xaa\x9e\xb9\x58\x44\xae\x78\xf7\xe8\x80\x7f\x84\x0c\xa5\xf8\x8f\xcc\xfc\x57\x4d\xdf\x7b\x5e\xe1\x91\x09\x96\x7f\x94\x2b\x9e\xff\xff\x13\xc0\x3f\x42\x86\x52\xfc\x47\x61\xfe\xab\xe5\x2a\xb8\x3f\x66\xef\x23\x6d\x2a\xc8\x15\xcf\xff\x4e\x60\xf8\x47\xc8\x50\x8a\xff\xa8\xcc\x7f\xf5\x01\xc3\xeb\x3e\x59\x1e\x23\xce\x53\xb9\xe2\x3d\xa4\x03\xfe\x11\x32\x94\xe2\x3f\x1a\xf3\x5f\x23\x49\xd1\x6d\xfd\x8e\x8f\xf9\x7e\x5a\xae\x78\x8f\xe8\x80\x7f\x84\x0c\xa5\xf8\x8f\xce\xfc\xd7\x9c\x31\xb8\xca\xd8\xb8\xf5\x06\xf6\x93\x2b\xde\x63\x3a\xe0\x1f\x21\x43\x29\xfe\x63\x30\xff\xb5\xc6\xec\xec\x7a\xd3\xdb\x99\x6e\xba\x5c\xf1\xfc\xdf\x09\x86\x7f\x84\x0c\xa5\xf8\x8f\xc9\xfc\xd7\xce\xd6\x7f\x7a\x9a\x5b\xad\x6b\x27\x91\x2b\x9e\xff\x77\x02\xf0\x8f\x90\xa1\x14\xff\xb1\x98\xff\x3a\x85\xee\xf6\x78\xbf\xeb\xe3\xb6\x70\x72\xc5\x7b\x46\x07\xfc\x23\x64\x28\xc5\x7f\x6c\xe6\xbf\xee\x8f\xb8\xb3\xe2\x35\x4b\x7a\x60\xa7\x5c\xf1\x9e\xd3\x01\xff\x08\x19\x4a\xf1\x1f\x87\xf9\xaf\xf7\x26\xf1\xee\x12\x03\xf3\xbd\xbf\x27\x57\xbc\x17\x74\xc0\x3f\x42\x86\x52\xfc\xc7\x65\xfe\xeb\x57\x7b\x5e\x73\x77\xdd\x37\x33\x5b\xcb\x15\xef\x25\x1d\xf0\x8f\x90\xa1\x14\xff\xf1\x98\xff\x06\x55\x9d\x30\xcb\xf3\x76\xeb\x52\x54\xae\x78\xaf\xe8\x80\x7f\x84\x0c\xa5\xf8\x8f\xcf\xfc\x37\x7c\x7f\xe8\x45\x95\x87\x4b\x42\x7c\x90\x2b\xde\x6b\x3a\xe0\x1f\x21\x43\x29\xfe\x13\x30\xff\x8d\x82\x7e\x9c\x0c\xf6\xbb\xf0\xba\xd8\x72\xc5\x7b\x43\x07\xfc\x23\x64\x28\xc5\x7f\x42\xe6\xbf\x71\xc1\x7c\x01\x9f\x13\x4d\xbc\xb1\x46\xae\x78\x6f\xe9\x80\x7f\x84\x0c\xa5\xf8\x4f\xc4\xfc\x37\x09\xd7\xae\xfd\xc6\x02\x61\x03\x07\xc9\x15\xef\x1d\x1d\xf0\x8f\x90\xa1\x14\xff\x89\x99\xff\xa6\xdb\x56\x8c\x2d\x34\xe7\x66\xe1\xec\x72\xc5\x7b\x4f\x07\xfc\x23\x64\x28\xc5\x7f\x12\xe6\xbf\xd9\xa2\x49\x6b\x62\x8c\xbe\x1b\x7f\xaf\x5c\xf1\xfc\xbf\x13\x84\x7f\x84\x0c\xa5\xf8\x4f\xca\xfc\x37\x8f\x55\xa5\xdc\xd3\xea\x11\x5b\x87\x92\x2b\x9e\xff\x99\x40\xf0\x8f\x90\xa1\x14\xff\xc9\x98\xff\x16\xbb\xa6\x2d\xed\x9f\x7d\xea\xb0\x14\x72\xc5\xfb\x44\x07\xfc\x23\x64\x28\xc5\x7f\x72\xe6\xbf\x65\xb0\x0a\xc5\xc7\xbc\x2e\xfe\x61\xb2\x5c\xf1\x3e\xd3\x01\xff\x08\x19\x4a\xf1\x9f\x82\xf9\x6f\x15\xad\x55\xb3\x1b\xdf\x16\xd4\xe9\xf5\x7f\xec\xfd\x53\x90\x5e\x0d\x13\xef\x7f\x07\x93\x59\x6b\x4d\x9c\x89\x79\xc7\xb6\x6d\xdb\xb6\x6d\x3b\x13\xdb\xb6\x6d\xdb\x13\x9b\x13\xdb\xb6\xdf\x83\xb7\xaf\xbd\xfb\x5f\xfd\xd4\xee\xe3\xae\xfa\x7d\x8f\xba\x52\x99\xdf\xd9\xa7\x9e\xe7\x9e\x5c\xd7\x5a\x72\xc5\xff\x33\x1d\xf0\x8f\x90\xa1\x14\xff\x29\x99\xff\xb6\xeb\xd7\x0e\x4d\x9b\xa6\x4b\x9a\xf3\x72\xc5\xff\x0b\x1d\xf0\x8f\x90\xa1\x14\xff\xa9\x98\xff\x76\x21\x91\xda\xbe\x2d\xf3\x3c\xf8\x81\x5c\xf1\xff\x4a\x07\xfc\x23\x64\x28\xc5\x7f\x6a\xe6\xbf\x7d\xa3\x13\xa3\x12\x4c\xcf\xb3\xa9\x9a\x5c\xf1\xff\x46\x07\xfc\x23\x64\x28\xc5\x7f\x1a\xe6\xbf\x43\xb7\x8f\x2b\x4b\x77\x4e\x39\x3f\xab\x5c\xf1\xff\x4e\x07\xfc\x23\x64\x28\xc5\x7f\x5a\xe6\xbf\xe3\xb9\x6c\x65\x76\xaf\xfb\xf2\x7c\xb8\x5c\xf1\xff\x41\x07\xfc\x23\x64\x28\xc5\x7f\x3a\xe6\xbf\x53\x84\x98\x39\x16\x9f\xed\x18\x6e\xa5\x5c\xf1\xff\x49\x07\xfc\x23\x64\x28\xc5\x7f\x7a\xe6\xbf\xf3\xf6\x0b\x57\x2a\x47\xdd\xd7\x35\x81\x5c\xf1\xff\x45\x07\xfc\x23\x64\x28\xc5\x7f\x06\xe6\xbf\xcb\xe2\x97\x5f\xc2\x45\xa8\x73\xef\xb3\x5c\xf1\xff\x4d\x07\xfc\x23\x64\x28\xc5\x7f\x46\xe6\xbf\x6b\xec\x74\xb1\xbe\x5e\x18\xb9\xaa\xb0\x5c\xf1\xff\x43\x07\xfc\x23\x64\x28\xc5\x7f\x26\xe6\xbf\x5b\xdf\x7b\x8d\x2b\x6c\x8c\x56\xac\xa3\x5c\xf1\xff\x4b\x07\xfc\x23\x64\x28\xc5\x7f\x66\xe6\xbf\xfb\xa1\x38\x41\xfb\xda\x1d\xcc\x12\x22\x57\xfc\xff\xd1\x01\xff\x08\x19\x4a\xf1\x9f\x85\xf9\xef\x71\x35\xe9\xe2\x17\x15\xf2\xdf\x3d\x28\x57\x1c\xdf\x01\xff\x08\x19\x4a\xf1\x9f\x95\xf9\xef\xd9\xf1\x49\xa1\xb8\x93\xdf\xad\xec\x2e\x57\x1c\xfa\x3b\xf0\x8f\x90\xa5\x14\xff\xd9\x98\xff\x5e\x67\x53\xae\x19\xf4\xb1\x7b\xf1\xba\x72\xc5\x09\x43\x07\xfc\x23\x64\x28\xc5\x7f\x76\xe6\xbf\x77\xcf\x07\xa5\xbb\x66\x58\x91\xf5\xad\x5c\x71\xc2\xd2\x01\xff\x08\x19\x4a\xf1\x9f\x83\xf9\xef\xd3\xf4\x56\xab\x94\x59\x0b\x2d\x70\xe4\x8a\xe3\x47\x07\xfc\x23\x64\x28\xc5\x7f\x4e\xe6\xbf\xef\xcd\x04\xa3\xaf\xbc\x9b\xfc\x62\xb3\x5c\x71\xc2\xd1\x01\xff\x08\x19\x4a\xf1\x9f\x8b\xf9\xef\xb7\xee\x40\xf3\xa8\x13\x5c\xbf\xb9\x72\xc5\xf1\xa7\x03\xfe\x11\x32\x94\xe2\x3f\x37\xf3\xdf\x3f\x56\xef\x11\x0f\xab\x86\x74\x49\x2d\x57\x1c\xdf\x7f\x13\xc0\x3f\x42\x86\x52\xfc\xe7\x61\xfe\x07\x84\x2d\xba\x7c\xfb\xd6\xe0\xfa\x15\xe4\x8a\xe3\xfb\x79\xf8\x47\xc8\x50\x8a\xff\xbc\xcc\xff\xc0\x5d\xc3\x8a\x15\x6f\x15\x23\xed\x2f\xb9\xe2\x78\x74\xc0\x3f\x42\x86\x52\xfc\xe7\x63\xfe\x07\x55\xed\xfa\x6f\x88\x3b\xe1\xf8\x55\xb9\xe2\x04\xd0\x01\xff\x08\x19\x4a\xf1\x9f\x9f\xf9\x1f\xfc\x62\x5b\x82\xce\x57\xea\x6f\x6c\x24\x57\x9c\xf0\x74\xc0\x3f\x42\x86\x52\xfc\x17\x60\xfe\x87\xfc\x99\x90\x2f\xf9\xc9\xdd\xf1\x47\xc9\x15\x27\x02\x1d\xf0\x8f\x90\xa1\x14\xff\x05\x99\xff\xa0\x92\xa5\xef\x5e\x8b\xd1\xaa\x4d\x3e\xb9\xe2\x44\xa4\x03\xfe\x11\x32\x94\xe2\xbf\x10\xf3\x3f\xb4\x66\xc3\x7f\x8d\xba\x7f\x1c\x11\x4d\xae\x38\x91\xe8\x80\x7f\x84\x0c\xa5\xf8\x2f\xcc\xfc\x0f\x7b\x33\x2b\xc1\x94\x55\xff\x7d\x58\x21\x57\x9c\xc8\x74\xc0\x3f\x42\x86\x52\xfc\x17\x61\xfe\x87\xff\x58\x92\x2f\x78\x7f\xb2\x0d\xe9\xe5\x8a\x13\x85\x0e\xf8\x47\xc8\x50\x8a\xff\xa2\xcc\xff\x88\xa2\xcd\xef\x66\x6b\xf2\xf5\xe6\x4c\xb9\xe2\x44\xa5\x03\xfe\x11\x32\x94\xe2\xbf\x18\xf3\x3f\xf2\xc1\x8a\xec\xeb\xc3\xb4\xcb\xb6\x5d\xae\x38\xbe\xdf\x09\xc0\x3f\x42\x86\x52\xfc\x17\x67\xfe\x47\xd5\x6d\x7c\xbd\xfe\xdd\xfd\x45\xc2\xca\x15\x27\x90\x0e\xf8\x47\xc8\x50\x8a\xff\x12\xcc\xff\xe8\x8a\x75\xbf\x7a\x47\x6a\xbf\x7d\x29\x57\x9c\xe8\x74\xc0\x3f\x42\x86\x52\xfc\x97\x64\xfe\xc7\x7c\x99\x17\xfd\x67\xa2\x31\x33\x1b\xca\x15\x27\x06\x1d\xf0\x8f\x90\xa1\x14\xff\xa5\x98\xff\xb1\x83\x0b\xfe\x2a\x38\x30\x6a\xf7\xce\x72\xc5\x89\x49\x07\xfc\x23\x64\x28\xc5\x7f\x69\xe6\x7f\x5c\xde\x1f\x71\xce\x2c\x39\x12\xf6\xa8\x5c\x71\x62\xd1\x01\xff\x08\x19\x4a\xf1\x5f\x86\xf9\x1f\x9f\xf1\x48\xae\x99\xc5\xee\xa6\x5b\x22\x57\x9c\xd8\x74\xc0\x3f\x42\x86\x52\xfc\x97\x65\xfe\x27\x4c\x0b\x17\xd2\x76\x66\x84\x3a\x31\xe5\x8a\x13\x87\x0e\xf8\x47\xc8\x50\x8a\xff\x72\xcc\xff\xc4\x9a\x29\x97\x77\xfd\x3e\x7d\x47\x2e\xb9\xe2\xc4\xa5\x03\xfe\x11\x32\x94\xe2\xbf\x3c\xf3\x3f\xe9\xcd\x83\x62\x83\x92\x15\x3b\x34\x4e\xae\x38\xf1\xe8\x80\x7f\x84\x0c\xa5\xf8\xaf\xc0\xfc\x4f\xfe\x71\xab\xf9\x95\xdc\x4b\xda\x37\x93\x2b\x4e\x7c\x3a\xe0\x1f\x21\x43\x29\xfe\x2b\x32\xff\x53\x8a\x26\x18\x91\xf2\x49\xe7\x78\x17\xe5\x8a\x93\x80\x0e\xf8\x47\xc8\x50\x8a\xff\x4a\xcc\xff\xd4\xff\xde\x7e\x58\x30\xec\xd5\xd7\x7f\x72\xc5\x49\x48\x07\xfc\x23\x64\x28\xc5\x7f\x65\xe6\x7f\xda\xec\x54\x81\xed\x6a\xe7\x1e\x54\x46\xae\x38\x89\xe8\x80\x7f\x84\x0c\xa5\xf8\xaf\xc2\xfc\x4f\x1f\x1f\x2d\x4b\xae\x35\x8f\xca\xbe\x92\x2b\x8e\xef\x67\xe0\x1f\x21\x43\x29\xfe\xab\x32\xff\x33\xb2\x5d\xb9\x70\xba\x67\xe6\xfc\x0d\xe4\x8a\x93\x98\x0e\xf8\x47\xc8\x50\x8a\xff\x6a\xcc\xff\xcc\xe9\x31\xf3\x56\x8e\xb5\xe6\x42\x27\xb9\xe2\x24\xa1\x03\xfe\x11\x32\x94\xe2\xbf\x3a\xf3\x3f\x2b\xdd\x85\x9b\x8b\x4f\xf7\x5e\x7e\x4c\xae\x38\x49\xe9\x80\x7f\x84\x0c\xa5\xf8\xaf\xc1\xfc\xcf\xce\xf5\xf2\xfb\xd7\x6b\xf3\x03\xd2\xc9\x15\x27\x19\x1d\xf0\x8f\x90\xa1\x14\xff\x35\x99\xff\x39\x43\xd2\xc5\x0d\x17\x50\xae\xdf\x2c\xb9\xe2\x24\xa7\x03\xfe\x11\x32\x94\xe2\xbf\x16\xf3\x3f\xf7\xeb\xf8\x2f\x07\xdb\x5c\x9b\xb4\x43\xae\x38\x29\xe8\x80\x7f\x84\x0c\xa5\xf8\xaf\xcd\xfc\xcf\x2b\x57\x2a\x56\xd6\xed\x7e\xcf\xc2\xc8\x15\x27\x25\x1d\xf0\x8f\x90\xa1\x14\xff\x75\x98\xff\xf9\xb5\xba\xe4\x68\x59\x39\xce\x89\xe6\x72\xc5\x49\x45\x07\xfc\x23\x64\x28\xc5\x7f\x5d\xe6\x7f\xc1\xc3\xad\x57\xa6\x8e\x3b\xbd\xff\x82\x5c\x71\x52\xd3\x01\xff\x08\x19\x4a\xf1\x5f\x8f\xf9\x5f\xf8\xa0\xe6\x88\x91\x6f\x2a\x57\xfd\x2b\x57\x9c\x34\x74\xc0\x3f\x42\x86\x52\xfc\xd7\x67\xfe\x17\xd5\x9d\xd4\xbc\x6f\xe6\xa0\xe4\x65\xe5\x8a\x93\x96\x0e\xf8\x47\xc8\x50\x8a\xff\x06\xcc\xff\xe2\x8a\x6b\x8a\x65\x4c\xd7\x6c\xd4\x62\xb9\xe2\xf8\x3e\x13\x00\xff\x08\x19\x4a\xf1\xdf\x90\xf9\x5f\xf2\xa5\xfd\xf2\xdb\xef\xb7\xff\x8b\x25\x57\x1c\xdf\x3b\x41\xe1\x1f\x21\x43\x29\xfe\x1b\x31\xff\x4b\x77\xe6\x7f\x38\x7f\x62\xba\x68\xb9\xe5\x8a\x93\x81\x0e\xf8\x47\xc8\x50\x8a\xff\xc6\xcc\xff\xb2\x30\xbf\x42\xb5\x2f\xf7\xb7\xd9\x58\xb9\xe2\x64\xa4\x03\xfe\x11\x32\x94\xe2\xbf\x09\xf3\xbf\x3c\xe6\xa1\xc4\xb9\xeb\xfe\xcc\xe3\x2f\x57\x9c\x4c\x74\xc0\x3f\x42\x86\x52\xfc\x37\x65\xfe\x57\xac\x75\x8e\x9c\x1a\x91\xaa\xdc\x16\xb9\xe2\x64\xa6\x03\xfe\x11\x32\x94\xe2\xbf\x19\xf3\xbf\x32\xd2\xb1\x54\x95\x9e\x6d\x5e\x34\x4f\xae\x38\x59\xe8\x80\x7f\x84\x0c\xa5\xf8\x6f\xce\xfc\xaf\xda\x1a\xf6\xd4\x92\xbc\x8d\xae\xa7\x92\x2b\x4e\x56\x3a\xe0\x1f\x21\x43\x29\xfe\x5b\x30\xff\xab\x17\xe6\x7e\xf5\x2d\xc5\x88\xbe\x87\xe4\x8a\x93\x8d\x0e\xf8\x47\xc8\x50\x8a\xff\x96\xcc\xff\x9a\xb8\xff\x3c\xbf\x9f\xd5\x23\x76\x93\x2b\x4e\x76\x3a\xe0\x1f\x21\x43\x29\xfe\x5b\x31\xff\x6b\x3b\xd4\x7f\x7a\x68\xf6\xf9\xfb\x75\xe4\x8a\x93\x83\x0e\xf8\x47\xc8\x50\x8a\xff\xd6\xcc\xff\xba\x2b\x73\xfc\xb2\x94\x48\x30\xfd\x9d\x5c\x71\x72\xd2\x01\xff\x08\x19\x4a\xf1\xdf\x86\xf9\x5f\x7f\x70\x51\xf2\x16\x8b\x42\xed\x1a\x29\x57\x1c\xdf\x3b\x81\xe1\x1f\x21\x43\x29\xfe\xdb\x32\xff\x1b\xfa\xb4\x0c\x9e\xd6\xff\xd2\xf9\xfc\x72\xc5\xf1\x7d\x26\x18\xfe\x11\x32\x94\xe2\xbf\x1d\xf3\xbf\x71\x67\xf1\x3d\xe3\x12\x94\x4a\x12\x28\x57\x9c\x3c\x74\xc0\x3f\x42\x86\x52\xfc\xb7\x67\xfe\x37\x85\x09\xaa\x3d\xe0\xd0\xec\x6a\xcb\xe5\x8a\x93\x97\x0e\xf8\x47\xc8\x50\x8a\xff\x0e\xcc\xff\xe6\x98\xbb\x7a\xa5\xb9\xdd\xff\x7b\x45\xb9\xe2\xe4\xa3\x03\xfe\x11\x32\x94\xe2\xbf\x23\xf3\xbf\x65\xed\xc0\xd9\x37\x43\x6d\x18\xff\x53\xae\x38\xbe\xdf\x09\xc0\x3f\x42\x86\x52\xfc\x77\x62\xfe\xb7\x9e\x1f\xfb\xba\x71\xa3\xec\x4d\xaf\xc8\x15\xa7\x00\x1d\xf0\x8f\x90\xa1\x14\xff\x9d\x99\xff\x6d\xdd\xcb\x44\x9a\xbc\xf7\x59\x8c\xc6\x72\xc5\x29\x48\x07\xfc\x23\x64\x28\xc5\x7f\x17\xe6\x7f\x7b\xe3\x4e\x19\x8f\x0f\x6a\x37\xa4\xa5\x5c\x71\x0a\xd1\x01\xff\x08\x19\x4a\xf1\xdf\x95\xf9\xdf\x71\x6b\xfb\xd9\xec\xf5\xf6\x7f\xbe\x24\x57\x9c\xc2\x74\xc0\x3f\x42\x86\x52\xfc\x77\x63\xfe\x77\xf6\xee\x96\x62\x43\xbe\x64\x71\x7e\xcb\x15\xa7\x08\x1d\xf0\x8f\x90\xa1\x14\xff\xdd\x99\xff\x5d\x47\x36\x1f\xad\x77\xff\x6b\xc7\xd2\x72\xc5\x29\x4a\x07\xfc\x23\x64\x28\xc5\x7f\x0f\xe6\x7f\xf7\xf5\x91\x4f\xdc\x3f\x51\x8f\x2c\x94\x2b\x4e\x31\x3a\xe0\x1f\x21\x43\x29\xfe\x7b\x32\xff\x7b\xda\x57\x70\x7e\x25\x3e\xb2\x2d\x86\x5c\x71\x8a\xd3\x01\xff\x08\x19\x4a\xf1\xdf\x8b\xf9\xdf\x1b\xe7\xf5\xf3\x02\x85\x6b\xd7\xca\x2b\x57\x9c\x12\x74\xc0\x3f\x42\x86\x52\xfc\xf7\x66\xfe\xf7\x2d\x49\x13\x70\x76\xde\x98\x0c\xe3\xe5\x8a\xe3\x73\x0f\xff\x08\x19\x4a\xf1\xdf\x87\xf9\xdf\xbf\x23\x4a\xda\x59\x7d\xa6\x87\x7e\x21\x57\x9c\x52\x74\xc0\x3f\x42\x86\x52\xfc\xf7\x65\xfe\x0f\x44\xbc\x76\xb2\xcd\xf2\x62\x3d\xeb\xc9\x15\xc7\xf7\x6f\x02\xf0\x8f\x90\xa1\x14\xff\xfd\x98\xff\x83\x35\x8e\x1f\x2e\x78\xfc\xee\xec\x2e\x72\xc5\x29\x43\x07\xfc\x23\x64\x28\xc5\x7f\x7f\xe6\xff\xd0\xeb\x50\xff\x9d\x89\x1b\xe1\x75\xb0\x5c\x71\xca\xd2\x01\xff\x08\x19\x4a\xf1\x3f\x80\xf9\x3f\xfc\x3d\x4f\xe8\x99\xce\xab\x42\x19\xe4\x8a\x53\x8e\x0e\xf8\x47\xc8\x50\x8a\xff\x81\xcc\xff\x91\x22\xbf\x1f\xb5\xbd\x95\x3b\xc7\x1c\xb9\xe2\x94\xa7\x03\xfe\x11\x32\x94\xe2\x7f\x10\xf3\x7f\xf4\x79\x0b\x2f\xfb\x9e\x25\xb7\xb6\xc9\x15\xa7\x02\x1d\xf0\x8f\x90\xa1\x14\xff\x83\x99\xff\x63\x55\x16\xbe\x3a\xde\xb2\xf3\xba\xff\xb1\xe2\xf8\x9e\x09\x06\xff\x08\x19\x4a\xf1\x3f\x84\xf9\x3f\x5e\x62\xf6\xa9\xc9\x9d\xba\x7f\x1a\x2d\x57\x9c\x4a\x74\xc0\x3f\x42\x86\x52\xfc\x07\x31\xff\xc1\xbf\xeb\xa5\x6a\xbc\x76\xc5\xb0\x82\x72\xc5\xa9\x4c\x07\xfc\x23\x64\x28\xc5\xff\x50\xe6\xff\x44\x83\xf9\x47\x7e\x9d\xc9\xdf\x2a\xaa\x5c\x71\xaa\xd0\x01\xff\x08\x19\x4a\xf1\x3f\x8c\xf9\x3f\xf9\xb8\x56\x62\x37\xca\xbb\x84\x4b\xe5\x8a\x53\x95\x0e\xf8\x47\xc8\x50\x8a\xff\xe1\xcc\xff\xa9\xf7\x4d\x42\xd5\x8b\xe8\x6e\x2e\x2f\x57\x9c\x6a\x74\xc0\x3f\x42\x86\x52\xfc\x8f\x60\xfe\x4f\x97\x59\xfa\x70\xc3\xc5\x90\xa3\xdf\xe5\x8a\x53\x9d\x0e\xf8\x47\xc8\x50\x8a\xff\x91\xcc\xff\x99\x02\xfe\x11\xdb\x6c\x2a\x94\xfa\x9a\x5c\x71\x6a\xd0\x01\xff\x08\x19\x4a\xf1\x3f\x8a\xf9\x3f\x3b\xf4\xe0\xbb\x59\xed\x27\x37\x6c\x2a\x57\x9c\x9a\x74\xc0\x3f\x42\x86\x52\xfc\x8f\x66\xfe\xcf\x4d\xfc\x79\xee\xec\xe8\x09\x9d\xfc\xe4\x8a\x53\x8b\x0e\xf8\x47\xc8\x50\x8a\xff\x31\xcc\xff\xf9\x34\xf9\xd2\x15\xa8\x51\xdf\x7f\x93\x5c\x71\x6a\xd3\x01\xff\x08\x19\x4a\xf1\x3f\x96\xf9\xbf\xf0\x3c\x61\xa5\x14\x39\x82\x5f\x2d\x90\x2b\x4e\x1d\x3a\xe0\x1f\x21\x43\x29\xfe\xc7\x31\xff\x17\xab\xdc\xd8\x7c\xf5\x65\x8c\x79\x69\xe4\x8a\x53\x97\x0e\xf8\x47\xc8\x50\x8a\xff\xf1\xcc\xff\xa5\x12\x0f\xa7\x0c\xfe\xf6\x31\xf3\x11\xb9\xe2\xf8\x9e\x09\x06\xff\x08\x19\x4a\xf1\x3f\x81\xf9\xbf\xfc\x3b\x59\xe7\x2e\x69\xff\x2b\xd9\x43\xae\x38\xf5\xe9\x80\x7f\x84\x0c\xa5\xf8\x9f\xc8\xfc\x5f\x59\x70\xdd\x39\x55\x76\xf7\xea\x5a\x72\xc5\x69\x40\x07\xfc\x23\x64\x28\xc5\xff\x24\xe6\xff\x6a\xf2\xa8\x4f\x72\xcf\x68\x75\xfb\x8d\x5c\x71\x1a\xd2\x01\xff\x08\x19\x4a\xf1\x3f\x99\xf9\xbf\x96\x39\xed\xd1\xf6\xcd\x37\xc7\x2a\x27\x57\x9c\x46\x74\xc0\x3f\x42\x86\x52\xfc\x4f\x61\xfe\xaf\x8f\x79\x93\x62\xfe\xae\x46\x8d\x7f\xc8\x15\xa7\x31\x1d\xf0\x8f\x90\xa1\x14\xff\x53\x99\xff\x1b\xa9\x33\x9e\xf5\xbb\xf9\x73\xec\x75\xb9\xe2\x34\xa1\x03\xfe\x11\x32\x94\xe2\x7f\x1a\xf3\x7f\x73\xca\x8b\x8c\xdf\xc2\xa5\xfa\xd9\x44\xae\x38\xbe\xef\x04\xc0\x3f\x42\x86\x52\xfc\x4f\x67\xfe\x43\x46\x5c\x8e\xb4\x24\xf6\xf9\x1a\x63\xe4\x8a\xd3\x8c\x0e\xf8\x47\xc8\x50\x8a\xff\x19\xcc\xff\xad\xfc\x31\x5e\x57\x3a\x9a\xe0\xbf\x02\x72\xc5\x69\x4e\x07\xfc\x23\x64\x28\xc5\xff\x4c\xe6\xff\x76\xe9\x1d\x61\xa7\x2d\x1d\x71\x36\x8a\x5c\x71\x5a\xd0\x01\xff\x08\x19\x4a\xf1\x3f\x8b\xf9\xbf\xf3\xa9\xf3\x83\x16\xbd\xaa\xef\x59\x26\x57\x9c\x96\x74\xc0\x3f\x42\x86\x52\xfc\xcf\x66\xfe\xef\x3e\x2b\x7b\x30\xcb\x82\x52\x53\x0f\xcb\x15\xa7\x15\x1d\xf0\x8f\x90\xa1\x14\xff\x73\x98\xff\x7b\xf5\xc7\x25\x39\x54\x74\xf6\xc3\x9e\x72\xc5\x69\x4d\x07\xfc\x23\x64\x28\xc5\xff\x5c\xe6\xff\x7e\x83\x0e\x9d\xef\x24\x0d\x15\xb9\xb6\x5c\x71\xda\xd0\x01\xff\x08\x19\x4a\xf1\x3f\x8f\xf9\x7f\xf0\x78\xe5\x94\x0c\xff\x2e\xf5\x7e\x2d\x57\x9c\xb6\x74\xc0\x3f\x42\x86\x52\xfc\xcf\x67\xfe\x1f\xbe\x9f\xbc\xb9\xcf\xc3\xec\x57\xc3\xc9\x15\xa7\x1d\x1d\xf0\x8f\x90\xa1\x14\xff\x0b\x98\xff\x47\x65\xaa\x55\x1a\x55\xe0\xd9\x92\x8d\x72\xc5\x69\x4f\x07\xfc\x23\x64\x28\xc5\xff\x42\xe6\xff\xb1\xe3\x17\xfd\x74\x83\xfe\x15\xe6\xcb\x15\xa7\x03\x1d\xf0\x8f\x90\xa1\x14\xff\x8b\x98\xff\x27\xfb\x0e\x7f\xcd\x35\x64\x43\xae\xb4\x72\xc5\xe9\x48\x07\xfc\x23\x64\x28\xc5\xff\x62\xe6\xff\xe9\xaa\xef\xd7\xdb\x4d\x5b\xd3\x62\x91\x5c\x71\x3a\xd1\x01\xff\x08\x19\x4a\xf1\xbf\x84\xf9\x7f\x16\x58\x20\xfb\x82\xd2\xbd\xa3\x44\x97\x2b\x4e\x67\x3a\xe0\x1f\x21\x43\x29\xfe\x97\x32\xff\xcf\x37\xfd\xbe\x1b\x2e\xf5\xa3\x3f\x79\xe4\x8a\xd3\x85\x0e\xf8\x47\xc8\x50\x8a\xff\x65\xcc\xff\x8b\xf0\x79\xf2\x7d\xfd\x92\x79\xcc\x04\xb9\xe2\x74\xa5\x03\xfe\x11\x32\x94\xe2\x7f\x39\xf3\xff\x32\x51\xa8\x04\x8b\x9f\x5f\x4b\xd9\x42\xae\x38\xdd\xe8\x80\x7f\x84\x0c\xa5\xf8\x5f\xc1\xfc\xbf\x5a\x76\xfc\x5f\xe5\x6c\x7e\x95\x2f\xcb\x15\xa7\x3b\x1d\xf0\x8f\x90\xa1\x14\xff\x2b\x99\xff\xd7\x17\x9b\x45\x99\x5a\x6d\xfe\xde\x3f\x72\xc5\xf1\xbd\x13\x04\xfe\x11\x32\x94\xe2\x7f\x15\xf3\xff\xa6\xed\xe2\x8f\x2d\x47\x96\x3b\x55\x4a\xae\x38\xbe\xef\x04\xc2\x3f\x42\x86\x52\xfc\xaf\x66\xfe\xdf\x0e\x9c\x79\x39\x6b\xc7\xca\x4f\x32\xca\x15\xa7\x17\x1d\xf0\x8f\x90\xa1\x14\xff\x6b\x98\xff\x77\xc7\x1a\x64\x3e\xb8\x25\x68\xca\x6c\xb9\xe2\xf4\xa6\x03\xfe\x11\x32\x94\xe2\x7f\x2d\xf3\xff\xde\xe9\x57\xfe\xc6\xe5\x38\x03\xb6\xca\x15\xa7\x0f\x1d\xf0\x8f\x90\xa1\x14\xff\xeb\x98\xff\x0f\xfb\x76\x6f\x48\x1b\xf9\xb4\x1b\x5a\xae\x38\x7d\xe9\x80\x7f\x84\x0c\xa5\xf8\x5f\xcf\xfc\x7f\x5c\x35\x68\xfc\xc0\x68\xe9\x96\x3e\x97\x2b\x4e\x3f\x3a\xe0\x1f\x21\x43\x29\xfe\x37\x30\xff\x9f\x02\x4b\xb4\x1b\x7b\xee\xef\xa5\xfa\x72\xc5\xe9\x4f\x07\xfc\x23\x64\x28\xc5\xff\x46\xe6\xff\x73\xa7\x6d\x71\xb3\xad\x6f\x56\xb0\xab\x5c\x71\x06\xd0\x01\xff\x08\x19\x4a\xf1\xbf\x89\xf9\xff\x72\xaa\xeb\xf7\xe0\x2e\xdb\x4b\x1f\x97\x2b\xce\x40\x3a\xe0\x1f\x21\x43\x29\xfe\x37\x33\xff\x5f\xef\x96\xbe\x39\xe5\x7a\xd7\xa8\x03\xe5\x8a\x33\x88\x0e\xf8\x47\xc8\x50\x8a\xff\x2d\xcc\xff\xb7\x66\x13\xf2\x36\x0a\xbf\xa8\xe5\x29\xb9\xe2\x0c\xa6\x03\xfe\x11\x32\x94\xe2\x7f\x2b\xf3\xff\xfd\x78\xf9\x0b\x3f\xdb\xe6\x1d\xfd\x58\xae\x38\x43\xe8\x80\x7f\x84\x0c\xa5\xf8\xdf\xc6\xfc\xff\xe8\x37\x26\x8b\xb7\xe3\xc5\xef\xca\x72\xc5\x09\xa2\x03\xfe\x11\x32\x94\xe2\x7f\x3b\xf3\xff\xb3\xd5\xa6\xc0\xfa\xab\x23\x55\xda\x29\x57\x9c\xa1\x74\xc0\x3f\x42\x86\x52\xfc\xef\x60\xfe\x7f\x5d\xea\xf9\x61\x7d\x8f\xdb\x29\x22\xca\x15\x67\x18\x1d\xf0\x8f\x90\xa1\x14\xff\x3b\x99\xff\xdf\xcb\xaf\x26\x6c\x1b\xb3\xc4\xe9\xa4\x72\xc5\x19\x4e\x07\xfc\x23\x64\x28\xc5\xff\x2e\xe6\xff\x4f\xfc\xc0\xdf\x33\x4f\x4d\xdd\x37\x5d\xae\x38\x23\xe8\x80\x7f\x84\x0c\xa5\xf8\xdf\xcd\xfc\xff\x75\x53\xdf\x39\x93\x7e\xd4\xe4\x0f\x72\xc5\x19\x49\x07\xfc\x23\x64\x28\xc5\xff\x1e\xe6\xff\xdf\xe6\x77\x05\x0b\x7e\xa8\xfb\xb8\x98\x5c\x71\x46\xd1\x01\xff\x08\x19\x4a\xf1\xbf\xf7\xff\xfa\x77\x42\x4d\x29\x5e\xb3\xfe\xa4\x43\x5e\x1b\xb9\xe2\x8c\xa6\x03\xfe\x11\x32\x94\xe2\x7f\x1f\xf3\x1f\x3a\x75\xd0\xb6\xf5\xe5\x03\x07\xde\x93\x2b\xce\x18\x3a\xe0\x1f\x21\x43\x29\xfe\xf7\x33\xff\x61\xf2\xef\x9a\xfa\xb3\xd2\xe7\xcb\x39\xe4\x8a\x33\x96\x0e\xf8\x47\xc8\x50\x8a\xff\x03\xcc\x7f\xd8\x11\x03\x7b\x78\x63\x53\x2c\x0b\x92\x2b\xce\x38\x3a\xe0\x1f\x21\x43\x29\xfe\x0f\x32\xff\x7e\x33\x5a\xd7\x3c\xf0\x7a\x6f\xa9\x75\x72\xc5\x19\x4f\x07\xfc\x23\x64\x28\xc5\xff\x21\xe6\x3f\x5c\xfa\x0d\xdb\xca\x65\xea\x50\x20\xb6\x5c\x71\x7c\xef\x04\x84\x7f\x84\x0c\xa5\xf8\x3f\xcc\xfc\xfb\xe7\x9e\x36\x35\x76\xca\x36\x8d\x26\xcb\x15\x67\x22\x1d\xf0\x8f\x90\xa1\x14\xff\x47\x98\x7f\x27\xa8\x6a\x8f\x57\xbf\x76\xc6\x4c\x29\x57\x9c\x49\x74\xc0\x3f\x42\x86\x52\xfc\x1f\x65\xfe\xdd\xc4\x93\xe6\x75\x9e\x93\xe4\x97\x27\x57\x1c\xdf\xff\x27\x80\x7f\x84\x0c\xa5\xf8\x3f\xc6\xfc\x7b\x73\x6a\x0e\x1c\x52\xf2\xfd\xb8\xbd\x72\xc5\x99\x42\x07\xfc\x23\x64\x28\xc5\xff\x71\xe6\x3f\x60\x42\xfb\x06\xd7\xea\xc4\x4a\x5c\x5d\xae\x38\x53\xe9\x80\x7f\x84\x0c\xa5\xf8\x0f\x66\xfe\xc3\x67\x5f\xb3\x37\xf9\xf0\x63\x35\xef\xcb\x15\x67\x1a\x1d\xf0\x8f\x90\xa1\x14\xff\x27\x98\xff\x08\x85\xbd\xaa\xf7\x9f\x36\xdc\x7d\x4e\xae\x38\xbe\xef\x04\xc3\x3f\x42\x86\x52\xfc\x9f\x64\xfe\x23\xfe\x3a\xbf\x29\x30\xcf\xb8\x33\x7d\xe5\x8a\x33\x83\x0e\xf8\x47\xc8\x50\x8a\xff\x53\xcc\x7f\xa4\x77\x5f\x26\x96\xbc\x33\xf1\x51\x7c\xb9\xe2\xcc\xa4\x03\xfe\x11\x32\x94\xe2\xff\x34\xf3\x1f\xb9\x7a\xd6\x2e\x5b\x43\x17\x99\xb6\x4a\xae\x38\xb3\xe8\x80\x7f\x84\x0c\xa5\xf8\x3f\xc3\xfc\x47\x99\x11\x35\xd2\xda\xc6\x37\x7a\x8d\x90\x2b\xce\x6c\x3a\xe0\x1f\x21\x43\x29\xfe\xcf\x32\xff\x51\xd3\x5f\x7f\xdd\x70\x5f\x40\xa4\x2c\x72\xc5\x99\x43\x07\xfc\x23\x64\x28\xc5\xff\x39\xe6\x3f\x5a\xee\x37\x67\xc3\x2f\x7c\xb3\xf8\x96\x5c\x71\xe6\xd2\x01\xff\x08\x19\x4a\xf1\x7f\x9e\xf9\x0f\x0c\x4a\x9b\xf1\x7b\xbf\x82\x57\x3a\xc8\x15\x67\x1e\x1d\xf0\x8f\x90\xa1\x14\xff\x17\x98\xff\xe8\xf7\x6f\xd4\x2e\x14\x7f\x59\xee\x42\x72\xc5\x99\x4f\x07\xfc\x23\x64\x28\xc5\xff\x45\xe6\x3f\x46\x9d\x84\x7b\xb6\x1c\xec\x59\xf1\x8b\x5c\x71\x16\xd0\x01\xff\x08\x19\x4a\xf1\x7f\x89\xf9\x8f\x59\x21\xd9\xec\x67\x59\xd6\x0d\xad\x26\x57\x9c\x85\x74\xc0\x3f\x42\x86\x52\xfc\x5f\x66\xfe\x63\x7d\x7e\xd8\x2b\xfa\xdb\x81\x1f\x1f\xc8\x15\x67\x11\x1d\xf0\x8f\x90\xa1\x14\xff\x57\x98\xff\xd8\x35\xfe\x9b\x32\x7e\xfc\x93\x44\xe7\xe5\x8a\xb3\x98\x0e\xf8\x47\xc8\x50\x8a\xff\xab\xcc\x7f\x9c\xd7\x4f\x3b\xf7\xaf\x92\xb3\x75\x1f\xb9\xe2\x2c\xa1\x03\xfe\x11\x32\x94\xe2\xff\x1a\xf3\x1f\xf7\xfb\xed\x4a\xa9\x2b\x5e\x38\x36\x45\xae\x38\x4b\xe9\x80\x7f\x84\x0c\xa5\xf8\xbf\xce\xfc\xc7\x2b\x12\x77\x73\xc8\x94\x30\x5b\x52\xc8\x15\x67\x19\x1d\xf0\x8f\x90\xa1\x14\xff\x37\x98\xff\xf8\x39\x76\xd6\x4f\xf4\x69\x66\x03\x57\xae\x38\xcb\xe9\x80\x7f\x84\x0c\xa5\xf8\xbf\xc9\xfc\x27\x18\x3b\xe0\xc0\xeb\x8c\x65\x52\xed\x93\x2b\xce\x0a\x3a\xe0\x1f\x21\x43\x29\xfe\x43\x98\xff\x84\x33\x8b\xcd\xdf\x79\xa2\xa6\x13\x22\x57\x9c\x95\x74\xc0\x3f\x42\x86\x52\xfc\xdf\x62\xfe\x13\x25\x19\xd2\xaf\x6c\xf4\x61\x9d\x3b\xca\x15\xc7\xf7\x4c\x00\xf8\x47\xc8\x50\x8a\xff\xdb\xcc\xff\x7f\x89\x1b\x67\xac\xd9\x2d\xd1\xdc\xc2\x72\xc5\x59\x4d\x07\xfc\x23\x64\x28\xc5\xff\x1d\xe6\x3f\xf1\x9c\x15\x67\x97\xae\x3c\xfb\xf2\xb3\x5c\x71\xd6\xd0\x01\xff\x08\x19\x4a\xf1\x7f\x97\xf9\x4f\x32\x61\xde\xeb\xf7\xdb\xd2\x94\x48\x20\x57\x9c\xb5\x74\xc0\x3f\x42\x86\x52\xfc\xdf\x63\xfe\x93\x66\xaf\x1b\x29\x6c\xeb\xef\x99\x56\xca\x15\xc7\xf7\x4e\x70\xf8\x47\xc8\x50\x8a\xff\xfb\xcc\x7f\xb2\x5e\xe1\xcb\x14\xf6\x9a\xdc\x19\x2e\x57\x9c\xf5\x74\xc0\x3f\x42\x86\x52\xfc\x3f\x60\xfe\x93\x1f\x3e\xbb\x72\xf3\xd5\x8d\x6b\xb2\xca\x15\x67\x03\x1d\xf0\x8f\x90\xa1\x14\xff\x0f\x99\xff\x14\xd7\xbe\x8d\x7a\x7a\x78\xeb\x97\x5d\x72\xc5\xd9\x48\x07\xfc\x23\x64\x28\xc5\xff\x23\xe6\x3f\x65\xbb\xcc\x6d\x63\x24\x6c\x11\x14\x41\xae\x38\x9b\xe8\x80\x7f\x84\x0c\xa5\xf8\x7f\xcc\xfc\xa7\x3a\xf7\x69\xd0\x84\x01\xbf\x3b\x24\x91\x2b\xce\x66\x3a\xe0\x1f\x21\x43\x29\xfe\x9f\x30\xff\xa9\xbb\x65\x6f\xd2\x6f\x71\x86\xd8\x33\xe4\x8a\xb3\x85\x0e\xf8\x47\xc8\x50\x8a\xff\xa7\xcc\x7f\x9a\x46\x91\x8b\xa6\x3a\x70\x72\xeb\x00\xb9\xe2\x6c\xa5\x03\xfe\x11\x32\x94\xe2\xff\x19\xf3\x9f\x36\xe4\xe4\xa2\x5b\x4d\xe3\x1d\x3e\x2d\x57\x9c\x6d\x74\xc0\x3f\x42\x86\x52\xfc\x3f\x67\xfe\xd3\xad\x6f\x5b\x21\x61\xd8\xc1\x19\x9f\xc8\x15\x67\x3b\x1d\xf0\x8f\x90\xa1\x14\xff\x2f\x98\xff\xf4\xd1\xd7\xad\x7d\x73\xaf\x6a\xed\x4a\x72\xc5\xd9\x41\x07\xfc\x23\x64\x28\xc5\xff\x4b\xe6\x3f\x43\xa8\x19\xe3\x76\xe5\xaa\xd0\x23\xa7\x5c\x71\x76\xd2\x01\xff\x08\x19\x4a\xf1\xff\x8a\xf9\xcf\xb8\xbb\x72\xc7\x32\x8f\xe7\x86\x1a\x22\x57\x1c\xdf\x67\x82\xe0\x1f\x21\x43\x29\xfe\x5f\x33\xff\x99\x7a\x75\x0d\xac\x32\xd4\xff\xcd\x5a\xb9\xe2\xec\xa6\x03\xfe\x11\x32\x94\xe2\xff\x0d\xf3\x9f\xf9\xf0\xb6\x0f\x8b\x6a\x5d\x99\x13\x47\xae\x38\x7b\xe8\x80\x7f\x84\x0c\xa5\xf8\x7f\xcb\xfc\x67\xb9\x36\xe1\xc2\x97\xe2\x59\x73\xbe\x97\x2b\xce\x5e\x3a\xe0\x1f\x21\x43\x29\xfe\xdf\x31\xff\x59\xdb\x95\xce\xe2\x3f\xeb\x41\xe1\xe2\x72\xc5\xf1\x3d\x13\x18\xfe\x11\x32\x94\xe2\xff\x3d\xf3\x9f\x2d\xf2\xee\x62\xfb\x7f\xf4\x5d\xdb\x56\xae\x38\xfb\xe9\x80\x7f\x84\x0c\xa5\xf8\xff\xc0\xfc\x67\xdf\xd6\x6f\x79\xf9\xe4\xab\x42\xee\xca\x15\xe7\x00\x1d\xf0\x8f\x90\xa1\x14\xff\x1f\x99\xff\x1c\x8b\x4a\x8c\x88\x13\x27\x49\xf9\x1b\x72\xc5\x39\x48\x07\xfc\x23\x64\x28\xc5\xff\x27\xe6\x3f\x67\xbc\x41\xcd\x5f\x1e\x7b\x9f\xb7\xbd\x5c\x71\x0e\xd1\x01\xff\x08\x19\x4a\xf1\xff\x99\xf9\xcf\xb5\xab\xc8\xf8\x4e\xcb\xda\x5c\x2b\x2a\x57\x9c\xc3\x74\xc0\x3f\x42\x86\x52\xfc\x7f\x61\xfe\x73\x87\x1d\xda\x2e\xa8\xf7\xce\x85\x5f\xe5\x8a\x73\x84\x0e\xf8\x47\xc8\x50\x8a\xff\xaf\xcc\x7f\x9e\x58\xfb\xcb\x5f\x6f\xd6\x30\x42\x22\xb9\xe2\x1c\xa5\x03\xfe\x11\x32\x94\xe2\xff\x1b\xf3\x9f\x77\x5d\xaf\x0d\xc9\x76\x8e\xeb\xb3\x5a\xae\x38\xc7\xe8\x80\x7f\x84\x0c\xa5\xf8\xff\xce\xfc\xe7\xbb\x19\x52\xe8\xc1\x8d\x58\x33\x86\xca\x15\xe7\x38\x1d\xf0\x8f\x90\xa1\x14\xff\x3f\x98\xff\xfc\x4d\xe3\x2f\x8e\xe6\x77\xec\x41\x66\xb9\xe2\x04\xd3\x01\xff\x08\x19\x4a\xf1\xff\x93\xf9\x2f\xd0\x33\x45\x50\x89\x47\x37\xce\xd5\x90\x2b\xce\x09\x3a\xe0\x1f\x21\x43\x29\xfe\x7f\x31\xff\x05\xcf\xde\x6f\xbc\xad\x60\xc0\xce\x47\x72\xc5\x39\x49\x07\xfc\x23\x64\x28\xc5\xff\x6f\xe6\xbf\xd0\xf4\xf7\x6d\xee\x37\x9c\x58\xfd\xac\x5c\x71\x4e\xd1\x01\xff\x08\x19\x4a\xf1\xff\x87\xf9\x2f\x9c\x2e\xc7\xc8\xc0\xa0\x22\x49\x7b\xc9\x15\xc7\xf7\x4c\x60\xf8\x47\xc8\x50\x8a\xff\xbf\xcc\x7f\x91\x5c\x11\x56\x95\x9c\xbf\x6c\xc2\x24\xb9\xe2\x9c\xa1\x03\xfe\x11\x32\x94\xe2\xff\x1f\xf3\x5f\x74\xc8\xa9\xb2\x5b\x8b\xf4\xfc\x91\x4c\xae\x38\xbe\xff\x26\x80\x7f\x84\x0c\xf5\xff\xf6\x1f\x26\x14\xf3\x5f\xec\xf0\xb5\x7e\x23\x93\xbc\x89\x1e\x20\x57\x9c\x73\x74\xc0\x3f\x42\x86\x52\xfc\x87\x66\xfe\x8b\xf7\x8a\x32\xbf\xef\xdf\x82\x4d\x0e\xc8\x15\xe7\x3c\x1d\xf0\x8f\x90\xa1\x14\xff\x61\x98\xff\x12\xed\xd2\x1c\xc8\xf8\x22\x6f\xbe\xec\x72\xc5\xb9\x40\x07\xfc\x23\x64\x28\xc5\x7f\x58\xe6\xbf\xe4\xb5\xd7\xf5\x6f\x67\x7f\x51\x66\x90\x5c\x71\x2e\xd2\x01\xff\x08\x19\x4a\xf1\xef\xc7\xfc\x97\xea\x96\x61\x7b\x89\xea\x5d\x57\xac\x97\x2b\xce\x25\x3a\xe0\x1f\x21\x43\x29\xfe\xc3\x31\xff\xa5\xcf\x3d\xaf\xb6\x6d\xd4\xa2\x8b\xf1\xe4\x8a\x73\x99\x0e\xf8\x47\xc8\x50\x8a\x7f\x7f\xe6\xbf\x4c\xc8\xa5\xee\x0f\xa6\x96\xe8\xff\x51\xae\x38\x57\xe8\x80\x7f\x84\x0c\xa5\xf8\x77\x98\xff\xb2\x8d\xa2\xcf\x88\x56\x6a\x6a\xf8\xff\x61\xdc\xb9\x4a\x07\xfc\x23\x64\x28\xc5\xbf\xcb\xfc\x97\x8b\xbe\xbd\xd7\xf5\x54\x91\x9e\xb6\x96\x2b\xce\x35\x3a\xe0\x1f\x21\x43\x29\xfe\x3d\xe6\xbf\xfc\xfa\x4e\xb3\x93\x7d\xbe\x3d\xf1\xb6\x5c\x71\xae\xd3\x01\xff\x08\x19\x4a\xf1\x1f\xc0\xfc\x57\xd8\x5d\x66\x4f\xa7\xc0\x43\x07\xf6\xc8\x15\xc7\xf7\x4e\x00\xf8\x47\xc8\x50\x8a\xff\xf0\xcc\x7f\xc5\x50\x63\x6b\x07\x9d\x0f\x3c\x19\x49\xae\x38\x37\xe9\x80\x7f\x84\x0c\xa5\xf8\x8f\xc0\xfc\x57\x3a\xbc\x3e\xf9\x9c\x0d\xa3\x92\xfd\x27\x57\x9c\x10\x3a\xe0\x1f\x21\x43\x29\xfe\x23\x32\xff\x95\x7b\xb5\x0a\x6e\xd5\xb5\x6e\x95\x69\x72\xc5\xb9\x45\x07\xfc\x23\x64\x28\xc5\x7f\x24\xe6\xbf\x4a\xbb\x2a\x4f\xf3\x75\xd8\xfb\xb7\x9f\x5c\x71\x7c\xbf\x13\x84\x7f\x84\x0c\xa5\xf8\x8f\xcc\xfc\x57\xbd\x36\xd5\xef\xfc\xe6\x0e\x23\x4f\xca\x15\xe7\x0e\x1d\xf0\x8f\x90\xa1\x14\xff\x51\x98\xff\x6a\xdb\x5a\x76\xe9\x79\xe9\x73\xf3\x67\x72\xc5\xf1\xbd\x13\x1c\xfe\x11\x32\x94\xe2\x3f\x2a\xf3\x5f\x3d\xf2\xa2\x89\x43\x23\xa5\x08\xac\x22\x57\x9c\x7b\x74\xc0\x3f\x42\x86\x52\xfc\x47\x63\xfe\x6b\xc4\x9b\xb3\xe9\xc2\xef\xdf\x37\x3e\xc9\x15\xe7\x3e\x1d\xf0\x8f\x90\xa1\x14\xff\x81\xcc\x7f\xcd\x45\xf5\xab\x26\xfd\x2f\xc3\xfa\x12\x72\xc5\x79\x40\x07\xfc\x23\x64\x28\xc5\x7f\x74\xe6\xbf\x56\xd8\x05\x3b\x77\x15\xda\x5a\xb4\x95\x5c\x71\x1e\xd2\x01\xff\x08\x19\x4a\xf1\x1f\x83\xf9\xaf\xbd\xab\x76\x9d\x32\x73\x5b\x64\xbf\x23\x57\x1c\xdf\x3b\x81\xe0\x1f\x21\x43\x29\xfe\x63\x32\xff\x75\xd6\x35\xed\x9b\x70\xf0\xe0\x59\xd9\xe4\x8a\xf3\x98\x0e\xf8\x47\xc8\x50\x8a\xff\x58\xcc\x7f\xdd\x58\xcb\x66\xbd\xa9\x5f\xf5\xdd\x60\xb9\xe2\x3c\xa1\x03\xfe\x11\x32\x94\xe2\x3f\x36\xf3\x5f\xaf\xa9\xd3\x23\x55\xfe\x93\x61\x36\xc8\x15\xe7\x29\x1d\xf0\x8f\x90\xa1\x14\xff\x71\x98\xff\xfa\x37\x0f\x4d\xbd\xf5\x20\x5e\xb7\xb8\x72\xc5\xf1\x7d\x26\x08\xfe\x11\x32\x94\xe2\x3f\x2e\xf3\xdf\xe0\xec\xaf\x6d\x13\xfc\xfd\xeb\xf6\x97\x2b\xce\x73\x3a\xe0\x1f\x21\x43\x29\xfe\xe3\x31\xff\x0d\x7b\xe6\xaf\xd9\x2f\xe4\x4a\xfa\x13\x72\xc5\x79\x41\x07\xfc\x23\x64\x28\xc5\x7f\x7c\xe6\xbf\x51\xb7\xbb\x7e\x8d\x76\x57\x38\xf8\x54\xae\x38\x2f\xe9\x80\x7f\x84\x0c\xa5\xf8\x4f\xc0\xfc\x37\x3e\x17\xfb\xe9\x94\x16\x73\xb7\x57\x95\x2b\xce\x2b\x3a\xe0\x1f\x21\x43\x29\xfe\x13\x32\xff\x4d\x42\x92\x04\x07\xf7\xed\x1b\x77\xb7\x5c\x71\x5e\xd3\x01\xff\x08\x19\x4a\xf1\x9f\x88\xf9\x6f\xda\xe8\x71\xf2\x6c\x2b\x56\xb5\x8b\x2c\x57\x9c\x37\x74\xc0\x3f\x42\x86\x52\xfc\xff\xc7\xfc\x37\x4b\xbf\xb5\x71\x8f\xe0\xac\x83\x13\xcb\x15\xe7\x2d\x1d\xf0\x8f\x90\xa1\x14\xff\x89\x99\xff\xe6\x33\xba\x04\x0d\x8b\xf7\xe0\xdb\x54\xb9\xe2\xbc\xa3\x03\xfe\x11\x32\x94\xe2\x3f\x09\xf3\xdf\x22\xa8\xd4\xe2\x8b\x11\x9e\xac\x4a\x28\x57\x9c\xf7\x74\xc0\x3f\x42\x86\x52\xfc\x27\x65\xfe\x5b\xe6\x1e\x5f\x28\xc9\x85\x9c\xf7\xd6\xc8\x15\xe7\x03\x1d\xf0\x8f\x90\xa1\x14\xff\xc9\x98\xff\x56\x73\xca\xad\xd9\xb9\x71\x5d\x96\x61\x72\xc5\xf1\xbd\x13\x18\xfe\x11\x32\x94\xe2\x3f\x39\xf3\xdf\x3a\xf1\xe8\xd2\x65\xdb\x0d\x2c\x96\x49\xae\x38\xbe\x67\x82\xc1\x3f\x42\x86\x52\xfc\xa7\x60\xfe\xdb\x64\xdf\xd8\x2a\x51\xe7\x99\xcf\x6f\xca\x15\xe7\x33\x1d\xf0\x8f\x90\xa1\x14\xff\x29\x99\xff\xb6\x13\x7a\x8c\x7e\xbd\xae\xcc\xfc\x76\x72\xc5\xf9\x42\x07\xfc\x23\x64\x28\xc5\x7f\x2a\xe6\xbf\xdd\xaf\x2b\xcd\x53\x9f\xbd\xd0\xb5\x88\x5c\x71\xbe\xd2\x01\xff\x08\x19\x4a\xf1\x9f\x9a\xf9\x6f\x5f\x38\xda\x88\x90\xa8\x61\xc2\x7d\x93\x2b\x8e\xef\xcf\xe0\x1f\x21\x43\x29\xfe\xd3\x30\xff\x1d\xaa\xa7\x5a\x3e\xfe\x6b\xa2\x34\x13\xe5\x8a\xf3\x9d\x0e\xf8\x47\xc8\x50\x8a\xff\xb4\xcc\x7f\xc7\x77\x6f\x8b\xf5\x4f\x73\xb6\x5e\x72\xb9\xe2\xfc\xa0\x03\xfe\x11\x32\x94\xe2\x3f\x1d\xf3\xdf\x29\xfd\x99\x5c\xcd\xcb\xd4\xdc\x14\x5e\xae\x38\x3f\xe9\x80\x7f\x84\x0c\xa5\xf8\x4f\xcf\xfc\x77\x9e\x11\x10\x32\x7d\xfa\xb0\xe0\xfd\x72\xc5\xf9\x45\x07\xfc\x23\x64\x28\xc5\x7f\x06\xe6\xbf\x4b\x50\xa6\x5f\x87\xc7\x34\x69\x5b\x53\xae\x38\xbf\xe9\x80\x7f\x84\x0c\xa5\xf8\xcf\xc8\xfc\x77\xcd\xfd\x35\x4e\xe6\x9a\x1b\x13\x3c\x94\x2b\xce\x1f\x3a\xe0\x1f\x21\x43\x29\xfe\x33\x31\xff\xdd\xea\x84\xeb\x38\x2a\x67\x9a\xf7\x67\xe4\x8a\xf3\x97\x0e\xf8\x47\xc8\x50\x8a\xff\xcc\xcc\x7f\xf7\xfb\x47\xc6\xf5\x79\xf5\x7d\x78\x6f\xb9\xe2\xfc\xa3\x03\xfe\x11\x32\x94\xe2\x3f\x0b\xf3\xdf\xe3\xf3\x8f\xb5\x19\x7e\x5d\xcb\xd6\x42\xae\xfc\x9f\x1f\x87\x7f\x84\x0c\xa5\xf8\xcf\xca\xfc\xf7\xac\x50\xb0\xc2\x9d\x94\x7e\x45\x2e\xcb\x15\x97\xfe\x0e\xfc\x23\x64\x29\xc5\x7f\x36\xe6\xbf\xd7\xeb\x3f\xcb\x4a\x96\x9c\xbf\xe1\x8f\x5c\x71\xc3\xd0\x01\xff\x08\x19\x4a\xf1\x9f\x9d\xf9\xef\x5d\x23\x6f\xc9\xad\x73\xca\xdd\x2c\x25\x57\xdc\xb0\x74\xc0\x3f\x42\x86\x52\xfc\xe7\x60\xfe\xfb\x14\x09\xdd\xe2\xfe\xf0\x35\xdd\x17\xc9\x15\xd7\x8f\x0e\xf8\x47\xc8\x50\x8a\xff\x9c\xcc\x7f\xdf\xef\xc1\x43\x03\xeb\xf4\x0e\x1b\x5d\xae\xb8\xe1\xe8\x80\x7f\x84\x0c\xa5\xf8\xcf\xc5\xfc\xf7\x1b\xdb\xbc\xed\xb5\x3c\x8f\xde\xe6\x91\x2b\xae\x3f\x1d\xf0\x8f\x90\xa1\x14\xff\xb9\x99\xff\xfe\x39\x96\x8c\x4a\xfe\x34\xf3\xcc\x09\x72\xc5\x75\xe8\x80\x7f\x84\x0c\xa5\xf8\xcf\xc3\xfc\x0f\x48\x32\x6b\x65\xe7\xd0\xe9\x76\x3c\x97\x2b\xae\xef\xe7\xe1\x1f\x21\x43\x29\xfe\xf3\x32\xff\x03\x67\x36\x2c\x33\xe4\xce\xdf\x43\xf5\xe5\x8a\xeb\xd1\x01\xff\x08\x19\x4a\xf1\x9f\x8f\xf9\x1f\xd4\x65\xd5\x87\xe2\xfb\x9a\xa5\xeb\x2a\x57\xdc\x00\x3a\xe0\x1f\x21\x43\x29\xfe\xf3\x33\xff\x83\x4f\x74\x0c\xdc\xde\x78\x7b\x9d\xe3\x72\xc5\xf5\x3d\x13\x04\xfe\x11\x32\x94\xe2\xbf\x00\xf3\x3f\xe4\x76\xf5\x2c\x0f\xfb\x55\xfe\x9a\x51\xae\xb8\x11\xe8\x80\x7f\x84\x0c\xa5\xf8\x2f\xc8\xfc\x07\xb5\x98\x72\x21\xea\xc2\xa0\x41\xb3\xe5\x8a\x1b\x91\x0e\xf8\x47\xc8\x50\x8a\xff\x42\xcc\xff\xd0\x1e\xc3\x3e\xac\x38\x18\xa7\xfd\x56\xb9\xe2\x46\xa2\x03\xfe\x11\x32\x94\xe2\xbf\x30\xf3\x3f\xec\x4c\xd1\xc0\x6a\xf1\x4f\xc7\x0b\x2d\x57\xdc\xc8\x74\xc0\x3f\x42\x86\x52\xfc\x17\x61\xfe\x87\xdf\xe8\x9d\x25\x54\xf8\xf3\xc5\xc7\xc8\x15\x37\x0a\x1d\xf0\x8f\x90\xa1\x14\xff\x45\x99\xff\x11\x4d\x0e\x5c\xf8\x74\x3d\x41\xd6\x02\x72\xc5\x8d\x4a\x07\xfc\x23\x64\x28\xc5\x7f\x31\xe6\x7f\xe4\xc1\xfe\x79\x5b\xef\x18\x71\x37\x8a\x5c\x71\xa3\xd1\x01\xff\x08\x19\x4a\xf1\x5f\x9c\xf9\x1f\xd5\x67\xcf\xcd\xd9\x6d\xab\xaf\x5c\x26\x57\xdc\x40\x3a\xe0\x1f\x21\x43\x29\xfe\x4b\x30\xff\xa3\x3b\x0c\xfe\x7e\xae\xc7\x66\xbf\x72\x72\xc5\xf5\x7d\x27\x18\xfe\x11\x32\x94\xe2\xbf\x24\xf3\x3f\xe6\x4a\xc9\xb8\xf9\x57\x37\xea\xf2\x43\xae\xb8\x31\xe8\x80\x7f\x84\x0c\xa5\xf8\x2f\xc5\xfc\x8f\x5d\xf8\xe4\xcb\xf7\x53\x3f\x17\x5c\x97\x2b\x6e\x4c\x3a\xe0\x1f\x21\x43\x29\xfe\x4b\x33\xff\xe3\xe2\x26\x8d\x15\x3e\x66\xaa\x17\x4d\xe4\x8a\x1b\x8b\x0e\xf8\x47\xc8\x50\x8a\xff\x32\xcc\xff\xf8\x48\x71\x72\x34\xfc\x90\xfd\x78\x38\xb9\xe2\xc6\xa6\x03\xfe\x11\x32\x94\xe2\xbf\x2c\xf3\x3f\x61\xeb\xbd\x2b\x6b\xd3\x3f\xdb\xb8\x51\xae\xb8\x71\xe8\x80\x7f\x84\x0c\xa5\xf8\x2f\xc7\xfc\x4f\xec\xf1\x67\xe5\xd6\xf2\xfd\xeb\xcf\x97\x2b\x6e\x5c\x3a\xe0\x1f\x21\x43\x29\xfe\xcb\x33\xff\x93\xce\xe4\x2d\x53\x72\xd2\x86\xb4\x69\xe5\x8a\x1b\x8f\x0e\xf8\x47\xc8\x50\x8a\xff\x0a\xcc\xff\xe4\x1b\xa1\xdb\x06\x8e\x2d\x35\xe2\xb0\x5c\x71\xe3\xd3\x01\xff\x08\x19\x4a\xf1\x5f\x91\xf9\x9f\xd2\x24\x78\xd4\xfd\x4a\xb3\x3f\xf4\x94\x2b\x6e\x02\x3a\xe0\x1f\x21\x43\x29\xfe\x2b\x31\xff\x53\x43\x67\xfb\x57\x2b\x53\xa8\xf8\xb5\xe5\x8a\x9b\x90\x0e\xf8\x47\xc8\x50\x8a\xff\xca\xcc\xff\xb4\x3d\x1f\x13\xac\x79\x7d\xa9\xcd\x6b\xb9\xe2\x26\xa2\x03\xfe\x11\x32\x94\xe2\xbf\x0a\xf3\x3f\x7d\xc3\x89\x7c\xff\x12\xba\x8b\xca\xcb\x15\xd7\xf7\x33\xf0\x8f\x90\xa1\x14\xff\x55\x99\xff\x19\x31\x22\xdd\x8d\x70\x38\xe4\xfa\x77\xb9\xe2\x26\xa6\x03\xfe\x11\x32\x94\xe2\xbf\x1a\xf3\x3f\x73\xc7\x99\xec\xd3\x17\x17\xca\x73\x4d\xae\xb8\x49\xe8\x80\x7f\x84\x0c\xa5\xf8\xaf\xce\xfc\xcf\x8a\x18\x70\xbd\xf9\x80\xc9\xe5\x9a\xca\x15\x37\x29\x1d\xf0\x8f\x90\xa1\x14\xff\x35\x98\xff\xd9\x71\x32\x7d\xcd\xdc\xb4\xfb\xfd\xd1\x72\xc5\x4d\x46\x07\xfc\x23\x64\x28\xc5\x7f\x4d\xe6\x7f\xce\x92\xaf\xd1\x0f\x1f\x58\x31\xbd\xa0\x5c\x71\x93\xd3\x01\xff\x08\x19\x4a\xf1\x5f\x8b\xf9\x9f\x7b\xbd\xda\x2f\xe7\x5e\xfe\xbe\x51\xe5\x8a\x9b\x82\x0e\xf8\x47\xc8\x50\x8a\xff\xda\xcc\xff\xbc\xf6\x93\xe3\x7c\x0e\xfb\x2e\xe2\x52\xb9\xe2\xa6\xa4\x03\xfe\x11\x32\x94\xe2\xbf\x0e\xf3\x3f\xbf\xf7\xca\x5c\x0b\x1f\x7f\x4c\x72\x44\xae\xb8\xa9\xe8\x80\x7f\x84\x0c\xa5\xf8\xaf\xcb\xfc\x2f\x38\xd2\x21\xa4\x6a\xae\xff\xaa\xf5\x90\x2b\x6e\x6a\x3a\xe0\x1f\x21\x43\x29\xfe\xeb\x31\xff\x0b\x0f\x8e\x1b\x55\xb1\xd6\xee\x5d\xb5\xe4\x8a\x9b\x86\x0e\xf8\x47\xc8\x50\x8a\xff\xfa\xcc\xff\xa2\x3e\x65\xdb\xee\x1d\xda\xea\xfc\x1b\xb9\xe2\xfa\x9e\x09\x00\xff\x08\x19\x4a\xf1\xdf\x80\xf9\x5f\xdc\xa1\x73\x99\xe7\xb3\x26\x34\xf5\x93\x2b\x6e\x3a\x3a\xe0\x1f\x21\x43\x29\xfe\x1b\x32\xff\x4b\xae\xec\x58\x19\xaf\x78\xfd\x18\x9b\xe4\x8a\x9b\x9e\x0e\xf8\x47\xc8\x50\x8a\xff\x46\xcc\xff\xd2\x59\xcf\x5e\xd7\x4e\x1e\xfc\x7d\x81\x5c\x71\x33\xd0\x01\xff\x08\x19\x4a\xf1\xdf\x98\xf9\x5f\x96\x34\x71\xa4\xd5\x3f\x62\x8c\x4f\x23\x57\xdc\x8c\x74\xc0\x3f\x42\x86\x52\xfc\x37\x61\xfe\x97\xe7\x8c\x97\xf1\xef\xdb\xa8\x17\x16\xca\x15\x37\x13\x1d\xf0\x8f\x90\xa1\x14\xff\x4d\x99\xff\x15\xe3\xee\x9c\x8d\x98\xe5\xc8\xf2\x18\x72\xc5\xcd\x4c\x07\xfc\x23\x64\x28\xc5\x7f\x33\xe6\x7f\x65\xc6\x44\x29\x66\x54\xa9\x5d\x36\xaf\x5c\x71\xb3\xd0\x01\xff\x08\x19\x4a\xf1\xdf\x9c\xf9\x5f\x35\xed\xe6\xd1\x66\xe3\xc7\xe4\x1f\x2f\x57\xdc\xac\x74\xc0\x3f\x42\x86\x52\xfc\xb7\x60\xfe\x57\x0f\x7e\xf4\x24\xd3\x94\x76\x93\x5a\xca\x15\x37\x1b\x1d\xf0\x8f\x90\xa1\x14\xff\x2d\x99\xff\x35\x79\x93\x3b\x47\x2a\xee\x7f\x76\x49\xae\xb8\xd9\xe9\x80\x7f\x84\x0c\xa5\xf8\x6f\xc5\xfc\xaf\xad\x38\xe2\xb9\x7f\xc6\x64\x01\xbf\xe5\x8a\x9b\x83\x0e\xf8\x47\xc8\x50\x8a\xff\xd6\xcc\xff\xba\x2f\x85\x03\xbe\x7c\xfa\xda\xaf\xb4\x5c\x71\x73\xd2\x01\xff\x08\x19\x4a\xf1\xdf\x86\xf9\x5f\xff\xa0\x6f\xda\x45\xd1\x5f\x55\xcd\x20\x57\xdc\x5c\x74\xc0\x3f\x42\x86\x52\xfc\xb7\x65\xfe\x37\xd4\xdd\x77\xb2\xca\x89\xdc\xc9\xe7\xc8\x15\x37\x37\x1d\xf0\x8f\x90\xa1\x14\xff\xed\x98\xff\x8d\xb3\x16\x6c\x2b\xb3\x72\xc9\x89\x6d\x72\xc5\xcd\x43\x07\xfc\x23\x64\x28\xc5\x7f\x7b\xe6\x7f\x53\xd2\xda\x35\x77\x75\xeb\xbc\xff\x7f\xac\xb8\xbe\xcf\x04\xc1\x3f\x42\x86\x52\xfc\x77\x60\xfe\x37\xe7\x6c\xda\xe3\x4d\xeb\xe9\xd1\x5e\xc8\x15\x37\x1f\x1d\xf0\x8f\x90\xa1\x14\xff\x1d\x99\xff\x2d\xe3\x96\x4d\x4d\xb8\xad\x58\xb3\x7a\x72\xc5\xcd\x4f\x07\xfc\x23\x64\x28\xc5\x7f\x27\xe6\x7f\xeb\xdb\x1a\x0f\x97\x5f\xbd\x3b\xaa\x8b\x5c\x71\x0b\xd0\x01\xff\x08\x19\x4a\xf1\xdf\x99\xf9\xdf\x56\x6d\x62\xa8\xea\x5e\x84\x7f\xc1\x72\xc5\xf5\xbd\x13\x08\xfe\x11\x32\x94\xe2\xbf\x0b\xf3\xbf\xbd\xd0\xea\xc4\xa1\xb3\x8f\x68\x75\x48\xae\xb8\x85\xe8\x80\x7f\x84\x0c\xa5\xf8\xef\xca\xfc\xef\xf8\xd9\xee\xc8\xc7\x17\xd5\x13\x76\x93\x2b\x6e\x61\x3a\xe0\x1f\x21\x43\x29\xfe\xbb\x31\xff\x3b\x6b\xad\x4f\xd5\x6a\xd4\xf9\x4f\x75\xe4\x8a\x5b\x84\x0e\xf8\x47\xc8\x50\x8a\xff\xee\xcc\xff\xae\x87\xad\x4e\xcd\xa9\x9e\x60\xd8\x3b\xb9\xe2\x16\xa5\x03\xfe\x11\x32\x94\xe2\xbf\x07\xf3\xbf\xfb\x6b\x95\x57\xe7\x4b\xfd\x4c\xed\x2f\x57\xdc\x62\x74\xc0\x3f\x42\x86\x52\xfc\xf7\x64\xfe\xf7\x94\x9b\xea\xe5\x9b\x9a\xaa\xe1\x16\xb9\xe2\x16\xa7\x03\xfe\x11\x32\x94\xe2\xbf\x17\xf3\xbf\x37\x57\x8e\xa7\x3f\x3e\x6f\xde\x3c\x4f\xae\xb8\x25\xe8\x80\x7f\x84\x0c\xa5\xf8\xef\xcd\xfc\xef\x1b\xf2\xde\x2f\x20\x55\xa3\xa3\xa9\xe4\x8a\xeb\x73\x0f\xff\x08\x19\x4a\xf1\xdf\x87\xf9\xdf\x3f\xfd\x54\xf2\x06\xe7\xfb\xbf\xaa\x28\x57\xdc\x52\x74\xc0\x3f\x42\x86\x52\xfc\xf7\x65\xfe\x0f\xa4\x8b\x10\xbc\x2e\x70\xc3\xbc\x9f\x72\xc5\xf5\x3d\x13\x08\xfe\x11\x32\x94\xe2\xbf\x1f\xf3\x7f\xb0\x67\xfc\x33\xdf\xbb\x66\xef\x74\x45\xae\xb8\x65\xe8\x80\x7f\x84\x0c\xa5\xf8\xef\xcf\xfc\x1f\x3a\x1b\x92\x21\xfc\x86\x67\xfe\x8d\xe5\x8a\x5b\x96\x0e\xf8\x47\xc8\x50\x8a\xff\x01\xcc\xff\xe1\x9b\xf7\x23\x37\xdc\x1c\x6a\xf5\x48\xb9\xe2\x96\xa3\x03\xfe\x11\x32\x94\xe2\x7f\x20\xf3\x7f\xa4\x69\x8a\x37\x6b\x3b\x5c\xba\x9d\x5f\xae\xb8\xe5\xe9\x80\x7f\x84\x0c\xa5\xf8\x1f\xc4\xfc\x1f\x3d\xb9\xd7\xf9\x18\xa9\x54\xe6\x40\xb9\xe2\x56\xa0\x03\xfe\x11\x32\x94\xe2\x7f\x30\xf3\x7f\xac\x6b\x9f\x27\xa1\x2f\xcd\x2e\xb9\x5c\xae\xb8\xbe\x7f\x13\x84\x7f\x84\x0c\xa5\xf8\x1f\xc2\xfc\x1f\x6f\x59\xe8\x68\xf5\x63\xf3\xe3\xa4\x93\x2b\x6e\x25\x3a\xe0\x1f\x21\x43\x29\xfe\x83\x98\xff\xe0\x3b\xc3\x53\x2c\x8f\x53\xae\xe3\x2c\xb9\xe2\x56\xa6\x03\xfe\x11\x32\x94\xe2\x7f\x28\xf3\x7f\x62\x60\xb1\xb3\xf9\x7a\x5f\x1b\xb2\x43\xae\xb8\x55\xe8\x80\x7f\x84\x0c\xa5\xf8\x1f\xc6\xfc\x9f\x3c\x36\x24\xe3\xf9\x65\x7e\x9f\xc3\xc8\x15\xb7\x2a\x1d\xf0\x8f\x90\xa1\x14\xff\xc3\x99\xff\x53\x17\x77\x46\x9a\xb3\xf3\x51\xad\x57\x72\xc5\xad\x46\x07\xfc\x23\x64\x28\xc5\xff\x08\xe6\xff\x74\xdb\x01\xaf\x5b\x35\xcb\x9c\xa1\x81\x5c\x71\xab\xd3\x01\xff\x08\x19\x4a\xf1\x3f\x92\xf9\x3f\x93\xe8\x76\xd8\x75\x7e\x6b\x8e\x74\x92\x2b\x6e\x0d\x3a\xe0\x1f\x21\x43\x29\xfe\x47\x31\xff\x67\x97\xc5\x7d\xd0\xe0\x46\xef\x6d\xc7\xe4\x8a\x5b\x93\x0e\xf8\x47\xc8\x50\x8a\xff\xd1\xcc\xff\xb9\x4d\xff\x1d\x0c\x28\xd8\x6c\xf6\x62\xb9\xe2\xd6\xa2\x03\xfe\x11\x32\x94\xe2\x7f\x0c\xf3\x7f\x3e\xfc\xd3\x24\x3f\x1e\x6d\x7f\x1d\x4b\xae\xb8\xb5\xe9\x80\x7f\x84\x0c\xa5\xf8\x1f\xcb\xfc\x5f\x38\x79\xb4\xc1\x83\xa0\x74\xa1\x73\xcb\x15\xd7\xf7\x4e\x00\xf8\x47\xc8\x50\x8a\xff\x71\xcc\xff\xc5\xae\x61\xf6\x46\x6b\xf8\xb7\xe7\x58\xb9\xe2\xd6\xa5\x03\xfe\x11\x32\x94\xe2\x7f\x3c\xf3\x7f\xa9\x65\xae\x79\x25\x8a\xc4\xb9\xd5\x5c\xae\xb8\xbe\x77\x82\xc3\x3f\x42\x86\x52\xfc\x4f\x60\xfe\x2f\xdf\xf9\x3b\x70\xdb\xfc\xd3\xeb\x2e\xc8\x15\xb7\x3e\x1d\xf0\x8f\x90\xa1\x14\xff\x13\x99\xff\x2b\xfb\x23\x7a\x11\xff\x56\x2e\xf4\x57\xae\xb8\xbe\xcf\x04\xc1\x3f\x42\x86\x52\xfc\x4f\x62\xfe\xaf\xfa\x9d\x7e\xf5\x37\x49\x50\x8e\xb2\x72\xc5\x6d\x48\x07\xfc\x23\x64\x28\xc5\xff\x64\xe6\xff\x5a\x94\x0f\xa7\x56\x5f\xa8\xfd\xe7\xa5\x5c\x71\x1b\xd1\x01\xff\x08\x19\x4a\xf1\x3f\x85\xf9\xbf\xbe\x3a\x67\xaa\xda\x11\xc6\x8c\x69\x28\x57\x5c\xdf\x33\x81\xe1\x1f\x21\x43\x29\xfe\xa7\x32\xff\x37\xdc\x2f\x47\x8e\xb4\x8b\xda\xa2\xb3\x5c\x71\x9b\xd0\x01\xff\x08\x19\x4a\xf1\x3f\x8d\xf9\xbf\xb9\x39\x6b\xe2\x4c\x1b\x8f\x44\x39\x2a\x57\xdc\xa6\x74\xc0\x3f\x42\x86\x52\xfc\x4f\x67\xfe\x43\x96\x7b\xa1\x9a\xad\x4b\xb6\x37\xbd\x5c\x71\x9b\xd1\x01\xff\x08\x19\x4a\xf1\x3f\x83\xf9\xbf\x15\xff\xfc\xc3\x19\x9d\xbf\x9e\x9a\x29\x57\x5c\xdf\x67\x82\xe0\x1f\x21\x43\x29\xfe\x67\x32\xff\xb7\x5b\xb5\x8f\x58\x25\x6a\xbb\x94\xdb\xe5\x8a\xdb\x82\x0e\xf8\x47\xc8\x50\x8a\xff\x59\xcc\xff\x9d\x4b\x6b\xde\x2d\x3a\xbb\xbf\x72\x58\xb9\xe2\xb6\xa4\x03\xfe\x11\x32\x94\xe2\x7f\x36\xf3\x7f\xf7\xf8\xa4\x73\x5f\xd2\x2c\x19\xd0\x4c\xae\xb8\xad\xe8\x80\x7f\x84\x0c\xa5\xf8\x9f\xc3\xfc\xdf\xeb\x57\x33\x9d\xff\xd7\xce\xee\x45\xb9\xe2\xb6\xa6\x03\xfe\x11\x32\x94\xe2\x7f\x2e\xf3\x7f\x7f\xe0\xd6\x81\x71\xa7\xbf\x7a\xf2\x4f\xae\xb8\x6d\xe8\x80\x7f\x84\x0c\xa5\xf8\x9f\xc7\xfc\x3f\x38\xd6\x65\xde\x8b\x32\xb9\xa7\x94\x91\x2b\x6e\x5b\x3a\xe0\x1f\x21\x43\x29\xfe\xe7\x33\xff\x0f\x2f\x96\xda\xbb\xaf\xe6\xdd\x82\x4b\xe4\x8a\xdb\x8e\x0e\xf8\x47\xc8\x50\x8a\xff\x05\xcc\xff\xa3\xb6\xe3\x1b\x54\x18\x13\xa1\x74\x4c\xb9\xe2\xb6\xa7\x03\xfe\x11\x32\x94\xe2\x7f\x21\xf3\xff\x38\xc5\xdd\xb8\x11\x5e\x4d\x5f\x9a\x4b\xae\xb8\x1d\xe8\x80\x7f\x84\x0c\xa5\xf8\x5f\xc4\xfc\x3f\x99\x1b\xfb\xfb\xbf\x9c\xc5\x2e\x8d\x93\x2b\x6e\x47\x3a\xe0\x1f\x21\x43\x29\xfe\x17\x33\xff\x4f\x47\x26\xb9\xb9\xe6\xbf\x42\x63\x1d\xb9\xe2\xfa\xde\x09\x04\xff\x08\x19\x4a\xf1\xbf\x84\xf9\x7f\x96\xe5\x71\xde\x5a\xbf\x27\xff\xdc\x2c\x57\x5c\xdf\x77\x82\xe1\x1f\x21\x43\x29\xfe\x97\x32\xff\xcf\x27\xa6\xb8\x70\x78\xae\x1b\x6b\xae\x5c\x71\xbb\xd0\x01\xff\x08\x19\x4a\xf1\xbf\x8c\xf9\x7f\x91\xe6\x7e\x96\xcc\x85\x42\x1a\xa7\x96\x2b\x6e\x57\x3a\xe0\x1f\x21\x43\x29\xfe\x97\x33\xff\x2f\x0b\x84\x04\x36\xaf\x9f\xff\xec\x41\xb9\xe2\x76\xa3\x03\xfe\x11\x32\x94\xe2\x7f\x05\xf3\xff\x6a\x68\xfc\x0f\xd3\x07\xbf\xdb\xd3\x5d\xae\xb8\xbe\x3f\x83\x7f\x84\x0c\xa5\xf8\x5f\xc9\xfc\xbf\x7e\xbf\x3f\x61\xd5\x07\xdd\x6b\xd4\x95\x2b\x6e\x0f\x3a\xe0\x1f\x21\x43\x29\xfe\x57\x31\xff\x6f\xca\xf4\xfa\xbd\x30\xff\x8a\xff\xde\xca\x15\xb7\x27\x1d\xf0\x8f\x90\xa1\x14\xff\xab\x99\xff\xb7\x0d\x8a\xdc\xf9\x1c\xb2\x3b\xf2\x28\xb9\xe2\xf6\xa2\x03\xfe\x11\x32\x94\xe2\x7f\x0d\xf3\xff\xee\xf1\xd0\x82\x8e\x7f\xab\xde\xf9\xe4\x8a\xdb\x9b\x0e\xf8\x47\xc8\x50\x8a\xff\xb5\xcc\xff\xfb\x14\xcb\x8b\x26\x6a\xf1\x71\x6a\x34\xb9\xe2\xf6\xa1\x03\xfe\x11\x32\x94\xe2\x7f\x1d\xf3\xff\x61\x6e\xa3\x45\xaf\x77\xff\xf7\x70\x85\x5c\x71\xfb\xd2\x01\xff\x08\x19\x4a\xf1\xbf\x9e\xf9\xff\x38\xb2\xce\xa0\x9d\x2b\x82\x2b\x54\x90\x2b\x6e\x3f\x3a\xe0\x1f\x21\x43\x29\xfe\x37\x30\xff\x9f\xb2\xcc\x6d\x52\xb6\x6f\x8c\x5c\xbf\xe4\x8a\xdb\x9f\x0e\xf8\x47\xc8\x50\x8a\xff\x8d\xcc\xff\xe7\xca\x1d\xa3\x7f\x8a\x37\xe1\xea\x55\xb9\xe2\x0e\xa0\x03\xfe\x11\x32\x94\xe2\x7f\x13\xf3\xff\xe5\xd5\xaa\xaf\xa1\x82\xeb\x2f\x69\x24\x57\xdc\x81\x74\xc0\x3f\x42\x86\x52\xfc\x6f\x66\xfe\xbf\xfe\x9b\x72\xbd\x5a\x93\x99\xbf\x6e\xca\x15\x77\x10\x1d\xf0\x8f\x90\xa1\x14\xff\x5b\x98\xff\x6f\xc5\xab\x67\x5f\xb1\xbf\xcc\xb8\x76\x72\xc5\x1d\x4c\x07\xfc\x23\x64\x28\xc5\xff\x56\xe6\xff\xfb\xb3\x19\x77\xf3\xdf\xbd\xd0\xa8\x88\x5c\x71\x87\xd0\x01\xff\x08\x19\x4a\xf1\xbf\x8d\xf9\xff\x51\xbf\x72\xbe\x73\x61\xc2\xc4\xfc\x26\x57\xdc\x20\x3a\xe0\x1f\x21\x43\x29\xfe\xb7\x33\xff\x3f\x4b\xb7\x4d\x30\x3b\xd1\x93\xdd\x09\xe5\x8a\x3b\x94\x0e\xf8\x47\xc8\x50\x8a\xff\x1d\xcc\xff\xaf\x4f\xeb\xfe\xb5\x3e\x92\xf3\xcc\x1a\xb9\xe2\x0e\xa3\x03\xfe\x11\x32\x94\xe2\x7f\x27\xf3\xff\x7b\x44\xe4\x28\x6b\x97\xac\x4b\x3c\x4c\xae\xb8\xc3\xe9\x80\x7f\x84\x0c\xa5\xf8\xdf\xc5\xfc\xff\xc9\x7f\xf2\x63\xc3\x81\x03\x6b\x66\x92\x2b\xee\x08\x3a\xe0\x1f\x21\x43\x29\xfe\x77\x33\xff\x7f\x53\x7f\xba\x1c\x7e\x66\x93\x5e\x35\xe5\x8a\x3b\x92\x0e\xf8\x47\xc8\x50\x8a\xff\x3d\xcc\xff\xbf\x29\xd9\x33\x7f\x2f\xb6\x31\xd2\x43\xb9\xe2\xfa\x9e\x09\x02\xff\x08\x19\x4a\xf1\xbf\xf7\xff\xfa\x77\x43\x8d\x9c\x96\xeb\x65\xb2\x34\x8f\xce\xc8\x15\x77\x34\x1d\xf0\x8f\x90\xa1\x14\xff\xfb\x98\xff\xd0\x59\xaa\x86\xc4\xf9\xfe\x7d\x5a\x6f\xb9\xe2\x8e\xa1\x03\xfe\x11\x32\x94\xe2\x7f\x3f\xf3\x1f\x26\x45\xeb\x5f\xe5\x9f\x24\xca\x3d\x51\xae\xb8\x63\xe9\x80\x7f\x84\x0c\xa5\xf8\x3f\xc0\xfc\x87\x9d\xbb\x21\xce\xfe\xdc\x67\x2b\x26\x97\x2b\xae\xef\x9d\xc0\xf0\x8f\x90\xa1\x14\xff\x07\x99\x7f\xbf\xb1\xbb\x72\xb9\xb5\x6b\x2e\x0e\x2f\x57\xdc\xf1\x74\xc0\x3f\x42\x86\x52\xfc\x1f\x62\xfe\xc3\xe5\x18\x18\xf2\x6b\xd8\xb0\x2b\xfb\xe5\x8a\x3b\x81\x0e\xf8\x47\xc8\x50\x8a\xff\xc3\xcc\xbf\x7f\x92\xe2\xbf\x36\x4c\x1e\x3c\x3a\x9b\x5c\x71\x7d\xbf\x13\x80\x7f\x84\x0c\xa5\xf8\x3f\xc2\xfc\x3b\x33\x83\xe2\xd4\xab\x50\xf5\xf7\x60\xb9\xe2\x4e\xa2\x03\xfe\x11\x32\x94\xe2\xff\x28\xf3\xef\xe6\x29\xfc\xf1\x78\x86\x93\x51\x37\xc8\x15\x77\x32\x1d\xf0\x8f\x90\xa1\x14\xff\xc7\x98\x7f\x6f\xd0\x88\x28\xd9\x3f\xc6\x6b\x19\x57\xae\xb8\x53\xe8\x80\x7f\x84\x0c\xa5\xf8\x3f\xce\xfc\x07\x4c\xdd\x97\xb9\xf1\xbb\xdf\xa7\x3f\xc9\x15\x77\x2a\x1d\xf0\x8f\x90\xa1\x14\xff\xc1\xcc\x7f\xf8\x0c\x7d\x2f\x4f\xce\x9a\x61\x5f\x09\xb9\xe2\x4e\xa3\x03\xfe\x11\x32\x94\xe2\xff\x04\xf3\x1f\xa1\xce\xcd\x7c\x35\xab\x6e\xad\xd4\x4a\xae\xb8\xd3\xe9\x80\x7f\x84\x0c\xa5\xf8\x3f\xc9\xfc\x47\xbc\x9f\xe8\xee\xd2\x09\x2d\x52\xdc\x91\x2b\xee\x0c\x3a\xe0\x1f\x21\x43\x29\xfe\x4f\x31\xff\x91\x3e\x27\xff\xf7\xbe\x55\x5f\x6f\xb7\x5c\x71\x67\xd2\x01\xff\x08\x19\x4a\xf1\x7f\x9a\xf9\x8f\x5c\xe1\x51\x82\xb0\x5b\x57\x0d\x8c\x2c\x57\xdc\x59\x74\xc0\x3f\x42\x86\x52\xfc\x9f\x61\xfe\xa3\x8c\x3d\xd4\x38\xde\x95\xac\x93\x13\xcb\x15\x77\x36\x1d\xf0\x8f\x90\xa1\x14\xff\x67\x99\xff\xa8\x39\x9c\xa0\xe7\xee\x83\xc7\x53\xe5\x8a\x3b\x87\x0e\xf8\x47\xc8\x50\x8a\xff\x73\xcc\x7f\xb4\x24\xf9\x17\xef\x8d\xe1\x5f\xaa\xbf\x5c\x71\xe7\xd2\x01\xff\x08\x19\x4a\xf1\x7f\x9e\xf9\x0f\x9c\xf9\xab\x50\xc5\x93\x57\x0a\x9c\x90\x2b\xee\x3c\x3a\xe0\x1f\x21\x43\x29\xfe\x2f\x30\xff\xd1\x7f\xb9\x39\xbe\xad\xaa\x70\xf9\xa9\x5c\x71\xe7\xd3\x01\xff\x08\x19\x4a\xf1\x7f\x91\xf9\x8f\x51\xf8\xdc\x15\xbf\xee\x73\x97\x55\x95\x2b\xee\x02\x3a\xe0\x1f\x21\x43\x29\xfe\x2f\x31\xff\x31\xab\x7f\xfe\x52\x69\x44\x89\x0e\x1f\xe5\x8a\xbb\x90\x0e\xf8\x47\xc8\x50\x8a\xff\xcb\xcc\x7f\xac\x77\x59\x62\x2d\xa9\x3b\x35\xf6\xff\x30\xee\x2e\xa2\x03\xfe\x11\x32\x94\xe2\xff\x0a\xf3\x1f\xbb\xfc\xfb\xdf\xb9\xf3\x46\xfa\xd2\x5a\xae\xb8\x8b\xe9\x80\x7f\x84\x0c\xa5\xf8\xbf\xca\xfc\xc7\xf9\x96\x23\xe1\xa9\x67\xb7\x83\x6e\xcb\x15\x77\x09\x1d\xf0\x8f\x90\xa1\x14\xff\xd7\x98\xff\xb8\x8f\x22\x14\x9c\xff\x33\x6f\xc6\xec\x72\xc5\x5d\x4a\x07\xfc\x23\x64\x28\xc5\xff\x75\xe6\x3f\x5e\xed\x53\x77\xda\xa7\x78\x51\x7b\x90\x5c\x71\x97\xd1\x01\xff\x08\x19\x4a\xf1\x7f\x83\xf9\x8f\x9f\xbe\x55\x96\x95\x25\xba\x6e\x5d\x2f\x57\xdc\xe5\x74\xc0\x3f\x42\x86\x52\xfc\xdf\x64\xfe\x13\xcc\x58\x7f\xa1\xee\xec\x45\x87\xe3\xc9\x15\x77\x05\x1d\xf0\x8f\x90\xa1\x14\xff\x21\xcc\x7f\xc2\xa0\xa9\x1f\x22\xf7\xdf\xfb\xa6\x9f\x5c\x71\x57\xd2\x01\xff\x08\x19\x4a\xf1\x7f\x8b\xf9\x4f\x94\xbb\x4a\xe0\xef\x45\x1d\xe6\x9c\x94\x2b\xee\x2a\x3a\xe0\x1f\x21\x43\x29\xfe\x6f\x33\xff\xff\xe5\xd9\x54\xe8\xfe\xa1\xcf\x3d\x9e\xc9\x15\x77\x35\x1d\xf0\x8f\x90\xa1\x14\xff\x77\x98\xff\xc4\x83\x7a\x2e\x0e\x4c\x90\x22\x54\x15\xb9\xe2\xae\xa1\x03\xfe\x11\x32\x94\xe2\xff\x2e\xf3\x9f\x64\x6a\xf9\xa0\x92\xa1\x0e\xad\xdd\x23\x57\xdc\xb5\x74\xc0\x3f\x42\x86\x52\xfc\xdf\x63\xfe\x93\x66\x18\xd3\x78\xeb\xed\xc0\x90\x48\x72\xc5\x5d\x47\x07\xfc\x23\x64\x28\xc5\xff\x7d\xe6\x3f\x59\xd3\x5b\xc9\xbf\xee\x1d\x95\xf3\x3f\xb9\xe2\xfa\x3e\x13\x00\xff\x08\x19\x4a\xf1\xff\x80\xf9\x4f\x7e\x33\x41\x70\xb8\x46\x75\x0b\x4f\x93\x2b\xae\xef\x9d\xa0\xf0\x8f\x90\xa1\x14\xff\x0f\x99\xff\x14\x67\x53\x3e\xad\xdc\xb3\x61\xa2\x44\x72\xc5\xdd\x48\x07\xfc\x23\x64\x28\xc5\xff\x23\xe6\x3f\x65\xcf\x07\x7e\x8b\xd7\x8c\x6b\xbd\x5a\xae\xb8\x9b\xe8\x80\x7f\x84\x0c\xa5\xf8\x7f\xcc\xfc\xa7\xba\x9a\xf4\x5d\xae\xd3\xb1\x86\x0e\x95\x2b\xee\x66\x3a\xe0\x1f\x21\x43\x29\xfe\x9f\x30\xff\xa9\x3b\x3e\x89\x78\x3a\xd6\xb1\x8f\x99\xe5\x8a\xbb\x85\x0e\xf8\x47\xc8\x50\x8a\xff\xa7\xcc\x7f\x9a\xbe\xf7\xd2\x2d\x08\x48\xd2\xe0\x86\x5c\x71\xb7\xd2\x01\xff\x08\x19\x4a\xf1\xff\x8c\xf9\x4f\x7b\x28\xce\xb9\x76\xd7\xde\xa7\x6a\x2f\x57\xdc\x6d\x74\xc0\x3f\x42\x86\x52\xfc\x3f\x67\xfe\xd3\x6d\xdb\x93\x78\xd5\xf6\x36\xc7\x8a\xca\x15\x77\x3b\x1d\xf0\x8f\x90\xa1\x14\xff\x2f\x98\xff\xf4\x91\xfb\x1f\xa9\xd3\x66\xe7\x96\xaf\x72\xc5\xdd\x41\x07\xfc\x23\x64\x28\xc5\xff\x4b\xe6\x3f\x43\xbc\x92\x0f\x23\x8d\x5b\x36\x77\x92\x5c\x71\x77\xd2\x01\xff\x08\x19\x4a\xf1\xff\x8a\xf9\xcf\xb8\x68\x70\xa8\x3f\x95\x7b\xbe\x4c\x26\x57\xdc\x5d\x74\xc0\x3f\x42\x86\x52\xfc\xbf\x66\xfe\x33\x35\x5d\xd2\xef\x49\xe6\x37\x4e\x80\x5c\x71\x77\xd3\x01\xff\x08\x19\x4a\xf1\xff\x86\xf9\xcf\x7c\xb3\xf9\xfc\x98\x6f\x0a\x76\x3e\x20\x57\x5c\xdf\x77\x82\xe1\x1f\x21\x43\x29\xfe\xdf\x32\xff\x59\xce\x36\x3c\x50\xe4\xfd\x8d\x3b\x35\xe4\x8a\xbb\x97\x0e\xf8\x47\xc8\x50\x8a\xff\x77\xcc\x7f\xd6\x9e\xb3\xea\x6f\x4a\x17\xb0\xe6\x91\x5c\x71\xf7\xd1\x01\xff\x08\x19\x4a\xf1\xff\x9e\xf9\xcf\x16\xbd\x4d\x5a\xaf\xdc\xc4\x12\x67\xe5\x8a\xbb\x9f\x0e\xf8\x47\xc8\x50\x8a\xff\x0f\xcc\x7f\xf6\xf5\x6b\x4f\xfe\x9c\x58\x24\x53\x2f\xb9\xe2\xfa\x7e\x27\x00\xff\x08\x19\x4a\xf1\xff\x91\xf9\xcf\xb1\x7b\xfa\xf3\xf5\x6b\x4f\xae\x18\x20\x57\xdc\x83\x74\xc0\x3f\x42\x86\x52\xfc\x7f\x62\xfe\x73\x86\xaa\x14\x50\xbf\x53\xbc\x8b\xa7\xe5\x8a\x7b\x88\x0e\xf8\x47\xc8\x50\x8a\xff\xcf\xcc\x7f\xae\xc5\x93\x1f\x04\x47\x19\x9c\xef\x89\x5c\x71\x0f\xd3\x01\xff\x08\x19\x4a\xf1\xff\x85\xf9\xcf\x1d\xbb\x5a\xd8\x6c\x67\xaa\x96\xa9\x24\x57\xdc\x23\x74\xc0\x3f\x42\x86\x52\xfc\x7f\x65\xfe\xf3\x44\xe8\x90\xa4\xd1\xc5\xad\x4f\x77\xc9\x15\xf7\x28\x1d\xf0\x8f\x90\xa1\x14\xff\xdf\x98\xff\xbc\xdb\x57\x1e\x9c\x12\xb1\xc5\xc4\x08\x72\xc5\x3d\x46\x07\xfc\x23\x64\x28\xc5\xff\x77\xe6\x3f\xdf\xe1\x80\x8c\x35\xda\xff\xee\x9f\x44\xae\xb8\xc7\xe9\x80\x7f\x84\x0c\xa5\xf8\xff\xc1\xfc\xe7\xef\x75\xe6\xec\xb2\x4d\x19\xc2\xcf\x90\x2b\x6e\x30\x1d\xf0\x8f\x90\xa1\x14\xff\x3f\x99\xff\x02\xed\xbe\xbe\xfe\x50\x23\x6b\xb2\xf7\x72\xc5\x3d\x41\x07\xfc\x23\x64\x28\xc5\xff\x2f\xe6\xbf\xe0\xb5\x4c\x91\xc2\x8c\x7e\x50\xa5\xb8\x5c\x71\x4f\xd2\x01\xff\x08\x19\x4a\xf1\xff\x9b\xf9\x2f\x34\xee\xbf\x70\x35\x5f\xf6\x3d\xd0\x56\xae\xb8\xa7\xe8\x80\x7f\x84\x0c\xa5\xf8\xff\xc3\xfc\x17\xce\xf9\xf4\xd9\xd2\x1c\xab\x4e\xde\x95\x2b\xae\xef\x33\x81\xf0\x8f\x90\xa1\x14\xff\x7f\x99\xff\x22\x49\x6f\x1f\x7f\x9f\xb6\x42\xf3\x9c\x72\xc5\x3d\x43\x07\xfc\x23\x64\x28\xc5\xff\x3f\xe6\xbf\xe8\xac\xb8\xc9\xc2\x7e\x9b\x1b\x38\x44\xae\xb8\xbe\xef\x04\xc3\x3f\x42\x86\xfa\x7f\xfb\x0f\x1b\x8a\xf9\x2f\x76\xfb\x52\xaf\xbd\x33\xfc\xff\xae\x95\x2b\xee\x39\x3a\xe0\x1f\x21\x43\x29\xfe\x43\x33\xff\xc5\x5b\x44\x9f\x5d\xb1\xec\x95\x91\x71\xe4\x8a\x7b\x9e\x0e\xf8\x47\xc8\x50\x8a\xff\x30\xcc\x7f\x89\x2e\x19\xf6\xc4\xab\x77\xe1\xda\x14\xb9\xe2\x5e\xa0\x03\xfe\x11\x32\x94\xe2\x3f\x2c\xf3\x5f\xf2\xc4\xf3\xda\xcf\x07\x85\x59\x98\x42\xae\xb8\x17\xe9\x80\x7f\x84\x0c\xa5\xf8\xf7\x63\xfe\x4b\xb5\x49\xb3\xb9\xcb\xfd\x99\xe5\x5d\xb9\xe2\x5e\xa2\x03\xfe\x11\x32\x94\xe2\x3f\x1c\xf3\x5f\xfa\xc2\xeb\x4a\x83\xf3\x95\xc9\xbb\x4f\xae\xb8\x97\xe9\x80\x7f\x84\x0c\xa5\xf8\xf7\x67\xfe\xcb\x1c\xbd\xd6\xf9\x6a\xe2\x75\x33\xaa\xc9\x15\xf7\x0a\x1d\xf0\x8f\x90\xa1\x14\xff\x0e\xf3\x5f\x76\x40\x94\x29\x29\xfe\x0c\x7c\xf0\x40\xae\xb8\x57\xe9\x80\x7f\x84\x0c\xa5\xf8\x77\x99\xff\x72\x01\x9b\xfb\x3d\x9a\xf7\x24\xc2\x79\xb9\xe2\x5e\xa3\x03\xfe\x11\x32\x94\xe2\xdf\x63\xfe\xcb\x6f\xec\x36\x3f\x4a\xe1\x9c\x7d\xfa\xc8\x15\xf7\x3a\x1d\xf0\x8f\x90\xa1\x14\xff\x01\xcc\x7f\x85\xa5\x15\x0e\x14\x5b\x9e\xa6\x7a\x02\xb9\xe2\xde\xa0\x03\xfe\x11\x32\x94\xe2\x3f\x3c\xf3\x5f\x31\xe1\xc8\xfa\x3b\xfa\x7c\x4f\xba\x52\xae\xb8\x37\xe9\x80\x7f\x84\x0c\xa5\xf8\x8f\xc0\xfc\x57\xba\xbd\x3a\xf1\x86\xb8\x4d\xce\x0d\x97\x2b\x6e\x08\x1d\xf0\x8f\x90\xa1\x14\xff\x11\x99\xff\xca\x2d\xda\x1d\xa9\x77\x7c\xe3\xce\xac\x72\xc5\xbd\x45\x07\xfc\x23\x64\x28\xc5\x7f\x24\xe6\xbf\x4a\x97\x1a\x0f\xdd\x5b\x35\xa3\x87\xc8\x15\xf7\x36\x1d\xf0\x8f\x90\xa1\x14\xff\x91\x99\xff\xaa\x27\x26\x86\xfa\xe5\x0c\x6b\xd2\x51\xae\xb8\x77\xe8\x80\x7f\x84\x0c\xa5\xf8\x8f\xc2\xfc\x57\x5b\xd3\xb4\x47\xd1\x96\x89\x26\x14\x96\x2b\xae\xef\x99\x60\xf0\x8f\x90\xa1\x14\xff\x51\x99\xff\xea\x51\x97\x4d\xdd\xb8\xe7\xec\x8f\xcf\x72\xc5\xbd\x47\x07\xfc\x23\x64\x28\xc5\x7f\x34\xe6\xbf\x46\xb8\x05\xdb\x1e\x97\x8e\x95\xa5\xba\x5c\x71\xef\xd3\x01\xff\x08\x19\x4a\xf1\x1f\xc8\xfc\xd7\x3c\x50\xbb\x66\xac\x69\xc7\x8a\xdd\x97\x2b\xae\xef\x3b\x01\xf0\x8f\x90\xa1\x14\xff\xd1\x99\xff\x5a\x09\xe6\xec\x1d\xf7\xa5\xe1\xaa\x73\x72\xc5\x7d\x48\x07\xfc\x23\x64\x28\xc5\x7f\x0c\xe6\xbf\xf6\x8a\xfa\x0d\x06\xa4\x1e\x77\xaf\xaf\x5c\x71\x1f\xd1\x01\xff\x08\x19\x4a\xf1\x1f\x93\xf9\xaf\xb3\xa5\xe5\xc0\x34\xd9\xda\x74\x9d\x2c\x57\xdc\xc7\x74\xc0\x3f\x42\x86\x52\xfc\xc7\x62\xfe\xeb\x7a\x8b\xe6\xdd\x7c\xbe\x33\x5c\x4a\xb9\xe2\x3e\xa1\x03\xfe\x11\x32\x94\xe2\x3f\x36\xf3\x5f\xaf\x7f\xd8\x2e\xf1\x47\x26\x79\xee\xc9\x15\xf7\x29\x1d\xf0\x8f\x90\xa1\x14\xff\x71\x98\xff\xfa\xc1\xc7\x26\xbe\xab\xf6\x7e\xfe\x5e\xb9\xe2\x3e\xa3\x03\xfe\x11\x32\x94\xe2\x3f\x2e\xf3\xdf\xe0\xf2\xbf\x4d\x7b\xb6\xbc\xd9\x74\x4b\xae\xb8\xcf\xe9\x80\x7f\x84\x0c\xa5\xf8\x8f\xc7\xfc\x37\x6c\x9d\xbb\x6a\xa9\x8e\x05\x83\x3b\xc8\x15\xf7\x05\x1d\xf0\x8f\x90\xa1\x14\xff\xf1\x99\xff\x46\x6d\x42\x42\x55\x8b\xbc\x2c\x4d\x21\xb9\xe2\xbe\xa4\x03\xfe\x11\x32\x94\xe2\x3f\x01\xf3\xdf\xf8\x42\xfc\x87\x2b\x2e\xf7\xac\xf7\x45\xae\xb8\xaf\xe8\x80\x7f\x84\x0c\xa5\xf8\x4f\xc8\xfc\x37\x39\x9a\xe2\xc8\xa7\x73\x13\xdf\xc7\x97\x2b\xee\x6b\x3a\xe0\x1f\x21\x43\x29\xfe\x13\x31\xff\x4d\x07\xdc\x4f\x1c\x2a\x5a\x91\xe1\xab\xe4\x8a\xfb\x86\x0e\xf8\x47\xc8\x50\x8a\xff\xff\x98\xff\x66\x59\x37\x36\x2f\xd2\xe5\x46\xdb\x11\x72\xc5\x7d\x4b\x07\xfc\x23\x64\x28\xc5\x7f\x62\xe6\xbf\xf9\xa8\x1e\x23\x36\xad\x0f\x48\x90\x45\xae\xb8\xef\xe8\x80\x7f\x84\x0c\xa5\xf8\x4f\xc2\xfc\xb7\x98\x57\x6e\xf9\x93\x5d\x91\x8a\xee\x94\x2b\xee\x7b\x3a\xe0\x1f\x21\x43\x29\xfe\x93\x32\xff\x2d\x53\x8e\x2e\x16\xb3\xf9\xed\xec\x11\xe5\x8a\xfb\x81\x0e\xf8\x47\xc8\x50\x8a\xff\x64\xcc\x7f\xab\x61\xa5\x36\x8c\x0d\x57\xe2\x46\x52\xb9\xe2\x7e\xa4\x03\xfe\x11\x32\x94\xe2\x3f\x39\xf3\xdf\xba\xe0\xf8\xf2\x03\x6f\x4e\x5d\x3f\x5d\xae\xb8\x9f\xe8\x80\x7f\x84\x0c\xa5\xf8\x4f\xc1\xfc\xb7\x49\xbb\xb5\x5d\xda\xa3\x5d\xc3\x0c\x94\x2b\xae\xef\x99\xa0\xf0\x8f\x90\xa1\x14\xff\x29\x99\xff\xb6\x93\xba\x8c\xbf\x11\x7b\x51\xb7\x53\x72\xc5\xf5\x7d\x26\x10\xfe\x11\x32\x94\xe2\x3f\x15\xf3\xdf\xee\xc9\x85\xc6\x09\x7a\xe5\x9d\xf5\x58\xae\xb8\x5f\xe9\x80\x7f\x84\x0c\xa5\xf8\x4f\xcd\xfc\xb7\x6f\x18\x33\xe8\xed\xd2\x17\xef\x2a\xcb\x15\xf7\x1b\x1d\xf0\x8f\x90\xa1\x14\xff\x69\x98\xff\x0e\x65\xd3\x2d\xde\x5d\xf4\xf3\xc1\x1c\x72\xc5\xfd\x4e\x07\xfc\x23\x64\x28\xc5\x7f\x5a\xe6\xbf\xe3\x87\x97\x85\x4a\x2f\x48\xb1\x3d\x48\xae\xb8\x3f\xe8\x80\x7f\x84\x0c\xa5\xf8\x4f\xc7\xfc\x77\xca\x7a\x22\x5f\xe5\x7f\x7b\xeb\xae\x93\x2b\xee\x4f\x3a\xe0\x1f\x21\x43\x29\xfe\xd3\x33\xff\x9d\x47\x45\xba\xbb\x38\x69\x87\xf4\xb1\xe5\x8a\xfb\x8b\x0e\xf8\x47\xc8\x50\x8a\xff\x0c\xcc\x7f\x97\x79\xd9\xfe\x7d\x2d\x30\x6a\xf0\x07\xb9\xe2\xfe\xa6\x03\xfe\x11\x32\x94\xe2\x3f\x23\xf3\xdf\x35\xe5\xc7\x04\xe1\x1e\xd6\xfd\x56\x4c\xae\xb8\x7f\xe8\x80\x7f\x84\x0c\xa5\xf8\xcf\xc4\xfc\x77\x2b\x16\xba\xed\xbe\x21\x87\xe2\xb6\x91\x2b\xee\x5f\x3a\xe0\x1f\x21\x43\x29\xfe\x33\x33\xff\xdd\xff\x06\x8f\xaa\xd0\x20\xb0\xdd\x3d\xb9\xe2\xfe\xa3\x03\xfe\x11\x32\x94\xe2\x3f\x0b\xf3\xdf\xe3\xe5\x9f\x95\x71\xfb\xbd\x1d\x74\x4c\xae\xfc\x9f\x57\x02\xc1\x3f\x42\x86\x52\xfc\x67\x65\xfe\x7b\x56\xca\x5b\xe6\xc5\xc2\x7c\x5f\x3b\xc9\x15\x8f\xfe\x0e\xfc\x23\x64\x29\xc5\x7f\x36\xe6\xbf\xd7\xc7\x1f\x8b\xba\x1e\x5c\x1e\xaf\x81\x5c\xf1\xc2\xd0\x01\xff\x08\x19\x4a\xf1\x9f\x9d\xf9\xef\x5d\xaa\x60\xd1\x41\xf1\xbb\xb5\x7f\x25\x57\xbc\xb0\x74\xc0\x3f\x42\x86\x52\xfc\xe7\x60\xfe\xfb\xd4\x0b\xd7\xe4\x4a\xe8\x29\x87\xc2\xc8\x15\xcf\x8f\x0e\xf8\x47\xc8\x50\x8a\xff\x9c\xcc\x7f\xdf\xa7\x47\x06\xa5\xbc\x53\x78\xc7\x0e\xb9\xe2\x85\xa3\x03\xfe\x11\x32\x94\xe2\x3f\x17\xf3\xdf\x6f\x72\xe3\x8e\x0f\xf7\xdd\xaa\x33\x4b\xae\x78\xfe\x74\xc0\x3f\x42\x86\x52\xfc\xe7\x66\xfe\xfb\xa7\x5a\x31\x2e\x6a\x63\x2f\x5d\x3a\xb9\xe2\x39\x74\xc0\x3f\x42\x86\x52\xfc\xe7\x61\xfe\x07\xe4\x9b\xb7\xb6\xf8\xf0\xe8\x61\xcb\xca\x15\xcf\xf7\xf3\xf0\x8f\x90\xa1\x14\xff\x79\x99\xff\x81\xc3\xeb\x56\xd8\x5e\xe7\x78\xf7\xbf\x72\xc5\xf3\x7d\x00\x08\xfe\x11\x32\x94\xe2\x3f\x1f\xf3\x3f\xa8\xdd\xba\x2f\x9d\xf3\xd4\x9b\x79\x41\xae\x78\x01\x74\xc0\x3f\x42\x86\x52\xfc\xe7\x67\xfe\x07\x5f\x6b\x1b\x6b\xc8\xd3\xf1\x6f\x9b\xcb\x15\x2f\x3c\x1d\xf0\x8f\x90\xa1\x14\xff\x05\x98\xff\x21\x87\x2b\xe7\xb8\xf6\xab\x75\x91\xb1\x72\xc5\x8b\x40\x07\xfc\x23\x64\x28\xc5\x7f\x41\xe6\x3f\xa8\xd7\x8c\x2b\xc9\x53\xee\xc9\x96\x5b\xae\x78\xbe\x77\x02\xc2\x3f\x42\x86\x52\xfc\x17\x62\xfe\x87\xb6\x1a\xfc\x65\x4a\xc9\xc4\x37\x63\xc9\x15\x2f\x12\x1d\xf0\x8f\x90\xa1\x14\xff\x85\x99\xff\x61\x97\x4a\xc6\x6a\x34\xe7\xd3\x86\xc5\x72\xc5\x8b\x4c\x07\xfc\x23\x64\x28\xc5\x7f\x11\xe6\x7f\xf8\xf1\xfe\x39\xb2\x8d\xfd\xf6\x21\x95\x5c\xf1\xa2\xd0\x01\xff\x08\x19\x4a\xf1\x5f\x94\xf9\x1f\xd1\x6f\xcf\x95\xe0\x4a\xc9\x47\xcc\x93\x2b\x5e\x54\x3a\xe0\x1f\x21\x43\x29\xfe\x8b\x31\xff\x23\xef\xf6\x2e\x58\x3f\xd3\x81\x36\x5b\xe4\x8a\x17\x8d\x0e\xf8\x47\xc8\x50\x8a\xff\xe2\xcc\xff\xa8\x66\x07\xee\xac\x7f\xdd\x3e\xbe\xbf\x5c\xf1\x02\xe9\x80\x7f\x84\x0c\xa5\xf8\x2f\xc1\xfc\x8f\xee\x34\xec\xf7\xcf\x0f\xa3\x37\xbe\x93\x2b\x5e\x74\x3a\xe0\x1f\x21\x43\x29\xfe\x4b\x32\xff\x63\x4e\x15\x4d\xe8\xa5\xaf\x75\xbc\x8e\x5c\xf1\x62\xd0\x01\xff\x08\x19\x4a\xf1\x5f\x8a\xf9\x1f\xbb\xff\xc1\x87\x33\xe5\x0f\xa7\xed\x26\x57\xbc\x98\x74\xc0\x3f\x42\x86\x52\xfc\x97\x66\xfe\xc7\xf9\xa5\x0c\x2c\x38\x29\x4a\xfd\x43\x72\xc5\xf3\x7d\x26\x08\xfe\x11\x32\x94\xe2\xbf\x0c\xf3\x3f\x3e\x4a\x82\x2c\x6d\x7b\x44\xec\xb2\x5c\xae\x78\xbe\x77\x82\xc2\x3f\x42\x86\x52\xfc\x97\x65\xfe\x27\xac\xbe\x75\x61\xe6\xea\x7b\x7e\x81\x72\xc5\x8b\x43\x07\xfc\x23\x64\x28\xc5\x7f\x39\xe6\x7f\x62\xab\x1f\x6b\x07\x9d\x2a\xfe\x22\xbf\x5c\xf1\xe2\xd2\x01\xff\x08\x19\x4a\xf1\x5f\x9e\xf9\x9f\x74\xa9\x60\x85\xae\x31\x67\x2c\x18\x29\x57\xbc\x78\x74\xc0\x3f\x42\x86\x52\xfc\x57\x60\xfe\x27\x1f\x0f\xd7\x31\x65\xf8\x4e\x59\x1b\xcb\x15\x2f\x3e\x1d\xf0\x8f\x90\xa1\x14\xff\x15\x99\xff\x29\xfd\x8e\x8c\xbb\x72\x7d\x71\xf1\x2b\x72\xc5\x4b\x40\x07\xfc\x23\x64\x28\xc5\x7f\x25\xe6\x7f\x6a\xa2\x4c\xbf\xda\xed\xc8\xb5\xf2\xa7\x5c\xf1\x12\xd2\x01\xff\x08\x19\x4a\xf1\x5f\x99\xf9\x9f\xb6\xec\x6b\x9c\x05\x6d\x5f\xde\xad\x28\x57\xbc\x44\x74\xc0\x3f\x42\x86\x52\xfc\x57\x61\xfe\xa7\x6f\x3a\x93\xeb\xf4\xac\x4c\x31\xde\xca\x15\xcf\xf7\x33\xf0\x8f\x90\xa1\x14\xff\x55\x99\xff\x19\xe1\x03\x42\x72\x15\x7f\xd8\xb4\xae\x5c\xf1\x12\xd3\x01\xff\x08\x19\x4a\xf1\x5f\x8d\xf9\x9f\xb9\xea\x44\xe6\xc5\xc9\x7b\x8d\xef\x2e\x57\xbc\x24\x74\xc0\x3f\x42\x86\x52\xfc\x57\x67\xfe\x67\x05\x46\xba\x5c\xf9\xc7\xea\xef\x07\xe5\x8a\x97\x94\x0e\xf8\x47\xc8\x50\x8a\xff\x1a\xcc\xff\x6c\x27\xdb\xc7\x70\x8f\xcb\x57\x4b\x2d\x57\xbc\x64\x74\xc0\x3f\x42\x86\x52\xfc\xd7\x64\xfe\xe7\xec\xfb\x18\xe5\x6b\xae\x05\x49\xe6\xca\x15\x2f\x39\x1d\xf0\x8f\x90\xa1\x14\xff\xb5\x98\xff\xb9\x27\x2b\xfd\xcb\x5a\x2b\xdc\xf9\xcd\x72\xc5\x4b\x41\x07\xfc\x23\x64\x28\xc5\x7f\x6d\xe6\x7f\x5e\xd7\xe9\x09\x0e\x0e\xbd\xbe\xcb\x91\x2b\x5e\x4a\x3a\xe0\x1f\x21\x43\x29\xfe\xeb\x30\xff\xf3\x5b\xae\xcd\x37\xb5\xe9\xa9\xe9\x8d\xe4\x8a\xe7\x7b\x27\x00\xfc\x23\x64\x28\xc5\x7f\x5d\xe6\x7f\xc1\x9d\x36\x77\x5b\x1e\x88\x7d\xff\xaa\x5c\xf1\x7c\xbf\x13\x84\x7f\x84\x0c\xa5\xf8\xaf\xc7\xfc\x2f\xbc\x3b\x6a\x5c\xdf\x7b\x43\x22\xfe\x92\x2b\x5e\x1a\x3a\xe0\x1f\x21\x43\x29\xfe\xeb\x33\xff\x8b\x9a\x55\xec\x38\x32\x6c\xa5\xbe\x15\xe4\x8a\x97\x96\x0e\xf8\x47\xc8\x50\x8a\xff\x06\xcc\xff\xe2\x4e\xdd\x2b\xdc\x4e\xb8\xe3\xfa\x0a\xb9\xe2\xa5\xa3\x03\xfe\x11\x32\x94\xe2\xbf\x21\xf3\xbf\xe4\xd4\x96\xb5\x19\x0f\x37\x5f\x14\x4d\xae\x78\xe9\xe9\x80\x7f\x84\x0c\xa5\xf8\x6f\xc4\xfc\x2f\x1d\xf1\xe8\x79\xfb\xc5\xff\xca\xe5\x93\x2b\x5e\x06\x3a\xe0\x1f\x21\x43\x29\xfe\x1b\x33\xff\xcb\xf2\x27\x0f\x98\x3f\x20\x7d\x9e\x51\x72\xc5\xcb\x48\x07\xfc\x23\x64\x28\xc5\x7f\x13\xe6\x7f\x79\xea\x44\x69\x4f\xb5\x4e\xdd\x2c\xac\x5c\xf1\x32\xd1\x01\xff\x08\x19\x4a\xf1\xdf\x94\xf9\x5f\x31\xe5\xe6\xc9\xdc\xdb\x7e\x45\xdb\x2e\x57\xbc\xcc\x74\xc0\x3f\x42\x86\x52\xfc\x37\x63\xfe\x57\x66\x8e\x97\x64\xc9\xd5\xc6\xff\x66\xca\x15\x2f\x0b\x1d\xf0\x8f\x90\xa1\x14\xff\xcd\x99\xff\x55\x63\xee\x1c\xac\xe4\x6d\x19\x95\x5e\xae\x78\x59\xe9\x80\x7f\x84\x0c\xa5\xf8\x6f\xc1\xfc\xaf\x5e\xf0\xec\x81\x5f\xf4\x6a\xc9\x8f\xca\x15\x2f\x1b\x1d\xf0\x8f\x90\xa1\x14\xff\x2d\x99\xff\x35\xc9\x13\x87\xfd\x76\x62\x78\xd5\xce\x72\xc5\xcb\x4e\x07\xfc\x23\x64\x28\xc5\x7f\x2b\xe6\x7f\x6d\xe5\xa0\xd7\x59\x56\xc6\xdf\xdf\x50\xae\x78\x39\xe8\x80\x7f\x84\x0c\xa5\xf8\x6f\xcd\xfc\xaf\x7b\x55\x3c\xd2\xa1\x6e\xe7\x4e\xbc\x94\x2b\x5e\x4e\x3a\xe0\x1f\x21\x43\x29\xfe\xdb\x30\xff\xeb\xff\x0d\xcc\x38\x6d\xca\xe5\x67\xe3\xe4\x8a\x97\x8b\x0e\xf8\x47\xc8\x50\x8a\xff\xb6\xcc\xff\x86\xe2\xbb\xce\xb6\xa8\x18\x7a\x52\x2e\xb9\xe2\xe5\xa6\x03\xfe\x11\x32\x94\xe2\xbf\x1d\xf3\xbf\x71\xc4\x9c\x4d\x03\x32\xce\xe9\x17\x53\xae\x78\x79\xe8\x80\x7f\x84\x0c\xa5\xf8\x6f\xcf\xfc\x6f\xca\x5f\xbf\xea\xb8\x4f\xa5\x03\x96\xc8\x15\x2f\x2f\x1d\xf0\x8f\x90\xa1\x14\xff\x1d\x98\xff\xcd\xa9\x5b\x76\xb9\xf9\x76\xfd\xf2\x32\x72\xc5\xf3\x7d\x27\x10\xfe\x11\x32\x94\xe2\xbf\x23\xf3\xbf\x65\xca\xa2\x89\x69\xb2\xf4\xbb\xf0\x4f\xae\x78\xf9\xe9\x80\x7f\x84\x0c\xa5\xf8\xef\xc4\xfc\x6f\x7d\x5f\xe5\xe9\xe4\x2a\x4f\xf3\x5f\x94\x2b\x5e\x01\x3a\xe0\x1f\x21\x43\x29\xfe\x3b\x33\xff\xdb\xca\x4c\xf5\x6b\x3c\x3e\x5b\xd9\x66\x72\xc5\x2b\x48\x07\xfc\x23\x64\x28\xc5\x7f\x17\xe6\x7f\x7b\x83\xf5\xc9\xb3\x6f\x3e\x70\xbb\x89\x5c\xf1\x0a\xd1\x01\xff\x08\x19\x4a\xf1\xdf\x95\xf9\xdf\xf1\xb8\x55\xf0\xf1\x0e\xed\x57\x5f\x97\x2b\x5e\x61\x3a\xe0\x1f\x21\x43\x29\xfe\xbb\x31\xff\x3b\x4b\xac\x4e\x57\x2f\xd2\xb7\x92\x3f\xe4\x8a\x57\x84\x0e\xf8\x47\xc8\x50\x8a\xff\xee\xcc\xff\xae\xdf\xed\xce\x6d\xb8\x94\x3c\x73\x39\xb9\xe2\x15\xa5\x03\xfe\x11\x32\x94\xe2\xbf\x07\xf3\xbf\xfb\x79\x8d\x77\xbf\xce\x1f\x9e\xb7\x4c\xae\x78\xc5\xe8\x80\x7f\x84\x0c\xa5\xf8\xef\xc9\xfc\xef\xa9\x32\x31\xa2\x1b\x18\xe5\x55\x14\xb9\xe2\x15\xa7\x03\xfe\x11\x32\x94\xe2\xbf\x17\xf3\xbf\x37\x45\x96\x87\x67\xbb\x8e\xf6\x2f\x20\x57\xbc\x12\x74\xc0\x3f\x42\x86\x52\xfc\xf7\x66\xfe\xf7\xcd\xfd\x1c\xaa\xc0\x86\x5a\x9d\xc6\xc8\x15\xcf\xe7\x1e\xfe\x11\x32\x94\xe2\xbf\x0f\xf3\xbf\x7f\xe4\xb9\xc4\x6d\x4a\x15\x6f\xf8\x5a\xae\x78\xa5\xe8\x80\x7f\x84\x0c\xa5\xf8\xef\xcb\xfc\x1f\xc8\xe2\x1e\x99\x35\x75\x46\xea\xda\x72\xc5\x2b\x4d\x07\xfc\x23\x64\x28\xc5\x7f\x3f\xe6\xff\x60\xeb\xd8\x27\xce\x7c\x8e\x78\xb4\xa7\x5c\xf1\x7c\xdf\x09\x84\x7f\x84\x0c\xa5\xf8\xef\xcf\xfc\x1f\xba\x7c\x37\x4d\xc1\x54\xf7\x36\x1f\x96\x2b\x5e\x59\x3a\xe0\x1f\x21\x43\x29\xfe\x07\x30\xff\x87\x83\x1f\x87\x6f\x9b\x3d\x57\xc2\xb4\x72\xc5\xf3\x7d\x26\x08\xfe\x11\x32\x94\xe2\x7f\x20\xf3\x7f\xa4\x7f\x92\x17\x33\x5f\xbc\x6c\x35\x5f\xae\x78\xe5\xe9\x80\x7f\x84\x0c\xa5\xf8\x1f\xc4\xfc\x1f\xbd\xbe\x33\xec\xf1\x51\x9d\x86\x6d\x94\x2b\x5e\x05\x3a\xe0\x1f\x21\x43\x29\xfe\x07\x33\xff\xc7\xda\x0f\x78\x90\xbd\xfa\xe2\x4f\xe1\xe4\x8a\x57\x91\x0e\xf8\x47\xc8\x50\x8a\xff\x21\xcc\xff\xf1\xde\xc5\x0e\x36\x2e\xb2\x7c\xdd\x04\xb9\xe2\x55\xa2\x03\xfe\x11\x32\x94\xe2\x3f\x88\xf9\x0f\x3e\x32\x24\xc9\xe4\xf9\xdd\x6e\xe5\x91\x2b\x5e\x65\x3a\xe0\x1f\x21\x43\x29\xfe\x87\x32\xff\x27\x1a\x17\x3a\xe9\xfe\x7d\x9b\x23\xba\x5c\xf1\xaa\xd0\x01\xff\x08\x19\x4a\xf1\x3f\x8c\xf9\x3f\x79\x6b\x78\xda\x5f\x49\xf2\x15\x5a\x24\x57\xbc\xaa\x74\xc0\x3f\x42\x86\x52\xfc\x0f\x67\xfe\x4f\x9d\xdf\x1b\xb0\xa1\xe0\xad\xd7\xa5\xe4\x8a\x57\x8d\x0e\xf8\x47\xc8\x50\x8a\xff\x11\xcc\xff\xe9\xee\x7d\x9e\xd7\x7b\xe4\xcd\xfe\x23\x57\xbc\xea\x74\xc0\x3f\x42\x86\x52\xfc\x8f\x64\xfe\xcf\x84\xbe\xe1\xcc\x0a\x9a\xd2\xf3\xb2\x5c\xf1\x6a\xd0\x01\xff\x08\x19\x4a\xf1\x3f\x8a\xf9\x3f\xbb\x27\xe1\x93\x36\x0d\x0b\x87\x6e\x21\x57\xbc\x9a\x74\xc0\x3f\x42\x86\x52\xfc\x8f\x66\xfe\xcf\x6d\x48\x76\xb4\xc0\xce\x7a\x19\x42\xcb\x15\xaf\x16\x1d\xf0\x8f\x90\xa1\x14\xff\x63\x98\xff\xf3\x31\x1e\xa6\x38\xdb\x6c\x7c\xad\xad\x72\xc5\xf3\x3d\x13\x00\xfe\x11\x32\x94\xe2\x7f\x2c\xf3\x7f\xe1\xfa\xc1\x3a\x57\xfd\xa2\x6f\x9b\x2d\x57\xbc\x3a\x74\xc0\x3f\x42\x86\x52\xfc\x8f\x63\xfe\x2f\xb6\xf7\xdf\x99\xe2\xc6\xf1\x23\x19\xe5\x8a\x57\x97\x0e\xf8\x47\xc8\x50\x8a\xff\xf1\xcc\xff\xa5\xde\xf9\x66\x75\x39\x96\xb8\xe3\x71\xb9\xe2\xd5\xa3\x03\xfe\x11\x32\x94\xe2\x7f\x02\xf3\x7f\xf9\xc8\xcf\xbe\x83\xe3\x7c\x8a\xd3\x55\xae\x78\xf5\xe9\x80\x7f\x84\x0c\xa5\xf8\x9f\xc8\xfc\x5f\x59\xe8\x45\xcc\xdd\xbb\xf5\xe7\xfa\x72\xc5\x6b\x40\x07\xfc\x23\x64\x28\xc5\xff\x24\xe6\xff\x6a\xdc\xf3\xef\x4e\x2d\xdb\x33\xe4\xb9\x5c\xf1\x1a\xd2\x01\xff\x08\x19\x4a\xf1\x3f\x99\xf9\xbf\x16\xe9\xcb\xb9\xf9\x35\x1b\x97\x2e\x2d\x57\xbc\x46\x74\xc0\x3f\x42\x86\x52\xfc\x4f\x61\xfe\xaf\x6f\xcd\x9a\xae\xfd\x98\x2d\x05\x7f\xcb\x15\xaf\x31\x1d\xf0\x8f\x90\xa1\x14\xff\x53\x99\xff\x1b\x31\x3f\x04\x7f\x7b\x95\xfa\xd2\x25\xb9\xe2\x35\xa1\x03\xfe\x11\x32\x94\xe2\x7f\x1a\xf3\x7f\x73\x6d\xce\xe4\x7e\x39\x7f\x2d\x6d\x29\x57\xbc\xa6\x74\xc0\x3f\x42\x86\x52\xfc\x4f\x67\xfe\x43\x76\x46\xf4\xab\x94\x26\xbe\x3b\x5e\xae\x78\xcd\xe8\x80\x7f\x84\x0c\xa5\xf8\x9f\xc1\xfc\xdf\x0a\x73\xfa\xe9\x92\xaf\xe7\x06\xe4\x95\x2b\x5e\x73\x3a\xe0\x1f\x21\x43\x29\xfe\x67\x32\xff\xb7\x7b\xb4\xf6\x5a\x4c\xaf\x36\x25\x86\x5c\xf1\x7c\xdf\x09\x86\x7f\x84\x0c\xa5\xf8\x9f\xc5\xfc\xdf\x39\xb3\xe1\xd5\xb4\x32\xc3\x9f\x2c\x94\x2b\x9e\xef\x77\x02\xf0\x8f\x90\xa1\x14\xff\xb3\x99\xff\xbb\x37\xa6\x9d\x3a\xb4\x6e\xce\xa9\x60\xb9\xe2\xb5\xa2\x03\xfe\x11\x32\x94\xe2\x7f\x0e\xf3\x7f\xaf\x49\xd5\x54\x59\x3a\x97\xde\xdb\x45\xae\x78\xad\xe9\x80\x7f\x84\x0c\xa5\xf8\x9f\xcb\xfc\xdf\x6f\xbc\xb1\x6f\x86\xa8\x97\x2b\xd7\x93\x2b\x5e\x1b\x3a\xe0\x1f\x21\x43\x29\xfe\xe7\x31\xff\x0f\x6e\xf5\x98\x75\xe7\x6c\xe8\x94\x2f\xe4\x8a\xd7\x96\x0e\xf8\x47\xc8\x50\x8a\xff\xf9\xcc\xff\xc3\xf3\xe5\x76\x8e\xba\xf0\x74\xcc\xff\x58\xf1\xda\xd1\x01\xff\x08\x19\x4a\xf1\xbf\x80\xf9\x7f\xd4\x7d\x74\x9d\x3e\x11\xb2\xfd\xd9\x26\x57\xbc\xf6\x74\xc0\x3f\x42\x86\x52\xfc\x2f\x64\xfe\x1f\xe7\x0a\x49\x98\xab\xdd\xfa\x28\x73\xe4\x8a\xd7\x81\x0e\xf8\x47\xc8\x50\x8a\xff\x45\xcc\xff\x93\x21\xf1\x7f\x9f\xde\xd8\xaf\x45\x06\xb9\xe2\x75\xa4\x03\xfe\x11\x32\x94\xe2\x7f\x31\xf3\xff\x74\x7a\x8a\x3b\x0b\x56\xf4\xca\xb5\x54\xae\x78\x9d\xe8\x80\x7f\x84\x0c\xa5\xf8\x5f\xc2\xfc\x3f\x4b\x77\xbf\x60\xbb\xbe\xab\x2b\x44\x95\x2b\x5e\x67\x3a\xe0\x1f\x21\x43\x29\xfe\x97\x32\xff\xcf\xc7\x27\xb9\xf2\x35\x5e\xa6\x25\x05\xe5\x8a\xe7\xfb\x4c\x10\xfc\x23\x64\x28\xc5\xff\x32\xe6\xff\x45\xb6\xc7\x39\xc2\x05\x3f\xbc\x3a\x5a\xae\x78\xbe\x67\x02\xc3\x3f\x42\x86\x52\xfc\x2f\x67\xfe\x5f\xfe\x77\x37\x56\xe5\x90\x70\xbd\x9b\xca\x15\xaf\x1b\x1d\xf0\x8f\x90\xa1\x14\xff\x2b\x98\xff\x57\xb3\x63\x7f\x59\xec\x7f\x3d\xf2\x35\xb9\xe2\x75\xa7\x03\xfe\x11\x32\x94\xe2\x7f\x25\xf3\xff\xfa\xed\xee\xb8\x2d\x5b\x94\x7f\xf8\x5d\xae\x78\x3d\xe8\x80\x7f\x84\x0c\xa5\xf8\x5f\xc5\xfc\xbf\xa9\xd6\xef\xfb\xd4\xdd\x0b\xa6\x96\x97\x2b\x5e\x4f\x3a\xe0\x1f\x21\x43\x29\xfe\x57\x33\xff\x6f\x0b\x95\xb8\x79\xb0\xfe\x90\x3d\x69\xe4\x8a\xd7\x8b\x0e\xf8\x47\xc8\x50\x8a\xff\x35\xcc\xff\xbb\x9f\x83\xf2\x66\x1d\x5c\xe9\xec\x02\xb9\xe2\xf5\xa6\x03\xfe\x11\x32\x94\xe2\x7f\x2d\xf3\xff\x3e\xd7\xe2\x92\x69\x1f\x9c\xfa\x6f\x93\x5c\xf1\xfa\xd0\x01\xff\x08\x19\x4a\xf1\xbf\x8e\xf9\xff\x30\xa4\xd9\xb2\x1b\xf9\x63\xd7\xf0\x93\x2b\x5e\x5f\x3a\xe0\x1f\x21\x43\x29\xfe\xd7\x33\xff\x1f\xa7\x37\x18\x3a\xf6\xbf\x7f\x3f\xdf\xc8\x15\xaf\x1f\x1d\xf0\x8f\x90\xa1\x14\xff\x1b\x98\xff\x4f\xe9\x66\xb6\x18\xf8\x3b\xfd\xd8\x5a\x72\xc5\xeb\x4f\x07\xfc\x23\x64\x28\xc5\xff\x46\xe6\xff\x73\xc5\xb6\x51\x82\xe7\xee\x68\xdc\x43\xae\x78\x03\xe8\x80\x7f\x84\x0c\xa5\xf8\xdf\xc4\xfc\x7f\xf9\xb2\xee\x63\xb6\x42\xcd\x63\x1d\x91\x2b\xde\x40\x3a\xe0\x1f\x21\x43\x29\xfe\x37\x33\xff\x5f\x1f\xcc\xb8\xdc\xe8\xc9\xc2\x8a\x7d\xe4\x8a\x37\x88\x0e\xf8\x47\xc8\x50\x8a\xff\x2d\xcc\xff\xb7\xba\x95\x33\x4f\xc9\xdd\x25\xf7\x79\xb9\xe2\x0d\xa6\x03\xfe\x11\x32\x94\xe2\x7f\x2b\xf3\xff\xfd\xc7\x94\x10\xaf\xf6\xf3\x2b\x0f\xe4\x8a\x37\x84\x0e\xf8\x47\xc8\x50\x8a\xff\x6d\xcc\xff\x8f\xa2\xd5\x73\xfd\x1c\x96\x67\x71\x35\xb9\xe2\x05\xd1\x01\xff\x08\x19\x4a\xf1\xbf\x9d\xf9\xff\x59\xb3\x63\x9c\xf5\x33\xef\x44\xda\x27\x57\xbc\xa1\x74\xc0\x3f\x42\x86\x52\xfc\xef\x60\xfe\x7f\xbd\x59\xf5\xab\x7e\xb1\xc8\xbd\x5c\xb9\xe2\x0d\xa3\x03\xfe\x11\x32\x94\xe2\x7f\x27\xf3\xff\x7b\x56\xf8\xe8\x33\x93\x4d\x9b\x96\x42\xae\x78\xc3\xe9\x80\x7f\x84\x0c\xa5\xf8\xdf\xc5\xfc\xff\x49\x7a\xf6\x6b\xdb\xef\x25\x1f\x4d\x91\x2b\xde\x08\x3a\xe0\x1f\x21\x43\x29\xfe\x77\x33\xff\x7f\x73\x7e\xbb\x5e\x30\x51\x9d\x33\x9f\xe5\x8a\x37\x92\x0e\xf8\x47\xc8\x50\x8a\xff\x3d\xcc\xff\xbf\x71\x99\xb3\x9f\x39\x32\x72\x77\x61\xb9\xe2\x8d\xa2\x03\xfe\x11\x32\x94\xe2\x7f\xef\xff\xf5\xef\x85\x5a\x3b\xa7\xfe\xfa\x25\xd1\x6a\x76\x94\x2b\x9e\xef\x99\xe0\xf0\x8f\x90\xa1\x14\xff\xfb\x98\xff\xd0\x31\xeb\x1f\xa8\x3f\xf0\x60\xe2\x10\xb9\xe2\xf9\x5e\x0a\x0e\xff\x08\x19\x4a\xf1\xbf\x9f\xf9\x0f\x13\xa6\xe5\x7c\xaf\x49\xca\x71\x59\xe5\x8a\x37\x96\x0e\xf8\x47\xc8\x50\x8a\xff\x03\xcc\x7f\xd8\x9d\x8b\xfa\xfd\xdc\xff\xe5\xd7\x70\xb9\xe2\x8d\xa3\x03\xfe\x11\x32\x94\xe2\xff\x20\xf3\xef\xb7\x72\x47\xfd\x72\x77\x3b\xc6\x5c\x29\x57\xbc\xf1\x74\xc0\x3f\x42\x86\x52\xfc\x1f\x62\xfe\xc3\x45\xeb\x7c\xe0\x40\x98\x7d\x8d\x12\xc8\x15\x6f\x02\x1d\xf0\x8f\x90\xa1\x14\xff\x87\x99\x7f\x7f\xff\xb2\xf3\x5f\xc5\xd8\x55\x60\x86\x5c\xf1\x26\xd2\x01\xff\x08\x19\x4a\xf1\x7f\x84\xf9\x77\xf6\x8e\xeb\x17\xfb\x64\xdb\x52\x49\xe4\x8a\x37\x89\x0e\xf8\x47\xc8\x50\x8a\xff\xa3\xcc\xbf\x9b\xb0\xe2\x8c\x21\xab\x3e\x2c\x8b\x20\x57\xbc\xc9\x74\xc0\x3f\x42\x86\x52\xfc\x1f\x63\xfe\xbd\xa5\xa3\xba\x77\xee\x9e\xf4\xf2\x2e\xb9\xe2\xf9\xbe\x13\x00\xff\x08\x19\x4a\xf1\x7f\x9c\xf9\x0f\xd8\xb8\xa5\x5a\xf2\x56\x47\x07\x56\x92\x2b\xde\x54\x3a\xe0\x1f\x21\x43\x29\xfe\x83\x99\xff\xf0\x01\xdd\xb7\x5f\xdb\x1a\xd3\x7b\x22\x57\xbc\x69\x74\xc0\x3f\x42\x86\x52\xfc\x9f\x60\xfe\x23\x0c\xb8\x5e\x3b\xf0\xca\xd8\xc7\xa7\xe5\x8a\x37\x9d\x0e\xf8\x47\xc8\x50\x8a\xff\x93\xcc\x7f\xc4\xa3\x51\xf7\xdc\x77\x1b\x4c\x1e\x20\x57\x3c\xdf\xbf\x09\xc2\x3f\x42\x86\x52\xfc\x9f\x62\xfe\x23\x5d\x48\x3b\x7b\xeb\xbb\xa2\xfb\xe2\xc8\x15\x6f\x26\x1d\xf0\x8f\x90\xa1\x14\xff\xa7\x99\xff\xc8\x6d\xde\xf4\x2a\x99\x75\xd2\xe9\xb5\x72\xc5\x9b\x45\x07\xfc\x23\x64\x28\xc5\xff\x19\xe6\x3f\xca\xca\xf3\x7e\x0d\xab\x86\x4f\x31\x44\xae\x78\xb3\xe9\x80\x7f\x84\x0c\xa5\xf8\x3f\xcb\xfc\x47\x8d\xe6\x3d\x5d\x3b\xe1\x66\xa5\x9c\x72\xc5\x9b\x43\x07\xfc\x23\x64\x28\xc5\xff\x39\xe6\x3f\x9a\x7f\xd6\xe0\xef\x93\x0b\xfc\xbe\x2b\x57\xbc\xb9\x74\xc0\x3f\x42\x86\x52\xfc\x9f\x67\xfe\x03\xf7\x7e\x49\x1e\xbe\xc2\xeb\xd1\x6d\xe5\x8a\x37\x8f\x0e\xf8\x47\xc8\x50\x8a\xff\x0b\xcc\x7f\xf4\x7b\xfe\x55\xb7\x64\xe8\xd1\xb2\xb8\x5c\xf1\xe6\xd3\x01\xff\x08\x19\x4a\xf1\x7f\x91\xf9\x8f\xd1\xfc\xe0\xa6\x42\x1f\x97\x46\x7d\x2f\x57\xbc\x05\x74\xc0\x3f\x42\x86\x52\xfc\x5f\x62\xfe\x63\x76\xfe\x39\x31\x7a\xa8\x01\x21\x95\xe5\x8a\xb7\x90\x0e\xf8\x47\xc8\x50\x8a\xff\xcb\xcc\x7f\xac\xd3\xf9\xba\x3c\xbb\xbd\x76\xed\x63\xb9\xe2\x2d\xa2\x03\xfe\x11\x32\x94\xe2\xff\x0a\xf3\x1f\xbb\xf5\xdf\x59\xfd\xf7\xe6\x28\x7c\x4a\xae\x78\x8b\xe9\x80\x7f\x84\x0c\xa5\xf8\xbf\xca\xfc\xc7\xb9\x9c\xab\xef\xf8\x46\x8f\x73\x0e\x94\x2b\xde\x12\x3a\xe0\x1f\x21\x43\x29\xfe\xaf\x31\xff\x71\x83\xc3\xd4\x09\xe9\x1f\x76\xce\x74\xb9\xe2\x2d\xa5\x03\xfe\x11\x32\x94\xe2\xff\x3a\xf3\x1f\xaf\xff\xd1\x9d\xa9\x17\x5d\x7c\x93\x54\xae\x78\xcb\xe8\x80\x7f\x84\x0c\xa5\xf8\xbf\xc1\xfc\xc7\xf7\x5a\xd4\x7c\x7d\xa8\x6c\xa8\x88\x72\xc5\x5b\x4e\x07\xfc\x23\x64\x28\xc5\xff\x4d\xe6\x3f\xc1\x96\x85\xdb\x12\x25\x98\xd5\x63\xa7\x5c\xf1\x56\xd0\x01\xff\x08\x19\x4a\xf1\x1f\xc2\xfc\x27\x5c\x31\x7b\x6a\xd9\x9f\x43\x6b\xdf\x93\x2b\x9e\xef\x9d\x40\xf0\x8f\x90\xa1\x14\xff\xb7\x98\xff\x44\x09\xea\xf5\xd8\x99\xa2\x46\xc6\x36\x72\xc5\x5b\x45\x07\xfc\x23\x64\x28\xc5\xff\x6d\xe6\xff\xbf\x84\x07\x92\x2f\x2d\x71\xe6\x70\x31\xb9\xe2\xad\xa6\x03\xfe\x11\x32\x94\xe2\xff\x0e\xf3\x9f\x78\x69\xef\xe0\x9a\xb3\x13\x6e\xfd\x20\x57\xbc\x35\x74\xc0\x3f\x42\x86\x52\xfc\xdf\x65\xfe\x93\x6c\x2c\xfa\x34\xec\x88\x1f\xb1\x63\xcb\x15\xcf\xf7\x4c\x30\xf8\x47\xc8\x50\x8a\xff\x7b\xcc\x7f\xd2\x80\x61\x7e\xef\xeb\xa6\xed\xb0\x4e\xae\x78\xbe\x3f\x83\x7f\x84\x0c\xa5\xf8\xbf\xcf\xfc\x27\x2b\x79\xb5\xd0\xe6\xbc\x9b\x82\x82\xe4\x8a\xb7\x9e\x0e\xf8\x47\xc8\x50\x8a\xff\x07\xcc\x7f\xf2\x3f\x81\x8b\x0b\x3f\x6b\xfa\x25\x87\x5c\xf1\x36\xd0\x01\xff\x08\x19\x4a\xf1\xff\x90\xf9\x4f\xf1\x22\x75\x50\x8c\xf7\x2d\xd7\xec\x95\x2b\xde\x46\x3a\xe0\x1f\x21\x43\x29\xfe\x1f\x31\xff\x29\xab\xbe\x6b\xfc\x34\xdd\xb6\x3b\x9e\x5c\xf1\x36\xd1\x01\xff\x08\x19\x4a\xf1\xff\x98\xf9\x4f\xf5\x21\xfd\xe8\x7e\xe5\x32\x66\x4a\x29\x57\xbc\xcd\x74\xc0\x3f\x42\x86\x52\xfc\x3f\x61\xfe\x53\x97\x7d\xd5\x6a\xc2\xc4\x3f\x25\x26\xcb\x15\x6f\x0b\x1d\xf0\x8f\x90\xa1\x14\xff\x4f\x99\xff\x34\x0d\x2f\x96\xbe\x35\x2e\xee\xcb\xbe\x72\xc5\xdb\x4a\x07\xfc\x23\x64\x28\xc5\xff\x33\xe6\x3f\xed\x93\x58\x6b\x52\x55\x3e\x31\xf7\x9c\x5c\xf1\xb6\xd1\x01\xff\x08\x19\x4a\xf1\xff\x9c\xf9\x4f\x37\x69\x5b\xb1\x37\x99\xab\x74\xbe\x2f\x57\xbc\xed\x74\xc0\x3f\x42\x86\x52\xfc\xbf\x60\xfe\xd3\xa7\xed\xba\x3c\xe1\x9b\x41\x4e\x75\xb9\xe2\xed\xa0\x03\xfe\x11\x32\x94\xe2\xff\x25\xf3\x9f\xa1\x60\xe9\x11\x65\x02\xe6\xa5\xca\x22\x57\x3c\xdf\x33\x41\xe0\x1f\x21\x43\x29\xfe\x5f\x31\xff\x19\x87\x4d\x68\xbe\xeb\x5a\xc5\x06\x23\xe4\x8a\xb7\x8b\x0e\xf8\x47\xc8\x50\x8a\xff\xd7\xcc\x7f\xa6\x92\xeb\xe2\x2c\xda\x7e\x75\xcb\x2a\xb9\xe2\xed\xa6\x03\xfe\x11\x32\x94\xe2\xff\x0d\xf3\x9f\xf9\x4f\xdb\x5f\x55\xda\x38\xc7\xe2\xcb\x15\x6f\x0f\x1d\xf0\x8f\x90\xa1\x14\xff\x6f\x99\xff\x2c\x2f\x2a\x87\xf8\xf7\xbc\xdf\xfa\x8b\x5c\xf1\x7c\xdf\x09\x80\x7f\x84\x0c\xa5\xf8\x7f\xc7\xfc\x67\xad\x3a\x23\xd7\x97\x35\x59\x12\x15\x92\x2b\xde\x3e\x3a\xe0\x1f\x21\x43\x29\xfe\xdf\x33\xff\xd9\x32\x35\xab\x50\xfe\xf4\xca\x8f\x1d\xe4\x8a\xb7\x9f\x0e\xf8\x47\xc8\x50\x8a\xff\x0f\xcc\x7f\xf6\xd1\x8b\xd7\xee\x8f\xd5\x67\xe8\x2d\xb9\xe2\x1d\xa0\x03\xfe\x11\x32\x94\xe2\xff\x23\xf3\x9f\x63\xfe\xcc\x71\x2f\xd3\x7e\x08\xbc\x23\x57\xbc\x83\x74\xc0\x3f\x42\x86\x52\xfc\x7f\x62\xfe\x73\x26\x6b\xd0\x31\xce\xb7\xa4\xcd\x5b\xc9\x15\xef\x10\x1d\xf0\x8f\x90\xa1\x14\xff\x9f\x99\xff\x5c\xc3\xe7\x0e\x0d\x9a\xb1\x6b\x64\x09\xb9\xe2\x1d\xa6\x03\xfe\x11\x32\x94\xe2\xff\x0b\xf3\x9f\x3b\x5f\x9d\x16\x9d\xca\xb6\xfd\xfb\x49\xae\x78\x47\xe8\x80\x7f\x84\x0c\xa5\xf8\xff\xca\xfc\xe7\x49\xd5\xa8\x64\xb2\x1a\x63\xab\xc4\x95\x2b\xde\x51\x3a\xe0\x1f\x21\x43\x29\xfe\xbf\x31\xff\x79\x27\x2f\x5f\x76\x7d\x74\x83\x64\x1b\xe4\x8a\x77\x8c\x0e\xf8\x47\xc8\x50\x8a\xff\xef\xcc\x7f\xbe\xa7\x7e\x65\xa2\xbd\x3c\x7a\x72\xb0\x5c\xf1\x8e\xd3\x01\xff\x08\x19\x4a\xf1\xff\x83\xf9\xcf\x5f\xef\xf0\xca\x07\x39\x62\x1e\xc8\x26\x57\xbc\x60\x3a\xe0\x1f\x21\x43\x29\xfe\x7f\x32\xff\x05\x4a\x7d\x1f\xb5\xed\x62\xf8\x89\x55\xe5\x8a\x77\x82\x0e\xf8\x47\xc8\x50\x8a\xff\x5f\xcc\x7f\xc1\x8f\x05\xda\x96\x88\x78\xf3\xe9\x53\xb9\xe2\x9d\xa4\x03\xfe\x11\x32\x94\xe2\xff\x37\xf3\x5f\x68\x55\x86\x46\x81\xed\x8b\x86\x3f\x21\x57\xbc\x53\x74\xc0\x3f\x42\x86\x52\xfc\xff\x61\xfe\x0b\x07\x3e\x1f\x72\x7f\xd3\xa4\xfe\xfd\xe5\x8a\x77\x9a\x0e\xf8\x47\xc8\x50\x8a\xff\xbf\xcc\x7f\x11\xe7\xd2\x92\xad\x6b\x7b\x5c\x9c\x2a\x57\xbc\x33\x74\xc0\x3f\x42\x86\x52\xfc\xff\x63\xfe\x8b\xee\x8b\x5e\xb8\x64\xa7\xa5\x2b\x12\xcb\x15\xef\x2c\x1d\xf0\x8f\x90\xa1\xfe\xdf\xfe\xfd\x42\x31\xff\xc5\xbe\x2e\x5c\xd4\x3f\x4a\x81\x32\x91\xe5\x8a\xe7\x7b\x27\x08\xfc\x23\x64\x28\xc5\x7f\x68\xe6\xbf\x78\xb9\x16\x45\xc7\x9f\x79\x9d\x6f\xb7\x5c\xf1\xce\xd3\x01\xff\x08\x19\x4a\xf1\x1f\x86\xf9\x2f\x51\xab\x5e\x93\x90\x5b\xcf\x9b\x64\x92\x2b\xde\x05\x3a\xe0\x1f\x21\x43\x29\xfe\xc3\x32\xff\x25\x1f\xce\x1e\x94\xda\xc9\x13\x7d\x98\x5c\xf1\x2e\xd2\x01\xff\x08\x19\x4a\xf1\xef\xc7\xfc\x97\x2a\x54\xab\xed\x96\x96\x0b\x7f\xac\x91\x2b\xde\x25\x3a\xe0\x1f\x21\x43\x29\xfe\xc3\x31\xff\xa5\x7f\xce\x1f\x55\x68\x4f\x97\x09\x09\xe5\x8a\x77\x99\x0e\xf8\x47\xc8\x50\x8a\x7f\x7f\xe6\xbf\xcc\xdb\xa5\x2b\xa3\x2f\x9f\x96\xf4\x9b\x5c\xf1\xae\xd0\x01\xff\x08\x19\x4a\xf1\xef\x30\xff\x65\xab\x35\x29\xf3\xac\x4f\xc9\xea\x45\xe4\x8a\x77\x95\x0e\xf8\x47\xc8\x50\x8a\x7f\x97\xf9\x2f\xf7\xdf\xc1\x65\x49\xe2\xde\xd9\xd9\x4e\xae\x78\xd7\xe8\x80\x7f\x84\x0c\xa5\xf8\xf7\x98\xff\xf2\xb3\xfd\x4b\x5e\x3c\x1e\xf9\xdc\x4d\xb9\xe2\x5d\xa7\x03\xfe\x11\x32\x94\xe2\x3f\x80\xf9\xaf\x30\x3e\x5f\x8b\x61\x89\xa3\x3d\xd8\x2f\x57\xbc\x1b\x74\xc0\x3f\x42\x86\x52\xfc\x87\x67\xfe\x2b\x66\xfb\x39\xb4\xc7\x9f\x83\x33\xc2\xcb\x15\xcf\xf7\xff\x09\xe0\x1f\x21\x43\x29\xfe\x23\x30\xff\x95\xbe\xde\xf8\xde\x61\x5e\x9d\x3e\xc9\xe5\x8a\x17\x42\x07\xfc\x23\x64\x28\xc5\x7f\x44\xe6\xbf\x72\xb9\x84\x71\xe7\x15\x1e\x19\x61\xa2\x5c\xf1\x7c\xef\x04\x84\x7f\x84\x0c\xa5\xf8\x8f\xc4\xfc\x57\xa9\x95\x2c\xef\xc9\x7a\x1d\x17\xf6\x96\x2b\xde\x6d\x3a\xe0\x1f\x21\x43\x29\xfe\x23\x33\xff\x55\x1f\x3e\xbc\x99\x67\xd0\xbe\x6b\x67\xe4\x8a\xe7\x7b\x27\x28\xfc\x23\x64\x28\xc5\x7f\x14\xe6\xbf\xda\xe0\xa8\x1b\x86\xdc\x4f\x99\xf7\xa1\x5c\xf1\xee\xd2\x01\xff\x08\x19\x4a\xf1\x1f\x95\xf9\xaf\x9e\xf7\x7a\xf9\xce\xf9\xbe\x94\xaf\x29\x57\xbc\x7b\x74\xc0\x3f\x42\x86\x52\xfc\x47\x63\xfe\x6b\x64\x7c\xd3\x2e\xf9\xb9\x8c\xc3\xbf\xca\x15\xef\x3e\x1d\xf0\x8f\x90\xa1\x14\xff\x81\xcc\x7f\xcd\x69\x69\xc7\x5f\x8b\xf6\xe7\x7d\x51\xb9\xe2\x3d\xa0\x03\xfe\x11\x32\x94\xe2\x3f\x3a\xf3\x5f\x2b\xe7\x8b\xe6\xe5\xba\xb4\x4c\xd0\x5e\xae\x78\xbe\xdf\x09\xc0\x3f\x42\x86\x52\xfc\xc7\x60\xfe\x6b\x8f\xcb\x38\xe2\xc0\xfa\x6d\x6d\x6f\xc8\x15\xef\x11\x1d\xf0\x8f\x90\xa1\x14\xff\x31\x99\xff\x3a\xb3\x62\x2c\x7f\xb5\xa5\x4a\x70\x66\xb9\xe2\x3d\xa6\x03\xfe\x11\x32\x94\xe2\x3f\x16\xf3\x5f\x37\xe9\xe5\x62\xb1\x3b\x0e\xda\x34\x54\xae\x78\x4f\xe8\x80\x7f\x84\x0c\xa5\xf8\x8f\xcd\xfc\xd7\xab\xd9\x79\xcd\x9d\xc8\x71\xeb\xad\x96\x2b\x9e\xef\x9d\xa0\xf0\x8f\x90\xa1\x14\xff\x71\x98\xff\xfa\x6f\x76\x94\xce\x70\xf9\x44\x9a\x44\x72\xc5\x7b\x46\x07\xfc\x23\x64\x28\xc5\x7f\x5c\xe6\xbf\xc1\x8f\x71\xad\xfa\x64\xbb\x1a\xae\x97\x5c\xf1\x9e\xd3\x01\xff\x08\x19\xea\xff\xef\x3f\x1c\xfb\x93\xff\x8f\xff\x78\xcc\x7f\xc3\xa2\x65\x47\x8f\x7a\xee\x74\x3d\x2b\x57\xbc\x17\x74\xc0\x3f\x42\x86\x52\xfe\xf7\x3f\x3e\xf3\xdf\xa8\xd0\xca\x9b\xd3\x46\xce\x9b\xff\x48\xae\x78\x2f\xe9\x80\x7f\x84\x0c\xa5\xf8\x4f\xc0\xfc\x37\xfe\xd9\x21\x6f\x8b\x6a\x15\x9f\xd7\x90\x2b\xde\x2b\x3a\xe0\x1f\x21\x43\x29\xfe\x13\x32\xff\x4d\xde\x56\x8b\x9b\xa5\xf4\xca\x62\x07\xe4\x8a\xf7\x9a\x0e\xf8\x47\xc8\x50\x8a\xff\x44\xcc\x7f\xd3\x6a\x93\xbf\x1f\x9a\xd6\x27\x4b\x80\x5c\xf1\xde\xd0\x01\xff\x08\x19\x4a\xf1\xff\x1f\xf3\xdf\x2c\xce\xe1\xbd\x41\x5f\xee\xdf\x4b\x26\x57\xbc\xb7\x74\xc0\x3f\x42\x86\x52\xfc\x27\x66\xfe\x9b\x2f\xf1\x6b\xd0\x29\x75\x96\x55\x93\xe4\x8a\xf7\x8e\x0e\xf8\x47\xc8\x50\x8a\xff\x24\xcc\x7f\x8b\x1d\x05\x06\x26\x2b\x90\xe3\x5b\x3c\xb9\xe2\xbd\xa7\x03\xfe\x11\x32\x94\xe2\x3f\x29\xf3\xdf\x32\xe2\xf7\x79\xd7\x1f\x3e\x1e\xbc\x5e\xae\x78\x1f\xe8\x80\x7f\x84\x0c\xa5\xf8\x4f\xc6\xfc\xb7\xda\x90\xa7\x47\xf9\x21\x03\xda\x0d\x92\x2b\xde\x47\x3a\xe0\x1f\x21\x43\x29\xfe\x93\x33\xff\xad\x63\xfc\x9e\xba\xbf\xc1\xda\xb8\xd9\xe5\x8a\xf7\x89\x0e\xf8\x47\xc8\x50\x8a\xff\x14\xcc\x7f\x9b\xd0\xc7\xb7\xbd\x2c\x5a\x76\xfb\x6d\xb9\xe2\x7d\xa6\x03\xfe\x11\x32\x94\xe2\x3f\x25\xf3\xdf\x76\x4f\xa8\x9a\x71\x16\xcc\x3a\xd8\x5a\xae\x78\x5f\xe8\x80\x7f\x84\x0c\xa5\xf8\x4f\xc5\xfc\xb7\x3b\xbf\x78\xe7\xed\x7f\x61\xd3\xff\x0f\xe3\x9e\xef\x99\xc0\xf0\x8f\x90\xa1\x14\xff\xa9\x99\xff\xf6\xdd\x9b\xd5\xc9\x98\xf4\x62\xdd\x8f\x72\xc5\xfb\x46\x07\xfc\x23\x64\x28\xc5\x7f\x1a\xe6\xbf\x43\xe3\x06\x7d\xfb\x1e\x3d\xd3\x6d\x9a\x5c\xf1\xbe\xd3\x01\xff\x08\x19\x4a\xf1\x9f\x96\xf9\xef\x78\x6b\xe6\xac\x91\xb1\x13\x86\xf9\x4f\xae\x78\x3f\xe8\x80\x7f\x84\x0c\xa5\xf8\x4f\xc7\xfc\x77\x8a\xb3\xfb\xc9\xc4\x5e\x43\xdf\x45\x92\x2b\xde\x4f\x3a\xe0\x1f\x21\x43\x29\xfe\xd3\x33\xff\x9d\x97\xf4\x73\x9a\x2e\xad\x31\x6b\x8f\x5c\xf1\x7e\xd1\x01\xff\x08\x19\x4a\xf1\x9f\x81\xf9\xef\xb2\xa3\x44\x8a\x9c\xbb\x36\x65\xaf\x22\x57\xbc\xdf\x74\xc0\x3f\x42\x86\x52\xfc\x67\x64\xfe\xbb\x46\x1c\x74\xf4\x68\xf3\xa6\x45\x9f\xc9\x15\xef\x0f\x1d\xf0\x8f\x90\xa1\x14\xff\x99\x98\xff\x6e\x1d\xba\x6e\xee\x17\xee\xc7\xfa\x93\x72\xc5\xfb\x4b\x07\xfc\x23\x64\x28\xc5\x7f\x66\xe6\xbf\xfb\x95\x6d\x95\x26\xdc\x4c\x7b\xa3\x9f\x5c\xf1\xfe\xd1\x01\xff\x08\x19\x4a\xf1\x9f\x85\xf9\xef\x71\x70\x42\xe7\x5b\xef\xcb\xa6\xbd\x28\x57\xfe\xcf\x23\xc1\xe0\x1f\x21\x43\x29\xfe\xb3\x32\xff\x3d\xfb\x94\x9e\x92\x2a\xdd\xac\xfa\xcd\xe4\x4a\x00\xfd\x1d\xf8\x47\xc8\x52\x8a\xff\x6c\xcc\x7f\xaf\x1b\x63\x7a\x6d\x2e\x17\x76\x63\x19\xb9\x12\x10\x86\x0e\xf8\x47\xc8\x50\x8a\xff\xec\xcc\x7f\xef\x26\xe5\x67\x17\x9e\x78\xf1\xf8\x3f\xb9\x12\x10\x96\x0e\xf8\x47\xc8\x50\x8a\xff\x1c\xcc\x7f\x9f\x1e\x3d\xf7\xc4\x18\x97\xa3\x4d\x4c\xb9\x12\xe0\x47\x07\xfc\x23\x64\x28\xc5\x7f\x4e\xe6\xbf\xef\x99\x4d\xb5\x9f\x56\x7e\x1c\x7f\x89\x5c\x09\xf0\xbd\x40\x10\xfe\x11\x32\x94\xe2\x3f\x17\xf3\xdf\x6f\x67\xe0\xf6\xa4\x99\x07\x7c\x18\x27\x57\x02\xfc\xe9\x80\x7f\x84\x0c\xa5\xf8\xcf\xcd\xfc\xf7\x0f\x73\xb5\xda\x85\x37\x6b\x47\xe4\x92\x2b\x01\x0e\x1d\xf0\x8f\x90\xa1\x14\xff\x79\x98\xff\x01\x31\xdf\x75\x1f\x1a\xb0\x69\x65\x43\xb9\x12\xe0\xfb\x79\xf8\x47\xc8\x50\x8a\xff\xbc\xcc\xff\xc0\xb5\xa9\x67\xf4\xbc\xd6\xf4\xee\x4b\xb9\x12\xe0\xd1\x01\xff\x08\x19\x4a\xf1\x9f\x8f\xf9\x1f\x54\xe2\x5e\xba\x8d\xdb\x7f\x64\x3d\x2a\x57\x02\x7c\x1f\x00\x84\x7f\x84\x0c\xa5\xf8\xcf\xcf\xfc\x0f\xfe\x1d\xe7\x5c\xd1\x36\x69\x8b\x77\x96\x2b\x01\xe1\xe9\x80\x7f\x84\x0c\xa5\xf8\x2f\xc0\xfc\x0f\x79\x9e\xf4\x5d\xac\x9e\x67\x5e\xcc\x94\x2b\x01\x11\xe8\x80\x7f\x84\x0c\xa5\xf8\x2f\xc8\xfc\x07\x55\x79\x12\xf1\xf1\x9a\x84\x0b\xd2\xcb\x95\x80\x88\x74\xc0\x3f\x42\x86\x52\xfc\x17\x62\xfe\x87\x16\xf9\x94\xae\xca\xe9\xa1\x5d\xc2\xca\x95\x00\xdf\x33\x01\xe1\x1f\x21\x43\x29\xfe\x0b\x33\xff\xc3\xbe\x67\x3f\xb7\x28\x56\x0d\xbf\xed\x72\x25\x20\x32\x1d\xf0\x8f\x90\xa1\x14\xff\x45\x98\xff\xe1\xaf\x23\xbf\xfb\x12\xaa\x4a\x9d\x7c\x72\x25\x20\x0a\x1d\xf0\x8f\x90\xa1\x14\xff\x45\x99\xff\x11\x35\x4e\x46\xf4\xbf\x3d\x28\xdd\x28\xb9\x12\x10\x95\x0e\xf8\x47\xc8\x50\x8a\xff\x62\xcc\xff\xc8\xcf\xe1\x9f\xce\xdd\x1b\xf7\xd0\x0a\xb9\x12\x10\x8d\x0e\xf8\x47\xc8\x50\x8a\xff\xe2\xcc\xff\xa8\x0a\x67\xfd\x3a\x36\x3a\xb1\x23\x9a\x5c\x09\x08\xa4\x03\xfe\x11\x32\x94\xe2\xbf\x04\xf3\x3f\xba\xce\xb7\xe4\x79\xfb\x67\x8c\xf7\x4b\xae\x04\x44\xa7\x03\xfe\x11\x32\x94\xe2\xbf\x24\xf3\x3f\xe6\x7e\xe6\xe0\x13\x8b\xfe\xb4\xaf\x20\x57\x02\x62\xd0\x01\xff\x08\x19\x4a\xf1\x5f\x8a\xf9\x1f\x3b\x75\x4a\xaa\x88\x87\x5a\x0e\x6a\x24\x57\x02\x7c\xcf\x04\x82\x7f\x84\x0c\xa5\xf8\x2f\xcd\xfc\x8f\xcb\x50\xfd\xd4\xdf\x04\xdb\xbe\x5e\x95\x2b\x01\xb1\xe8\x80\x7f\x84\x0c\xa5\xf8\x2f\xc3\xfc\x8f\xcf\xd3\xf1\xd5\xea\x9f\x2b\x6f\x6e\x96\x2b\x01\xb1\xe9\x80\x7f\x84\x0c\xa5\xf8\x2f\xcb\xfc\x4f\x18\xb4\xca\xab\x9d\xa2\xcf\x06\x47\xae\x04\xc4\xa1\x03\xfe\x11\x32\x94\xe2\xbf\x1c\xf3\x3f\xb1\xc8\x98\xee\x85\x4b\xdc\x2f\x92\x5a\xae\x04\xc4\xa5\x03\xfe\x11\x32\x94\xe2\xbf\x3c\xf3\x3f\xe9\x7b\xf9\x19\x9b\x67\x67\xc9\x36\x57\xae\x04\xc4\xa3\x03\xfe\x11\x32\x94\xe2\xbf\x02\xf3\x3f\xf9\x75\xcf\xed\x4f\x47\x5c\x9d\xd9\x5d\xae\x04\xc4\xa7\x03\xfe\x11\x32\x94\xe2\xbf\x22\xf3\x3f\xa5\xc6\xa6\x6a\x31\xea\x3a\x6f\x0f\xca\x95\x80\x04\x74\xc0\x3f\x42\x86\x52\xfc\x57\x62\xfe\xa7\x66\x2f\x92\x64\x5d\xde\x79\x61\xdf\xca\x95\x80\x84\x74\xc0\x3f\x42\x86\x52\xfc\x57\x66\xfe\xa7\x4d\x18\x7a\xb0\xc1\xb3\x8a\xdd\xeb\xca\x95\x80\x44\x74\xc0\x3f\x42\x86\x52\xfc\x57\x61\xfe\xa7\xcf\xd9\xff\x20\x20\xc6\xb4\xfd\x3f\xe5\x4a\x80\xef\x67\xe0\x1f\x21\x43\x29\xfe\xab\x32\xff\x33\x12\xf7\x0a\xfb\xe3\x64\xc9\x13\x15\xe5\x4a\x40\x62\x3a\xe0\x1f\x21\x43\x29\xfe\xab\x31\xff\x33\x83\x76\x3f\x6f\xba\xea\x4e\xf2\xc6\x72\x25\x20\x09\x1d\xf0\x8f\x90\xa1\x14\xff\xd5\x99\xff\x59\xb9\xfb\x05\x4c\xec\x1e\xb9\xea\x15\xb9\x12\x90\x94\x0e\xf8\x47\xc8\x50\x8a\xff\x1a\xcc\xff\xec\xf4\x25\xd2\x1e\x6d\xf5\xfc\x5f\x7e\xb9\x12\x90\x8c\x0e\xf8\x47\xc8\x50\x8a\xff\x9a\xcc\xff\x9c\x19\x83\x4e\xe6\xdc\x9a\x67\xd4\x48\xb9\x12\x90\x9c\x0e\xf8\x47\xc8\x50\x8a\xff\x5a\xcc\xff\xdc\x47\x49\x52\x7c\xbc\xb2\xb0\xd9\x72\xb9\x12\x90\x82\x0e\xf8\x47\xc8\x50\x8a\xff\xda\xcc\xff\xbc\xda\x8f\x8f\x86\x76\xbb\x44\x0b\x94\x2b\x01\x29\xe9\x80\x7f\x84\x0c\xa5\xf8\xaf\xc3\xfc\xcf\x2f\x7f\xf7\x49\xf5\x77\x1d\xf3\x77\x93\x2b\x01\xa9\xe8\x80\x7f\x84\x0c\xa5\xf8\xaf\xcb\xfc\x2f\xf8\x16\xdb\x59\x9e\x75\x5f\xd9\x43\x72\x25\xc0\xf7\x9d\x60\xf8\x47\xc8\x50\x8a\xff\x7a\xcc\xff\xc2\xcf\xbf\xaa\xed\xae\x9a\x72\xf9\x3b\xb9\x12\x90\x86\x0e\xf8\x47\xc8\x50\x8a\xff\xfa\xcc\xff\xa2\x0a\xf9\xb7\x97\x9e\xf0\xe5\x42\x1d\xb9\x12\x90\x96\x0e\xf8\x47\xc8\x50\x8a\xff\x06\xcc\xff\xe2\x3a\xce\x8c\x04\x93\xa3\xf5\xdb\x22\x57\x02\xd2\xd1\x01\xff\x08\x19\x4a\xf1\xdf\x90\xf9\x5f\x72\xff\x50\xf7\xb7\xff\x3f\xf6\xee\x29\x48\xaf\x86\xd9\xff\x7e\x8c\xb5\xd6\x15\xdb\xb6\x6d\xdb\xb6\x6d\xdb\xb6\x6d\xdb\x76\x32\xb1\xed\x4c\xac\x89\x6d\xbf\xf5\xd6\xbf\xaf\xbd\xbb\xaa\xef\xda\x7d\xdc\x55\xbf\xef\x51\x57\xea\x9e\xdf\xd9\xe7\x79\x32\x93\x6b\xd6\xaa\x70\xd0\x09\x23\x57\x9c\xf4\x74\xc0\x3f\x42\x86\x52\xfc\x37\x62\xfe\x97\xad\x9f\x9c\x79\x5d\x86\x3a\xcf\x52\xc9\x15\x27\x03\x1d\xf0\x8f\x90\xa1\x14\xff\x8d\x99\xff\xe5\x31\x6b\x5e\x69\xf8\x71\xd4\xe4\xf9\x72\xc5\xc9\x48\x07\xfc\x23\x64\x28\xc5\x7f\x13\xe6\x7f\x45\xc8\xf6\x1f\xdd\xa7\xe3\x2e\xc4\x94\x2b\x4e\x26\x3a\xe0\x1f\x21\x43\x29\xfe\x9b\x32\xff\x2b\x77\xaf\x8d\xf4\x3d\x77\x83\xdd\x4b\xe4\x8a\x93\x99\x0e\xf8\x47\xc8\x50\x8a\xff\x66\xcc\xff\xaa\xb8\xad\x7f\x35\xa9\x7d\xb4\xda\x38\xb9\xe2\x64\xa1\x03\xfe\x11\x32\x94\xe2\xbf\x39\xf3\xbf\x7a\xf1\xc6\xd8\x93\x87\xc7\x48\x92\x5b\xae\x38\x59\xe9\x80\x7f\x84\x0c\xa5\xf8\x6f\xc1\xfc\xaf\xd9\x3e\x3d\xd7\xb1\x59\x1f\x26\x5c\x94\x2b\x4e\x36\x3a\xe0\x1f\x21\x43\x29\xfe\x5b\x32\xff\x6b\x23\x56\x0d\xcc\x51\x2c\xe9\xf7\xe6\x72\xc5\xc9\x4e\x07\xfc\x23\x64\x28\xc5\x7f\x2b\xe6\x7f\x5d\xdf\x0f\xd9\x3f\x25\xdb\x1d\xbd\xac\x5c\x71\x72\xd0\x01\xff\x08\x19\x4a\xf1\xdf\x9a\xf9\x5f\x7f\x28\xe7\x8d\x60\xdf\xdb\x36\xfd\x2b\x57\x9c\x9c\x74\xc0\x3f\x42\x86\x52\xfc\xb7\x61\xfe\x37\x5c\xf3\x7d\xad\x96\xb0\x47\xb9\xd9\x72\xc5\xc9\x45\x07\xfc\x23\x64\x28\xc5\x7f\x5b\xe6\x7f\x63\xc7\x33\xd1\x56\x1e\x59\x96\x27\x9d\x5c\x71\xfc\xff\x26\x00\xff\x08\x19\x4a\xf1\xdf\x8e\xf9\xdf\xb4\xfe\x45\xab\x80\xa5\x05\x6e\x84\x90\x2b\x4e\x1e\x3a\xe0\x1f\x21\x43\x29\xfe\xdb\x33\xff\x9b\x63\x66\x1c\x53\x6e\xe0\xeb\xc5\x3b\xe5\x8a\x93\x97\x0e\xf8\x47\xc8\x50\x8a\xff\x0e\xcc\xff\x96\x90\xd1\xd7\xc6\x6a\xe2\xfa\x1a\xc8\x15\x27\x1f\x1d\xf0\x8f\x90\xa1\x14\xff\x1d\x99\xff\xad\xbb\xaf\x94\x7e\x75\xe0\x56\xdf\x57\x72\xc5\xf1\xbf\x13\x04\xfe\x11\x32\x94\xe2\xbf\x13\xf3\xbf\x2d\x30\x51\xc1\xaa\xf7\x8a\xce\x38\x26\x57\x9c\x02\x74\xc0\x3f\x42\x86\x52\xfc\x77\x66\xfe\xb7\x37\x0a\xba\xbb\x28\xc4\xe4\x07\x9d\xe4\x8a\x53\x90\x0e\xf8\x47\xc8\x50\x8a\xff\x2e\xcc\xff\x8e\x6e\x77\x7e\x7f\x2e\x10\xa7\x67\x0f\xb9\xe2\x14\xa2\x03\xfe\x11\x32\x94\xe2\xbf\x2b\xf3\xbf\xf3\x7c\x9c\x04\x61\x1f\x9d\x0c\x7e\x44\xae\x38\x85\xe9\x80\x7f\x84\x0c\xa5\xf8\xef\xc6\xfc\xef\x6a\x77\xf3\xcb\xfc\x21\x55\x5e\xbf\x91\x2b\x4e\x11\x3a\xe0\x1f\x21\x43\x29\xfe\xbb\x33\xff\xbb\xaf\x27\x88\xd9\xa1\xc1\xa0\x39\xb5\xe4\x8a\x53\x94\x0e\xf8\x47\xc8\x50\x8a\xff\x1e\xcc\xff\x9e\xc3\xc9\x72\xe4\x29\xda\x32\xc7\x66\xb9\xe2\x14\xa3\x03\xfe\x11\x32\x94\xe2\xbf\x27\xf3\xbf\xb7\xd7\xa3\xab\xa7\x16\x6e\x2f\x14\x4a\xae\x38\xc5\xe9\x80\x7f\x84\x0c\xa5\xf8\xef\xc5\xfc\xef\xf3\x0a\xe5\xf5\xfe\x65\x5c\x9f\x46\xae\x38\x25\xe8\x80\x7f\x84\x0c\xa5\xf8\xef\xcd\xfc\xef\xdf\x31\xe2\xd6\xbf\xa4\x7f\x6e\x2f\x94\x2b\x8e\xdf\x3d\xfc\x23\x64\x28\xc5\x7f\x1f\xe6\xff\xc0\x92\x7d\xdf\xd7\x1e\x7d\xf0\xf9\xbb\x5c\x71\x4a\xd1\x01\xff\x08\x19\x4a\xf1\xdf\x97\xf9\x0f\x88\xd5\x27\x4e\xad\x58\x59\x86\x94\x97\x2b\x4e\x69\x3a\xe0\x1f\x21\x43\x29\xfe\xfb\x31\xff\x07\x8b\xb6\x89\xec\xeb\xb5\xaa\x63\x53\xb9\xe2\x94\xa1\x03\xfe\x11\x32\x94\xe2\xbf\x3f\xf3\x7f\xe8\xc7\xba\x4f\x7f\x97\xf5\x89\x7d\x5d\xae\x38\xfe\x67\x82\xc2\x3f\x42\x86\x52\xfc\x0f\x60\xfe\x0f\xbf\x99\x71\x79\xcd\xee\xf9\xdb\x0b\xca\x15\xa7\x1c\x1d\xf0\x8f\x90\xa1\x14\xff\x03\x99\xff\x23\x35\x2b\x65\xaa\xdd\xbc\xe2\x91\x31\x72\xc5\xf1\xff\x4c\x00\xfe\x11\x32\x94\xe2\x7f\x10\xf3\x7f\xf4\xcf\xe9\xc0\xb0\xa1\xaf\x65\x58\x26\x57\x9c\x0a\x74\xc0\x3f\x42\x86\x52\xfc\x0f\x66\xfe\x8f\x95\xf4\x72\x7d\xbe\x15\xb6\x56\x64\xb9\xe2\x54\xa4\x03\xfe\x11\x32\x94\xe2\x7f\x08\xf3\x7f\xbc\x6a\x8e\xd8\x8b\xce\x87\x0c\x33\x57\xae\x38\x95\xe8\x80\x7f\x84\x0c\xa5\xf8\x1f\xca\xfc\x9f\x78\xf1\xfe\x57\xd5\x28\x97\x3a\x65\x90\x2b\x4e\x65\x3a\xe0\x1f\x21\x43\x29\xfe\x87\x31\xff\x27\xcb\x66\x89\x74\xaa\x4b\xd9\xf9\xff\xb1\xe2\x54\xa1\x03\xfe\x11\x32\x94\xe2\x7f\x38\xf3\x7f\xea\xc3\xe7\x8f\x79\x36\xcc\x7e\xb5\x5d\xae\x38\x55\xe9\x80\x7f\x84\x0c\xa5\xf8\x1f\xc1\xfc\x9f\x7e\x7a\xfe\x4a\x87\xad\x03\x4a\xd6\x93\x2b\x4e\x35\x3a\xe0\x1f\x21\x43\x29\xfe\x47\x32\xff\x67\x1a\x86\xcb\x3c\xbf\xe3\xba\xcc\x2f\xe4\x8a\x53\x9d\x0e\xf8\x47\xc8\x50\x8a\xff\x51\xcc\xff\xd9\xb4\x6b\xee\xd5\x8a\x98\xe3\xce\x09\xb9\xe2\xd4\xa0\x03\xfe\x11\x32\x94\xe2\x7f\x34\xf3\x7f\x6e\x72\xbb\x7c\x6b\xaf\x3c\x59\xd3\x45\xae\x38\x35\xe9\x80\x7f\x84\x0c\xa5\xf8\x1f\xc3\xfc\x9f\x1f\x5e\x23\xfe\xbf\x6c\x3f\x86\x47\x97\x2b\x8e\xff\x99\xa0\xf0\x8f\x90\xa1\x14\xff\x63\x99\xff\x0b\x05\x27\xfd\xf3\x9e\xa7\xfd\xb4\x48\xae\x38\xb5\xe9\x80\x7f\x84\x0c\xa5\xf8\x1f\xc7\xfc\x5f\xfc\xb3\x65\x68\xb4\x51\x9b\x13\x4c\x90\x2b\x4e\x1d\x3a\xe0\x1f\x21\x43\x29\xfe\xc7\x33\xff\x97\x4a\x76\x6b\xfc\xac\x5a\xd3\x56\x79\xe5\x8a\x53\x97\x0e\xf8\x47\xc8\x50\x8a\xff\x09\xcc\xff\xe5\xaa\x15\x0a\x6d\x2d\x3d\xec\xe8\x65\xb9\xe2\xf8\x3f\x13\x00\xff\x08\x19\x4a\xf1\x3f\x91\xf9\xbf\xf2\x62\xd4\x92\x42\xd3\x6b\x6c\x69\x29\x57\x9c\xfa\x74\xc0\x3f\x42\x86\x52\xfc\x4f\x62\xfe\xaf\x8e\xe9\x7b\xf5\xfb\x97\xb3\x0d\x4b\xcb\x15\xa7\x01\x1d\xf0\x8f\x90\xa1\x14\xff\x93\x99\xff\x6b\x99\xf6\xe7\x70\x53\x27\x48\xfd\x5b\xae\x38\x0d\xe9\x80\x7f\x84\x0c\xa5\xf8\x9f\xc2\xfc\x5f\x4f\x36\x32\x66\xc3\xdb\x47\x1f\xd5\x97\x2b\x4e\x23\x3a\xe0\x1f\x21\x43\x29\xfe\xa7\x32\xff\x37\x16\x14\xfe\xb2\x2e\x6c\x8c\x69\xcf\xe5\x8a\xd3\x98\x0e\xf8\x47\xc8\x50\x8a\xff\x69\xcc\xff\xcd\x7c\x43\x13\xe4\x68\x39\xae\xf7\x71\xb9\xe2\x34\xa1\x03\xfe\x11\x32\x94\xe2\x7f\x3a\xf3\x7f\x6b\x44\xf1\xdf\xc7\xf6\x36\x88\xd8\x55\xae\x38\xfe\x77\x82\xc0\x3f\x42\x86\x52\xfc\xcf\x60\xfe\x03\xa7\x0c\xbc\x3b\x79\xc5\xee\xa5\x73\xe4\x8a\xd3\x8c\x0e\xf8\x47\xc8\x50\x8a\xff\x99\xcc\xff\xed\x54\xbb\x0b\x36\xe9\xd3\xf6\x5a\x46\xb9\xe2\x34\xa7\x03\xfe\x11\x32\x94\xe2\x7f\x16\xf3\x7f\xa7\x5e\xdc\x8b\x2b\xe3\x7c\xc8\x15\x5c\xae\x38\x2d\xe8\x80\x7f\x84\x0c\xa5\xf8\x9f\xcd\xfc\xdf\x0d\xba\x9b\xa5\xda\xf1\xa4\x15\xb6\xc9\x15\xc7\xff\x99\x40\xf8\x47\xc8\x50\x8a\xff\x39\xcc\xff\xbd\x8f\xcf\xa2\x06\x4b\x5c\xa0\xf1\x15\xb9\xe2\xb4\xa2\x03\xfe\x11\x32\x94\xe2\x7f\x2e\xf3\x7f\xbf\x54\xe2\x0f\x9f\xfe\xbc\x8e\xd9\x42\xae\x38\xad\xe9\x80\x7f\x84\x0c\xa5\xf8\x9f\xc7\xfc\x3f\x28\x7b\x78\xc9\xbb\xf9\x3d\x7e\x96\x92\x2b\x4e\x1b\x3a\xe0\x1f\x21\x43\x29\xfe\xe7\x33\xff\x0f\x3f\x84\x2a\x14\xaf\xf0\xb2\x71\x7f\xe4\x8a\xd3\x96\x0e\xf8\x47\xc8\x50\x8a\xff\x05\xcc\xff\xa3\xa7\x05\x1a\x97\xaa\x57\x34\x51\x34\xb9\xe2\xb4\xa3\x03\xfe\x11\x32\x94\xe2\x7f\x21\xf3\xff\xb8\xe1\xf7\xa1\x7b\x07\x4d\xae\xb1\x58\xae\x38\xed\xe9\x80\x7f\x84\x0c\xa5\xf8\x5f\xc4\xfc\x3f\x89\xb2\xea\xc4\x8f\x07\xee\xde\x89\x72\xc5\xe9\x40\x07\xfc\x23\x64\x28\xc5\xff\x62\xe6\xff\xe9\xaa\x0e\xc9\x9d\x7c\xb7\xce\xe5\x91\x2b\x4e\x47\x3a\xe0\x1f\x21\x43\x29\xfe\x97\x30\xff\x41\xfb\xaa\x85\x6a\x90\xf6\xee\xd4\x4d\x72\xc5\xe9\x44\x07\xfc\x23\x64\x28\xc5\xff\x52\xe6\xff\x59\x98\x29\x41\xeb\xbf\x45\x7c\x1a\x5a\xae\x38\x9d\xe9\x80\x7f\x84\x0c\xa5\xf8\x5f\xc6\xfc\x3f\x5f\x56\xc9\x97\x73\xe6\xf4\x70\x69\xe5\x8a\xe3\x7f\x27\x18\xfc\x23\x64\x28\xc5\xff\x72\xe6\xff\x45\x82\x19\xef\x8e\x96\x2d\x39\x60\x81\x5c\x71\xfc\xcf\x04\x80\x7f\x84\x0c\xa5\xf8\x5f\xc1\xfc\xbf\x74\xd6\x9d\x9f\x54\x63\xd1\xe5\x9e\x72\xc5\xe9\x46\x07\xfc\x23\x64\x28\xc5\xff\x4a\xe6\xff\xd5\xa6\x36\xe9\x9a\x8e\xe9\xb2\xec\xb0\x5c\x71\xba\xd3\x01\xff\x08\x19\x4a\xf1\xbf\x8a\xf9\x7f\x7d\xf4\xe4\x91\x15\x2f\x9f\x97\x7e\x2d\x57\x9c\x1e\x74\xc0\x3f\x42\x86\x52\xfc\xaf\x66\xfe\xdf\x0c\x88\x90\xb8\x7a\x8e\x3c\x05\x6b\xcb\x15\xc7\xff\x3d\x01\xfc\x23\x64\x28\xc5\xff\x1a\xe6\xff\x6d\x9b\x6c\xc1\x82\x5f\x4a\x19\xa9\x80\x5c\x71\x7a\xd1\x01\xff\x08\x19\x4a\xf1\xbf\x96\xf9\x7f\x77\xf1\xe3\xa3\x8f\xbe\x2f\x2d\xc6\xca\x15\xa7\x37\x1d\xf0\x8f\x90\xa1\x14\xff\xeb\x98\xff\xf7\x51\x2e\x2e\x78\xd9\xbe\xe3\xd8\xe5\x72\xc5\xe9\x43\x07\xfc\x23\x64\x28\xc5\xff\x7a\xe6\xff\xc3\xaa\x18\xfd\x62\x6f\xde\xff\x27\x92\x5c\x71\xfa\xd2\x01\xff\x08\x19\x4a\xf1\xbf\x81\xf9\xff\xb8\x2f\x5d\xfd\xf2\xeb\xea\x54\xfe\x21\x57\x9c\x7e\x74\xc0\x3f\x42\x86\x52\xfc\x6f\x64\xfe\x3f\x85\x79\x19\x70\xa0\xd3\xa8\x94\xe5\xe4\x8a\xd3\x9f\x0e\xf8\x47\xc8\x50\x8a\xff\x4d\xcc\xff\xe7\xe6\xb1\x4f\x85\x89\x14\xe5\x74\x13\xb9\xe2\x0c\xa0\x03\xfe\x11\x32\x94\xe2\x7f\x33\xf3\xff\xe5\xfe\xfd\xb4\x5f\xce\x1e\xdc\x77\x43\xae\x38\x03\xe9\x80\x7f\x84\x0c\xa5\xf8\xdf\xc2\xfc\x7f\x3d\xf3\xd4\x59\xdc\x3a\xf4\x93\x0e\x72\xc5\x19\x44\x07\xfc\x23\x64\x28\xc5\xff\x56\xe6\xff\x5b\xe7\xa4\xcf\xab\x6c\xbf\x31\xe5\xb6\x5c\x71\x06\xd3\x01\xff\x08\x19\x4a\xf1\xbf\x8d\xf9\xff\x7e\xe5\x61\xc8\x93\xd7\xca\x0f\xfc\x22\x57\x9c\x21\x74\xc0\x3f\x42\x86\x52\xfc\x6f\x67\xfe\x7f\xb4\x4e\xf9\x30\x6f\xf8\x85\xe1\x0b\xc9\x15\x67\x28\x1d\xf0\x8f\x90\xa1\x14\xff\x3b\x98\xff\x9f\xfd\xe3\x1f\xec\x18\xad\xd7\xf2\xd5\x72\xc5\x19\x46\x07\xfc\x23\x64\x28\xc5\xff\x4e\xe6\xff\xd7\x89\xdb\x49\xe6\x9d\x5c\x73\x25\x9e\x5c\x71\x86\xd3\x01\xff\x08\x19\x4a\xf1\xbf\x8b\xf9\xff\xbd\xb5\xf7\xb9\xda\xab\x32\x15\xc8\x22\x57\x9c\x11\x74\xc0\x3f\x42\x86\x52\xfc\xef\x66\xfe\xff\x84\x0f\xc8\xb8\xa6\xdb\xa3\x52\x23\xe5\x8a\xe3\xff\x33\xf8\x47\xc8\x50\x8a\xff\x3d\xcc\xff\xdf\xf8\xc3\x23\xfc\x9d\xfa\xaf\xe5\x03\xb9\xe2\x8c\xa2\x03\xfe\x11\x32\x94\xe2\x7f\x2f\xf3\xff\x6f\x65\xd1\xd7\xbe\x8a\xe9\x23\x57\x97\x2b\xce\x68\x3a\xe0\x1f\x21\x43\x29\xfe\xf7\xfd\xaf\x7f\x27\xd8\x99\xc4\xc9\x9b\x65\xdc\xf9\xbb\xaf\x5c\x71\xc6\xd0\x01\xff\x08\x19\x4a\xf1\xbf\x9f\xf9\x0f\xde\xf9\xd9\x89\x99\x9f\x9a\x8f\x39\x2f\x57\x1c\xff\x33\x81\xe0\x1f\x21\x43\x29\xfe\x0f\x30\xff\x21\x9a\xdf\x0d\x3a\xf2\x76\x48\x8a\x94\x72\xc5\x19\x47\x07\xfc\x23\x64\x28\xc5\x7f\x00\xf3\x1f\xf2\x7e\xdc\x50\x99\xb2\x54\xaa\x34\x45\xae\x38\xe3\xe9\x80\x7f\x84\x0c\xa5\xf8\x3f\xc8\xfc\x87\xba\xe0\x4b\x3e\xa2\xca\xe9\xfd\xfb\xe4\x8a\x33\x81\x0e\xf8\x47\xc8\x50\x8a\xff\x43\xcc\x7f\xe8\xee\x67\x4e\x74\x9f\x10\xeb\x4c\x78\xb9\xe2\x4c\xa4\x03\xfe\x11\x32\x94\xe2\xff\x30\xf3\x1f\xa6\xf1\x87\xa0\xc4\xb3\xe3\x4d\x1f\x2a\x57\x9c\x49\x74\xc0\x3f\x42\x86\x52\xfc\x1f\x61\xfe\xc3\xde\xce\x19\xea\x72\xf1\xf3\x8f\x73\xc8\x15\x67\x32\x1d\xf0\x8f\x90\xa1\x14\xff\x47\x99\xff\x70\xbd\xbf\xbc\x2b\x95\xbc\x5a\x84\x58\x72\xc5\xf1\xff\x4c\x10\xfe\x11\x32\x94\xe2\xff\x18\xf3\x1f\xfe\x48\x56\xdf\xde\x1f\x23\x7a\xad\x97\x2b\xce\x54\x3a\xe0\x1f\x21\x43\x29\xfe\x8f\x33\xff\xce\x8d\xf0\xe9\xde\x3d\x69\x7c\xb5\x98\x5c\x71\xa6\xd1\x01\xff\x08\x19\x4a\xf1\x7f\x82\xf9\x77\xdb\x5f\x38\x1f\x2f\xd7\xd6\x25\x1f\xe4\x8a\x33\x9d\x0e\xf8\x47\xc8\x50\x8a\xff\x93\xcc\xbf\x17\xbb\x7d\xe2\x5b\xb5\x52\x57\xbc\x2f\x57\x9c\x19\x74\xc0\x3f\x42\x86\x52\xfc\x9f\x62\xfe\x7d\x4b\xd7\x1e\x49\x33\xec\x57\xee\x36\x72\xc5\x99\x49\x07\xfc\x23\x64\x28\xc5\xff\x69\xe6\x3f\xc2\xce\xc9\x8f\x06\x34\x0d\x8a\xe1\x93\x2b\xce\x2c\x3a\xe0\x1f\x21\x43\x29\xfe\xcf\x30\xff\x11\x7d\x35\x83\x8d\x0f\xc8\xd6\x68\x97\x5c\x71\x66\xd3\x01\xff\x08\x19\x4a\xf1\x7f\x96\xf9\x8f\x74\xa1\x7b\xbf\xe9\xf7\x37\x8c\x9f\x21\x57\x9c\x39\x74\xc0\x3f\x42\x86\x52\xfc\x9f\x63\xfe\x23\x77\xdf\xba\xa0\x45\xc8\x7e\xbf\x92\xca\x15\x67\x2e\x1d\xf0\x8f\x90\xa1\x14\xff\xe7\x99\xff\x28\x8d\x47\x07\x64\x49\x30\xb7\xe6\x69\xb9\xe2\xcc\xa3\x03\xfe\x11\x32\x94\xe2\xff\x02\xf3\x1f\xf5\x76\xc5\xfa\x87\x0e\x97\x4e\x3c\x50\xae\x38\xf3\xe9\x80\x7f\x84\x0c\xa5\xf8\xbf\xc8\xfc\x47\xdb\xb5\x2f\x6d\xef\x25\x57\xce\x56\x96\x2b\xce\x02\x3a\xe0\x1f\x21\x43\x29\xfe\x2f\x31\xff\xd1\x43\xf4\x39\x35\x66\x40\xf0\x3d\x4f\xe4\x8a\xb3\x90\x0e\xf8\x47\xc8\x50\x8a\xff\xcb\xcc\x7f\x8c\x18\x85\x9e\xdf\x1b\x77\xbb\x73\x71\xb9\xe2\x2c\xa2\x03\xfe\x11\x32\x94\xe2\xff\x0a\xf3\x1f\x73\xdd\x08\x27\x7d\xa5\xf0\x61\xdf\xcb\x15\x67\x31\x1d\xf0\x8f\x90\xa1\x14\xff\x57\x99\xff\x58\x11\x8a\x3d\xdc\x99\x69\xea\xcb\x7b\x72\xc5\x59\x42\x07\xfc\x23\x64\x28\xc5\xff\x35\xe6\x3f\xf6\xb6\x21\x21\x8b\xbd\x2e\x3c\xaf\xad\x5c\x71\x96\xd2\x01\xff\x08\x19\x4a\xf1\x7f\x9d\xf9\x8f\xb3\x68\x57\x92\x48\x1f\x56\x64\x1a\x22\x57\x9c\x65\x74\xc0\x3f\x42\x86\x52\xfc\xdf\x60\xfe\xe3\xc6\x19\x70\xf0\x71\xfa\x6e\x25\x72\xca\x15\x67\x39\x1d\xf0\x8f\x90\xa1\x14\xff\x37\x99\xff\x78\x1d\xee\x64\x4c\x51\xfe\xed\xda\xd8\x72\xc5\x59\x41\x07\xfc\x23\x64\x28\xc5\xff\x2d\xe6\x3f\xfe\xd5\x38\xe7\xae\x4d\xce\x77\x77\x9d\x5c\x71\x56\xd2\x01\xff\x08\x19\x4a\xf1\x1f\xc8\xfc\x27\x38\x98\xe8\xf5\xe0\x1e\x89\x3f\x9e\x91\x2b\xce\x2a\x3a\xe0\x1f\x21\x43\x29\xfe\x6f\x33\xff\x09\xfb\x04\x45\xe8\xb2\xe6\xd3\xb0\x01\x72\xc5\x59\x4d\x07\xfc\x23\x64\x28\xc5\xff\x1d\xe6\x3f\x51\xef\xd0\xf5\x3b\x9c\x6e\xdd\xba\x92\x5c\x71\xd6\xd0\x01\xff\x08\x19\x4a\xf1\x7f\x97\xf9\x4f\x7c\xe4\x48\xc0\xfc\x18\x7b\x13\x3e\x95\x2b\xce\x5a\x3a\xe0\x1f\x21\x43\x29\xfe\xef\x31\xff\x49\x6e\xfc\x58\x70\xca\xad\xb7\xd5\x93\x2b\x8e\xff\x67\x82\xf0\x8f\x90\xa1\x14\xff\xf7\x99\xff\xa4\xed\x0b\xf6\xcb\x73\x63\xc2\xb1\xdd\x72\xc5\xf1\xbf\x13\x08\xfe\x11\x32\x94\xe2\xff\x01\xf3\x9f\x2c\x51\xc7\x5c\xbd\x76\x46\x4b\x35\x53\xae\x38\x1b\xe8\x80\x7f\x84\x0c\xa5\xf8\x7f\xc8\xfc\x27\x9f\xb3\x3a\x70\x6c\xdb\xe3\x0d\x92\xc8\x15\x67\x23\x1d\xf0\x8f\x90\xa1\x14\xff\x8f\x98\xff\x14\x13\xa6\xfe\xba\xdf\xef\x70\xb0\x55\x72\xc5\xd9\x44\x07\xfc\x23\x64\x28\xc5\xff\x63\xe6\x3f\x65\xb6\xea\xb1\xd3\x2d\x8a\xd4\x23\xbe\x5c\x71\x36\xd3\x01\xff\x08\x19\x4a\xf1\xff\x84\xf9\x4f\x35\x63\xe6\xc7\x1d\x07\xc7\xcc\xcd\x2a\x57\x9c\x2d\x74\xc0\x3f\x42\x86\x52\xfc\x3f\x65\xfe\x53\xa7\xab\x1c\xa9\x78\xbc\x5a\x6f\x46\xc8\x15\x67\x2b\x1d\xf0\x8f\x90\xa1\x14\xff\x41\xcc\x7f\x9a\x5c\x6d\x33\x47\x0e\x1e\x50\xb8\xa3\x5c\x71\xb6\xd1\x01\xff\x08\x19\x4a\xf1\xff\x8c\xf9\x4f\x3b\x64\xfd\x95\x47\x77\xdb\xe7\x0c\x94\x2b\xce\x76\x3a\xe0\x1f\x21\x43\x29\xfe\x9f\x33\xff\xe9\xbe\x46\xcc\x97\x72\xff\xb7\xc0\xcf\x72\xc5\xd9\x41\x07\xfc\x23\x64\x28\xc5\xff\x0b\xe6\x3f\x7d\xb9\x53\xf7\xae\x36\x4e\xbe\xae\xb0\x5c\x71\x76\xd2\x01\xff\x08\x19\x4a\xf1\xff\x92\xf9\xcf\x50\xeb\xd3\xbf\x41\x23\x72\x0d\x4d\x21\x57\x1c\xff\x3b\xc1\xe1\x1f\x21\x43\x29\xfe\x5f\x31\xff\x19\x1f\x65\x8f\xdf\xb5\xce\xcb\x2f\x53\xe5\x8a\xe3\xff\x9d\x00\xf8\x47\xc8\x50\x8a\xff\xd7\xcc\x7f\xa6\x44\x31\x1b\xb7\xcd\xd3\x29\xd6\x7e\xb9\xe2\xec\xa1\x03\xfe\x11\x32\x94\xe2\xff\x0d\xf3\x9f\x79\xce\xa5\xa1\xb3\x82\x96\x74\x08\x27\x57\x9c\xbd\x74\xc0\x3f\x42\x86\x52\xfc\xbf\x65\xfe\xb3\x4c\x78\xb5\xe4\xec\xaf\xe2\x87\x1f\xca\x15\x67\x1f\x1d\xf0\x8f\x90\xa1\x14\xff\xef\x98\xff\xac\xd9\xd2\x17\x2a\x98\x72\xe6\xb6\x6a\x72\xc5\xf1\x7f\x4f\x00\xff\x08\x19\x4a\xf1\xff\x9e\xf9\xcf\x56\xf3\x5e\x8e\x91\x25\x7d\xb5\xfb\xc8\x15\xe7\x00\x1d\xf0\x8f\x90\xa1\x14\xff\x1f\x98\xff\xec\x6f\x62\x5d\xed\x36\xf7\x7e\xc6\x0b\x72\xc5\x09\xa0\x03\xfe\x11\x32\x94\xe2\xff\x23\xf3\x9f\xe3\x47\x92\x2f\x89\x56\x56\xdb\x75\x4a\xae\x38\x07\xe9\x80\x7f\x84\x0c\xa5\xf8\xff\xc4\xfc\xe7\x2c\xfa\x24\xe6\x95\xbe\x23\xce\xf7\x93\x2b\xce\x21\x3a\xe0\x1f\x21\x43\x29\xfe\x3f\x33\xff\xb9\x1e\xa6\xf8\x5d\x3a\x6e\xbc\xa4\x55\xe4\x8a\x73\x98\x0e\xf8\x47\xc8\x50\x8a\xff\x2f\xcc\x7f\xee\xba\x0f\x12\xec\x39\x71\xbe\xfa\x33\xb9\xe2\x1c\xa1\x03\xfe\x11\x32\x94\xe2\xff\x2b\xf3\x9f\xa7\x62\x60\xc1\xb7\x81\xa9\x7f\x44\x90\x2b\xce\x51\x3a\xe0\x1f\x21\x43\x29\xfe\xbf\x31\xff\x79\xbf\xc4\xbb\x1b\x3f\xcc\xaf\x89\x7b\xe5\x8a\x73\x8c\x0e\xf8\x47\xc8\x50\x8a\xff\xef\xcc\x7f\xbe\xc1\x07\xb2\xdc\x6c\xd1\xb8\xc9\x74\xb9\xe2\x1c\xa7\x03\xfe\x11\x32\x94\xe2\xff\x07\xf3\x9f\x3f\x6f\xaf\x8b\x69\xf7\x6c\x8d\x96\x48\xae\x38\x27\xe8\x80\x7f\x84\x0c\xa5\xf8\xff\xc9\xfc\x17\xc8\x58\xe4\xc3\xc0\xfa\x1b\xf2\xfe\x87\x71\xe7\x24\x1d\xf0\x8f\x90\xa1\x14\xff\xbf\x98\xff\x82\xd3\x87\x45\x1d\x37\xb8\x5f\xf9\x8f\x72\xc5\xf1\x7f\x26\x08\xfe\x11\x32\x94\xe2\xff\x37\xf3\x5f\xe8\xfc\xb4\x58\xb7\x1e\x06\x2d\xba\x23\x57\x9c\xd3\x74\xc0\x3f\x42\x86\x52\xfc\xff\x61\xfe\x0b\x77\xab\xf2\x33\x4d\xfe\x6c\xd7\x5b\xcb\x15\xe7\x0c\x1d\xf0\x8f\x90\xa1\x14\xff\x7f\x99\xff\x22\x8d\x5a\xdd\x1e\x90\xe8\x4a\x9f\x41\x72\xc5\x39\x4b\x07\xfc\x23\x64\x28\xc5\xff\x3f\xe6\xbf\x68\xe0\x86\xdc\xe3\x7f\x07\xf7\xb2\xcb\x15\xe7\x1c\x1d\xf0\x8f\x90\xa1\xfe\x6f\xff\xa1\x83\x31\xff\xc5\x16\xb6\x68\x9e\x65\xde\xdc\x87\x71\xe5\x8a\x73\x9e\x0e\xf8\x47\xc8\x50\x8a\xff\xe0\xcc\x7f\xf1\xe4\x8b\x46\x1e\x2a\x54\x7a\xe6\x06\xb9\xe2\xf8\x9f\x09\x00\xff\x08\x19\x4a\xf1\x1f\x82\xf9\x2f\x91\x79\xce\x8a\xe9\x35\xcb\x9f\x4a\x26\x57\x9c\x8b\x74\xc0\x3f\x42\x86\x52\xfc\x87\x64\xfe\x4b\x8e\xad\x57\xac\xc5\xd8\x85\x01\x93\xe5\x8a\x73\x89\x0e\xf8\x47\xc8\x50\x8a\xff\x50\xcc\x7f\xa9\xd4\x0b\x36\xfe\x7e\x15\xba\x4a\x80\x5c\x71\x2e\xd3\x01\xff\x08\x19\x4a\xf1\x1f\x9a\xf9\x2f\x3d\xb5\x56\xf9\x88\x39\x6f\x24\x73\xe4\x8a\x73\x85\x0e\xf8\x47\xc8\x50\x8a\xff\x30\xcc\x7f\x99\x91\x4d\xda\xd5\x4d\x93\x69\xd4\x63\xb9\xe2\x5c\xa5\x03\xfe\x11\x32\x94\xe2\x3f\x2c\xf3\x5f\x36\xff\xb2\x09\xab\xbe\x3e\xfa\x5b\x43\xae\x38\xd7\xe8\x80\x7f\x84\x0c\xa5\xf8\x0f\xc7\xfc\x97\x2b\x1d\xa6\x71\xfb\x19\xbd\xa2\xf6\x92\x2b\xce\x75\x3a\xe0\x1f\x21\x43\x29\xfe\xc3\x33\xff\xe5\x3f\x1d\x1c\xba\xa0\xcc\x9a\xe6\xe7\xe4\x8a\x73\x83\x0e\xf8\x47\xc8\x50\x8a\x7f\x87\xf9\xaf\xf0\xec\xe7\x92\xd3\xeb\x77\x96\x59\x23\x57\x9c\x9b\x74\xc0\x3f\x42\x86\x52\xfc\xbb\xcc\x7f\xc5\xfa\xf9\x0a\xe5\xee\xdc\x3c\x5f\x42\xb9\xe2\xdc\xa2\x03\xfe\x11\x32\x94\xe2\xdf\x63\xfe\x2b\x2d\x4c\x90\x2f\x71\xe4\x7f\x97\x32\xcb\x15\x27\x90\x0e\xf8\x47\xc8\x50\x8a\x7f\x1f\xf3\x5f\x39\xf9\xcd\x7b\x97\xcf\xa5\x5f\x39\x4c\xae\x38\xb7\xe9\x80\x7f\x84\x0c\xa5\xf8\x8f\xc0\xfc\x57\xc9\xfc\xe8\xdf\x88\x8b\xa7\xdd\xf6\x72\xc5\xf1\x3f\x13\x08\xfe\x11\x32\x94\xe2\x3f\x22\xf3\x5f\x75\x6c\xb2\xf8\xdd\xbd\x58\xfd\x6f\xca\x15\xe7\x2e\x1d\xf0\x8f\x90\xa1\x14\xff\x91\x98\xff\x6a\xcf\x6f\xb4\x3d\xd7\x6e\xc8\xa4\xaf\x72\xc5\xb9\x47\x07\xfc\x23\x64\x28\xc5\x7f\x64\xe6\xbf\x7a\x95\xc8\xa3\x0b\x6c\xaa\x14\x54\x54\xae\x38\xf7\xe9\x80\x7f\x84\x0c\xa5\xf8\x8f\xc2\xfc\xd7\x28\x91\x76\x55\x9b\x22\x63\xd2\x3f\x92\x2b\xce\x03\x3a\xe0\x1f\x21\x43\x29\xfe\xa3\x32\xff\x35\x7f\xbf\x29\x33\x7b\x41\xad\xba\x35\xe5\x8a\xf3\x90\x0e\xf8\x47\xc8\x50\x8a\xff\x68\xcc\x7f\xad\x06\x19\x17\x87\xfc\x7b\x78\x47\x6f\xb9\xe2\xf8\xff\x4e\x00\xff\x08\x19\x4a\xf1\x1f\x9d\xf9\xaf\xfd\xe4\x45\xd1\xf7\x49\x22\x1d\x3c\x2b\x57\x1c\xff\xef\x04\xc3\x3f\x42\x86\x52\xfc\xc7\x60\xfe\xeb\xbc\xbf\xd2\x64\x59\xc1\x6f\xed\x92\xcb\x15\xe7\x09\x1d\xf0\x8f\x90\xa1\x14\xff\x31\x99\xff\xba\x65\xa2\x0f\xaa\xf9\x38\x79\x9c\x49\x72\xc5\x79\x4a\x07\xfc\x23\x64\x28\xc5\x7f\x2c\xe6\xbf\x5e\x81\x9d\x1d\xa7\x0c\x0d\xf8\x76\x40\xae\x38\x41\x74\xc0\x3f\x42\x86\x52\xfc\xc7\x66\xfe\xeb\x0f\xeb\x3c\xbe\x71\xc3\xf6\x83\x5d\xb9\xe2\x3c\xa3\x03\xfe\x11\x32\x94\xe2\x3f\x0e\xf3\xdf\x60\x52\xd9\x75\xd9\x77\x75\xda\xd0\x4e\xae\x38\xcf\xe9\x80\x7f\x84\x0c\xa5\xf8\x8f\xcb\xfc\x37\x4c\x33\xbe\xc2\xf1\x66\x4b\x6e\xde\x92\x2b\xce\x0b\x3a\xe0\x1f\x21\x43\x29\xfe\xe3\x31\xff\x8d\x52\x77\x88\x1f\x18\x2a\x57\xf6\x6f\x72\xc5\x79\x49\x07\xfc\x23\x64\x28\xc5\x7f\x7c\xe6\xbf\xf1\xd4\x55\xff\x52\xdf\x7c\x59\xb4\x88\x5c\x71\x5e\xd1\x01\xff\x08\x19\x4a\xf1\x9f\x80\xf9\x6f\x32\x72\xca\xbd\xfe\xc7\x7c\xef\xd6\xca\x15\xe7\x35\x1d\xf0\x8f\x90\xa1\x14\xff\x09\x99\xff\xa6\xf9\xab\xe5\x9b\x10\xfb\xfe\xec\x04\x72\xc5\x79\x43\x07\xfc\x23\x64\x28\xc5\x7f\x22\xe6\xbf\x59\xa7\x50\xbd\xce\xf6\x2e\xde\x2d\x93\x5c\x71\xde\xd2\x01\xff\x08\x19\x4a\xf1\x9f\x98\xf9\x6f\x7e\xfa\xf0\x9c\x82\xcb\x67\x86\x18\x2e\x57\x9c\x77\x74\xc0\x3f\x42\x86\x52\xfc\x27\x61\xfe\x5b\xdc\xfb\xbe\xb7\xed\x96\xa9\xf5\x22\xca\x15\xe7\x3d\x1d\xf0\x8f\x90\xa1\x14\xff\x49\x99\xff\x96\xcd\x0a\xd4\x9e\xd5\xa1\x70\x9a\x3d\x72\xc5\xf9\x40\x07\xfc\x23\x64\x28\xc5\x7f\x32\xe6\xbf\xd5\xf1\xdf\x5b\x42\x44\xb8\x7d\x62\x9a\x5c\x71\x3e\xd2\x01\xff\x08\x19\x4a\xf1\x9f\x9c\xf9\x6f\xdd\x2f\x4f\xa5\x0f\x97\xc3\x6f\x4e\x2c\x57\x9c\x4f\x74\xc0\x3f\x42\x86\x52\xfc\xa7\x60\xfe\xdb\xb4\x0a\xd6\x79\xf9\x85\xb7\xf1\x4f\xca\x15\xe7\x33\x1d\xf0\x8f\x90\xa1\x14\xff\x29\x99\xff\xb6\x97\x8f\x4f\xad\x11\x35\x5f\xdb\xfe\x72\xc5\xf9\x42\x07\xfc\x23\x64\x28\xc5\x7f\x2a\xe6\xbf\xdd\x8a\x66\xfd\xa6\x76\x5d\x31\xa2\xaa\x5c\x71\xfc\xef\x04\x80\x7f\x84\x0c\xa5\xf8\x4f\xcd\xfc\xb7\x8f\xb7\x64\x41\xa3\x8d\xdd\xde\x07\xc9\x15\xc7\xff\x3b\x41\xf0\x8f\x90\xa1\x14\xff\x69\x98\xff\x0e\xe1\x66\x05\x64\x2b\xd5\xfa\xfe\x60\xb9\xe2\x7c\xa7\x03\xfe\x11\x32\x94\xe2\x3f\x2d\xf3\xdf\x71\x4b\x83\xfa\x27\xa6\xed\x5d\x9d\x4d\xae\x38\x3f\xe8\x80\x7f\x84\x0c\xa5\xf8\x4f\xc7\xfc\x77\xea\xd4\x2f\xf1\xfd\xcf\x89\x8b\xc5\x91\x2b\xce\x4f\x3a\xe0\x1f\x21\x43\x29\xfe\xd3\x33\xff\x9d\x4f\xef\x39\x92\x2e\xd5\xa7\x2c\x1b\xe5\x8a\xf3\x8b\x0e\xf8\x47\xc8\x50\x8a\xff\x0c\xcc\x7f\x97\x7b\x83\x1e\xf5\xca\x1e\x6d\x41\x09\xb9\xe2\xfc\xa6\x03\xfe\x11\x32\x94\xe2\x3f\x23\xf3\xdf\xb5\x59\x89\x60\x63\x5f\x1c\x7f\xfe\x49\xae\x38\x7f\xe8\x80\x7f\x84\x0c\xa5\xf8\xcf\xc4\xfc\x77\x0b\xbb\xbd\x47\xd6\xd1\xf5\x42\xdf\x95\x2b\xce\x5f\x3a\xe0\x1f\x21\x43\x29\xfe\x33\x33\xff\xdd\xf7\x77\x9d\x76\xb0\xfa\x84\xae\xad\xe4\x8a\xf3\x8f\x0e\xf8\x47\xc8\x50\x8a\xff\x2c\xcc\x7f\x8f\xd5\xa5\xb7\x4f\xeb\xd9\x75\x61\x17\xb9\xf2\x3f\xaf\x04\x81\x7f\x84\x0c\xa5\xf8\xcf\xca\xfc\xf7\x8c\x3a\xb1\x66\xcb\xb5\x8b\x5f\x9c\x90\x2b\x2e\xfd\x37\xf0\x8f\x90\xa5\x14\xff\xd9\x98\xff\x5e\x9b\xcb\xef\xfb\x73\x26\x6f\xa8\x17\x72\xc5\x0d\x41\x07\xfc\x23\x64\x28\xc5\x7f\x76\xe6\xbf\xb7\x3b\xb6\x41\x84\x98\x2f\xba\xd4\x93\x2b\x6e\x48\x3a\xe0\x1f\x21\x43\x29\xfe\x73\x30\xff\x7d\x12\x6e\x1e\x58\xc7\x89\x70\x6f\xbb\x5c\x71\x43\xd1\x01\xff\x08\x19\x4a\xf1\x9f\x93\xf9\xef\xbb\xbc\xe7\xfc\xd5\xd7\xef\xac\xfa\x8f\x15\x37\x34\x1d\xf0\x8f\x90\xa1\x14\xff\xb9\x98\xff\x7e\x97\xae\x75\x69\xb7\xa3\x44\xf1\x0c\x72\xc5\x0d\x43\x07\xfc\x23\x64\x28\xc5\x7f\x6e\xe6\xbf\x7f\xdb\xa8\x93\x16\xb6\x99\x96\x75\xae\x5c\x71\xc3\xd2\x01\xff\x08\x19\x4a\xf1\x9f\x87\xf9\x1f\x30\x30\xf5\xe6\x33\xe3\x47\xc7\xfb\x2d\x57\x5c\xff\xd7\xc3\x3f\x42\x86\x52\xfc\xe7\x65\xfe\x07\x1e\x7b\x57\x35\x57\xe5\xba\x6d\x4a\xcb\x15\x37\x3c\x1d\xf0\x8f\x90\xa1\x14\xff\xf9\x98\xff\x41\x19\x63\x3f\xff\x97\xf9\xd0\xc8\x96\x72\xc5\x75\xe8\x80\x7f\x84\x0c\xa5\xf8\xcf\xcf\xfc\x0f\x9e\x7e\xdf\xf1\xde\x44\xfd\x70\x59\xae\xb8\xfe\x0f\x00\xc3\x3f\x42\x86\x52\xfc\x17\x60\xfe\x87\x0c\x7e\x9a\xb6\xd6\xfb\xcf\xf5\xf3\xca\x15\xd7\xa3\x03\xfe\x11\x32\x94\xe2\xbf\x20\xf3\x3f\x34\x6f\xd2\x53\x6b\xd3\xa5\x48\x3b\x41\xae\xb8\x3e\x3a\xe0\x1f\x21\x43\x29\xfe\x0b\x31\xff\xc3\xd2\x66\x7f\x1e\xbf\xdc\xbe\xe3\x8b\xe4\x8a\x1b\x81\x0e\xf8\x47\xc8\x50\x8a\xff\xc2\xcc\xff\xf0\xc9\x9f\x9c\xb7\x93\x3a\x6c\x8a\x2e\x57\x5c\xff\x3b\xc1\xe1\x1f\x21\x43\x29\xfe\x8b\x30\xff\x23\x86\x9f\x4a\xbb\x67\x64\x9b\xb7\x0b\xe5\x8a\x1b\x89\x0e\xf8\x47\xc8\x50\x8a\xff\xa2\xcc\xff\xc8\x82\x11\x4f\x95\xae\xbb\x6b\x56\x1a\xb9\xe2\x46\xa6\x03\xfe\x11\x32\x94\xe2\xbf\x18\xf3\x3f\x6a\xfe\xb9\x24\x57\xf2\x26\xe9\x1e\x4a\xae\xb8\x51\xe8\x80\x7f\x84\x0c\xa5\xf8\x2f\xce\xfc\x8f\x4e\xe9\x1e\x4c\xf4\xec\x7d\xc8\xcd\x72\xc5\x8d\x4a\x07\xfc\x23\x64\x28\xc5\x7f\x09\xe6\x7f\x4c\xd6\xcc\x0f\xbb\xfd\x8c\xb9\xb1\x96\x5c\x71\xa3\xd1\x01\xff\x08\x19\x4a\xf1\x5f\x92\xf9\x1f\x3b\xfa\x5b\xc8\x91\x29\x8e\xdd\x7a\x23\x57\x5c\xff\xbf\x09\xc0\x3f\x42\x86\x52\xfc\x97\x62\xfe\xc7\xfd\xa9\xfe\xba\x48\x89\x86\xd9\x8e\xc8\x15\x37\x06\x1d\xf0\x8f\x90\xa1\x14\xff\xa5\x99\xff\xf1\x25\xa7\x46\xd8\x3c\x67\x7c\x91\x1e\x72\xc5\x8d\x49\x07\xfc\x23\x64\x28\xc5\x7f\x19\xe6\x7f\x42\xd5\xd5\x19\x9f\xf6\x9f\xd4\x3e\xb2\x5c\x71\x63\xd1\x01\xff\x08\x19\x4a\xf1\x5f\x96\xf9\x9f\xf8\xa2\xe3\xb9\x18\x8b\x8b\xc4\x5d\x26\x57\xdc\xd8\x74\xc0\x3f\x42\x86\x52\xfc\x97\x63\xfe\x27\xa5\x2d\xbf\x39\xc2\xa1\x9b\x5f\xc7\xc8\x15\x37\x0e\x1d\xf0\x8f\x90\xa1\x14\xff\xe5\x99\xff\xc9\x93\xc7\x56\xfd\x13\xdf\x19\x54\x50\xae\xb8\x71\xe9\x80\x7f\x84\x0c\xa5\xf8\xaf\xc0\xfc\x4f\x19\xbe\xb9\xcb\xea\x60\x6f\xd2\x5d\x97\x2b\x6e\x3c\x3a\xe0\x1f\x21\x43\x29\xfe\x2b\x32\xff\x53\x0b\xf6\x9c\x54\xe7\x4e\xc1\x3a\x4d\xe5\x8a\x1b\x9f\x0e\xf8\x47\xc8\x50\x8a\xff\x4a\xcc\xff\xb4\x7a\xc3\x82\x1e\xed\x5b\xbe\xb3\xbc\x5c\x71\x13\xd0\x01\xff\x08\x19\x4a\xf1\x5f\x99\xf9\x9f\x1e\x54\x24\x54\xe4\x46\x3d\x0f\x7d\x97\x2b\x6e\x42\x3a\xe0\x1f\x21\x43\x29\xfe\xab\x30\xff\x33\x3e\xf6\x4a\x5e\x7c\xca\x7a\xa7\xb6\x5c\x71\xfd\x5f\x03\xff\x08\x19\x4a\xf1\x5f\x95\xf9\x9f\x59\xea\xc0\x89\x1d\x15\x06\xf6\x7b\x2d\x57\xdc\xc4\x74\xc0\x3f\x42\x86\x52\xfc\x57\x63\xfe\x67\xbd\xec\x97\x2e\x5d\x86\xa7\x93\x0f\xcb\x15\x37\x09\x1d\xf0\x8f\x90\xa1\x14\xff\xd5\x99\xff\xd9\x95\xf6\x9c\xbf\xff\x31\xe7\xb3\x9e\x72\xc5\x4d\x4a\x07\xfc\x23\x64\x28\xc5\x7f\x0d\xe6\x7f\x4e\xb1\x41\xef\xc6\xbe\xbb\x58\x76\x81\x5c\x71\x93\xd1\x01\xff\x08\x19\x4a\xf1\x5f\x93\xf9\x9f\xfb\xb7\x84\xaf\x57\xd6\x10\xf9\xd3\xca\x15\x37\x39\x1d\xf0\x8f\x90\xa1\x14\xff\xb5\x98\xff\x79\x63\x9e\x3c\xda\x5f\x75\xd6\xc5\xd0\x72\xc5\x4d\x41\x07\xfc\x23\x64\x28\xc5\x7f\x6d\xe6\x7f\x7e\xa6\x24\xc1\x2a\x4c\x2c\xb3\x62\x93\x5c\x71\x53\xd2\x01\xff\x08\x19\x4a\xf1\x5f\x87\xf9\x5f\x90\x2c\x56\xe2\x38\xad\x6a\x8e\xbe\x21\x57\xdc\x54\x74\xc0\x3f\x42\x86\x52\xfc\xd7\x65\xfe\x17\x2e\xb8\x77\xe4\xc5\xb6\xe1\xff\x9a\xc8\x15\x37\x35\x1d\xf0\x8f\x90\xa1\x14\xff\xf5\x98\xff\x45\xf3\xf3\x4f\xfa\x72\x35\x61\x94\x72\x72\xc5\xf5\xbf\x13\x04\xfe\x11\x32\x94\xe2\xbf\x3e\xf3\xbf\x38\xe5\xaf\x2e\x61\xc2\x9d\x6b\xf6\x43\xae\xb8\xfe\x7f\x13\x80\x7f\x84\x0c\xa5\xf8\x6f\xc0\xfc\x2f\xc9\x7a\xa8\x6a\x95\xe8\x69\x4e\x46\x92\x2b\x6e\x3a\x3a\xe0\x1f\x21\x43\x29\xfe\x1b\x32\xff\x4b\x47\x87\xdd\xbc\xf8\xd4\xf7\x03\xcb\xe5\x8a\x9b\x9e\x0e\xf8\x47\xc8\x50\x8a\xff\x46\xcc\xff\xb2\xa3\x35\xbf\x3c\x5e\xdd\xa4\xea\x58\xb9\xe2\x66\xa0\x03\xfe\x11\x32\x94\xe2\xbf\x31\xf3\xbf\x7c\xc0\xe4\x98\x91\xba\x6f\x4a\x5e\x40\xae\xb8\x19\xe9\x80\x7f\x84\x0c\xa5\xf8\x6f\xc2\xfc\xaf\x68\xb3\x36\x47\xb1\x26\xdb\xfa\x6e\x93\x2b\x6e\x26\x3a\xe0\x1f\x21\x43\x29\xfe\x9b\x32\xff\x2b\x2f\xb6\xbf\xba\xf3\x40\x0b\x5f\x70\xb9\xe2\x66\xa6\x03\xfe\x11\x32\x94\xe2\xbf\x19\xf3\xbf\xaa\xcb\xc6\x82\xe9\xef\xfd\x7e\x90\x51\xae\xb8\x59\xe8\x80\x7f\x84\x0c\xa5\xf8\x6f\xce\xfc\xaf\x3e\xd9\xfa\xee\xbd\x10\x19\x66\xcc\x91\x2b\x6e\x56\x3a\xe0\x1f\x21\x43\x29\xfe\x5b\x30\xff\x6b\xee\x54\xfd\x3d\x26\xe1\xa9\x3c\x5d\xe5\x8a\x9b\x8d\x0e\xf8\x47\xc8\x50\x8a\xff\x96\xcc\xff\xda\x16\xd3\x13\xf4\x3e\x12\xb7\xdc\x71\xb9\xe2\x66\xa7\x03\xfe\x11\x32\x94\xe2\xbf\x15\xf3\xbf\x2e\x4a\xce\x0f\xfb\x96\x0e\x5e\xfc\x5c\xae\xb8\x39\xe8\x80\x7f\x84\x0c\xa5\xf8\x6f\xcd\xfc\xaf\x5f\xf5\x21\x6a\xc5\x81\x55\x6f\xd4\x97\x2b\x6e\x4e\x3a\xe0\x1f\x21\x43\x29\xfe\xdb\x30\xff\x1b\xf6\x9d\xc9\x12\x77\x56\x85\xef\x79\xe4\x8a\x9b\x8b\x0e\xf8\x47\xc8\x50\x8a\xff\xb6\xcc\xff\xc6\x30\xbe\x8b\xcf\x8b\xcd\x9b\x30\x51\xae\xb8\xb9\xe9\x80\x7f\x84\x0c\xa5\xf8\x6f\xc7\xfc\x6f\x3a\x9a\x71\xdd\xfb\x64\x61\x9a\x2e\x96\x2b\xae\xff\xef\x04\xf0\x8f\x90\xa1\x14\xff\xed\x99\xff\xcd\x03\x5e\x54\x08\xf9\xfd\x6a\xf4\x68\x72\xc5\xcd\x4b\x07\xfc\x23\x64\x28\xc5\x7f\x07\xe6\x7f\x4b\x9b\x2b\x1d\x6b\x3e\xcd\xba\xfb\x8f\x5c\x71\xf3\xd1\x01\xff\x08\x19\x4a\xf1\xdf\x91\xf9\xdf\x7a\x31\xfa\xf8\x65\xb9\x1f\x5e\x28\x25\x57\xdc\xfc\x74\xc0\x3f\x42\x86\x52\xfc\x77\x62\xfe\xb7\x6d\x0d\xfa\x15\xaf\x76\xdf\x24\x2d\xe4\x8a\xeb\xff\x9d\x60\xf8\x47\xc8\x50\x8a\xff\xce\xcc\xff\xf6\xf0\x89\x62\xbf\x1b\xbe\xba\xda\x15\xb9\xe2\x16\xa4\x03\xfe\x11\x32\x94\xe2\xbf\x0b\xf3\xbf\x23\x7e\x9c\x5c\x7b\x77\x27\x39\x72\x4d\xae\xb8\x85\xe8\x80\x7f\x84\x0c\xa5\xf8\xef\xca\xfc\xef\x5c\x79\x27\xb0\x54\xf3\xf7\xdb\x1b\xc9\x15\xb7\x30\x1d\xf0\x8f\x90\xa1\x14\xff\xdd\x98\xff\x5d\xa1\x13\x64\xbe\x1c\xba\x4d\xad\x0a\x72\xc5\x2d\x42\x07\xfc\x23\x64\x28\xc5\x7f\x77\xe6\x7f\x77\xc0\xcd\x2b\x89\x6f\xed\xca\xf0\x4b\xae\xb8\x45\xe9\x80\x7f\x84\x0c\xa5\xf8\xef\xc1\xfc\xef\x59\xfb\xe8\x63\xf7\xa3\x0d\x87\x44\x91\x2b\x6e\x31\x3a\xe0\x1f\x21\x43\x29\xfe\x7b\x32\xff\x7b\x23\x27\x8b\x34\x22\xd6\xf8\xcf\x2b\xe5\x8a\x5b\x9c\x0e\xf8\x47\xc8\x50\x8a\xff\x5e\xcc\xff\xbe\xe6\x23\xfe\x15\xed\x15\x33\xf6\x68\xb9\xe2\x96\xa0\x03\xfe\x11\x32\x94\xe2\xbf\x37\xf3\xbf\xff\x7e\xa1\xf8\x9b\x96\x1d\xeb\x98\x4f\xae\xb8\x7e\xf7\xf0\x8f\x90\xa1\x14\xff\x7d\x98\xff\x03\x67\xfa\xe4\x7b\x52\xf4\x66\xa1\xba\x72\xc5\xf5\x7f\x26\x18\xfe\x11\x32\x94\xe2\xbf\x2f\xf3\x1f\xd0\x79\xdf\xbd\x98\x0b\x9d\x1c\x6f\xe5\x8a\x5b\x9a\x0e\xf8\x47\xc8\x50\x8a\xff\x7e\xcc\xff\xc1\x34\xeb\xae\x15\xf9\x37\xe9\xf6\x41\xb9\xe2\x96\xa1\x03\xfe\x11\x32\x94\xe2\xbf\x3f\xf3\x7f\x68\x52\x9b\x9c\x9b\x93\x16\x59\xdf\x5d\xae\xb8\x65\xe9\x80\x7f\x84\x0c\xa5\xf8\x1f\xc0\xfc\x1f\x1e\x56\x29\xc6\xd3\x02\xcb\x83\xcf\x93\x2b\x6e\x39\x3a\xe0\x1f\x21\x43\x29\xfe\x07\x32\xff\x47\x0a\xcc\xf8\x1c\xe3\x51\xcf\x9e\xa9\xe5\x8a\x5b\x9e\x0e\xf8\x47\xc8\x50\x8a\xff\x41\xcc\xff\xd1\x69\x5e\x82\x52\x43\xde\xcc\x09\x2b\x57\x5c\xff\xef\x04\xc0\x3f\x42\x86\x52\xfc\x0f\x66\xfe\x8f\x65\x38\xfd\x7b\x6f\x83\x82\xaf\xb7\xc8\x15\xb7\x22\x1d\xf0\x8f\x90\xa1\x14\xff\x43\x98\xff\xe3\x79\xde\xdf\x7d\x57\x3a\xef\x96\x5c\x72\xc5\xad\x44\x07\xfc\x23\x64\x28\xc5\xff\x50\xe6\xff\xc4\xa0\x1c\x05\xe3\x4d\x7f\x71\x74\xbc\x5c\x71\x2b\xd3\x01\xff\x08\x19\x4a\xf1\x3f\x8c\xf9\x3f\x99\xe4\xf3\xd5\x11\x5f\xba\xa6\x5e\x2a\x57\xdc\x2a\x74\xc0\x3f\x42\x86\x52\xfc\x0f\x67\xfe\x4f\xcd\xca\x92\xa3\x7b\xea\xc5\x0d\x63\xc8\x15\xb7\x2a\x1d\xf0\x8f\x90\xa1\x14\xff\x23\x98\xff\xd3\xe3\xc2\xc5\x4c\x9c\xad\xc4\xa7\x7f\x72\xc5\xad\x46\x07\xfc\x23\x64\x28\xc5\xff\x48\xe6\xff\x4c\x8e\xf3\x5f\x2e\x3f\x9f\x36\xbc\x8c\x5c\x71\xab\xd3\x01\xff\x08\x19\x4a\xf1\x3f\x8a\xf9\x3f\x5b\xa4\x5d\x9c\x98\xa3\x22\xb4\x6a\x26\x57\xdc\x1a\x74\xc0\x3f\x42\x86\x52\xfc\x8f\x66\xfe\xcf\x7d\x5f\xf3\xfd\x49\xb5\x3b\x09\x2e\xc9\x15\xb7\x26\x1d\xf0\x8f\x90\xa1\x14\xff\x63\x98\xff\xf3\xaf\x27\xdd\xda\xb4\xf5\x50\xe6\x1d\x72\xc5\xad\x45\x07\xfc\x23\x64\x28\xc5\xff\x58\xe6\xff\x42\x8d\x1a\x79\x8b\x76\x8c\x5a\x32\xa4\x5c\x71\x6b\xd3\x01\xff\x08\x19\x4a\xf1\x3f\x8e\xf9\xbf\x38\xad\x5b\xc9\xba\x11\x47\xaf\x49\x2f\x57\xdc\x3a\x74\xc0\x3f\x42\x86\x52\xfc\x8f\x67\xfe\x2f\x65\xd8\xb2\x7c\xd5\x95\xba\x77\x66\xc9\x15\xd7\xff\x4c\x30\xf8\x47\xc8\x50\x8a\xff\x09\xcc\xff\xe5\x3c\xa3\x86\xfd\x3e\xbf\xaf\x53\x67\xb9\xe2\xd6\xa3\x03\xfe\x11\x32\x94\xe2\x7f\x22\xf3\x7f\x65\x50\x85\x16\x11\xa3\x74\x08\x73\x54\xae\xb8\xf5\xe9\x80\x7f\x84\x0c\xa5\xf8\x9f\xc4\xfc\x5f\x7d\xbc\x3f\xd2\xce\x2e\x9f\x5f\xbd\x94\x2b\x6e\x03\x3a\xe0\x1f\x21\x43\x29\xfe\x27\x33\xff\xd7\x6a\xf7\xfd\x58\x6c\x43\x8a\xf9\x0d\xe5\x8a\xeb\xff\x33\xf8\x47\xc8\x50\x8a\xff\x29\xcc\xff\xf5\xf2\x85\xaf\x44\xaa\xf7\xbb\xc6\x5f\xb9\xe2\xfa\xdf\x09\x0e\xff\x08\x19\x4a\xf1\x3f\x95\xf9\xbf\xf1\x6d\x64\xe6\xc7\x83\x32\x24\x2a\x2b\x57\xdc\xc6\x74\xc0\x3f\x42\x86\x52\xfc\x4f\x63\xfe\x6f\x56\x2f\x1e\xd8\xfb\xc1\xb6\x73\xcd\xe5\x8a\xdb\x84\x0e\xf8\x47\xc8\x50\x8a\xff\xe9\xcc\xff\xad\x77\x43\x73\x8d\xc9\xd7\x62\xef\x45\xb9\xe2\x36\xa5\x03\xfe\x11\x32\x94\xe2\x7f\x06\xf3\x1f\xf8\x6b\x77\xec\x7b\x89\x07\xc7\xcc\x2d\x57\x5c\xff\xef\x04\xc2\x3f\x42\x86\x52\xfc\xcf\x64\xfe\x6f\x17\x1e\xf8\x2b\xfd\x9f\xaa\x8d\xc7\xc9\x15\xd7\xff\x3d\x01\xfc\x23\x64\x28\xc5\xff\x2c\xe6\xff\x4e\xf6\xbb\xd1\x9e\xcf\x3f\x35\x6e\x89\x5c\x71\x5b\xd0\x01\xff\x08\x19\x4a\xf1\x3f\x9b\xf9\xbf\x3b\x31\xee\xd7\xb8\x85\xe3\xfe\x8c\x29\x57\xdc\x96\x74\xc0\x3f\x42\x86\x52\xfc\xcf\x61\xfe\xef\xcd\x4d\x7c\xa3\xe2\x8a\x30\xd7\x3a\xc9\x15\xb7\x15\x1d\xf0\x8f\x90\xa1\x14\xff\x73\x99\xff\xfb\x89\x9f\x65\xdf\xd7\xe7\xea\xd2\x63\x72\xc5\x6d\x4d\x07\xfc\x23\x64\x28\xc5\xff\x3c\xe6\xff\x41\x92\x50\x2d\x16\xc5\xa9\x50\xe1\x95\x5c\x71\xdb\xd0\x01\xff\x08\x19\x4a\xf1\x3f\x9f\xf9\x7f\x38\xeb\xf0\xb0\xaa\xc7\xe7\xe5\x6a\x20\x57\xdc\xb6\x74\xc0\x3f\x42\x86\x52\xfc\x2f\x60\xfe\x1f\x8d\xfb\xbe\x3c\xec\xed\xbe\xd3\x76\xca\x15\xb7\x1d\x1d\xf0\x8f\x90\xa1\x14\xff\x0b\x99\xff\xc7\x39\x0a\x94\xfc\x1c\x76\xf5\xa3\x10\x72\xc5\x6d\x4f\x07\xfc\x23\x64\x28\xc5\xff\x22\xe6\xff\x49\xdf\x0e\x21\x77\xb4\xcc\x1a\x31\x9d\x5c\x71\x3b\xd0\x01\xff\x08\x19\x4a\xf1\xbf\x98\xf9\x7f\x7a\x68\xd5\xc3\xe2\x7b\x1f\xf6\x9e\x2d\x57\xdc\x8e\x74\xc0\x3f\x42\x86\x52\xfc\x2f\x61\xfe\x83\xae\x4d\x39\x18\x79\xdd\xd3\x94\x51\xe5\x8a\xeb\xff\x4c\x00\xfc\x23\x64\x28\xc5\xff\x52\xe6\xff\x59\xc7\x6a\x49\x1e\x75\xca\x59\x79\x85\x5c\x71\xfd\xcf\x04\x85\x7f\x84\x0c\xa5\xf8\x5f\xc6\xfc\x3f\x3f\x37\xe3\x54\xaf\x48\xeb\xf7\x8d\x92\x2b\x6e\x17\x3a\xe0\x1f\x21\x43\x29\xfe\x97\x33\xff\x2f\x7a\x56\x4a\x3b\xf6\xec\xc0\xd3\xf9\xe5\x8a\xdb\x95\x0e\xf8\x47\xc8\x50\x8a\xff\x15\xcc\xff\xcb\xa6\x6d\x9c\xfb\x97\x66\xb5\xb8\x2a\x57\xdc\x6e\x74\xc0\x3f\x42\x86\x52\xfc\xaf\x64\xfe\x5f\xdd\x5a\xf7\x3c\x9d\xaf\x4c\xa4\xc6\x72\xc5\xed\x4e\x07\xfc\x23\x64\x28\xc5\xff\x2a\xe6\xff\xf5\xfa\x08\x61\x5f\xb4\xbf\xf8\xa7\xa2\x5c\x71\x7b\xd0\x01\xff\x08\x19\x4a\xf1\xbf\x9a\xf9\x7f\x13\xf3\xe4\xd3\x38\x9b\x43\x8c\xfd\x29\x57\xdc\x9e\x74\xc0\x3f\x42\x86\x52\xfc\xaf\x61\xfe\xdf\x86\xfc\x78\xb4\x42\x8d\x84\xcb\xe6\xcb\x15\xb7\x17\x1d\xf0\x8f\x90\xa1\x14\xff\x6b\x99\xff\x77\xbb\xb3\xa5\xd8\x3f\xe6\xdc\xe5\x54\x72\xc5\xed\x4d\x07\xfc\x23\x64\x28\xc5\xff\x3a\xe6\xff\x7d\xdf\x18\x75\x96\xbf\xac\x59\x30\x8c\x5c\x71\xfb\xd0\x01\xff\x08\x19\x4a\xf1\xbf\x9e\xf9\xff\x70\xe8\xe2\xae\x1a\x39\x86\x97\xde\x2a\x57\xdc\xbe\x74\xc0\x3f\x42\x86\x52\xfc\x6f\x60\xfe\x3f\x5e\x7b\x39\x3b\x44\xda\x26\x4f\xeb\xc8\x15\xb7\x1f\x1d\xf0\x8f\x90\xa1\x14\xff\x1b\x99\xff\x4f\x1d\xd3\xf5\xfd\xf0\x6d\xd3\xd4\x77\x72\xc5\xed\x4f\x07\xfc\x23\x64\x28\xc5\xff\x26\xe6\xff\xb3\x77\xdf\x57\x7a\x66\x9a\x01\x87\xe4\x8a\x3b\x80\x0e\xf8\x47\xc8\x50\x8a\xff\xcd\xcc\xff\x97\x1d\xb1\xdf\xed\x29\xfb\x3d\x5c\x37\xb9\xe2\x0e\xa4\x03\xfe\x11\x32\x94\xe2\x7f\x0b\xf3\xff\x75\x49\xd2\xf3\x6f\xdf\xe6\xaf\x74\x4e\xae\xb8\x83\xe8\x80\x7f\x84\x0c\xa5\xf8\xdf\xca\xfc\x7f\x8b\xf5\x34\x5d\xfc\x2c\xef\x52\xf4\x92\x2b\xee\x60\x3a\xe0\x1f\x21\x43\x29\xfe\xb7\x31\xff\xdf\xf7\xa4\x3c\x31\xb2\x4a\xf7\x33\x35\xe4\x8a\x3b\x84\x0e\xf8\x47\xc8\x50\x8a\xff\xed\xcc\xff\x8f\x60\x0f\x93\x77\x9b\xb0\x72\xff\x63\xb9\xe2\x0e\xa5\x03\xfe\x11\x32\x94\xe2\x7f\x07\xf3\xff\x33\xda\xed\x50\x89\xa6\x16\x8a\xec\xc8\x15\x77\x18\x1d\xf0\x8f\x90\xa1\x14\xff\x3b\x99\xff\x5f\x1b\xe2\x07\x5d\xa9\x38\xa5\x65\x80\x5c\x71\x87\xd3\x01\xff\x08\x19\x4a\xf1\xbf\x8b\xf9\xff\x1d\x18\x10\x3e\x46\xc6\x70\x63\x26\xcb\x15\x77\x04\x1d\xf0\x8f\x90\xa1\x14\xff\xbb\x99\xff\x3f\x8d\x7a\xbf\x7a\xfa\x29\xf0\x77\x32\xb9\xe2\x8e\xa4\x03\xfe\x11\x32\x94\xe2\x7f\x0f\xf3\xff\xb7\x5b\xd1\xd3\x9b\xa3\x9d\xb8\x52\x54\xae\xb8\xfe\x67\x02\xc3\x3f\x42\x86\x52\xfc\xef\x65\xfe\xff\x9d\x1f\x9e\xaa\xc8\xc9\xe8\xcb\xbf\xca\x15\x77\x34\x1d\xf0\x8f\x90\xa1\x14\xff\xfb\xfe\xd7\xbf\x1b\xec\x5d\xc6\x42\x89\x56\x4d\x2c\x75\x53\xae\xb8\x63\xe8\x80\x7f\x84\x0c\xa5\xf8\xdf\xcf\xfc\x07\xaf\xfe\x62\xc9\x95\x6e\xf5\x0b\xb4\x97\x2b\xee\x58\x3a\xe0\x1f\x21\x43\x29\xfe\x0f\x30\xff\x21\x0a\x5f\x19\x3a\xb2\xf5\x9e\x29\xc3\xe4\x8a\x3b\x8e\x0e\xf8\x47\xc8\x50\xff\x87\xff\xd6\xa1\x83\x05\x0b\x60\xfe\x43\xfe\x8a\xde\xb8\xdb\xf6\x56\x4f\x32\xcb\x15\x77\x3c\x1d\xf0\x8f\x90\xa1\x94\xff\xff\x3f\xc8\xfc\x87\x7a\x15\xb2\xd0\xe1\x6b\x1f\xc3\x27\x94\x2b\xee\x04\x3a\xe0\x1f\x21\x43\x29\xfe\x0f\x31\xff\xa1\x2b\x1f\x5b\x92\x39\x7c\xa2\x81\x6b\xe4\x8a\x3b\x91\x0e\xf8\x47\xc8\x50\x8a\xff\xc3\xcc\x7f\x98\xe2\xff\x86\x36\x4f\x90\x2c\x71\x22\xb9\xe2\x4e\xa2\x03\xfe\x11\x32\x94\xe2\xff\x08\xf3\x1f\xf6\x5f\xee\xc6\x33\x0e\x7f\xad\x39\x5d\xae\xb8\xfe\xcf\x04\xc3\x3f\x42\x86\x52\xfc\x1f\x65\xfe\xc3\xd5\xff\x35\xc6\x5b\xd2\x6e\xcf\x5e\xb9\xe2\x4e\xa1\x03\xfe\x11\x32\x94\xe2\xff\x18\xf3\x1f\xfe\x59\xfe\x56\xff\x06\x1c\x38\x1b\x41\xae\xb8\x53\xe9\x80\x7f\x84\x0c\xa5\xf8\x3f\xce\xfc\x3b\x9f\xc2\x96\x5e\xdb\xb4\x76\xa3\x67\x72\xc5\x9d\x46\x07\xfc\x23\x64\x28\xc5\xff\x09\xe6\xdf\x2d\x7d\x68\x6d\xad\x80\xb1\x31\xaa\xc8\x15\xd7\xff\x33\x01\xf8\x47\xc8\x50\x8a\xff\x93\xcc\xbf\x97\xbf\x69\xb1\xf9\xf7\x23\xff\xea\x27\x57\xdc\x19\x74\xc0\x3f\x42\x86\x52\xfc\x9f\x62\xfe\x7d\x23\x97\xaf\xe8\x10\xf2\xc8\xf8\x53\x72\xc5\x9d\x49\x07\xfc\x23\x64\x28\xc5\xff\x69\xe6\x3f\xc2\xd4\x85\x23\xf3\x3c\xb9\xb7\x64\x83\x5c\x71\x67\xd1\x01\xff\x08\x19\x4a\xf1\x7f\x86\xf9\x8f\x98\xba\x76\xf3\x53\xb9\xbc\xab\x71\xe5\x8a\x3b\x9b\x0e\xf8\x47\xc8\x50\x8a\xff\xb3\xcc\x7f\xa4\x57\x7d\x63\x5f\xaa\x35\x23\x77\x76\xb9\xe2\xce\xa1\x03\xfe\x11\x32\x94\xe2\xff\x1c\xf3\x1f\xb9\xf2\xfe\x5f\x49\x86\x15\xab\x38\x48\xae\xb8\x73\xe9\x80\x7f\x84\x0c\xa5\xf8\x3f\xcf\xfc\x47\x29\x3e\x32\xb0\xc7\xec\xa5\x8f\x5b\xcb\x15\x77\x1e\x1d\xf0\x8f\x90\xa1\x14\xff\x17\x98\xff\xa8\xff\x0a\xe7\x1a\x5e\xbc\xf3\xf4\x3b\x72\xc5\x9d\x4f\x07\xfc\x23\x64\x28\xc5\xff\x45\xe6\x3f\xda\xbc\x2d\x15\xf2\x27\x7f\xd5\xeb\xa3\x5c\x71\x17\xd0\x01\xff\x08\x19\x4a\xf1\x7f\x89\xf9\x8f\x9e\xa2\xdb\xba\xf3\x3f\x72\x47\xf8\x0f\xe3\xee\x42\x3a\xe0\x1f\x21\x43\x29\xfe\x2f\x33\xff\x31\xb2\x54\x18\x3f\xc7\x7d\x7c\x2c\x48\xae\xb8\x8b\xe8\x80\x7f\x84\x0c\xa5\xf8\xbf\xc2\xfc\xc7\x1c\x35\xaa\x63\xeb\x1b\x99\xb7\x56\x95\x2b\xee\x62\x3a\xe0\x1f\x21\x43\x29\xfe\xaf\x32\xff\xb1\xd2\x94\x19\xf6\x69\xe7\xda\x06\xfd\xe5\x8a\xbb\x84\x0e\xf8\x47\xc8\x50\x8a\xff\x6b\xcc\x7f\xec\x49\xe3\x5a\x04\x6b\xdb\x3b\xd5\x49\xb9\xe2\x2e\xa5\x03\xfe\x11\x32\x94\xe2\xff\x3a\xf3\x1f\x67\xd8\x8e\x92\xd5\x7a\x2c\x18\x96\x58\xae\xb8\xcb\xe8\x80\x7f\x84\x0c\xa5\xf8\xbf\xc1\xfc\xc7\x2d\xd0\x69\xf9\xca\x35\xe5\x3e\x4e\x93\x2b\xee\x72\x3a\xe0\x1f\x21\x43\x29\xfe\x6f\x32\xff\xf1\xca\x5c\x2e\xd3\xe4\xf4\xf5\x84\x7b\xe4\x8a\xbb\x82\x0e\xf8\x47\xc8\x50\x8a\xff\x5b\xcc\x7f\xfc\xf7\xd1\x56\x4d\x8e\x11\xaa\x75\x44\xb9\xe2\xae\xa4\x03\xfe\x11\x32\x94\xe2\x3f\x90\xf9\x4f\xf0\x24\xc3\xe8\x63\x1f\x62\x97\x68\x25\x57\xdc\x55\x74\xc0\x3f\x42\x86\x52\xfc\xdf\x66\xfe\x13\x36\x78\xde\x36\x47\xfa\x33\x99\xee\xca\x15\x77\x35\x1d\xf0\x8f\x90\xa1\x14\xff\x77\x98\xff\x44\xf5\xdd\x5c\x69\xca\x57\xbe\xfb\x49\xae\xb8\xfe\x77\x82\xc1\x3f\x42\x86\x52\xfc\xdf\x65\xfe\x13\x3f\x3b\x17\x78\x6b\xf2\xd0\xb5\x25\xe4\x8a\xbb\x96\x0e\xf8\x47\xc8\x50\x8a\xff\x7b\xcc\x7f\x92\x4f\xdf\x7e\x8d\x1f\xd7\x2c\xec\x46\xb9\xe2\xae\xa3\x03\xfe\x11\x32\x94\xe2\xff\x3e\xf3\x9f\xb4\x74\xe6\xd8\x03\x2a\xed\xe8\x1c\x47\xae\xb8\xeb\xe9\x80\x7f\x84\x0c\xa5\xf8\x7f\xc0\xfc\x27\x0b\xd5\xb8\x7e\xbe\x4c\xe9\xe6\x65\x93\x2b\xae\xff\x99\xc0\xf0\x8f\x90\xa1\x14\xff\x0f\x99\xff\xe4\x07\x56\x06\x5c\x78\xfd\xf7\xe5\x60\xb9\xe2\xfa\xbf\x27\x80\x7f\x84\x0c\xa5\xf8\x7f\xc4\xfc\xa7\x58\x33\x7f\xc1\xdc\x5f\x3f\xb7\xb9\x72\xc5\xdd\x44\x07\xfc\x23\x64\x28\xc5\xff\x63\xe6\x3f\x65\xa4\xba\xfd\x5a\xa5\x4c\x75\xf8\x80\x5c\x71\x37\xd3\x01\xff\x08\x19\x4a\xf1\xff\x84\xf9\x4f\xb5\x65\xf6\xcc\x8f\x25\xb7\x64\x9c\x24\x57\xdc\x2d\x74\xc0\x3f\x42\x86\x52\xfc\x3f\x65\xfe\x53\x87\x6b\xd8\x3d\xf8\xdc\x46\xb5\x93\xcb\x15\x77\x2b\x1d\xf0\x8f\x90\xa1\x14\xff\x41\xcc\x7f\x9a\x78\xcd\xab\x55\x1f\x31\xf2\xcb\x59\xb9\xe2\x6e\xa3\x03\xfe\x11\x32\x94\xe2\xff\x19\xf3\x9f\x76\xc5\xd2\x1d\x2b\xea\x54\x1f\xda\x5b\xae\xb8\xdb\xe9\x80\x7f\x84\x0c\xa5\xf8\x7f\xce\xfc\xa7\xbb\x1c\xbc\x76\xd3\x3c\x17\x3a\xd4\x94\x2b\xee\x0e\x3a\xe0\x1f\x21\x43\x29\xfe\x5f\x30\xff\xe9\x5b\x9d\xd8\x3b\x29\x28\x7e\xac\x47\x72\xc5\xdd\x49\x07\xfc\x23\x64\x28\xc5\xff\x4b\xe6\x3f\x43\xbf\x3f\x73\x8e\x06\x0f\x96\x73\xb8\x5c\x71\x77\xd1\x01\xff\x08\x19\x4a\xf1\xff\x8a\xf9\xcf\x78\x3c\x6f\xaf\x9c\x77\x2f\x17\xce\x24\x57\xdc\xdd\x74\xc0\x3f\x42\x86\x52\xfc\xbf\x66\xfe\x33\x85\x8a\x1d\x2a\xe3\xfe\x52\xeb\x12\xc8\x15\xd7\xff\x4c\x40\xf8\x47\xc8\x50\x8a\xff\x37\xcc\x7f\xe6\x03\xf7\x83\xee\x34\x9e\x13\xb8\x56\xae\xb8\x7b\xe9\x80\x7f\x84\x0c\xa5\xf8\x7f\xcb\xfc\x67\x59\xf3\xf4\xc4\xa8\x7e\xfd\x7b\x14\x91\x2b\xee\x3e\x3a\xe0\x1f\x21\x43\x29\xfe\xdf\x31\xff\x59\x23\x25\x4d\xde\x77\xd1\xc6\x60\xdf\xe4\x8a\xbb\x9f\x0e\xf8\x47\xc8\x50\x8a\xff\xf7\xcc\x7f\xb6\xae\x17\xab\x1e\x39\x98\xfd\xcd\x2d\xb9\xe2\xfa\x7f\x27\x08\xfe\x11\x32\x94\xe2\xff\x03\xf3\x9f\xfd\x54\x8c\xcd\x99\xe2\x3d\x9b\xdb\x4e\xae\xb8\x01\x74\xc0\x3f\x42\x86\x52\xfc\x7f\x64\xfe\x73\xdc\x4d\x37\xa9\x59\xa2\x76\x5e\x1b\xb9\xe2\x1e\xa4\x03\xfe\x11\x32\x94\xe2\xff\x13\xf3\x9f\xb3\xe5\xcb\x2e\x33\x7f\x1f\xe8\x73\x5f\xae\xb8\x87\xe8\x80\x7f\x84\x0c\xa5\xf8\xff\xcc\xfc\xe7\x3a\x96\x6a\xb6\x6f\x5e\xb2\x99\x1f\xe4\x8a\x7b\x98\x0e\xf8\x47\xc8\x50\x8a\xff\x2f\xcc\x7f\xee\x81\x6f\xfb\xfe\x2d\xf4\xf5\x61\x31\xb9\xe2\x1e\xa1\x03\xfe\x11\x32\x94\xe2\xff\x2b\xf3\x9f\xa7\xed\xd5\x3a\x6b\xea\x47\x2e\xbf\x5e\xae\xb8\x47\xe9\x80\x7f\x84\x0c\xa5\xf8\xff\xc6\xfc\xe7\xbd\x14\x65\x57\xed\xc1\x47\xf2\xc6\x92\x2b\xee\x31\x3a\xe0\x1f\x21\x43\x29\xfe\xbf\x33\xff\xf9\x96\x6f\xaa\x39\xef\x61\xed\xeb\x39\xe4\x8a\x7b\x9c\x0e\xf8\x47\xc8\x50\x8a\xff\x1f\xcc\x7f\xfe\x84\x3d\xb6\x77\xcc\x3f\x76\xd1\x50\xb9\xe2\x9e\xa0\x03\xfe\x11\x32\x94\xe2\xff\x27\xf3\x5f\xc0\x2d\x37\x2d\x6f\xe0\x8c\x89\x4f\xe4\x8a\x7b\x92\x0e\xf8\x47\xc8\x50\x8a\xff\x5f\xcc\x7f\xc1\xcd\x63\x7a\x9c\x0c\x53\xec\x47\x65\xb9\xe2\x9e\xa2\x03\xfe\x11\x32\x94\xe2\xff\x37\xf3\x5f\xe8\xe5\x9c\xfe\xf3\x5b\xdc\x8b\x36\x50\xae\xb8\xa7\xe9\x80\x7f\x84\x0c\xa5\xf8\xff\xc3\xfc\x17\xae\x54\x6f\x61\x87\x3d\x5e\x93\xd3\x72\xc5\x3d\x43\x07\xfc\x23\x64\x28\xc5\xff\x5f\xe6\xbf\x48\xb1\x16\x07\xf2\xac\x7c\x75\x3e\xa9\x5c\x71\xfd\xef\x04\x80\x7f\x84\x0c\xa5\xf8\xff\xc7\xfc\x17\xfd\xbb\xa8\xde\xa9\xbe\xb9\x77\xcd\x90\x2b\xee\x39\x3a\xe0\x1f\x21\x43\xfd\xdf\xfe\xc3\x04\x63\xfe\x8b\x1d\xd8\xd7\xf6\x4b\xdc\xa5\xd5\x77\xc9\x15\xf7\x3c\x1d\xf0\x8f\x90\xa1\x14\xff\xc1\x99\xff\xe2\xa1\xfa\x8c\x0e\x73\xa2\x73\x52\x9f\x5c\x71\x2f\xd0\x01\xff\x08\x19\x4a\xf1\x1f\x82\xf9\x2f\x11\xa9\xd0\xaa\x2a\x17\xbb\xf7\x1f\x29\x57\xdc\x8b\x74\xc0\x3f\x42\x86\x52\xfc\x87\x64\xfe\x4b\xae\x19\x51\x66\xb1\xb7\xd2\xcd\x22\x57\xdc\x4b\x74\xc0\x3f\x42\x86\x52\xfc\x87\x62\xfe\x4b\x85\x2b\xb6\x38\x6f\xbb\xfc\x41\xf1\xe4\x8a\x7b\x99\x0e\xf8\x47\xc8\x50\x8a\xff\xd0\xcc\x7f\xe9\x2d\x43\x8a\x9e\xdc\xf4\x6e\xd2\x6a\xb9\xe2\x5e\xa1\x03\xfe\x11\x32\x94\xe2\x3f\x0c\xf3\x5f\x66\xc5\xae\x26\xf3\xd6\x87\xcb\x57\x48\xae\xb8\x57\xe9\x80\x7f\x84\x0c\xa5\xf8\x0f\xcb\xfc\x97\x8d\x37\x60\x50\xc7\xce\x81\x65\xbe\xc8\x15\xf7\x1a\x1d\xf0\x8f\x90\xa1\x14\xff\xe1\x98\xff\x72\xad\xee\x74\x5c\x13\xb9\xd0\xca\xdb\x72\xc5\xbd\x4e\x07\xfc\x23\x64\x28\xc5\x7f\x78\xe6\xbf\xfc\xe5\x38\xe3\x6b\x9f\x9b\x72\xa9\x83\x5c\x71\x6f\xd0\x01\xff\x08\x19\x4a\xf1\xef\x30\xff\x15\x8e\x27\x5a\xe7\x4b\x33\xf1\x6f\x78\xb9\xe2\xde\xa4\x03\xfe\x11\x32\x94\xe2\xdf\x65\xfe\x2b\xf6\x0b\xaa\xf0\xf7\x6b\xfd\x51\xfb\xe4\x8a\xeb\x7f\x27\x18\xfc\x23\x64\x28\xc5\xbf\xc7\xfc\x57\x3a\x70\x34\x4b\xd0\x8c\x13\xcd\xa7\xc8\x15\x37\x90\x0e\xf8\x47\xc8\x50\x8a\x7f\x1f\xf3\x5f\x39\x54\x88\x8b\xd1\xcb\x44\x8f\x9a\x52\xae\xb8\xfe\x9f\x09\xc2\x3f\x42\x86\x52\xfc\x47\x60\xfe\xab\x44\xca\xf5\xa1\x70\xcd\x8f\x01\xe7\xe5\x8a\x7b\x87\x0e\xf8\x47\xc8\x50\x8a\xff\x88\xcc\x7f\xd5\x35\x7f\xa3\x6e\x19\x9b\xe8\x54\x5f\xb9\xe2\xde\xa5\x03\xfe\x11\x32\x94\xe2\x3f\x12\xf3\x5f\xed\x94\xaf\xb9\xf3\x6a\x4f\xb2\xea\x72\xc5\xbd\x47\x07\xfc\x23\x64\x28\xc5\x7f\x64\xe6\xbf\x7a\xd7\x33\x23\x7f\xe4\x6c\x55\xe5\x81\x5c\x71\xfd\xef\x04\x86\x7f\x84\x0c\xa5\xf8\x8f\xc2\xfc\xd7\x68\xf9\x61\xc5\xfa\x63\x5b\x66\x17\x96\x2b\xae\xff\x7f\x13\xe0\x1f\x21\x43\x29\xfe\xa3\x32\xff\x35\xef\xe6\x2c\xd6\x20\x76\xa3\x77\x9f\xe5\x8a\xfb\x90\x0e\xf8\x47\xc8\x50\x8a\xff\x68\xcc\x7f\xad\x81\x5f\x36\x1e\xed\xfd\x33\x44\xa0\x5c\x71\x1f\xd1\x01\xff\x08\x19\x4a\xf1\x1f\x9d\xf9\xaf\x7d\x2c\x6b\xf9\x9c\xcb\x53\x75\xeb\x28\x57\xdc\xc7\x74\xc0\x3f\x42\x86\x52\xfc\xc7\x60\xfe\xeb\x5c\x0a\xdf\xae\xe9\xae\x0b\x37\x47\xc8\x15\xd7\xff\x4e\x40\xf8\x47\xc8\x50\x8a\xff\x98\xcc\x7f\xdd\xb6\x17\x26\x4c\x6a\x16\x7f\x43\x56\xb9\xe2\x3e\xa5\x03\xfe\x11\x32\x94\xe2\x3f\x16\xf3\x5f\x2f\x61\xfb\xc6\xd5\x43\x8d\x2c\x1a\x5f\xae\xb8\x41\x74\xc0\x3f\x42\x86\x52\xfc\xc7\x66\xfe\xeb\x2f\x5f\x3b\x74\xc5\xcd\xea\xd9\x57\xc9\x15\xf7\x19\x1d\xf0\x8f\x90\xa1\x14\xff\x71\x98\xff\x06\x9b\x27\x2f\xf9\x58\xb0\x54\x9c\x0b\x72\xc5\x7d\x4e\x07\xfc\x23\x64\x28\xc5\x7f\x5c\xe6\xbf\xa1\x5b\xb3\x50\xf0\xc7\x73\xda\xf5\x91\x2b\xee\x0b\x3a\xe0\x1f\x21\x43\x29\xfe\xe3\x31\xff\x8d\xc2\x6d\x8b\x1a\x7f\x68\xb0\xc1\xd5\xe4\x8a\xfb\x92\x0e\xf8\x47\xc8\x50\x8a\xff\xf8\xcc\x7f\xe3\x2d\x5d\x3e\xbc\x6d\x78\xf9\xdb\x43\xb9\xe2\xbe\xa2\x03\xfe\x11\x32\x94\xe2\x3f\x01\xf3\xdf\x64\x45\xa9\x8b\x7b\x8a\x64\xaf\x1b\x4e\xae\xb8\xaf\xe9\x80\x7f\x84\x0c\xa5\xf8\x4f\xc8\xfc\x37\x8d\x37\x21\x4b\xe9\x05\xcf\xd2\xef\x97\x2b\xee\x1b\x3a\xe0\x1f\x21\x43\x29\xfe\x13\x31\xff\xcd\x2a\xdf\xeb\xe1\xfe\xed\x7f\x70\xaa\x5c\x71\xdf\xd2\x01\xff\x08\x19\x4a\xf1\x9f\x98\xf9\x6f\xfe\x2a\xd6\xb4\xef\x49\x36\xee\x48\x21\x57\xdc\x77\x74\xc0\x3f\x42\x86\x52\xfc\x27\x61\xfe\x5b\xfc\x4b\xb2\x7d\x5d\xf6\xb5\xcf\xd7\xc9\x15\xf7\x3d\x1d\xf0\x8f\x90\xa1\x14\xff\x49\x99\xff\x96\xc5\x9f\xd4\x6c\xf8\xa2\xf7\x82\xd8\x72\xc5\xfd\x40\x07\xfc\x23\x64\x28\xc5\x7f\x32\xe6\xbf\xd5\xb3\x14\xfb\x8e\x8d\x7e\xdc\x35\xa7\x5c\x71\x3f\xd2\x01\xff\x08\x19\x4a\xf1\x9f\x9c\xf9\x6f\x5d\xff\x41\x83\x1c\xd5\x33\x87\x1e\x22\x57\xdc\x4f\x74\xc0\x3f\x42\x86\x52\xfc\xa7\x60\xfe\xdb\x94\x0e\x1c\xd8\xa4\xd4\xf5\xd5\x6d\xe5\x8a\xeb\x7f\x26\x18\xfc\x23\x64\x28\xc5\x7f\x4a\xe6\xbf\xed\xa7\x78\xf3\x27\x4f\x0b\x75\xff\x9e\x5c\x71\xbf\xd0\x01\xff\x08\x19\x4a\xf1\x9f\x8a\xf9\x6f\x37\xf2\x40\x97\x6a\x9f\x17\x64\x79\x2f\x57\xdc\xaf\x74\xc0\x3f\x42\x86\x52\xfc\xa7\x66\xfe\xdb\xe7\xef\x35\x69\x65\xaa\x72\xc5\x8a\xcb\x15\xf7\x1b\x1d\xf0\x8f\x90\xa1\x14\xff\x69\x98\xff\x0e\xa9\x8b\x6c\xfe\x74\xa1\x72\xdb\x24\x72\xc5\xfd\x4e\x07\xfc\x23\x64\x28\xc5\x7f\x5a\xe6\xbf\xe3\xd4\x61\x55\x83\x45\x1d\x1a\x7f\xa6\x5c\x71\x7f\xd0\x01\xff\x08\x19\x4a\xf1\x9f\x8e\xf9\xef\x54\x79\x45\xc6\x58\x5d\x63\xbf\xdf\x2d\x57\xdc\x9f\x74\xc0\x3f\x42\x86\x52\xfc\xa7\x67\xfe\x3b\xbf\x6a\x74\xee\xd5\xc6\x33\x23\x3c\xb9\xe2\xfe\xa2\x03\xfe\x11\x32\x94\xe2\x3f\x03\xf3\xdf\xe5\x5f\x9d\xd7\x01\x5b\xd2\xa5\x79\x2a\x57\xdc\xdf\x74\xc0\x3f\x42\x86\x52\xfc\x67\x64\xfe\xbb\x16\x9f\x17\xa1\x5c\x87\xbf\xf5\x2a\xc9\x15\xf7\x0f\x1d\xf0\x8f\x90\xa1\x14\xff\x99\x98\xff\x6e\x29\x3a\xf6\xfa\x1c\xa1\xd9\xe6\x01\x72\xc5\xfd\x4b\x07\xfc\x23\x64\x28\xc5\x7f\x66\xe6\xbf\xfb\xbc\xd5\x73\xc2\x5e\xde\x71\xe2\x8c\x5c\x71\xff\xd1\x01\xff\x08\x19\x4a\xf1\x9f\x85\xf9\xef\x31\x6a\xea\xde\xaa\xaf\x5f\xbb\xff\xf1\xfc\xbf\xff\xf9\x91\x20\xfc\x23\x64\x28\xc5\x7f\x56\xe6\xbf\x67\x96\xea\xb5\x17\x65\x2a\xd0\xff\x3f\x9e\xff\xe7\xd1\x7f\x03\xff\x08\x59\x4a\xf1\x9f\x8d\xf9\xef\x35\x69\xe6\x96\x3c\x95\x96\x4d\xfa\x8f\xe7\xff\x79\x21\xe8\x80\x7f\x84\x0c\xa5\xf8\xcf\xce\xfc\xf7\x4e\x53\xb9\xd2\xa9\x71\x3d\x82\xfe\xe3\xf9\x7f\x5e\x48\x3a\xe0\x1f\x21\x43\x29\xfe\x73\x30\xff\x7d\x0a\xb4\xed\x3c\x7f\xf2\xe4\x32\xff\xf1\xfe\x3f\x2f\x14\x1d\xf0\x8f\x90\xa1\x14\xff\x39\x99\xff\xbe\xc3\xd6\x4f\xed\x50\xbe\x68\xbe\xff\x78\xff\x9f\x17\x9a\x0e\xf8\x47\xc8\x50\x8a\xff\x5c\xcc\x7f\xbf\xf7\x11\xfb\xad\x4d\x7f\xeb\xd2\x7f\xbc\xff\xcf\x0b\x43\x07\xfc\x23\x64\x28\xc5\x7f\x6e\xe6\xbf\x7f\x99\x53\x0b\x6a\x7d\x70\x57\xfe\xc7\xfb\xff\xbc\xb0\x74\xc0\x3f\x42\x86\x52\xfc\xe7\x61\xfe\x07\x34\xf8\x14\xe0\xc5\x88\x31\x6a\x84\x5c\xf1\xfc\x5f\x0f\xff\x08\x19\x4a\xf1\x9f\x97\xf9\x1f\xf8\x24\x7b\xfd\x7f\xa7\x8f\xfe\xcd\x2a\x57\xbc\xf0\x74\xc0\x3f\x42\x86\x52\xfc\xe7\x63\xfe\x07\x45\x38\x12\x94\x6b\x4d\x83\xa8\xf1\xe5\x8a\xe7\xd0\x01\xff\x08\x19\x4a\xf1\x9f\x9f\xf9\x1f\xbc\x2d\x74\xa8\x33\x3d\xc6\x35\x5f\x25\x57\x3c\x97\x0e\xf8\x47\xc8\x50\x8a\xff\x02\xcc\xff\x90\x45\x05\x93\x2f\x6c\xdb\xf6\x54\x61\xb9\xe2\xf9\x7f\x01\x00\xfe\x11\x32\x94\xe2\xbf\x20\xf3\x3f\x34\xce\x8f\x13\xed\x76\xee\x0e\xf8\x2c\x57\x3c\x1f\x1d\xf0\x8f\x90\xa1\x14\xff\x85\x98\xff\x61\xce\xbb\xa0\xc0\x1b\x49\xab\x04\xca\x15\x2f\x02\x1d\xf0\x8f\x90\xa1\x14\xff\x85\x99\xff\xe1\x9b\x52\x87\x4a\xed\x7e\x48\xd6\x51\xae\x78\x11\xe9\x80\x7f\x84\x0c\xa5\xf8\x2f\xc2\xfc\x8f\x58\x16\x35\x79\xff\x78\x5f\xfa\xfc\xc7\xf3\xff\xbc\x48\x74\xc0\x3f\x42\x86\x52\xfc\x17\x65\xfe\x47\x26\xb8\x76\x62\xc2\xc1\x94\xde\x7f\x3c\xff\xcf\x8b\x4c\x07\xfc\x23\x64\x28\xc5\x7f\x31\xe6\x7f\xd4\xbe\x98\xe9\xa2\x2d\xda\xff\xf0\x3f\x9e\xff\xe7\x45\xa1\x03\xfe\x11\x32\x94\xe2\xbf\x38\xf3\x3f\x3a\xcc\xa5\xf3\xcf\xfa\x75\x9c\xf9\x1f\xcf\xff\xf3\xa2\xd2\x01\xff\x08\x19\x4a\xf1\x5f\x82\xf9\x1f\x13\xe5\xd5\xbb\xad\x8d\x47\xe5\xfd\x8f\xf7\xff\x79\xd1\xe8\x80\x7f\x84\x0c\xa5\xf8\x2f\xc9\xfc\x8f\x5d\x95\xde\x57\x68\x7f\x9d\xf2\xff\xf1\xfe\x3f\x2f\x3a\x1d\xf0\x8f\x90\xa1\x14\xff\xa5\x98\xff\x71\x77\x26\x3e\x1a\x7e\xf7\xe0\xa2\xff\x78\xff\x9f\x17\x83\x0e\xf8\x47\xc8\x50\x8a\xff\xd2\xcc\xff\xf8\x16\xa5\x83\xf5\x08\x1e\xe5\xfa\x7f\xbc\xff\xcf\x8b\x49\x07\xfc\x23\x64\x28\xc5\x7f\x19\xe6\x7f\x42\x97\xae\x89\x93\x04\x45\xfc\xd1\x56\xae\x78\xb1\xe8\x80\x7f\x84\x0c\xa5\xf8\x2f\xcb\xfc\x4f\x3c\xb9\xfd\xc8\xa5\x3c\x77\x27\xde\x93\x2b\x5e\x6c\x3a\xe0\x1f\x21\x43\x29\xfe\xcb\x31\xff\x93\x9c\x99\x01\xa7\xea\x94\x6c\xf2\x5e\xae\x78\x71\xe8\x80\x7f\x84\x0c\xa5\xf8\x2f\xcf\xfc\x4f\xde\x54\xb9\x7e\x9e\x11\xd3\xa3\x15\x97\x2b\x5e\x5c\x3a\xe0\x1f\x21\x43\x29\xfe\x2b\x30\xff\x53\x96\xb5\xed\xd7\x61\x6e\x97\x5d\xeb\xe4\x8a\x17\x8f\x0e\xf8\x47\xc8\x50\x8a\xff\x8a\xcc\xff\xd4\x04\xeb\x17\xcc\x2f\xb9\xe8\x7c\x6c\xb9\xe2\xf9\x9f\x09\x06\xff\x08\x19\x4a\xf1\x5f\x89\xf9\x9f\xd6\xbf\xc1\xf3\xe4\x29\xf3\x24\xcd\x29\x57\xbc\x04\x74\xc0\x3f\x42\x86\x52\xfc\x57\x66\xfe\xa7\x9f\x98\xe5\x5c\xff\xf5\xbc\xfa\x10\xb9\xe2\x25\xa4\x03\xfe\x11\x32\x94\xe2\xbf\x0a\xf3\x3f\xe3\xca\x92\xb4\x43\xc2\x67\x59\x90\x54\xae\x78\xfe\xaf\x81\x7f\x84\x0c\xa5\xf8\xaf\xca\xfc\xcf\x6c\xdd\xec\x54\xe7\x6b\x0f\x9e\xcf\x90\x2b\x5e\x62\x3a\xe0\x1f\x21\x43\x29\xfe\xab\x31\xff\xb3\xce\xac\x48\xf2\x6a\x7b\x9f\xd0\xbb\xe4\x8a\xe7\xff\x9d\x40\xf8\x47\xc8\x50\x8a\xff\xea\xcc\xff\xec\xce\x8d\x0e\xc6\x6a\xbd\xaa\xab\x4f\xae\x78\xfe\xef\x09\xe0\x1f\x21\x43\x29\xfe\x6b\x30\xff\x73\x9a\xd7\x79\x58\xae\x5b\xc5\xfb\x4f\xe4\x8a\x97\x8c\x0e\xf8\x47\xc8\x50\x8a\xff\x9a\xcc\xff\xdc\xfb\xf3\x42\x06\xac\x9a\xbf\xba\xb2\x5c\xf1\x92\xd3\x01\xff\x08\x19\x4a\xf1\x5f\x8b\xf9\x9f\xb7\xb6\xc0\xeb\x3e\x27\xc3\x16\x1b\x28\x57\xbc\x14\x74\xc0\x3f\x42\x86\x52\xfc\xd7\x66\xfe\xe7\x47\xfe\x1e\x61\x74\xb4\x6b\x59\x4e\xcb\x15\x2f\x25\x1d\xf0\x8f\x90\xa1\x14\xff\x75\x98\xff\x05\xa1\x0f\x67\xbc\xfb\xe9\x64\xfc\xf5\x72\xc5\x4b\x45\x07\xfc\x23\x64\x28\xc5\x7f\x5d\xe6\x7f\x61\x40\xa8\x73\x19\x32\xc6\x69\x1b\x4b\xae\x78\xa9\xe9\x80\x7f\x84\x0c\xa5\xf8\xaf\xc7\xfc\x2f\xda\xf7\x6c\x41\x96\x8a\x83\x46\xe4\x90\x2b\x5e\x1a\x3a\xe0\x1f\x21\x43\x29\xfe\xeb\x33\xff\x8b\xc3\x24\xee\x77\x68\x6a\x95\xf7\x43\xe5\x8a\x97\x96\x0e\xf8\x47\xc8\x50\x8a\xff\x06\xcc\xff\x92\x28\x71\xeb\x4f\x9f\xb0\xbd\x5e\x1b\xb9\xe2\xa5\xa3\x03\xfe\x11\x32\x94\xe2\xbf\x21\xf3\xbf\x74\xd5\xdd\x80\x16\x55\x5a\xa6\xb9\x2f\x57\xbc\xf4\x74\xc0\x3f\x42\x86\x52\xfc\x37\x62\xfe\x97\x3d\x1d\xff\x2b\x59\x96\x3f\x27\x3e\xc8\x15\x2f\x03\x1d\xf0\x8f\x90\xa1\x14\xff\x8d\x99\xff\xe5\x0d\xcb\xc6\xbe\xf1\x36\xe3\xe6\x62\x72\xc5\xcb\x48\x07\xfc\x23\x64\x28\xc5\x7f\x13\xe6\x7f\x45\xd9\xce\xb9\x86\xfe\x48\xfb\xee\xbc\x5c\xf1\x32\xd1\x01\xff\x08\x19\x4a\xf1\xdf\x94\xf9\x5f\xf9\x61\x67\x60\xa7\xe4\x3f\x66\xf7\x95\x2b\x5e\x66\x3a\xe0\x1f\x21\x43\x29\xfe\x9b\x31\xff\xab\xaa\x76\xcf\xfc\xb2\x78\xd3\x6e\xd5\xe5\x8a\x97\x85\x0e\xf8\x47\xc8\x50\x8a\xff\xe6\xcc\xff\xea\x17\x5b\xaf\xc4\x9e\xbd\x39\xc4\x03\xb9\xe2\x65\xa5\x03\xfe\x11\x32\x94\xe2\xbf\x05\xf3\xbf\xe6\xcf\xe8\x8f\xe5\x87\xd5\xd8\x10\x5e\xae\x78\xd9\xe8\x80\x7f\x84\x0c\xa5\xf8\x6f\xc9\xfc\xaf\x2d\x59\x31\xd2\x81\x5a\xc3\x6e\xee\x93\x2b\x5e\x76\x3a\xe0\x1f\x21\x43\x29\xfe\x5b\x31\xff\xeb\xb2\xbe\xf9\xd7\x37\x57\x82\xec\x53\xe4\x8a\xe7\xff\x9d\x00\xf8\x47\xc8\x50\x8a\xff\xd6\xcc\xff\xfa\xd1\x69\xe3\x8f\x7a\x72\xb6\x68\x4a\xb9\xe2\xf9\xdf\x09\x02\xff\x08\x19\x4a\xf1\xdf\x86\xf9\xdf\x30\x3f\x72\xbe\x3b\x21\x2f\xb5\x2b\x24\x57\xbc\x5c\x74\xc0\x3f\x42\x86\x52\xfc\xb7\x65\xfe\x37\xa6\xbc\x71\x2f\xe3\xfd\x90\x71\xbe\xc8\x15\x2f\x37\x1d\xf0\x8f\x90\xa1\x14\xff\xed\x98\xff\x4d\x4f\xbf\x2c\xc9\x19\x30\xfb\xdb\x6d\xb9\xe2\xe5\xa1\x03\xfe\x11\x32\x94\xe2\xbf\x3d\xf3\xbf\xb9\x61\xd6\x42\x47\x9b\x96\x1d\xdc\x41\xae\x78\x79\xe9\x80\x7f\x84\x0c\xa5\xf8\xef\xc0\xfc\x6f\x29\x1b\xbe\xf1\xa4\x01\xeb\xd2\x8f\x94\x2b\x5e\x3e\x3a\xe0\x1f\x21\x43\x29\xfe\x3b\x32\xff\x5b\x3f\x5c\x18\xda\x74\xc9\x80\xba\x59\xe4\x8a\x97\x9f\x0e\xf8\x47\xc8\x50\x8a\xff\x4e\xcc\xff\xb6\x29\xf9\xbe\xdc\x3e\xfc\x64\x47\x3c\xb9\xe2\x15\xa0\x03\xfe\x11\x32\x94\xe2\xbf\x33\xf3\xbf\x3d\xd5\xcf\x98\xa9\x12\xe4\x38\xb8\x5a\xae\x78\x05\xe9\x80\x7f\x84\x0c\xa5\xf8\xef\xc2\xfc\xef\xc8\x77\x30\x47\xbf\x24\xfb\x6b\x6e\x94\x2b\x9e\xff\x33\x01\xf0\x8f\x90\xa1\x14\xff\x5d\x99\xff\x9d\x23\xc2\x5c\x9d\xf8\xb7\x63\xe2\x38\x72\xc5\x2b\x4c\x07\xfc\x23\x64\x28\xc5\x7f\x37\xe6\x7f\x57\xb2\xa3\x05\xa3\x2f\xf8\x72\x36\x9b\x5c\xf1\x8a\xd0\x01\xff\x08\x19\x4a\xf1\xdf\x9d\xf9\xdf\xbd\x20\xc4\xdd\xa0\x22\x29\xf7\x0c\x96\x2b\x5e\x51\x3a\xe0\x1f\x21\x43\x29\xfe\x7b\x30\xff\x7b\xc6\xe4\xfa\xbd\xa5\xe1\xc1\x18\xad\xe4\x8a\xe7\x7f\x26\x28\xfc\x23\x64\x28\xc5\x7f\x4f\xe6\x7f\x6f\xa6\xbf\x09\x0a\x0f\x8d\xd2\xe8\xae\x5c\xf1\x8a\xd3\x01\xff\x08\x19\x4a\xf1\xdf\x8b\xf9\xdf\x57\xac\xde\x87\x61\x8f\x47\x8d\xff\x24\x57\xbc\x12\x74\xc0\x3f\x42\x86\x52\xfc\xf7\x66\xfe\xf7\xff\x9d\x13\xb5\x67\xc1\x3a\xbf\x4a\xc8\x15\xcf\xef\x1e\xfe\x11\x32\x94\xe2\xbf\x0f\xf3\x7f\xe0\xe5\xa2\x2c\x49\x6f\x96\xbc\x9a\x58\xae\x78\xa5\xe8\x80\x7f\x84\x0c\xa5\xf8\xef\xcb\xfc\x07\x54\x6a\x71\xf1\x62\xa8\xe9\x4b\xa6\xc9\x15\xaf\x34\x1d\xf0\x8f\x90\xa1\x14\xff\xfd\x98\xff\x83\x6e\x8f\xdb\xc3\x9b\x45\xac\xb8\x47\xae\x78\x65\xe8\x80\x7f\x84\x0c\xa5\xf8\xef\xcf\xfc\x1f\xda\xbc\x29\x77\x8f\x5d\x77\x73\x47\x94\x2b\x5e\x59\x3a\xe0\x1f\x21\x43\x29\xfe\x07\x30\xff\x87\x97\x8f\x89\x95\x64\x79\x9e\xe9\x41\x72\xc5\x2b\x47\x07\xfc\x23\x64\x28\xc5\xff\x40\xe6\xff\x48\xc2\x72\x3f\x2f\xf5\x7e\xfe\xb8\xaa\x5c\xf1\xca\xd3\x01\xff\x08\x19\x4a\xf1\x3f\x88\xf9\x3f\xba\xfd\x7a\xa4\x89\xb1\xbb\x44\xe8\x2f\x57\xbc\x0a\x74\xc0\x3f\x42\x86\x52\xfc\x0f\x66\xfe\x8f\x45\x8c\xf4\xb1\xdf\xb1\x45\xbd\x4e\xca\x15\xaf\x22\x1d\xf0\x8f\x90\xa1\x14\xff\x43\x98\xff\xe3\x71\xd3\x5c\x49\x75\x79\x59\x8a\x22\x72\xc5\xab\x44\x07\xfc\x23\x64\x28\xc5\xff\x50\xe6\xff\xc4\xe2\xd7\x99\x6f\x47\xe8\x51\xe9\x9b\x5c\xf1\x2a\xd3\x01\xff\x08\x19\x4a\xf1\x3f\x8c\xf9\x3f\x19\x32\x43\x60\xe1\x0e\xaf\xf7\xdf\x92\x2b\x5e\x15\x3a\xe0\x1f\x21\x43\x29\xfe\x87\x33\xff\xa7\x76\x3f\xcf\xb5\x65\x4b\x81\x33\xed\xe4\x8a\xe7\xff\x37\x01\xf8\x47\xc8\x50\x8a\xff\x11\xcc\xff\xe9\xf5\x97\x63\x07\x6d\xbc\xd5\x72\xb8\x5c\xf1\xaa\xd1\x01\xff\x08\x19\x4a\xf1\x3f\x92\xf9\x3f\x13\x33\xda\xaf\xe8\x5d\xdd\xc8\x99\xe4\x8a\x57\x9d\x0e\xf8\x47\xc8\x50\x8a\xff\x51\xcc\xff\xd9\xa6\x3b\xa2\x5d\x8c\x3a\xf9\x77\x02\xb9\xe2\xd5\xa0\x03\xfe\x11\x32\x94\xe2\x7f\x34\xf3\x7f\xee\x56\xa7\xaf\x49\x2f\x14\x1d\xb3\x56\xae\x78\x35\xe9\x80\x7f\x84\x0c\xa5\xf8\x1f\xc3\xfc\x9f\x3f\x57\xe6\x46\xcf\x54\x0d\x96\x9f\x95\x2b\x5e\x2d\x3a\xe0\x1f\x21\x43\x29\xfe\xc7\x32\xff\x17\x7a\x8e\xcb\x3e\xec\xf3\xb8\x2b\xbd\xe5\x8a\x57\x9b\x0e\xf8\x47\xc8\x50\x8a\xff\x71\xcc\xff\xc5\xed\x1b\x4a\xcf\x9b\x16\xa3\x40\x4d\xb9\xe2\xd5\xa1\x03\xfe\x11\x32\x94\xe2\x7f\x3c\xf3\x7f\x29\x62\xab\xb5\x1d\x4b\x1d\x2d\xf5\x48\xae\x78\x75\xe9\x80\x7f\x84\x0c\xa5\xf8\x9f\xc0\xfc\x5f\x8e\x5b\x65\x4c\xde\xea\x49\x9f\xb8\x72\xc5\xab\x47\x07\xfc\x23\x64\x28\xc5\xff\x44\xe6\xff\xca\xe2\x69\xad\x4e\x8e\xfe\x30\xe5\x80\x5c\xf1\xea\xd3\x01\xff\x08\x19\x4a\xf1\x3f\x89\xf9\xbf\x7a\xb8\x65\x82\x4e\x2f\xda\x0e\x9c\x24\x57\xbc\x06\x74\xc0\x3f\x42\x86\x52\xfc\x4f\x66\xfe\xaf\xf5\x5a\xfc\x7b\x68\xf6\xdd\xe1\x93\xcb\x15\xaf\x21\x1d\xf0\x8f\x90\xa1\x14\xff\x53\x98\xff\xeb\xed\xe6\xde\xbd\x71\xa2\xe9\xe1\x61\x72\xc5\x6b\x44\x07\xfc\x23\x64\x28\xc5\xff\x54\xe6\xff\xc6\xf5\xfa\x05\x93\xc5\xdd\xbc\x2d\xb3\x5c\xf1\x1a\xd3\x01\xff\x08\x19\x4a\xf1\x3f\x8d\xf9\xbf\xd9\x6d\xe1\xd5\x03\x7d\xd3\xd6\x4e\x28\x57\xbc\x26\x74\xc0\x3f\x42\x86\x52\xfc\x4f\x67\xfe\x6f\x9d\xaf\x9d\xa3\xfc\xca\x1f\x19\xd7\xc8\x15\xaf\x29\x1d\xf0\x8f\x90\xa1\x14\xff\x33\x98\xff\xc0\xc0\xa6\x31\x63\xef\x49\x30\xb4\xa8\x5c\xf1\x9a\xd1\x01\xff\x08\x19\x4a\xf1\x3f\x93\xf9\xbf\xdd\x68\xf9\x97\x97\x2d\xce\x7e\xf9\x2a\x57\xbc\xe6\x74\xc0\x3f\x42\x86\x52\xfc\xcf\x62\xfe\xef\x44\x0b\x1b\x27\x63\x98\x1a\xb1\x6e\xca\x15\xaf\x05\x1d\xf0\x8f\x90\xa1\x14\xff\xb3\x99\xff\xbb\x1b\x0e\x7d\xbf\x13\x38\xac\x43\x7b\xb9\xe2\xb5\xa4\x03\xfe\x11\x32\x94\xe2\x7f\x0e\xf3\x7f\x6f\xcf\xaf\x5b\xa3\xf2\xcf\x2e\xec\xc8\x15\xaf\x15\x1d\xf0\x8f\x90\xa1\x14\xff\x73\x99\xff\xfb\xc1\xf2\xe7\xed\xfb\xb0\x6c\xce\x00\xb9\xe2\xb5\xa6\x03\xfe\x11\x32\x94\xe2\x7f\x1e\xf3\xff\x20\xe4\xbd\x56\x2d\x07\x5f\x0a\x9c\x2c\x57\xbc\x36\x74\xc0\x3f\x42\x86\x52\xfc\xcf\x67\xfe\x1f\xee\x8e\x35\x66\x5a\xfd\x90\xeb\x92\xc9\x15\xaf\x2d\x1d\xf0\x8f\x90\xa1\x14\xff\x0b\x98\xff\x47\xeb\x93\xac\x3d\x58\xe8\x49\xb0\x73\x72\xc5\xf3\xbf\x13\x04\xfe\x11\x32\x94\xe2\x7f\x21\xf3\xff\x38\xe6\x93\xd2\x59\xe7\xe5\xe8\xd1\x4b\xae\x78\xfe\x7f\x13\x80\x7f\x84\x0c\xa5\xf8\x5f\xc4\xfc\x3f\xa9\xb3\xcd\xd7\xf9\xf7\xba\xb9\x35\xe4\x8a\xd7\x81\x0e\xf8\x47\xc8\x50\x8a\xff\xc5\xcc\xff\xd3\x07\x5d\xde\x0d\x49\x34\xe0\xcd\x63\xb9\xe2\x75\xa4\x03\xfe\x11\x32\x94\xe2\x7f\x09\xf3\x1f\xf4\xb9\xd4\xf9\xeb\x39\xfb\x6c\x6d\x2d\x57\xbc\x4e\x74\xc0\x3f\x42\x86\x52\xfc\x2f\x65\xfe\x9f\x55\x98\x90\x2e\xf9\xab\x55\xc7\xee\xc8\x15\xaf\x33\x1d\xf0\x8f\x90\xa1\x14\xff\xcb\x98\xff\xe7\xaf\xcb\x9d\x08\x18\x9b\x25\xd5\x47\xb9\xe2\x75\xa1\x03\xfe\x11\x32\x94\xe2\x7f\x39\xf3\xff\xa2\xc6\x98\xe4\xe5\x6a\x3e\x68\xf0\x1f\xc6\xbd\xae\x74\xc0\x3f\x42\x86\x52\xfc\xaf\x60\xfe\x5f\x16\xd9\x14\x2a\x56\x99\xb0\x1f\x37\xc8\x15\xaf\x1b\x1d\xf0\x8f\x90\xa1\x14\xff\x2b\x99\xff\x57\xdf\x7b\x04\xbd\x9a\x71\x6d\x58\x5c\xb9\xe2\x75\xa7\x03\xfe\x11\x32\x94\xe2\x7f\x15\xf3\xff\x7a\xdc\xd5\xf0\x19\xbe\x56\x6c\x9d\x5d\xae\x78\x3d\xe8\x80\x7f\x84\x0c\xa5\xf8\x5f\xcd\xfc\xbf\xc9\x11\xe5\xd5\xdd\x34\xf3\x13\x0e\x92\x2b\x5e\x4f\x3a\xe0\x1f\x21\x43\x29\xfe\xd7\x30\xff\x6f\x93\xa4\x3a\x3d\xfa\xdc\xa0\x4c\xcf\xe4\x8a\xe7\xff\x4c\x30\xfc\x23\x64\x28\xc5\xff\x5a\xe6\xff\xdd\xac\xb7\xa9\xfa\x44\xae\x52\xa2\x8a\x5c\xf1\x7a\xd3\x01\xff\x08\x19\x4a\xf1\xbf\x8e\xf9\x7f\x5f\xe7\x6c\xb5\x26\x9d\x4f\xae\xed\x27\x57\xbc\x3e\x74\xc0\x3f\x42\x86\x52\xfc\xaf\x67\xfe\x3f\x3c\x70\x76\x4c\x5e\x1f\xe7\xee\x29\xb9\xe2\xf5\xa5\x03\xfe\x11\x32\x94\xe2\x7f\x03\xf3\xff\xf1\x73\xa6\x99\xc7\x36\xfd\xe9\x9c\x48\xae\x78\xfe\xbf\x13\xc0\x3f\x42\x86\x52\xfc\x6f\x64\xfe\x3f\x55\xf8\xda\x3d\x47\xbb\x8c\x61\xa7\xcb\x15\xaf\x3f\x1d\xf0\x8f\x90\xa1\x14\xff\x9b\x98\xff\xcf\xe9\x43\x87\x9c\xe0\x6d\x7f\xb9\x57\xae\x78\x03\xe8\x80\x7f\x84\x0c\xa5\xf8\xdf\xcc\xfc\x7f\x99\x79\xe4\x61\xff\x8b\x2d\xe7\x45\x90\x2b\xde\x40\x3a\xe0\x1f\x21\x43\x29\xfe\xb7\x30\xff\x5f\x87\xfe\x38\x98\xba\xfb\x92\xa3\x3b\xe5\x8a\xe7\xff\x4c\x10\xfc\x23\x64\x28\xc5\xff\x56\xe6\xff\x5b\xee\x82\x49\x02\x57\x77\xda\x12\x42\xae\x78\x83\xe9\x80\x7f\x84\x0c\xa5\xf8\xdf\xc6\xfc\x7f\x9f\xfb\xe7\x54\xa1\x53\x2f\x1b\xa6\x93\x2b\xde\x10\x3a\xe0\x1f\x21\x43\x29\xfe\xb7\x33\xff\x3f\x12\xe7\x4d\xbb\x35\x7a\xae\xd4\xb3\xe5\x8a\x37\x94\x0e\xf8\x47\xc8\x50\x8a\xff\x1d\xcc\xff\xcf\xec\xc1\x9d\x67\xe1\xee\x0f\xef\x24\x57\xbc\x61\x74\xc0\x3f\x42\x86\x52\xfc\xef\x64\xfe\x7f\x4d\x3c\xf1\x3c\xda\x55\xdf\xa7\x63\x72\xc5\x1b\x4e\x07\xfc\x23\x64\x28\xc5\xff\x2e\xe6\xff\xf7\xaf\xe6\x61\x2f\x6d\x9b\x99\xe0\x95\x5c\xf1\x46\xd0\x01\xff\x08\x19\x4a\xf1\xbf\x9b\xf9\xff\x53\x78\xe9\xd3\x24\xad\x8a\xb7\x6a\x20\x57\xbc\x91\x74\xc0\x3f\x42\x86\x52\xfc\xef\x61\xfe\xff\x56\x9f\x7d\xb4\xc7\xc4\x5a\x25\x73\xcb\x15\x6f\x14\x1d\xf0\x8f\x90\xa1\x14\xff\x7b\x99\xff\x7f\xef\x1a\xa6\x18\x5e\x75\x4c\xe6\x71\x72\xc5\x1b\x4d\x07\xfc\x23\x64\x28\xc5\xff\xbe\xff\xf5\xef\x05\x8b\xb5\x6e\xfd\xcf\xac\x91\xee\x2c\x91\x2b\xde\x18\x3a\xe0\x1f\x21\x43\x29\xfe\xf7\x33\xff\xc1\x97\xb4\xa9\x18\xfe\xdd\xe1\x35\x31\xe5\x8a\x37\x96\x0e\xf8\x47\xc8\x50\x8a\xff\x03\xcc\x7f\x88\x1d\x95\x3a\xd4\xff\x98\x3c\xcc\x5f\xb9\xe2\xf9\xbf\x27\x80\x7f\x84\x0c\xa5\xf8\x0f\x60\xfe\x43\x7a\x33\xc6\x6d\xc8\xf0\xad\x53\x59\xb9\xe2\x8d\xa7\x03\xfe\x11\x32\x94\xe2\xff\x20\xf3\x1f\x2a\xde\xa0\xf5\xb1\x2a\xb4\x9f\xdf\x5c\xae\x78\x13\xe8\x80\x7f\x84\x0c\xa5\xf8\x3f\xc4\xfc\x87\x5e\x51\xa2\xe2\xab\x29\x01\xaf\x2e\xca\x15\x6f\x22\x1d\xf0\x8f\x90\xa1\x14\xff\x87\x99\xff\x30\x5b\xfa\x75\x08\x18\xbe\x77\x7b\x1d\xb9\xe2\x4d\xa2\x03\xfe\x11\x32\x94\xe2\xff\x08\xf3\x1f\x36\xdc\x9e\x71\xe5\x6a\xb7\x3e\xf2\x4e\xae\x78\x93\xe9\x80\x7f\x84\x0c\xa5\xf8\x3f\xca\xfc\x87\x5b\xd3\xab\xe5\xf5\xdc\x9f\x32\x1c\x92\x2b\xde\x14\x3a\xe0\x1f\x21\x43\x29\xfe\x8f\x31\xff\xe1\x23\x1d\x18\x9e\xfc\x69\xe2\x5a\xdd\xe4\x8a\x37\x95\x0e\xf8\x47\xc8\x50\x8a\xff\xe3\xcc\xbf\x13\x6a\xd8\xb2\xce\xdf\x8f\x7f\x9e\x2f\x57\xbc\x69\x74\xc0\x3f\x42\x86\x52\xfc\x9f\x60\xfe\xdd\x03\x45\x4a\x0c\x49\x16\x6d\x48\x2a\xb9\xe2\xf9\xdf\x09\x00\xff\x08\x19\x4a\xf1\x7f\x92\xf9\xf7\x4e\x3f\x58\x5d\xb2\xd8\x84\x8e\x61\xe4\x8a\x37\x83\x0e\xf8\x47\xc8\x50\x8a\xff\x53\xcc\xbf\xaf\x53\x8a\xb2\xdb\x66\xd5\x8b\xbd\x55\xae\x78\x33\xe9\x80\x7f\x84\x0c\xa5\xf8\x3f\xcd\xfc\x47\x68\x16\xaf\xcd\x83\x81\x85\x73\x5c\x95\x2b\xde\x2c\x3a\xe0\x1f\x21\x43\x29\xfe\xcf\x30\xff\x11\xef\x05\x8e\x8a\xba\x74\x6a\xa1\xc6\x72\xc5\xf3\x3f\x13\x18\xfe\x11\x32\x94\xe2\xff\x2c\xf3\x1f\x29\xde\xf7\xcf\xee\x91\xf0\xeb\x2b\xca\x15\x6f\x0e\x1d\xf0\x8f\x90\xa1\x14\xff\xe7\x98\xff\xc8\x2b\x0a\xc4\xf8\x9e\xf0\xf6\xed\x9f\x72\xc5\x9b\x4b\x07\xfc\x23\x64\x28\xc5\xff\x79\xe6\x3f\xca\x96\x50\x39\xd7\x85\xc8\xd7\x33\xaa\x5c\xf1\xe6\xd1\x01\xff\x08\x19\x4a\xf1\x7f\x81\xf9\x8f\x1a\xee\xf0\xb5\x86\xf7\xde\x06\x5f\x21\x57\x3c\xff\x67\x82\xe0\x1f\x21\x43\x29\xfe\x2f\x32\xff\xd1\xda\x66\x5e\xfa\xec\x40\xb7\xd7\xa3\xe4\x8a\xb7\x80\x0e\xf8\x47\xc8\x50\x8a\xff\x4b\xcc\x7f\xf4\x4b\xdf\x0a\x47\x6b\xb2\x62\x4e\x7e\xb9\xe2\x2d\xa4\x03\xfe\x11\x32\x94\xe2\xff\x32\xf3\x1f\xe3\xd8\xb9\x46\x85\x26\xf5\xab\x3c\x4f\xae\x78\x8b\xe8\x80\x7f\x84\x0c\xa5\xf8\xbf\xc2\xfc\xc7\x1c\xe8\x0e\xd9\x5a\x6e\x43\xca\xd4\x72\xc5\x5b\x4c\x07\xfc\x23\x64\x28\xc5\xff\x55\xe6\x3f\xd6\xdd\x53\xad\x53\xa7\xcb\x76\x3a\xac\x5c\xf1\xfc\xef\x04\x80\x7f\x84\x0c\xa5\xf8\xbf\xc6\xfc\xc7\x6e\x19\x71\x6c\xe0\xfb\xa0\x7d\x5b\xe4\x8a\xb7\x94\x0e\xf8\x47\xc8\x50\x8a\xff\xeb\xcc\x7f\x9c\xae\xd9\xd7\x4c\x78\x13\x3c\x52\x5d\xb9\xe2\x2d\xa3\x03\xfe\x11\x32\x94\xe2\xff\x06\xf3\x1f\xf7\xd4\xa7\x52\xfd\x33\x5f\x69\xf1\x56\xae\x78\xcb\xe9\x80\x7f\x84\x0c\xa5\xf8\xbf\xc9\xfc\xc7\xdb\x5f\x79\xe5\xae\xca\xa5\xc7\x1e\x94\x2b\x9e\xff\x33\x41\xf0\x8f\x90\xa1\x14\xff\xb7\x98\xff\xf8\x61\x67\x16\x2f\x3b\x7e\xee\x9f\xee\x72\xc5\x5b\x49\x07\xfc\x23\x64\x28\xc5\x7f\x20\xf3\x9f\x20\xea\xfa\x66\x09\xdb\x8c\xb8\x1c\x45\xae\x78\xab\xe8\x80\x7f\x84\x0c\xa5\xf8\xbf\xcd\xfc\x27\x5c\xdd\x76\xc4\xeb\x1d\xd5\x96\xad\x94\x2b\xde\x6a\x3a\xe0\x1f\x21\x43\x29\xfe\xef\x30\xff\x89\xd6\x8c\xba\xf6\xfe\xfa\xf9\xd2\xa3\xe5\x8a\xb7\x86\x0e\xf8\x47\xc8\x50\x8a\xff\xbb\xcc\x7f\xe2\x48\x15\x72\x86\x74\xe2\x15\xcc\x27\x57\xbc\xb5\x74\xc0\x3f\x42\x86\x52\xfc\xdf\x63\xfe\x93\x84\xea\x16\xa3\x66\xcc\x5f\x53\xaf\xc9\x15\x6f\x1d\x1d\xf0\x8f\x90\xa1\x14\xff\xf7\x99\xff\xa4\x07\xb6\x7c\x5e\x76\x26\xf5\xd3\x46\x72\xc5\x5b\x4f\x07\xfc\x23\x64\x28\xc5\xff\x03\xe6\x3f\xd9\xa7\x47\x9b\x82\xd6\x6e\x0d\x57\x41\xae\x78\x1b\xe8\x80\x7f\x84\x0c\xa5\xf8\x7f\xc8\xfc\x27\x2f\x9d\xac\x4a\xf4\x9e\x8d\x07\xfc\x92\x2b\xde\x46\x3a\xe0\x1f\x21\x43\x29\xfe\x1f\x31\xff\x29\xea\x27\xe8\x5a\xb8\x51\xf3\x44\x9d\xe5\x8a\xb7\x89\x0e\xf8\x47\xc8\x50\x8a\xff\xc7\xcc\x7f\xca\x67\x37\x27\x6f\xd9\xb7\xb3\xc6\x51\xb9\xe2\x6d\xa6\x03\xfe\x11\x32\x94\xe2\xff\x09\xf3\x9f\xaa\x78\x9c\x3e\xa9\xee\xa4\xdf\xfb\x52\xae\x78\xfe\xdf\x09\x86\x7f\x84\x0c\xa5\xf8\x7f\xca\xfc\xa7\xfe\x77\x67\xd6\xed\x60\xff\xce\x35\x94\x2b\x9e\xff\x9d\x80\xf0\x8f\x90\xa1\x14\xff\x41\xcc\x7f\x9a\x57\x41\xbb\x27\xc6\x8f\xd5\x78\x87\x5c\xf1\xb6\xd1\x01\xff\x08\x19\x4a\xf1\xff\x8c\xf9\x4f\x5b\x39\x51\xdd\x7e\x87\x4e\xc7\x0c\x29\x57\xbc\xed\x74\xc0\x3f\x42\x86\x52\xfc\x3f\x67\xfe\xd3\x25\x1f\xb2\x6d\xf7\xe2\x4a\x3f\xd3\xcb\x15\xcf\xff\x77\x02\xf8\x47\xc8\x50\x8a\xff\x17\xcc\x7f\xfa\x85\xc5\x6a\x94\xe9\x3f\x64\xdc\x2c\xb9\xe2\xed\xa4\x03\xfe\x11\x32\x94\xe2\xff\x25\xf3\x9f\x61\xec\x80\x9e\x09\xe6\x2c\x5c\xfa\x4f\xae\x78\xbb\xe8\x80\x7f\x84\x0c\xa5\xf8\x7f\xc5\xfc\x67\xcc\xbc\x6b\xfa\x9b\x12\xe5\xaf\x95\x91\x2b\xde\x6e\x3a\xe0\x1f\x21\x43\x29\xfe\x5f\x33\xff\x99\x3e\xcd\x79\xf1\x25\xc5\x8d\x5c\xcd\xe4\x8a\xb7\x87\x0e\xf8\x47\xc8\x50\x8a\xff\x37\xcc\x7f\xe6\xd2\xf5\xdc\x30\x3f\x43\x57\xb8\x24\x57\xbc\xbd\x74\xc0\x3f\x42\x86\x52\xfc\xbf\x65\xfe\xb3\xd4\x6f\x91\xa6\xca\xb3\x47\x8f\x72\xc9\x15\x6f\x1f\x1d\xf0\x8f\x90\xa1\x14\xff\xef\x98\xff\xac\xcf\x16\x9d\x5c\x9c\x37\xd3\xb4\xf1\x72\xc5\xdb\x4f\x07\xfc\x23\x64\x28\xc5\xff\x7b\xe6\x3f\xdb\xb0\xaa\x07\x62\xd7\x5d\xd3\x7b\xa9\x5c\xf1\x0e\xd0\x01\xff\x08\x19\x4a\xf1\xff\x81\xf9\xcf\x5e\x60\x7a\xbd\x97\x23\x7b\x45\x8c\x21\x57\xbc\x00\x3a\xe0\x1f\x21\x43\x29\xfe\x3f\x32\xff\x39\xd2\x6c\xec\x7f\x60\xef\xa7\x59\x91\xe4\x8a\xe7\x7f\x27\x10\xfc\x23\x64\x28\xc5\xff\x27\xe6\x3f\xe7\xa4\xd6\x0b\xcb\xb7\x4c\xfc\x76\xb9\x5c\xf1\x0e\xd1\x01\xff\x08\x19\x4a\xf1\xff\x99\xf9\xcf\x95\x65\x6d\xb7\x1b\x61\xf7\x86\x1c\x2b\x57\xbc\xc3\x74\xc0\x3f\x42\x86\x52\xfc\x7f\x61\xfe\x73\x8f\x6a\x3f\x23\xd9\xed\xd6\xdd\x0b\xc8\x15\xef\x08\x1d\xf0\x8f\x90\xa1\x14\xff\x5f\x99\xff\x3c\xf3\x6a\xee\xec\x74\x7c\xc2\xad\x1b\x72\xc5\xf3\x3f\x13\x0c\xfe\x11\x32\x94\xe2\xff\x1b\xf3\x9f\x37\xc5\xe4\xea\x43\xe3\xd4\xdb\xd8\x44\xae\x78\xc7\xe8\x80\x7f\x84\x0c\xa5\xf8\xff\xce\xfc\xe7\xab\x92\x75\x4f\x89\x3e\xc7\x8b\x94\x93\x2b\xde\x71\x3a\xe0\x1f\x21\x43\x29\xfe\x7f\x30\xff\xf9\x9f\x7f\xa9\xb5\x7d\x45\xb4\x6c\x3f\xe4\x8a\x77\x82\x0e\xf8\x47\xc8\x50\x8a\xff\x9f\xcc\x7f\x81\xdf\x17\x7a\x3f\x2c\x1c\x3e\xee\x02\xb9\xe2\x9d\xa4\x03\xfe\x11\x32\x94\xe2\xff\x17\xf3\x5f\xb0\x44\xf8\xb9\x51\xe6\xdf\x6e\x9f\x56\xae\x78\xa7\xe8\x80\x7f\x84\x0c\xa5\xf8\xff\xcd\xfc\x17\x8a\x1f\x7b\x52\xc9\x3f\x85\x07\x85\x96\x2b\xde\x69\x3a\xe0\x1f\x21\x43\x29\xfe\xff\x30\xff\x85\x57\xde\xef\xb2\x2d\xf1\xd4\xaf\x9b\xe4\x8a\x77\x86\x0e\xf8\x47\xc8\x50\x8a\xff\xbf\xcc\x7f\x91\xad\x4f\xab\x3e\xc8\xd7\xad\x4e\x6d\xb9\xe2\x9d\xa5\x03\xfe\x11\x32\x94\xe2\xff\x1f\xf3\x5f\x34\x7c\xd2\xcd\x51\x1f\xac\x48\xf7\x5a\xae\x78\xe7\xe8\x80\x7f\x84\x0c\xf5\x7f\xfb\x0f\x1b\x8c\xf9\x2f\x56\xee\xd5\x9b\x75\x83\xf2\x1d\x3a\x2c\x57\xbc\xf3\x74\xc0\x3f\x42\x86\x52\xfc\x07\x67\xfe\x8b\x7f\x4d\x1f\xb1\x61\xbd\xb7\x3b\x7b\xca\x15\xef\x02\x1d\xf0\x8f\x90\xa1\x14\xff\x21\x98\xff\x12\x8f\x62\x66\x70\xcb\xbe\x7c\xf1\x47\xae\x78\x17\xe9\x80\x7f\x84\x0c\xa5\xf8\x0f\xc9\xfc\x97\xac\x75\xe9\xec\xf7\x99\xb9\x16\x96\x92\x2b\x9e\xff\x99\xc0\xf0\x8f\x90\xa1\x14\xff\xa1\x98\xff\x52\x3f\xa3\xa6\x6c\xf2\x6d\x49\x97\x16\x72\xc5\xbb\x4c\x07\xfc\x23\x64\x28\xc5\x7f\x68\xe6\xbf\x74\xa1\x6b\xc7\x26\xa7\xed\x14\xea\x8a\x5c\xf1\xfc\x7f\x06\xff\x08\x19\x4a\xf1\x1f\x86\xf9\x2f\x53\xed\xdd\x93\x63\x39\x66\xae\xca\x23\x57\xbc\xab\x74\xc0\x3f\x42\x86\x52\xfc\x87\x65\xfe\xcb\xbe\x4d\x1d\x26\xc7\xcb\xe2\xf7\x26\xca\x15\xef\x1a\x1d\xf0\x8f\x90\xa1\x14\xff\xe1\x98\xff\x72\x73\xc6\xbe\xf8\x34\xe6\x7e\xd6\xc5\x72\xc5\xbb\x4e\x07\xfc\x23\x64\x28\xc5\x7f\x78\xe6\xbf\x7c\xa2\xf2\x6e\xb0\x1a\xbe\xe2\xd1\xe4\x8a\xe7\x7f\x26\x18\xfc\x23\x64\x28\xc5\xbf\xc3\xfc\x57\xc8\xd6\x33\x4d\xb5\xcd\x91\xda\x74\x95\x2b\xde\x4d\x3a\xe0\x1f\x21\x43\x29\xfe\x5d\xe6\xbf\xe2\x84\xcd\x27\x57\xb6\x3f\x1c\xef\xb8\x5c\xf1\x6e\xd1\x01\xff\x08\x19\x4a\xf1\xef\x31\xff\x95\xca\x4d\xdd\x16\xe0\xab\xf5\xe1\xb9\x5c\xf1\x02\xe9\x80\x7f\x84\x0c\xa5\xf8\xf7\x31\xff\x95\xbf\x56\xaf\x51\xee\xd2\x98\x91\xf5\xe5\x8a\x77\x9b\x0e\xf8\x47\xc8\x50\x8a\xff\x08\xcc\x7f\x95\x47\x1d\x7b\xc6\x3a\xdb\x3e\xed\x36\xb9\xe2\xdd\xa1\x03\xfe\x11\x32\x94\xe2\x3f\x22\xf3\x5f\xb5\xd6\xea\xe9\xaf\x22\x05\xd4\x0f\x2e\x57\xbc\xbb\x74\xc0\x3f\x42\x86\x52\xfc\x47\x62\xfe\xab\xe5\xad\xf3\xb8\x6a\xa7\xe4\x9b\x32\xca\x15\xef\x1e\x1d\xf0\x8f\x90\xa1\x14\xff\x91\x99\xff\xea\x83\xe7\x05\x5f\xb4\xee\xdb\xf1\x39\x72\xc5\xbb\x4f\x07\xfc\x23\x64\x28\xc5\x7f\x14\xe6\xbf\xc6\xf4\x15\x89\x3e\x37\x48\xef\xcb\x2b\x57\xbc\x07\x74\xc0\x3f\x42\x86\x52\xfc\x47\x65\xfe\x6b\x66\x6c\x74\x38\xec\x90\x7f\x7d\x27\xc8\x15\xef\x21\x1d\xf0\x8f\x90\xa1\x14\xff\xd1\x98\xff\x5a\xe3\x97\xa4\x9e\xff\xa8\xf9\x8c\x45\x72\xc5\x7b\x44\x07\xfc\x23\x64\x28\xc5\x7f\x74\xe6\xbf\x76\xce\x66\x67\x3a\x14\xd8\xf9\x20\xba\x5c\xf1\x1e\xd3\x01\xff\x08\x19\x4a\xf1\x1f\x83\xf9\xaf\x93\xb4\xc1\xcb\x3c\x49\x2b\x95\xfb\x2d\x57\xbc\x27\x74\xc0\x3f\x42\x86\x52\xfc\xc7\x64\xfe\xeb\xce\x9e\x15\xee\xd4\xbf\x21\x79\x4a\xcb\x15\xef\x29\x1d\xf0\x8f\x90\xa1\x14\xff\xb1\x98\xff\x7a\x6f\xf2\x3c\xf3\x16\xc6\xba\xd1\x52\xae\x78\x41\x74\xc0\x3f\x42\x86\x52\xfc\xc7\x66\xfe\xeb\xd7\xfc\x1d\xfa\x5f\xd1\xd3\x8b\x2f\xcb\x15\xef\x19\x1d\xf0\x8f\x90\xa1\x14\xff\x71\x98\xff\x06\x45\x8f\x27\x5b\xbb\xec\xc6\x84\xed\x72\xc5\xf3\xff\x4e\x20\xfc\x23\x64\x28\xc5\x7f\x5c\xe6\xbf\xe1\x8f\x60\xc7\x6b\xf5\x0a\xfd\xfd\x3f\x56\xbc\x17\x74\xc0\x3f\x42\x86\x52\xfc\xc7\x63\xfe\x1b\xfd\x7c\x3c\xbd\x58\xac\x85\xd1\x33\xc8\x15\xef\x25\x1d\xf0\x8f\x90\xa1\x14\xff\xf1\x99\xff\xc6\x85\x92\xf7\xdc\x79\xb4\x7c\xd3\xb9\x72\xc5\x7b\x45\x07\xfc\x23\x64\x28\xc5\x7f\x02\xe6\xbf\x49\xb5\x84\x35\x1e\xdf\x5a\x73\xa1\x8b\x5c\xf1\xfc\xef\x04\x87\x7f\x84\x0c\xa5\xf8\x4f\xc8\xfc\x37\x7d\x7b\x6b\x5b\xa4\xd0\xbd\x76\x9f\x90\x2b\xde\x1b\x3a\xe0\x1f\x21\x43\x29\xfe\x13\x31\xff\xcd\x96\x8e\x7e\x5f\xa5\xf9\xa3\x6a\x2f\xe4\x8a\xf7\x96\x0e\xf8\x47\xc8\x50\x8a\xff\xc4\xcc\x7f\xf3\xd8\x15\xa3\x2c\xde\x9d\x29\x49\x3d\xb9\xe2\xbd\xa3\x03\xfe\x11\x32\x94\xe2\x3f\x09\xf3\xdf\xc2\xd7\x3d\xeb\x97\x0d\xd9\xfa\x5d\x97\x2b\xde\x7b\x3a\xe0\x1f\x21\x43\x29\xfe\x93\x32\xff\x2d\x77\x6e\xbd\x14\xa6\x4b\x90\xd3\x54\xae\x78\x1f\xe8\x80\x7f\x84\x0c\xa5\xf8\x4f\xc6\xfc\xb7\x8a\xde\x39\xcf\xbc\x28\xfd\x9e\x95\x97\x2b\xde\x47\x3a\xe0\x1f\x21\x43\x29\xfe\x93\x33\xff\xad\x37\xee\xbc\xd9\xf1\xfc\x86\xc9\xff\xf1\x01\x40\xef\x13\x1d\xf0\x8f\x90\xa1\x14\xff\x29\x98\xff\x36\x7b\xc7\xff\xc8\x7b\xa5\x74\xfe\xc8\x72\xc5\xfb\x4c\x07\xfc\x23\x64\x28\xc5\x7f\x4a\xe6\xbf\x6d\xf0\xb2\x71\x4f\x46\x9c\x5b\x76\x99\x5c\xf1\xbe\xd0\x01\xff\x08\x19\x4a\xf1\x9f\x8a\xf9\x6f\xd7\xfd\xc5\x67\x5f\xc7\xe0\x2b\xc6\xc8\x15\xef\x2b\x1d\xf0\x8f\x90\xa1\x14\xff\xa9\x99\xff\xf6\x17\x32\xc6\xf8\xbb\xf5\xca\xc5\x82\x72\xc5\xfb\x46\x07\xfc\x23\x64\x28\xc5\x7f\x1a\xe6\xbf\xc3\xed\xe8\x39\xd7\x54\x3b\xff\xaf\x96\x5c\xf1\xfc\x3f\x13\x84\x7f\x84\x0c\xa5\xf8\x4f\xcb\xfc\x77\x6c\x7c\xe5\x5a\xed\x51\xf1\x46\xbf\x91\x2b\xde\x0f\x3a\xe0\x1f\x21\x43\x29\xfe\xd3\x31\xff\x9d\x96\x7e\x58\x5d\xf8\xf9\x88\x66\x47\xe4\x8a\xf7\x93\x0e\xf8\x47\xc8\x50\x8a\xff\xf4\xcc\x7f\xe7\xd8\x39\xcb\x6e\xc9\x56\x2d\x4a\x0f\xb9\xe2\xfd\xa2\x03\xfe\x11\x32\x94\xe2\x3f\x03\xf3\xdf\xc5\xe7\x6b\x13\x94\x7a\xeb\x81\x85\x72\xc5\xf3\xbf\x13\x00\xfe\x11\x32\x94\xe2\x3f\x23\xf3\xdf\x75\xe7\x99\x51\xd1\xbf\x34\x3e\x99\x46\xae\x78\x7f\xe8\x80\x7f\x84\x0c\xa5\xf8\xcf\xc4\xfc\x77\xbb\x9a\xeb\xef\xfa\xe9\xbf\x92\x87\x92\x2b\xde\x5f\x3a\xe0\x1f\x21\x43\x29\xfe\x33\x33\xff\xdd\x3b\xfc\x8d\xd7\xa0\x74\xea\xaa\x9b\xe5\x8a\xf7\x8f\x0e\xf8\x47\xc8\x50\x8a\xff\x2c\xcc\x7f\x8f\x3e\x47\xf3\x3b\x6d\xaf\x06\xac\x95\x2b\x3e\xff\x01\xff\x08\x19\x4a\xf1\x9f\x95\xf9\xef\x79\x30\xc4\xfd\x1f\x3b\xc3\x9c\x4a\x20\x57\x7c\xf4\xdf\xc0\x3f\x42\x96\x52\xfc\x67\x63\xfe\x7b\x35\x39\x98\xad\xe9\x8d\x79\xc9\x32\xc9\x15\x5f\x08\x3a\xe0\x1f\x21\x43\x29\xfe\xb3\x33\xff\xbd\x6f\x86\xb9\x3e\xc9\xad\x50\x65\xb8\x5c\xf1\x85\xa4\x03\xfe\x11\x32\x94\xe2\x3f\x07\xf3\xdf\xe7\x6c\xbe\x6f\x47\x63\xac\xfe\xdb\x4e\xae\xf8\xfc\xff\x26\x00\xff\x08\x19\x4a\xf1\x9f\x93\xf9\xef\xdb\xe3\x67\xf4\x9c\xa7\xfb\x8e\xba\x25\x57\x7c\xa1\xe9\x80\x7f\x84\x0c\xa5\xf8\xcf\xc5\xfc\xf7\x0b\x51\xeb\xe7\xc7\x35\x0f\x9b\x7f\x93\x2b\xbe\x30\x74\xc0\x3f\x42\x86\x52\xfc\xe7\x66\xfe\xfb\xef\x5a\x10\x2b\x78\x8f\xac\x51\x8b\xc8\x15\x5f\x58\x3a\xe0\x1f\x21\x43\x29\xfe\xf3\x30\xff\x03\xd6\x2d\xcb\x5d\x7d\x72\x86\x7c\xc9\xe5\x8a\xcf\xff\xf5\xf0\x8f\x90\xa1\x14\xff\x79\x99\xff\x81\x31\x9a\xdc\x5e\x51\xfe\x77\x99\x49\x72\xc5\x17\x9e\x0e\xf8\x47\xc8\x50\x8a\xff\x7c\xcc\xff\xa0\xdf\xd3\x1a\x35\x4e\xdf\x62\xe5\x01\xb9\xe2\x73\xe8\x80\x7f\x84\x0c\xa5\xf8\xcf\xcf\xfc\x0f\x2e\x51\x65\xc8\x94\x0f\xdb\x2e\xb9\x72\xc5\xe7\xff\x33\xf8\x47\xc8\x50\x8a\xff\x02\xcc\xff\x90\x2a\xad\x96\x1e\x7f\x5d\xb5\xff\xa3\xff\xf7\x85\xfe\x3f\xff\xff\xf3\x79\x74\xc0\x3f\x42\x86\x52\xfc\x17\x64\xfe\x87\x3e\xdf\x50\x38\x7b\xa6\xc1\x6e\x4d\xb9\xe2\xf3\xff\x02\x10\xfc\x23\x64\x28\xc5\x7f\x21\xe6\x7f\xd8\xf7\x5d\x8d\x86\x56\x8a\x1b\xd4\x5b\xae\xf8\x22\xd0\x01\xff\x08\x19\x4a\xf1\x5f\x98\xf9\x1f\x5e\x64\xc0\x90\x4e\xe3\x4e\x4d\x3a\x2b\x57\x7c\x11\xe9\x80\x7f\x84\x0c\xa5\xf8\x2f\xc2\xfc\x8f\xa8\x51\x6c\x69\xb2\xb9\xe7\xce\x97\x90\x2b\xbe\x48\x74\xc0\x3f\x42\x86\x52\xfc\x17\x65\xfe\x47\xbe\x1e\x52\xf8\x46\xc9\x84\xbb\x3e\xc9\x15\x9f\xff\x9d\xa0\xf0\x8f\x90\xa1\x14\xff\xc5\x98\xff\x51\x15\x0a\xad\x29\x9f\x72\x78\xf5\xbb\x72\xc5\x17\x85\x0e\xf8\x47\xc8\x50\x8a\xff\xe2\xcc\xff\xe8\xcf\x23\x4a\x1d\xf8\x55\x33\x69\x2b\xb9\xe2\x8b\x4a\x07\xfc\x23\x64\x28\xc5\x7f\x09\xe6\x7f\xcc\x83\x7d\xad\x5f\x06\x6d\x9a\x38\x58\xae\xf8\xa2\xd1\x01\xff\x08\x19\x4a\xf1\x5f\x92\xf9\x1f\x5b\xa7\xcf\xd8\xd8\x79\x9a\xfc\xc8\x26\x57\x7c\xd1\xe9\x80\x7f\x84\x0c\xa5\xf8\x2f\xc5\xfc\x8f\xcb\x70\xb3\xd9\x9d\x3a\xdf\xa3\xc5\x91\x2b\xbe\x18\x74\xc0\x3f\x42\x86\x52\xfc\x97\x66\xfe\xc7\x4f\x4b\x30\x22\xe3\x88\x34\x4d\x36\xca\x15\x5f\x4c\x3a\xe0\x1f\x21\x43\x29\xfe\xcb\x30\xff\x13\x06\x25\x5b\xd9\xb7\x71\xce\xf2\x27\xe5\x8a\x2f\x16\x1d\xf0\x8f\x90\xa1\x14\xff\x65\x99\xff\x89\x79\x1e\x15\x1f\xb5\xff\x69\xde\xfe\x72\xc5\x17\x9b\x0e\xf8\x47\xc8\x50\x8a\xff\x72\xcc\xff\xa4\xef\x07\x73\x4f\xba\x3b\xf0\x7a\x55\xb9\xe2\xf3\xff\x4c\x00\xfe\x11\x32\x94\xe2\xbf\x3c\xf3\x3f\xb9\x48\x98\xdb\x4d\x83\xaf\x5f\x14\x24\x57\x7c\x71\xe9\x80\x7f\x84\x0c\xa5\xf8\xaf\xc0\xfc\x4f\xa9\x91\xef\x67\xce\x78\x65\xbc\x88\x72\xc5\x17\x8f\x0e\xf8\x47\xc8\x50\x8a\xff\x8a\xcc\xff\xd4\xd7\x3f\x63\x1d\x3d\x38\xab\xcf\x1e\xb9\xe2\x8b\x4f\x07\xfc\x23\x64\x28\xc5\x7f\x25\xe6\x7f\xda\xc4\xf0\x1d\xfa\x2d\x0a\x31\x73\x9a\x5c\xf1\xf9\xdf\x09\x0a\xff\x08\x19\x4a\xf1\x5f\x99\xf9\x9f\x9e\xfd\xc2\xb8\x89\xfd\x2e\x3e\x4c\x2c\x57\x7c\x09\xe9\x80\x7f\x84\x0c\xa5\xf8\xaf\xc2\xfc\xcf\x48\xfc\x65\xfd\xed\x09\x4e\x9a\x41\x72\xc5\xe7\xff\x1a\xf8\x47\xc8\x50\x8a\xff\xaa\xcc\xff\xcc\xb9\x59\x2b\xa6\xaa\x72\xb3\x5e\x76\xb9\xe2\xf3\xff\x9d\x00\xfe\x11\x32\x94\xe2\xbf\x1a\xf3\x3f\x2b\xf7\x87\x65\x5b\xb2\x14\xd9\x1c\x57\xae\xf8\x92\xd0\x01\xff\x08\x19\x4a\xf1\x5f\x9d\xf9\x9f\x3d\x34\x67\x89\xc2\x6f\x27\x9d\xd8\x20\x57\x7c\x49\xe9\x80\x7f\x84\x0c\xa5\xf8\xaf\xc1\xfc\xcf\x99\xe9\x6b\x19\xfd\x53\xcf\xb6\xff\x61\xdc\x97\x8c\x0e\xf8\x47\xc8\x50\x8a\xff\x9a\xcc\xff\xdc\xf4\x67\x86\x07\x65\x5c\x1e\xff\xa3\x5c\xf1\xf9\xdf\x09\x0a\xff\x08\x19\x4a\xf1\x5f\x8b\xf9\x9f\x57\xbb\x75\x9b\xa4\x15\x0b\xbe\xbf\x23\x57\x7c\x29\xe8\x80\x7f\x84\x0c\xa5\xf8\xaf\xcd\xfc\xcf\x7f\xbc\x71\xd4\xc5\xa9\x6f\x46\xb4\x96\x2b\xbe\x94\x74\xc0\x3f\x42\x86\x52\xfc\xd7\x61\xfe\x17\x7c\x9b\xbe\x7a\x58\xb7\xf7\xab\x23\xc8\x15\x5f\x2a\x3a\xe0\x1f\x21\x43\x29\xfe\xeb\x32\xff\x0b\xcb\x57\x2d\xdb\x73\x55\x92\xfb\x7b\xe5\x8a\x2f\x35\x1d\xf0\x8f\x90\xa1\x14\xff\xf5\x98\xff\x45\x15\x36\xc5\x6a\x7b\x72\x57\x96\xe9\x72\xc5\x97\x86\x0e\xf8\x47\xc8\x50\x8a\xff\xfa\xcc\xff\xe2\xcf\x3d\x7e\xce\x8a\xd6\xa6\x58\x22\xb9\xe2\x4b\x4b\x07\xfc\x23\x64\x28\xc5\x7f\x03\xe6\x7f\xc9\x83\x72\xb7\xcf\x86\x1f\xff\xfc\x94\x5c\xf1\xa5\xa3\x03\xfe\x11\x32\x94\xe2\xbf\x21\xf3\xbf\xb4\xce\x98\xdc\x05\xaf\x35\x5c\xd0\x4f\xae\xf8\xd2\xd3\x01\xff\x08\x19\x4a\xf1\xdf\x88\xf9\x5f\x16\x33\xb0\x7f\xff\xed\xc7\xba\x56\x91\x2b\xbe\x0c\x74\xc0\x3f\x42\x86\x52\xfc\x37\x66\xfe\x97\xaf\x8f\xb7\x70\x42\xeb\x98\xa1\x9f\xc9\x15\x5f\x46\x3a\xe0\x1f\x21\x43\x29\xfe\x9b\x30\xff\x2b\x76\xa7\x38\x10\x38\x20\x6a\xdd\xf6\x72\xc5\x97\x89\x0e\xf8\x47\xc8\x50\x8a\xff\xa6\xcc\xff\xca\x90\x0f\xea\xa5\x5e\x72\x28\xfd\x4d\xb9\xe2\xcb\x4c\x07\xfc\x23\x64\x28\xc5\x7f\x33\xe6\x7f\xd5\xe2\x24\x3b\xb7\x1e\xae\x7b\xf0\xab\x5c\xf1\x65\xa1\x03\xfe\x11\x32\x94\xe2\xbf\x39\xf3\xbf\x3a\xee\x93\xea\x85\x12\x8c\xde\x51\x54\xae\xf8\xb2\xd2\x01\xff\x08\x19\x4a\xf1\xdf\x82\xf9\x5f\x13\xf1\x5e\xb7\x68\x21\x3b\xc4\x59\x23\x57\x7c\xfe\x77\x82\xc3\x3f\x42\x86\x52\xfc\xb7\x64\xfe\xd7\x6e\x8f\x35\xe3\xd9\xfd\x7d\xed\x12\xca\x15\x9f\xff\x99\x80\xf0\x8f\x90\xa1\x14\xff\xad\x98\xff\x75\x87\xf6\xf4\x4e\x12\x90\x62\x70\x66\xb9\xe2\xcb\x41\x07\xfc\x23\x64\x28\xc5\x7f\x6b\xe6\x7f\x7d\xdf\x7e\x73\x2f\x35\xfd\xfc\x6d\x98\x5c\xf1\xe5\xa4\x03\xfe\x11\x32\x94\xe2\xbf\x0d\xf3\xbf\xa1\x63\x89\x3d\xc3\x87\xbd\xb8\xf9\x58\xae\xf8\x72\xd1\x01\xff\x08\x19\x4a\xf1\xdf\x96\xf9\xdf\x78\x6d\x50\xad\x1e\xb5\xf2\x6e\xa8\x21\x57\x7c\xb9\xe9\x80\x7f\x84\x0c\xa5\xf8\x6f\xc7\xfc\x6f\x8a\xb9\x24\x59\x87\x5c\x8b\x8b\xf6\x92\x2b\xbe\x3c\x74\xc0\x3f\x42\x86\x52\xfc\xb7\x67\xfe\x37\xaf\x6f\x76\x7c\xfe\x93\xae\xd9\xcf\xc9\x15\x5f\x5e\x3a\xe0\x1f\x21\x43\x29\xfe\x3b\x30\xff\x5b\x76\x37\x78\x76\xea\xc7\xb4\xd9\xc9\xe4\x8a\x2f\x1f\x1d\xf0\x8f\x90\xa1\x14\xff\x1d\x99\xff\xad\x21\x67\x85\xce\x93\xbc\xc4\xbb\xc9\x72\xc5\x97\x9f\x0e\xf8\x47\xc8\x50\x8a\xff\x4e\xcc\xff\xb6\x46\x6d\xbb\x0e\x29\x7e\x27\x44\x80\x5c\xf1\x15\xa0\x03\xfe\x11\x32\x94\xe2\xbf\x33\xf3\xbf\x3d\x70\xfd\xe4\xce\xb3\x23\x74\x73\xe4\x8a\xaf\x20\x1d\xf0\x8f\x90\xa1\x14\xff\x5d\x98\xff\x1d\xe7\x67\x6e\x4a\xbe\x7c\xf8\x63\x4f\xae\xf8\x0a\xd1\x01\xff\x08\x19\x4a\xf1\xdf\x95\xf9\xdf\xd9\xad\x72\x95\xeb\xbd\x6b\x4e\xdf\x2d\x57\x7c\x85\xe9\x80\x7f\x84\x0c\xa5\xf8\xef\xc6\xfc\xef\xba\x3e\x75\x77\xb9\xd8\xe7\x7a\xcd\x94\x2b\xbe\x22\x74\xc0\x3f\x42\x86\x52\xfc\x77\x67\xfe\x77\xb7\xab\x5e\x37\xe0\x58\xc2\x08\x49\xe4\x8a\xcf\xff\x4c\x00\xf8\x47\xc8\x50\x8a\xff\x1e\xcc\xff\x9e\x5e\x1d\xfb\xbc\xba\xf9\x7d\xc9\x19\xb9\xe2\x2b\x46\x07\xfc\x23\x64\x28\xc5\x7f\x4f\xe6\x7f\xef\xe1\xd5\xb3\x62\x85\x4a\x73\x75\x80\x5c\xf1\x15\xa7\x03\xfe\x11\x32\x94\xe2\xbf\x17\xf3\xbf\x6f\x87\xdb\xf3\x6e\xb3\x4d\xb9\x2b\xc9\x15\x5f\x09\x3a\xe0\x1f\x21\x43\x29\xfe\x7b\x33\xff\xfb\xbd\x73\xd3\x33\xec\x6a\x52\xf1\xa9\x5c\xf1\xf9\xdd\xc3\x3f\x42\x86\x52\xfc\xf7\x61\xfe\x0f\xc4\xfa\xb6\xad\x4f\xc3\x81\x8d\x86\xc8\x15\x5f\x29\x3a\xe0\x1f\x21\x43\x29\xfe\xfb\x32\xff\x01\x4b\x32\xd7\x18\x3d\x74\x7d\x8c\x9c\x72\xc5\x57\x9a\x0e\xf8\x47\xc8\x50\x8a\xff\x7e\xcc\xff\xc1\x1f\x89\xeb\xdf\x79\x9c\xf3\x57\x6c\xb9\xe2\x2b\x43\x07\xfc\x23\x64\x28\xc5\x7f\x7f\xe6\xff\x50\xd1\x67\x01\x19\x0b\x3e\x1d\xbf\x4e\xae\xf8\xca\xd2\x01\xff\x08\x19\x4a\xf1\x3f\x80\xf9\x3f\x5c\xf3\xee\x82\xbe\x49\x42\x24\x2e\x2e\x57\x7c\xe5\xe8\x80\x7f\x84\x0c\xa5\xf8\x1f\xc8\xfc\x1f\x79\x13\xb7\xdf\xa8\xbf\x17\x6b\xbe\x97\x2b\xbe\xf2\x74\xc0\x3f\x42\x86\x52\xfc\x0f\x62\xfe\x8f\x96\x1c\x3c\xe3\xfa\x82\x32\x7b\xee\xc9\x15\x5f\x05\x3a\xe0\x1f\x21\x43\x29\xfe\x07\x33\xff\xc7\xfe\x94\xec\x96\xbc\xc8\xac\xb3\x6d\xe5\x8a\xaf\x22\x1d\xf0\x8f\x90\xa1\x14\xff\x43\x98\xff\xe3\x2f\xfa\x57\xef\x5c\x7d\xde\x94\x87\x72\xc5\xe7\xff\x4c\x20\xfc\x23\x64\x28\xc5\xff\x50\xe6\xff\x44\xd5\xbd\x3b\x87\x8c\xae\xf0\xa4\x9a\x5c\xf1\x55\xa6\x03\xfe\x11\x32\x94\xe2\x7f\x18\xf3\x7f\xf2\x43\xef\x7a\xb1\x5e\x5c\x0d\xdf\x47\xae\xf8\xaa\xd0\x01\xff\x08\x19\x4a\xf1\x3f\x9c\xf9\x3f\x55\x36\xe0\xc0\xab\xec\x61\x06\x5e\x90\x2b\xbe\xaa\x74\xc0\x3f\x42\x86\x52\xfc\x8f\x60\xfe\x4f\x37\x1c\xbe\x30\x20\xd5\xc3\x2b\x29\xe4\x8a\xcf\xff\x3d\x01\xfc\x23\x64\x28\xc5\xff\x48\xe6\xff\xcc\xd3\xa2\xfd\xcb\x7d\xce\xba\x7c\xaa\x5c\xf1\x55\xa7\x03\xfe\x11\x32\x94\xe2\x7f\x14\xf3\x7f\x76\xf2\xc3\x29\xa3\xa7\xad\x2e\xb5\x5f\xae\xf8\xfc\xef\x04\x85\x7f\x84\x0c\xa5\xf8\x1f\xcd\xfc\x9f\x4b\x9b\xb2\x53\x9f\x52\x7d\x0b\x84\x93\x2b\xbe\x9a\x74\xc0\x3f\x42\x86\x52\xfc\x8f\x61\xfe\xcf\x17\x8c\x5f\x39\xc3\xc6\x16\x91\x3b\xca\x15\x5f\x2d\x3a\xe0\x1f\x21\x43\x29\xfe\xc7\x32\xff\x17\x86\xdf\xde\x7a\xb7\xeb\xb6\x96\x81\x72\xc5\x57\x9b\x0e\xf8\x47\xc8\x50\x8a\xff\x71\xcc\xff\xc5\x92\x3f\x2e\x1c\x8b\x9a\x61\xcc\x67\xb9\xe2\xab\x43\x07\xfc\x23\x64\x28\xc5\xff\x78\xe6\xff\xd2\x9f\x82\xe9\x73\x5c\xf8\xfd\xbb\xb0\x5c\xf1\xd5\xa5\x03\xfe\x11\x32\x94\xe2\x7f\x02\xf3\x7f\xf9\x45\x68\xaf\xc9\xe5\xb8\x95\x56\xc9\x15\x5f\x3d\x3a\xe0\x1f\x21\x43\x29\xfe\x27\x32\xff\x57\xaa\x1e\x79\x3b\x39\xc2\xa9\x14\xf1\xe5\x8a\xaf\x3e\x1d\xf0\x8f\x90\xa1\x14\xff\x93\x98\xff\xab\x99\x32\xcd\x4a\xdd\xa1\xea\x99\xac\x72\xc5\xd7\x80\x0e\xf8\x47\xc8\x50\x8a\xff\xc9\xcc\xff\xb5\x31\x5f\xfb\x04\x6e\x19\xbc\x7f\x84\x5c\xf1\x35\xa4\x03\xfe\x11\x32\x94\xe2\x7f\x0a\xf3\x7f\x7d\xc1\xd9\xba\x13\x0a\xd5\xed\x91\x52\xae\xf8\x1a\xd1\x01\xff\x08\x19\x4a\xf1\x3f\x95\xf9\xbf\x91\xcc\xd9\xdd\x7f\xde\xe8\x60\x53\xe4\x8a\xaf\x31\x1d\xf0\x8f\x90\xa1\x14\xff\xd3\x98\xff\x9b\x23\x4e\x56\x79\xf6\x3b\xea\x9b\x7d\x72\xc5\xd7\x84\x0e\xf8\x47\xc8\x50\x8a\xff\xe9\xcc\xff\xad\x7c\x11\x36\x45\x4b\x74\x68\x6e\x78\xb9\xe2\x6b\x4a\x07\xfc\x23\x64\x28\xc5\xff\x0c\xe6\x3f\x30\x55\xb6\xc9\x85\xf2\xa7\xc8\xf9\x40\xae\xf8\x9a\xd1\x01\xff\x08\x19\x4a\xf1\x3f\x93\xf9\xbf\x3d\xe5\x63\xd7\xad\x0f\x3f\x17\xae\x2e\x57\x7c\xcd\xe9\x80\x7f\x84\x0c\xa5\xf8\x9f\xc5\xfc\xdf\x09\xaa\x34\xaf\xc7\xe0\x0e\xeb\xfa\xca\x15\x5f\x0b\x3a\xe0\x1f\x21\x43\x29\xfe\x67\x33\xff\x77\xeb\xfd\x7f\xec\xdd\x43\xd0\x5d\x8d\xf2\xfe\xfd\xd8\x0b\xf1\x13\xdb\xb6\x6d\xdb\xb6\x6d\xdb\xb6\x6d\xdb\xb6\x6d\xdb\xb6\x93\x77\xd2\xfb\xfd\x75\x55\x9f\xfa\xf7\xb8\xab\xae\xef\xa8\xeb\xa9\x73\x5f\xb3\xcf\xa9\xe4\xce\xde\x6b\x4d\xed\x3b\xa4\xce\xee\x9b\x67\xe5\x8a\xd3\x8c\x0e\xf8\x47\xc8\x50\x8a\xff\x99\xcc\xff\xdd\xe2\xab\xeb\x5d\xd8\xb9\xe0\xcb\x0a\xb9\xe2\x34\xa7\x03\xfe\x11\x32\x94\xe2\x7f\x16\xf3\x7f\xef\x63\xcb\x3d\x09\x9b\x76\x1a\x14\x5b\xae\x38\x2d\xe8\x80\x7f\x84\x0c\xa5\xf8\x9f\xcd\xfc\xdf\xff\x30\xe2\x6d\xde\x50\x2f\xda\x66\x94\x2b\x4e\x4b\x3a\xe0\x1f\x21\x43\x29\xfe\xe7\x30\xff\x0f\x4a\x95\x8b\x70\xe6\x66\xae\xff\x86\xc9\x15\x27\xf0\x4e\x40\xf8\x47\xc8\x50\x8a\xff\xb9\xcc\xff\xc3\x7a\x5d\xd2\xcc\x38\x76\x7b\x73\x5b\xb9\xe2\xb4\xa6\x03\xfe\x11\x32\x94\xe2\x7f\x1e\xf3\xff\xe8\xc9\xa6\x73\x2d\x63\xb9\x07\x6f\xc9\x15\xa7\x0d\x1d\xf0\x8f\x90\xa1\x14\xff\xf3\x99\xff\xc7\xcb\x1f\x8d\x4a\xde\x6b\x72\xba\x2f\x72\xc5\x09\xfc\x99\x00\xfe\x11\x32\x94\xe2\x7f\x01\xf3\xff\x24\x52\x92\x16\xb7\x96\x15\xad\x91\x5f\xae\x38\x81\x67\x82\xc3\x3f\x42\x86\x52\xfc\x2f\x64\xfe\x9f\x86\x8a\x57\x7c\xdc\xfa\x82\xa1\x4f\xca\x15\xa7\x3d\x1d\xf0\x8f\x90\xa1\x14\xff\x8b\x98\xff\x67\xbb\x6f\xac\xec\xdd\x7a\x7c\x87\x7e\x72\xc5\xe9\x40\x07\xfc\x23\x64\x28\xc5\xff\x62\xe6\xff\x79\xdc\x58\x05\x9e\x46\x08\x37\xbb\x82\x5c\x71\x3a\xd2\x01\xff\x08\x19\x4a\xf1\xbf\x84\xf9\x7f\xb1\xf8\xce\xa2\xa8\xe7\xaf\xbf\x7c\x2c\x57\x9c\x4e\x74\xc0\x3f\x42\x86\x52\xfc\x2f\x65\xfe\x5f\xae\x7f\x36\xb0\xc0\x99\x7c\x45\x1d\xb9\xe2\x74\xa6\x03\xfe\x11\x32\x94\xe2\x7f\x19\xf3\xff\x2a\x5c\x82\xfa\x1b\x23\xbe\x49\xbf\x5d\xae\x38\x5d\xe8\x80\x7f\x84\x0c\xa5\xf8\x5f\xce\xfc\xbf\xee\x3b\x68\x5c\xb7\x0e\xdd\xee\x4c\x95\x2b\x4e\x57\x3a\xe0\x1f\x21\x43\x29\xfe\x57\x30\xff\x6f\x0e\x17\x69\x33\x78\xcd\x92\x55\x89\xe4\x8a\xd3\x8d\x0e\xf8\x47\xc8\x50\x8a\xff\x95\xcc\xff\xdb\xf3\xfd\x4a\x9f\x2f\xb9\x7d\x70\x61\xb9\xe2\x74\xa7\x03\xfe\x11\x32\x94\xe2\x7f\x15\xf3\xff\xae\xe5\x8e\xb5\x89\xa6\xb6\xfc\xf8\x41\xae\x38\x3d\xe8\x80\x7f\x84\x0c\xa5\xf8\x5f\xcd\xfc\xbf\x5f\x3e\xeb\x62\xae\xaf\xef\xe3\xdd\x93\x2b\x4e\x4f\x3a\xe0\x1f\x21\x43\x29\xfe\xd7\x30\xff\x1f\x22\xd5\x49\x7f\x3c\x65\xc2\x16\x2d\xe5\x8a\x13\x78\x26\x28\xfc\x23\x64\x28\xc5\xff\x5a\xe6\xff\x63\xa8\x66\x11\x67\x67\x3b\x72\x64\x90\x5c\x71\x7a\xd3\x01\xff\x08\x19\x4a\xf1\xbf\x8e\xf9\xff\xb4\x7b\xc1\xa7\x76\xaf\xa2\x6f\xca\x2a\x57\x9c\x3e\x74\xc0\x3f\x42\x86\x52\xfc\xaf\x67\xfe\x3f\xdf\xab\x38\xe4\xda\xa8\x31\x75\xff\x93\x2b\x4e\x5f\x3a\xe0\x1f\x21\x43\x29\xfe\x37\x30\xff\x5f\x9a\x4c\x6e\x96\xb8\x5a\xbd\xe4\x6b\xe4\x8a\x13\xf8\x4e\x20\xfc\x23\x64\x28\xc5\xff\x46\xe6\xff\x6b\x87\xb5\x45\xdb\x7f\x9c\xd9\x3e\x8a\x5c\x71\xfa\xd3\x01\xff\x08\x19\x4a\xf1\xbf\x89\xf9\xff\x76\xaa\xf9\xe2\x41\x69\x8b\x87\x5a\x20\x57\x9c\x01\x74\xc0\x3f\x42\x86\x52\xfc\x6f\x66\xfe\xbf\xb7\x58\x59\x2e\x46\xd9\x8b\xaf\xc6\xc9\x15\x67\x20\x1d\xf0\x8f\x90\xa1\x14\xff\x5b\x98\xff\x1f\x97\x5a\xaf\x79\x39\x31\xc8\x9c\x9c\x72\xc5\x09\xfc\x9b\x20\xfc\x23\x64\x28\xc5\xff\x56\xe6\xff\xe7\xb1\xaa\xa3\xf7\x8e\x7b\x96\xe1\x92\x5c\x71\x06\xd3\x01\xff\x08\x19\x4a\xf1\xbf\x8d\xf9\xff\xd5\x67\x7c\xdb\x32\x95\xb2\x14\x6b\x2a\x57\x9c\x21\x74\xc0\x3f\x42\x86\x52\xfc\x6f\x67\xfe\x7f\x87\xcd\x38\x60\x78\xa6\x75\x2b\x8b\xcb\x15\x67\x28\x1d\xf0\x8f\x90\xa1\x14\xff\x3b\x98\xff\x3f\x9b\x3e\x37\xea\xf5\xae\xcf\xed\x3f\x72\xc5\x09\xbc\x13\x10\xfe\x11\x32\x94\xe2\x7f\x27\xf3\xff\x77\xd9\xd9\x82\xe9\xc2\xd4\xff\x34\x53\xae\x38\xc3\xe9\x80\x7f\x84\x0c\xa5\xf8\xdf\xc5\xfc\xff\x8b\x13\x66\xfe\xed\xcb\x1b\x87\xa4\x93\x2b\xce\x08\x3a\xe0\x1f\x21\x43\x29\xfe\x77\xff\x9f\x7f\x27\x48\xee\x85\xc7\xf7\x6e\x4e\xde\x3c\xa8\x5c\x71\x46\xd2\x01\xff\x08\x19\x4a\xf1\xbf\x87\xf9\x0f\x3a\xb4\x71\xca\x32\xcd\x7f\xc6\xdd\x2c\x57\x9c\x51\x74\xc0\x3f\x42\x86\x52\xfc\xef\x65\xfe\x83\x4d\xac\x1b\x3e\x46\x97\x38\x1b\xeb\xc8\x15\x67\x34\x1d\xf0\x8f\x90\xa1\x14\xff\xfb\x98\xff\xe0\xc9\xa7\xbf\x78\xb9\xe2\xdc\xe1\xe7\x72\xc5\x19\x43\x07\xfc\x23\x64\x28\xc5\xff\x7e\xe6\x3f\x44\xf6\xb1\xc7\x6b\x9f\xa8\x92\xe2\xa8\x5c\x71\xc6\xd2\x01\xff\x08\x19\x4a\xf1\x7f\x80\xf9\x0f\x39\xb0\x78\xca\x75\x51\x87\xd5\xeb\x24\x57\x9c\xc0\x77\x82\xe0\x1f\x21\x43\x29\xfe\x0f\x32\xff\xa1\xa6\x76\x0c\xff\x2b\xd8\xa0\xa0\x3f\xe4\x8a\x33\x9e\x0e\xf8\x47\xc8\x50\x8a\xff\x43\xcc\x7f\xe8\xd4\x9b\x5f\x84\xb9\x5b\xa1\x5b\x69\xb9\xe2\x4c\xa0\x03\xfe\x11\x32\x94\xe2\xff\x30\xf3\x1f\x66\x6c\xd7\x60\x13\xf7\x9e\x9a\xd9\x50\xae\x38\x13\xe9\x80\x7f\x84\x0c\xa5\xf8\x3f\xc2\xfc\x87\xcd\xbc\xfe\x7e\x83\x86\x31\x5e\x5f\x93\x2b\xce\x24\x3a\xe0\x1f\x21\x43\x29\xfe\x8f\x32\xff\xe1\xe2\x8f\x3c\x90\xa5\xdf\xdf\xfc\x79\xe5\x8a\x33\x99\x0e\xf8\x47\xc8\x50\x8a\xff\x63\xcc\x7f\xf8\x99\xa5\x13\x1d\x5d\x94\x3a\xeb\x28\xb9\xe2\x4c\xa1\x03\xfe\x11\x32\x94\xe2\xff\x38\xf3\x1f\xe1\xed\xdb\xd3\xc1\x0f\x6d\xbd\xb5\x44\xae\x38\x53\xe9\x80\x7f\x84\x0c\xa5\xf8\x3f\xc1\xfc\x3b\x95\x93\xa7\x7d\x1f\xaf\xf1\x1a\x5f\xae\x38\xd3\xe8\x80\x7f\x84\x0c\xa5\xf8\x3f\xc9\xfc\xbb\xf9\x23\x79\x8b\xbf\xf7\x18\xd8\x4d\xae\x38\xd3\xe9\x80\x7f\x84\x0c\xa5\xf8\x3f\xc5\xfc\x7b\x3f\x2f\xbf\xa9\x96\x78\xd5\xe7\x83\x72\xc5\x99\x41\x07\xfc\x23\x64\x28\xc5\xff\x69\xe6\xdf\xcf\xfe\x75\x42\xb9\xc2\x19\x62\xbc\x96\x2b\x4e\xe0\x99\x40\xf0\x8f\x90\xa1\x14\xff\x67\x98\xff\x88\x03\xd3\x77\xda\x3d\xfd\x51\xbb\x1a\x72\xc5\x99\x45\x07\xfc\x23\x64\x28\xc5\xff\x59\xe6\x3f\xd2\xd4\x70\x15\x9f\x0f\x09\x71\x68\xbd\x5c\x71\x66\xd3\x01\xff\x08\x19\x4a\xf1\x7f\x8e\xf9\x8f\x9c\xfa\xf4\xfa\x58\x35\xae\x6e\x09\x29\x57\x9c\x39\x74\xc0\x3f\x42\x86\x52\xfc\x9f\x67\xfe\xa3\x94\xcb\x77\x74\x51\x8e\xd2\xd5\x53\xc9\x15\x67\x2e\x1d\xf0\x8f\x90\xa1\x14\xff\x17\x98\xff\xa8\x5f\x7e\x24\x2e\xff\x64\x6e\xda\xb9\x72\xc5\x99\x47\x07\xfc\x23\x64\x28\xc5\xff\x45\xe6\x3f\xda\x83\x43\x21\x43\x44\x2f\xfc\x24\x9f\x5c\x71\xe6\xd3\x01\xff\x08\x19\x4a\xf1\x7f\x89\xf9\x8f\x5e\x2b\xe4\xb3\x6f\xa7\xa6\x4e\x1a\x29\x57\x9c\x05\x74\xc0\x3f\x42\x86\x52\xfc\x5f\x66\xfe\xff\xfb\x71\x2c\x42\x9b\x55\x11\xfa\x2e\x96\x2b\xce\x42\x3a\xe0\x1f\x21\x43\x29\xfe\xaf\x30\xff\x31\x0a\x05\x7d\x3b\xb7\xdb\xdd\x30\x11\xe5\x8a\xb3\x88\x0e\xf8\x47\xc8\x50\x8a\xff\xab\xcc\x7f\xcc\x6a\xb9\xce\x9d\x6c\x99\x63\xf1\x77\xb9\xe2\x04\xfe\x4c\x00\xff\x08\x19\x4a\xf1\x7f\x8d\xf9\x8f\xf5\xe6\x4f\x9a\x1c\x5b\x5f\x5d\x2c\x23\x57\x9c\xc0\x77\x82\xe1\x1f\x21\x43\x29\xfe\xaf\x33\xff\xb1\x67\xd4\x3b\xf8\xfb\x6a\x87\x7c\x8d\xe4\x8a\xb3\x94\x0e\xf8\x47\xc8\x50\x8a\xff\x1b\xcc\x7f\x9c\x44\x33\xe2\x7b\xe1\x16\x95\xb8\x2a\x57\x9c\x65\x74\xc0\x3f\x42\x86\x52\xfc\xdf\x64\xfe\xe3\x66\x5b\x14\xb4\xd6\x9b\xbd\x4d\x37\xc8\x15\x67\x39\x1d\xf0\x8f\x90\xa1\x14\xff\xb7\x98\xff\x78\x63\x9a\x3c\x5a\x9e\xa1\xb5\x1f\x42\xae\x38\x2b\xe8\x80\x7f\x84\x0c\xa5\xf8\xbf\xcd\xfc\xc7\x1f\x3b\x74\xfd\xe6\x0a\x5f\xff\xa4\x94\x2b\xce\x4a\x3a\xe0\x1f\x21\x43\x29\xfe\xef\x30\xff\x09\x32\xe7\xaf\x58\x6c\x4c\xe2\x51\xf3\xe4\x8a\xb3\x8a\x0e\xf8\x47\xc8\x50\x8a\xff\xbb\xcc\x7f\xc2\xf8\x3d\x3b\x45\x1e\x7f\x28\x59\x57\xb9\xe2\xac\xa6\x03\xfe\x11\x32\x94\xe2\xff\x1e\xf3\x9f\x68\xe6\xee\x09\xf7\x4b\x47\xac\x70\x48\xae\x38\x6b\xe8\x80\x7f\x84\x0c\xa5\xf8\xbf\xcf\xfc\x27\xbe\xf6\xfa\xca\xc2\xd4\xa3\x76\xbf\x91\x2b\xce\x5a\x3a\xe0\x1f\x21\x43\x29\xfe\x1f\x30\xff\x49\xda\xa4\xcc\x56\xe1\x7d\x8d\x93\xd5\xe5\x8a\xb3\x8e\x0e\xf8\x47\xc8\x50\x8a\xff\x87\xcc\x7f\xd2\x1e\x7e\xb4\x90\xcf\xea\x4c\xbe\x28\x57\x9c\xc0\x33\x01\xe1\x1f\x21\x43\x29\xfe\x1f\x31\xff\xc9\x0e\x5d\xfd\xfc\x35\xd7\xb8\x87\xcd\xe4\x8a\x13\xf8\x4c\x10\xfc\x23\x64\x28\xc5\xff\x63\xe6\x3f\x79\x83\x28\xf1\x5a\xd7\x8a\xea\x95\x90\x2b\xce\x46\x3a\xe0\x1f\x21\x43\x29\xfe\x9f\x30\xff\x29\x6e\x5d\xfc\x33\x6f\xd8\xb1\x1e\xbf\xe5\x8a\xb3\x89\x0e\xf8\x47\xc8\x50\x8a\xff\xa7\xcc\x7f\xca\x73\xcf\x6f\x9f\x9a\x19\xff\x4a\x54\xb9\xe2\x6c\xa6\x03\xfe\x11\x32\x94\xe2\xff\x19\xf3\x9f\xaa\x4b\xda\xbc\xd9\x8b\x7e\x5c\x34\x5f\xae\x38\x5b\xe8\x80\x7f\x84\x0c\xa5\xf8\x7f\xce\xfc\xa7\x0e\x3a\xfa\xc2\x9f\xa4\xcd\xcb\x8e\x95\x2b\xce\x56\x3a\xe0\x1f\x21\x43\x29\xfe\x5f\x30\xff\x69\x76\x95\xcc\xe4\xfe\xdc\x99\x3d\x97\x5c\x71\xb6\xd1\x01\xff\x08\x19\x4a\xf1\xff\x92\xf9\x4f\xbb\xae\x7d\xa4\x9a\x71\x96\x45\xaf\x2d\x57\x9c\xed\x74\xc0\x3f\x42\x86\x52\xfc\xbf\x62\xfe\xd3\x45\xdd\xfa\x7e\xc5\x81\x2e\x0d\x5e\xc8\x15\x67\x07\x1d\xf0\x8f\x90\xa1\x14\xff\xaf\x99\xff\xf4\xd7\x26\x8f\xde\xb0\xe0\xdd\xe8\x63\x72\xc5\xd9\x49\x07\xfc\x23\x64\x28\xc5\xff\x1b\xe6\x3f\x43\x9b\x8a\x6d\x0b\xf6\xc9\xf3\xb3\xa3\x5c\x71\x76\xd1\x01\xff\x08\x19\x4a\xf1\xff\x96\xf9\xcf\xd8\xa3\x79\xb9\x68\xf5\x6f\x56\x9d\x25\x57\x9c\xdd\x74\xc0\x3f\x42\x86\x52\xfc\xbf\x63\xfe\x33\x1d\x5a\xbb\xe6\xc9\xee\x30\xf1\xd3\xca\x15\x67\x0f\x1d\xf0\x8f\x90\xa1\x14\xff\xef\x99\xff\xcc\xf3\xeb\xdc\xaa\x73\x7b\xe2\x99\xff\xb1\xe2\xec\xa5\x03\xfe\x11\x32\x94\xe2\xff\x03\xf3\x9f\x25\xe6\xac\x1c\x6b\x83\xe4\xdf\xb5\x45\xae\x38\xfb\xe8\x80\x7f\x84\x0c\xa5\xf8\xff\xc8\xfc\x67\x75\x17\xfc\xf7\x33\xf7\xa9\xd4\x9b\xe4\x8a\xb3\x9f\x0e\xf8\x47\xc8\x50\x8a\xff\x4f\xcc\x7f\xb6\xcd\xcd\x7e\x86\xbd\x1f\xa3\x66\x28\xb9\xe2\x1c\xa0\x03\xfe\x11\x32\x94\xe2\xff\x33\xf3\x9f\x3d\xda\x92\x88\x93\xfa\x0f\xda\x96\x5c\xae\x38\x07\xe9\x80\x7f\x84\x0c\xa5\xf8\xff\xc2\xfc\xe7\x58\xdd\xe8\x53\xfd\xda\x15\x0e\xcc\x91\x2b\x4e\xe0\x99\xc0\xf0\x8f\x90\xa1\x14\xff\x5f\x99\xff\x9c\xdb\x6b\x5c\xcc\x5c\x60\x6b\x9b\xce\x72\xc5\x39\x4c\x07\xfc\x23\x64\x28\xc5\xff\x37\xe6\x3f\x57\xb0\x79\xe9\x8f\xcd\x69\x1c\xeb\x80\x5c\x71\x8e\xd0\x01\xff\x08\x19\x4a\xf1\xff\x9d\xf9\xcf\xdd\x35\xcf\xbd\x60\x7f\xfe\x7e\x7d\x27\x57\x9c\xa3\x74\xc0\x3f\x42\x86\x52\xfc\xff\x60\xfe\xf3\x9c\xfe\x95\xe7\x43\x82\xd4\xfd\x6b\xca\x15\x27\xf0\x9d\x20\xf8\x47\xc8\x50\x8a\xff\x9f\xcc\x7f\xde\xeb\x07\x62\x2f\x39\x9a\x61\x5d\x1e\xb9\xe2\x1c\xa7\x03\xfe\x11\x32\x94\xe2\xff\x17\xf3\x9f\xaf\x61\xe8\xbf\x55\x63\x3e\xba\x31\x5c\xae\x38\x27\xe8\x80\x7f\x84\x0c\xa5\xf8\xff\xcd\xfc\xe7\xcf\x11\xfd\x4b\xf0\x9e\x3d\x32\x2f\x95\x2b\xce\x49\x3a\xe0\x1f\x21\x43\x29\xfe\xff\x30\xff\x05\x06\x5d\x88\xfe\x7e\xe9\xaa\x82\x91\xe5\x8a\x73\x8a\x0e\xf8\x47\xc8\x50\x8a\xff\xbf\xcc\x7f\xc1\x69\xaf\xb2\x2e\xde\x55\xfa\xed\x4f\xb9\xe2\x9c\xa6\x03\xfe\x11\x32\x94\xe2\xff\x1f\xf3\x5f\x28\x4d\x9a\xcb\xd5\x9a\xcd\x9d\x5e\x4e\xae\x38\x81\x2f\x05\xc3\x3f\x42\x86\xfa\x7f\xfb\x0f\x13\x84\xf9\x2f\xdc\xe1\xf8\xcc\x06\xa1\x43\x74\x69\x20\x57\x9c\xb3\x74\xc0\x3f\x42\x86\x52\xfc\x07\x65\xfe\x8b\x9c\x72\xbb\x4f\xbc\x75\x35\xf8\x65\xb9\xe2\x9c\xa3\x03\xfe\x11\x32\x94\xe2\x3f\x18\xf3\x5f\xf4\x5e\xe6\x1a\x47\x4f\x5f\xac\x53\x57\xae\x38\xe7\xe9\x80\x7f\x84\x0c\xa5\xf8\x0f\xce\xfc\x17\x6b\xf2\x71\x57\x16\x3f\x48\xaa\x57\x72\xc5\xb9\x40\x07\xfc\x23\x64\x28\xc5\x7f\x08\xe6\xbf\xf8\xb1\xf4\xe5\xd7\xb5\x9f\x79\xf4\x88\x5c\x71\x2e\xd2\x01\xff\x08\x19\x4a\xf1\x1f\x92\xf9\x2f\xd1\xe7\xeb\xc6\xda\xab\x8b\xaf\x6f\x2f\x57\x9c\x4b\x74\xc0\x3f\x42\x86\x52\xfc\x87\x62\xfe\x4b\xb6\x38\x3d\x29\xcc\x86\x75\xb1\x67\xc8\x15\x27\xf0\x3b\x41\xf8\x47\xc8\x50\x8a\xff\xd0\xcc\x7f\xa9\x4b\xe1\x3a\xfc\x6a\xd3\xa7\x65\x6a\xb9\xe2\x5c\xa1\x03\xfe\x11\x32\x94\xe2\x3f\x0c\xf3\x5f\x7a\xd9\xf2\xb9\x79\x9d\x67\xc3\x82\xc9\x15\xe7\x2a\x1d\xf0\x8f\x90\xa1\x14\xff\x61\x99\xff\x32\x71\xda\xf6\x3e\x73\x21\xcb\x87\x6d\x72\xc5\xb9\x46\x07\xfc\x23\x64\x28\xc5\x7f\x38\xe6\xbf\x6c\xd8\xca\x75\x66\x64\x4d\x7e\xf7\xbc\x5c\x71\xae\xd3\x01\xff\x08\x19\x4a\xf1\x1f\x9e\xf9\x2f\xb7\x69\xe2\xbe\x96\x2f\x7f\x2e\x6f\x22\x57\x9c\x1b\x74\xc0\x3f\x42\x86\x52\xfc\x47\x60\xfe\xcb\x77\x58\x7f\xa8\xe3\xc8\xfa\x45\x4a\xc9\x15\xe7\x26\x1d\xf0\x8f\x90\xa1\x14\xff\x0e\xf3\x5f\xe1\x54\xd7\x04\x03\xaa\x6e\xcc\xf4\x57\xae\x38\xb7\xe8\x80\x7f\x84\x0c\xa5\xf8\x77\x99\xff\x8a\xf7\x4a\x07\xb9\x52\xaa\xca\xbc\xe8\x72\xc5\xb9\x4d\x07\xfc\x23\x64\x28\xc5\xbf\xc7\xfc\x57\x6a\x32\xf2\x61\xd2\x69\xc3\x5e\x2c\x94\x2b\xce\x1d\x3a\xe0\x1f\x21\x43\x29\xfe\x7d\xe6\xbf\x72\xa8\x1e\x93\xe7\x7e\x8b\x13\x62\xb4\x5c\x71\xee\xd2\x01\xff\x08\x19\x4a\xf1\x1f\x91\xf9\xaf\xb2\x7b\x5f\xd7\x36\xa9\xce\x75\xcc\x21\x57\x9c\x7b\x74\xc0\x3f\x42\x86\x52\xfc\x47\x62\xfe\xab\x2e\x1f\x52\x2d\xc7\x8d\xa8\x3b\xa6\xcb\x15\xe7\x3e\x1d\xf0\x8f\x90\xa1\x14\xff\x91\x99\xff\x6a\x91\x0a\x6d\x39\x19\xf2\xd8\xb9\x34\x72\xc5\x79\x40\x07\xfc\x23\x64\x28\xc5\x7f\x14\xe6\xbf\xfa\xfa\x01\x75\xcb\x37\xa9\x93\x30\xb8\x5c\x71\x1e\xd2\x01\xff\x08\x19\x4a\xf1\x1f\x95\xf9\xaf\x11\xae\xd8\xee\x45\x3b\xc6\x55\xde\x2a\x57\x9c\x47\x74\xc0\x3f\x42\x86\x52\xfc\x47\x63\xfe\x6b\xc6\xed\x33\xe7\xdb\xe2\xe6\xdf\xeb\xc9\x15\xe7\x31\x1d\xf0\x8f\x90\xa1\x14\xff\xd1\x99\xff\x5a\x8b\x77\xf5\x0b\xd1\x7d\xe7\xd8\x97\x72\xc5\x79\x42\x07\xfc\x23\x64\x28\xc5\xff\x7f\xcc\x7f\xed\xf3\x31\xc6\x1f\xf8\x2f\x7e\xa3\xc3\x72\xc5\x79\x4a\x07\xfc\x23\x64\x28\xc5\x7f\x0c\xe6\xbf\x4e\xcb\x7b\x1d\x33\x1e\xfe\x18\xb5\x83\x5c\x71\x9e\xd1\x01\xff\x08\x19\x4a\xf1\x1f\x93\xf9\xaf\xdb\xf7\x49\xa5\xa6\x89\xde\xe5\x8c\x26\x57\x9c\xe7\x74\xc0\x3f\x42\x86\x52\xfc\xc7\x62\xfe\xeb\x1d\x4e\xb4\x61\xca\xbf\x3c\xa5\x17\xc9\x15\xe7\x05\x1d\xf0\x8f\x90\xa1\x14\xff\xb1\x99\xff\xfa\xc7\xf6\x3f\x1c\x31\x6f\xd9\x82\x31\x72\xc5\x09\xfc\x4e\x10\xfe\x11\x32\x94\xe2\x3f\x0e\xf3\xdf\xa0\x4f\xa8\x20\x3d\x0b\x75\xb9\x96\x5d\xae\x38\x81\x77\x02\xc1\x3f\x42\x86\x52\xfc\xc7\x65\xfe\x1b\xb6\xc8\x9d\x20\x6d\xdd\x89\xbd\x2e\xc8\x15\xe7\x35\x1d\xf0\x8f\x90\xa1\x14\xff\xf1\x98\xff\x46\x97\x7e\x1e\xba\x33\x30\xbf\xd3\x58\xae\x38\x6f\xe8\x80\x7f\x84\x0c\xa5\xf8\x8f\xcf\xfc\x37\x9e\xbb\x72\xd8\xbc\x87\x37\xef\x97\x94\x2b\xce\x5b\x3a\xe0\x1f\x21\x43\x29\xfe\x13\x30\xff\x4d\x12\xb7\x6e\xd2\x3a\x6f\x98\xa9\xff\xe4\x8a\xf3\x8e\x0e\xf8\x47\xc8\x50\x8a\xff\x84\xcc\x7f\xd3\xf4\x55\x0b\x67\x4f\x11\xe1\x78\x17\xb9\xe2\xbc\xa7\x03\xfe\x11\x32\x94\xe2\x3f\x11\xf3\xdf\x6c\xe4\xf8\xa5\xa7\xbe\xdc\xdd\xbb\x5f\xae\x38\x1f\xe8\x80\x7f\x84\x0c\xa5\xf8\x4f\xcc\xfc\x37\x4f\x5e\xb1\x4c\x85\x29\x85\x2b\xbd\x95\x2b\xce\x47\x3a\xe0\x1f\x21\x43\x29\xfe\x93\x30\xff\x2d\x26\x4e\x5e\xb7\xb0\xc4\xd4\x24\xb5\xe4\x8a\xf3\x89\x0e\xf8\x47\xc8\x50\x8a\xff\xa4\xcc\x7f\xcb\xa1\x6b\xc7\x7e\xad\xdc\x61\xc4\x46\xb9\xe2\x7c\xa6\x03\xfe\x11\x32\x94\xe2\x3f\x19\xf3\xdf\x2a\x77\xf3\xd6\x21\x87\x2f\xfa\x17\x5a\xae\x38\x5f\xe8\x80\x7f\x84\x0c\xa5\xf8\x4f\xce\xfc\xb7\x2e\x7e\x72\xd0\xfe\xe7\x39\x22\xa5\x90\x2b\xce\x57\x3a\xe0\x1f\x21\x43\x29\xfe\x53\x30\xff\x6d\x3e\x46\x68\x90\x29\xf3\xab\xc6\xb3\xe5\x8a\xf3\x8d\x0e\xf8\x47\xc8\x50\x8a\xff\x94\xcc\x7f\xdb\xa7\x59\xf3\x37\xbb\xf4\xb5\xd4\x2f\xb9\xe2\x7c\xa7\x03\xfe\x11\x32\x94\xe2\x3f\x15\xf3\xdf\xae\xf6\xfb\x85\x93\xbd\xc4\x79\xca\xca\x15\xe7\x07\x1d\xf0\x8f\x90\xa1\x14\xff\xa9\x99\xff\xf6\x73\x2f\xde\x1d\xdd\x6e\xef\xf9\xfa\x72\xc5\xf9\x49\x07\xfc\x23\x64\x28\xc5\x7f\x1a\xe6\xbf\x43\xe2\x28\xb9\xfb\x6d\x6a\xbd\xf4\x8a\x5c\x71\x02\x7f\x27\x80\x7f\x84\x0c\xa5\xf8\x4f\xcb\xfc\x77\x4c\x9f\x36\x4e\xaa\xb5\xa3\xc2\xe5\x96\x2b\xce\x6f\x3a\xe0\x1f\x21\x43\x29\xfe\xd3\x31\xff\x9d\x46\x3e\xff\x77\xbd\x63\x8d\xde\x23\xe4\x8a\xf3\x87\x0e\xf8\x47\xc8\x50\x8a\xff\xf4\xcc\x7f\xe7\x17\xb1\x46\xd4\x8f\x74\x68\xc2\x32\xb9\xe2\xfc\xa5\x03\xfe\x11\x32\x94\xe2\x3f\x03\xf3\xdf\xa5\xd2\x9d\x56\x93\xce\x46\x7c\x16\x49\xae\x38\x81\x67\x02\xc0\x3f\x42\x86\x52\xfc\x67\x64\xfe\xbb\x16\x7b\x56\xf2\xd8\xb3\x0e\x51\xf6\xc9\x15\x37\x70\xc0\x3f\x42\x86\x52\xfc\x67\x62\xfe\xbb\xfd\x49\xb0\x3c\x73\xae\x45\x0d\xc3\xc9\x15\x97\xfe\x37\xf0\x8f\x90\xa5\x14\xff\x99\x99\xff\xee\xf5\x1e\x15\x5a\x5b\x2b\xc7\xb8\xc4\x72\xc5\x0d\x46\x07\xfc\x23\x64\x28\xc5\x7f\x16\xe6\xbf\xc7\x93\x24\x0b\xea\x0c\x7b\xf5\x63\x82\x5c\x71\x83\xd3\x01\xff\x08\x19\x4a\xf1\x9f\x95\xf9\xef\xf9\x21\x5e\xff\xb0\x33\x23\x54\xe9\x2e\x57\xdc\x10\x74\xc0\x3f\x42\x86\x52\xfc\x67\x63\xfe\x7b\x95\xba\xd1\xf0\x67\xd1\xbb\x89\xce\xc8\x15\x37\x24\x1d\xf0\x8f\x90\xa1\x14\xff\xd9\x99\xff\xde\xf9\x7a\x8d\xc9\x97\xb4\xf0\xd9\x47\x72\xc5\x0d\x45\x07\xfc\x23\x64\x28\xc5\x7f\x0e\xe6\xbf\xcf\x90\x3d\xed\x4e\xff\x9c\xba\xbd\xaa\x5c\x71\x03\xcf\x04\x82\x7f\x84\x0c\xa5\xf8\xcf\xc9\xfc\xf7\x9d\x30\xac\xec\xf4\x38\xa3\xa6\x65\x90\x2b\x6e\xe0\xe7\xe1\x1f\x21\x43\x29\xfe\x73\x31\xff\xfd\x52\x15\x58\xdd\xea\x40\x8d\x07\x83\xe5\x8a\x1b\x96\x0e\xf8\x47\xc8\x50\x8a\xff\xdc\xcc\x7f\xff\x03\xdb\xa2\xaf\x5e\x70\x28\xc2\x4a\xb9\xe2\x06\x3e\x13\x04\xff\x08\x19\x4a\xf1\x9f\x87\xf9\x1f\xd0\xab\xc3\x97\x7a\x7d\x22\xf6\x8c\x27\x57\xdc\xf0\x74\xc0\x3f\x42\x86\x52\xfc\xe7\x65\xfe\x07\xb6\x2b\x75\x39\x7c\xfd\xaf\x57\xbf\xca\x15\x37\x02\x1d\xf0\x8f\x90\xa1\x14\xff\xf9\x98\xff\x41\x57\xc6\x64\xfd\xbe\x3b\xf1\xfc\x42\x72\xc5\x75\xe8\x80\x7f\x84\x0c\xa5\xf8\xcf\xcf\xfc\x0f\x3e\x32\x2b\x7a\xd9\xdb\x7b\xcb\xb4\x91\x2b\x6e\xe0\x0b\x80\xf0\x8f\x90\xa1\x14\xff\x05\x98\xff\x21\xfd\xea\x7c\xd9\x13\xa4\x75\xae\xeb\x72\xc5\xf5\xe8\x80\x7f\x84\x0c\xa5\xf8\x2f\xc8\xfc\x0f\x6d\xd5\xec\xf2\x8b\xe8\xcd\x9b\x54\x94\x2b\xae\x4f\x07\xfc\x23\x64\x28\xc5\x7f\x21\xe6\x7f\xd8\x85\x05\x59\x63\x9e\xda\x19\xf9\x99\x5c\x71\x23\xd2\x01\xff\x08\x19\x4a\xf1\x5f\x98\xf9\x1f\xde\xa9\xd1\x9d\xfe\xab\xe2\xff\x3d\x21\x57\xdc\xc0\x33\xc1\xe0\x1f\x21\x43\x29\xfe\x8b\x30\xff\x23\x4e\x2c\xc9\xd7\xa9\xdb\xc7\xe1\xbd\xe5\x8a\x1b\x99\x0e\xf8\x47\xc8\x50\x8a\xff\xa2\xcc\xff\xc8\x3b\xf3\xe2\x26\x6b\x19\x35\xf1\x14\xb9\xe2\x46\xa1\x03\xfe\x11\x32\x94\xe2\xbf\x18\xf3\x3f\xaa\x59\x8d\xdf\x97\xb7\x1e\xab\x18\x5f\xae\xb8\x51\xe9\x80\x7f\x84\x0c\xa5\xf8\x2f\xce\xfc\x8f\x8e\xfc\x2b\x72\xc4\xab\x75\xf6\xb9\x72\xc5\x8d\x46\x07\xfc\x23\x64\x28\xc5\x7f\x09\xe6\x7f\xcc\x8a\x3c\x1f\x1e\x86\x1b\x77\x62\x97\x5c\x71\xa3\xd3\x01\xff\x08\x19\x4a\xf1\x5f\x92\xf9\x1f\xbb\x27\xf4\xf9\xad\x6f\x26\x3e\xbd\x2d\x57\xdc\xff\xe8\x80\x7f\x84\x0c\xa5\xf8\x2f\xc5\xfc\x8f\x0b\x7d\x20\x63\x91\x0c\xf9\xc7\xb7\x90\x2b\x6e\x0c\x3a\xe0\x1f\x21\x43\x29\xfe\x4b\x33\xff\xe3\x8f\x3c\x2a\x5b\xa7\xc2\xcd\x3e\xff\xc3\xb8\x1b\x93\x0e\xf8\x47\xc8\x50\x8a\xff\x32\xcc\xff\x84\x7e\x49\x56\xaf\x1d\x13\x26\xfc\x47\xb9\xe2\xc6\xa2\x03\xfe\x11\x32\x94\xe2\xbf\x2c\xf3\x3f\xb1\x55\xbc\x31\x3f\xc7\xbf\x5b\x16\x4b\xae\xb8\xb1\xe9\x80\x7f\x84\x0c\xa5\xf8\x2f\xc7\xfc\x4f\xba\x70\xa3\x5d\xd8\xd2\x79\x2e\xac\x95\x2b\x6e\x1c\x3a\xe0\x1f\x21\x43\x29\xfe\xcb\x33\xff\x93\x37\xa6\x8c\xb1\x21\xf5\xb2\xdc\xfd\xe5\x8a\x1b\x97\x0e\xf8\x47\xc8\x50\x8a\xff\x0a\xcc\xff\x94\x30\xaf\x7f\x15\x7c\xdf\xa5\x64\x16\xb9\xe2\x06\x9e\x09\x08\xff\x08\x19\x4a\xf1\x5f\x91\xf9\x9f\x1a\xfb\xea\xcd\x68\xc1\xd6\x0d\x98\x2c\x57\xdc\xc0\xcf\xc0\x3f\x42\x86\x52\xfc\x57\x62\xfe\xa7\x2d\xf5\xb3\x3f\xb9\xdb\xe7\x5b\x02\xb9\xe2\x06\xfe\x1b\xfc\x23\x64\x28\xc5\x7f\x65\xe6\x7f\x7a\x88\x8b\x97\xfa\xed\x7d\x16\xd3\x93\x2b\x6e\x42\x3a\xe0\x1f\x21\x43\x29\xfe\xab\x30\xff\x33\xf6\x46\xc9\x30\xba\x61\x96\xd6\x3b\xe5\x8a\x9b\x88\x0e\xf8\x47\xc8\x50\x8a\xff\xaa\xcc\xff\xcc\x95\x69\xfd\xeb\xfd\x2e\xee\xaf\x24\x57\xdc\xc4\x74\xc0\x3f\x42\x86\x52\xfc\x57\x63\xfe\x67\xf9\xcf\x3f\xa6\x5a\x14\x64\xeb\x53\xb9\xe2\x26\xa1\x03\xfe\x11\x32\x94\xe2\xbf\x3a\xf3\x3f\xbb\x71\xc9\x38\x6f\x0f\xcd\xac\x75\x5c\xae\xb8\x49\xe9\x80\x7f\x84\x0c\xa5\xf8\xaf\xc1\xfc\xcf\xb9\x3b\xfa\x5f\x9c\x78\xc5\xd3\xf4\x91\x2b\x6e\x32\x3a\xe0\x1f\x21\x43\x29\xfe\x6b\x32\xff\x73\x4f\x6e\xbd\x5b\xe2\x7b\x95\x60\x31\xe5\x8a\x9b\x9c\x0e\xf8\x47\xc8\x50\x8a\xff\x5a\xcc\xff\xbc\xf6\xed\x73\xef\x4c\x3c\xac\xf3\x3a\xb9\xe2\xa6\xa0\x03\xfe\x11\x32\x94\xe2\xbf\x36\xf3\x3f\xbf\xd3\xa4\x76\x4b\x0b\xc7\x99\x31\x40\xae\xb8\x29\xe9\x80\x7f\x84\x0c\xa5\xf8\xaf\xc3\xfc\x2f\x38\x51\x65\x4c\x95\xe9\xe7\xde\x65\x96\x2b\x6e\x2a\x3a\xe0\x1f\x21\x43\x29\xfe\xeb\x32\xff\x0b\xef\xb4\x5b\x1d\x74\x48\xf2\x42\x77\xe4\x8a\x9b\x9a\x0e\xf8\x47\xc8\x50\x8a\xff\x7a\xcc\xff\xa2\x66\x2b\xca\x7e\xac\xf1\x33\x4b\x73\xb9\xe2\xa6\xa1\x03\xfe\x11\x32\x94\xe2\xbf\x3e\xf3\xbf\x38\xe5\x8f\x70\xeb\x73\xd4\xbf\x5e\x54\xae\xb8\x69\xe9\x80\x7f\x84\x0c\xa5\xf8\x6f\xc0\xfc\x2f\x19\x9f\xef\x79\xa1\x27\x1b\xd7\x7e\x92\x2b\x6e\x3a\x3a\xe0\x1f\x21\x43\x29\xfe\x1b\x32\xff\x4b\x07\x87\x3c\x11\xfd\xe3\xd6\xf7\x3d\xe4\x8a\x9b\x9e\x0e\xf8\x47\xc8\x50\x8a\xff\x46\xcc\xff\xb2\xbc\x87\x52\x3d\x4e\xdb\x78\xe8\x69\xb9\xe2\x66\xa0\x03\xfe\x11\x32\x94\xe2\xbf\x31\xf3\xbf\x7c\x76\xd0\xfd\x7d\xcb\xfe\x6d\xf5\x50\xae\xb8\x19\xe9\x80\x7f\x84\x0c\xa5\xf8\x6f\xc2\xfc\xaf\x48\x7a\x2c\xe1\x98\x89\xa9\xe3\x54\x93\x2b\x6e\x26\x3a\xe0\x1f\x21\x43\x29\xfe\x9b\x32\xff\x2b\x33\xfe\x09\x7e\x63\xdc\xa9\x0d\x7b\xe5\x8a\x1b\xf8\x4c\x10\xfc\x23\x64\x28\xc5\x7f\x33\xe6\x7f\xd5\xf0\x5c\x0f\x52\x56\x8a\x71\x2c\xbc\x5c\x71\x03\xcf\x04\x86\x7f\x84\x0c\xa5\xf8\x6f\xce\xfc\xaf\xfe\x3d\xc3\x7d\x97\x69\x50\xca\x24\x72\xc5\xcd\x4a\x07\xfc\x23\x64\x28\xc5\x7f\x0b\xe6\x7f\x4d\xd1\x7a\xaf\x63\xbf\xab\x50\x7b\xbc\x5c\x71\xb3\xd1\x01\xff\x08\x19\x4a\xf1\xdf\x92\xf9\x5f\x5b\xb1\xc9\x99\xe2\x61\x4a\x77\xfa\x26\x57\xdc\xec\x74\xc0\x3f\x42\x86\x52\xfc\xb7\x62\xfe\xd7\x3d\x5f\x94\x6e\xd7\xe5\xb9\x21\x0b\xca\x15\x37\x07\x1d\xf0\x8f\x90\xa1\x14\xff\xad\x99\xff\xf5\x29\x07\x54\x5a\xb4\x39\xc4\xf3\xd6\x72\xc5\xcd\x49\x07\xfc\x23\x64\x28\xc5\x7f\x1b\xe6\x7f\xc3\xf8\x62\x1b\xca\x37\xbf\x3a\xf7\x86\x5c\x71\x73\xd1\x01\xff\x08\x19\x4a\xf1\xdf\x96\xf9\xdf\x38\xb8\xcf\xf8\x10\x5d\x32\x64\x4c\x2f\x57\xdc\xdc\x74\xc0\x3f\x42\x86\x52\xfc\xb7\x63\xfe\x37\xe5\xdd\xd5\xf1\xdb\x8a\x47\x85\x87\xc8\x15\x37\x0f\x1d\xf0\x8f\x90\xa1\x14\xff\xed\x99\xff\xcd\x75\x8a\x87\x28\x77\xa2\xc7\x8a\x55\x72\xc5\xcd\x4b\x07\xfc\x23\x64\x28\xc5\x7f\x07\xe6\x7f\xcb\xb3\xb1\x4f\x77\x47\x5d\x75\x2f\xae\x5c\x71\xf3\xd1\x01\xff\x08\x19\x4a\xf1\xdf\x91\xf9\xdf\xfa\x69\xf3\xb1\xe7\x29\xe2\x17\xff\x4f\xae\xb8\xf9\xe9\x80\x7f\x84\x0c\xa5\xf8\xef\xc4\xfc\x6f\x2b\xd1\x31\x49\xac\x2f\x1f\xf3\xae\x91\x2b\x6e\x01\x3a\xe0\x1f\x21\x43\x29\xfe\x3b\x33\xff\xdb\x5f\xad\x3f\x3b\x60\x4a\xf3\x4b\x83\xe4\x8a\x1b\xf8\x4c\x10\xfc\x23\x64\x28\xc5\x7f\x17\xe6\x7f\x47\x85\xae\xa9\x3b\x96\xd8\xb9\x24\xab\x5c\x71\x0b\xd1\x01\xff\x08\x19\x4a\xf1\xdf\x95\xf9\xdf\x59\xa4\xb4\x93\xb4\x72\x9d\xb0\xf7\xe4\x8a\x5b\x98\x0e\xf8\x47\xc8\x50\x8a\xff\x6e\xcc\xff\xae\x7f\x23\xdf\x5d\x19\x3e\xae\x5f\x4b\xb9\xe2\x16\xa1\x03\xfe\x11\x32\x94\xe2\xbf\x3b\xf3\xbf\x7b\x54\xf2\x20\xfe\xf3\xa8\x13\x0b\xcb\x15\x37\xf0\x4e\x00\xf8\x47\xc8\x50\x8a\xff\x1e\xcc\xff\x9e\x0c\x6f\x1f\x3e\xca\x7c\xec\xf1\x07\xb9\xe2\x06\xdc\xc3\x3f\x42\x86\x52\xfc\xf7\x64\xfe\xf7\x26\xb9\x7c\x68\xdb\xa5\x9b\xa7\xa6\xca\x15\xb7\x38\x1d\xf0\x8f\x90\xa1\x14\xff\xbd\x98\xff\x7d\xf3\x22\x25\x28\xec\x85\xd9\x93\x48\xae\xb8\x25\xe8\x80\x7f\x84\x0c\xa5\xf8\xef\xcd\xfc\xef\x3f\x1c\x2c\x65\xc4\x76\x13\xcb\x3b\x72\xc5\x2d\x49\x07\xfc\x23\x64\x28\xc5\x7f\x1f\xe6\xff\x40\xdf\xc3\xc7\x1f\x6e\xca\x9f\x74\xbb\x5c\x71\x4b\xd1\x01\xff\x08\x19\x4a\xf1\xdf\x97\xf9\x3f\xd8\xf2\xef\x8b\xad\x6b\x97\x8d\xac\x20\x57\xdc\xd2\x74\xc0\x3f\x42\x86\x52\xfc\xf7\x63\xfe\x0f\x9d\xcf\x1e\xbe\x48\xc7\x2e\xbf\x1f\xcb\x15\xb7\x0c\x1d\xf0\x8f\x90\xa1\x14\xff\xfd\x99\xff\xc3\x3d\x17\x3e\x88\x15\xe9\x5d\xc4\x93\x72\xc5\x2d\x4b\x07\xfc\x23\x64\x28\xc5\xff\x00\xe6\xff\xc8\xfe\xc6\xc1\x9f\x9f\xcd\xd3\xac\x9f\x5c\x71\xcb\xd1\x01\xff\x08\x19\x4a\xf1\x3f\x90\xf9\x3f\x7a\xb9\x6e\xc2\xdd\x37\x72\xe4\xf8\x22\x57\xdc\xf2\x74\xc0\x3f\x42\x86\x52\xfc\x0f\x62\xfe\x8f\xb5\x9d\xbe\xbf\x5c\xc8\x57\xe5\xf2\xcb\x15\x37\xf0\x3b\x41\xf8\x47\xc8\x50\x8a\xff\xc1\xcc\xff\xf1\xd3\x35\x53\x5d\x69\xd2\x61\x61\x5b\xb9\xe2\x56\xa4\x03\xfe\x11\x32\x94\xe2\x7f\x08\xf3\x7f\xa2\xeb\xec\x13\x49\x77\x2c\xba\x7c\x4b\xae\xb8\x95\xe8\x80\x7f\x84\x0c\xa5\xf8\x1f\xca\xfc\x9f\x6c\xb8\xf4\x79\xc7\xc5\x85\xbb\x67\x94\x2b\x6e\x65\x3a\xe0\x1f\x21\x43\x29\xfe\x87\x31\xff\xa7\xae\xd7\x0f\x37\xa0\xfb\x54\x77\x98\x5c\x71\xab\xd0\x01\xff\x08\x19\x4a\xf1\x3f\x9c\xf9\x3f\xbd\xfa\xe0\x93\xc2\xff\x45\x78\xb4\x42\xae\xb8\x55\xe9\x80\x7f\x84\x0c\xa5\xf8\x1f\xc1\xfc\x9f\x89\x16\x22\xf4\xb6\xc3\x77\xa7\xc4\x96\x2b\x6e\x35\x3a\xe0\x1f\x21\x43\x29\xfe\x47\x32\xff\x67\x83\xe5\x4d\xfa\x28\xd1\xa1\x9d\xbd\xe4\x8a\x5b\x9d\x0e\xf8\x47\xc8\x50\x8a\xff\x51\xcc\xff\xb9\xed\xdf\x0f\xfb\xff\x22\x9e\x3e\x2b\x57\xdc\x1a\x74\xc0\x3f\x42\x86\x52\xfc\x8f\x66\xfe\xcf\xf7\xbc\xb9\x3d\xcc\xbc\x51\x09\xee\xcb\x15\xb7\x26\x1d\xf0\x8f\x90\xa1\x14\xff\x63\x98\xff\x0b\xfb\x63\xd7\xfc\x55\xa8\x46\xb5\x2a\x72\xc5\xad\x45\x07\xfc\x23\x64\x28\xc5\xff\x58\xe6\xff\xe2\xe5\xa4\xbd\xd6\xd5\xdd\xfb\x6b\xb7\x5c\x71\x6b\xd3\x01\xff\x08\x19\x4a\xf1\x3f\x8e\xf9\xbf\xd4\xf6\xfe\x8c\xda\x03\x5b\x8f\x09\x2b\x57\xdc\x3a\x74\xc0\x3f\x42\x86\x52\xfc\x8f\x67\xfe\x2f\x3b\x91\xdf\x3d\x7e\xf8\xb5\x7e\x32\xb9\xe2\xd6\xa5\x03\xfe\x11\x32\x94\xe2\x7f\x02\xf3\x7f\x65\xdb\x15\x27\x7a\xde\xc4\xd1\x26\xca\x15\xb7\x1e\x1d\xf0\x8f\x90\xa1\x14\xff\x13\x99\xff\xab\x8b\xde\xa5\x2e\x74\xfa\xef\x9d\x4c\x72\xc5\xad\x4f\x07\xfc\x23\x64\x28\xc5\xff\x24\xe6\xff\x5a\x8c\x14\x67\xd7\xfb\xa9\x57\x0d\x95\x2b\x6e\x03\x3a\xe0\x1f\x21\x43\x29\xfe\x27\x33\xff\xd7\x77\xbd\x4a\x92\xb2\xfd\xd6\xa2\xcb\xe5\x8a\xdb\x90\x0e\xf8\x47\xc8\x50\x8a\xff\x29\xcc\xff\x8d\xa0\x69\x8e\xdd\x58\xdd\x38\x7d\x1c\xb9\xe2\x36\xa2\x03\xfe\x11\x32\x94\xe2\x7f\x2a\xf3\x7f\x33\x6a\xf4\xa7\x63\x36\x0c\x9a\xfd\x59\xae\xb8\x8d\xe9\x80\x7f\x84\x0c\xa5\xf8\x9f\xc6\xfc\xdf\x5a\x77\x21\x44\xdf\x36\x15\x5e\x16\x90\x2b\x6e\x13\x3a\xe0\x1f\x21\x43\x29\xfe\xa7\x33\xff\xb7\x6f\x75\x7a\xb5\xcb\x39\x15\xba\x9d\x5c\x71\x9b\xd2\x01\xff\x08\x19\x4a\xf1\x3f\x83\xf9\xbf\xd3\x60\x4b\xd8\xe2\x17\x62\x74\xb8\x29\x57\xdc\x66\x74\xc0\x3f\x42\x86\x52\xfc\xcf\x64\xfe\xef\x76\x19\x97\x3c\x76\xd6\x10\x75\xf7\xc8\x15\xb7\x39\x1d\xf0\x8f\x90\xa1\x14\xff\xb3\x98\xff\x7b\xe7\x4a\x9c\x7c\xf7\xf2\x6a\xf2\x30\x72\xc5\x6d\x41\x07\xfc\x23\x64\x28\xc5\xff\x6c\xe6\xff\xfe\xe9\x95\x33\x3e\x8d\x2c\x7d\x24\xa9\x5c\x71\x5b\xd2\x01\xff\x08\x19\x4a\xf1\x3f\x87\xf9\x7f\xd0\xb5\x75\xaf\x20\x55\xe7\x6e\x9a\x24\x57\xdc\x56\x74\xc0\x3f\x42\x86\x52\xfc\xcf\x65\xfe\x1f\x36\xac\x5a\xb3\x72\xa9\x1e\xf1\x7a\xca\x15\xb7\x35\x1d\xf0\x8f\x90\xa1\x14\xff\xf3\x98\xff\x47\xd7\xc7\x6f\x5f\x36\x6d\x55\x8b\x73\x72\xc5\x6d\x43\x07\xfc\x23\x64\x28\xc5\xff\x7c\xe6\xff\xf1\x94\xfd\xbf\x9f\x7c\xcb\x30\xf8\x81\x5c\x71\x03\xef\x04\x84\x7f\x84\x0c\xa5\xf8\x5f\xc0\xfc\x3f\x49\x17\x2a\x6e\xb4\x54\x8f\x3e\x56\x96\x2b\x6e\xe0\x33\x41\xf0\x8f\x90\xa1\x14\xff\x0b\x99\xff\xa7\xb9\x72\xe7\x2b\x98\xfb\xd9\xea\xbb\x72\xc5\x6d\x4f\x07\xfc\x23\x64\x28\xc5\xff\x22\xe6\xff\xd9\x80\x9f\x77\x36\xdc\xcf\x72\xb3\x95\x5c\x71\x3b\xd0\x01\xff\x08\x19\x4a\xf1\xbf\x98\xf9\x7f\x9e\x28\x7b\xd6\x54\xfd\xd7\x65\x2b\x22\x57\xdc\x8e\x74\xc0\x3f\x42\x86\x52\xfc\x2f\x61\xfe\x5f\xcc\xf8\x7b\xf9\x7a\xed\x3e\x05\xde\xcb\x15\xb7\x13\x1d\xf0\x8f\x90\xa1\x14\xff\x4b\x99\xff\x97\x63\x0e\x7f\x19\x5d\x60\xe6\x9b\x18\x72\xc5\xed\x4c\x07\xfc\x23\x64\x28\xc5\xff\x32\xe6\xff\x55\xb6\x60\xd1\xfb\xcd\x29\x3e\x6b\xb5\x5c\x71\xbb\xd0\x01\xff\x08\x19\x4a\xf1\xbf\x9c\xf9\x7f\x5d\x68\xfe\xf7\x9d\x7f\x2e\x76\x1d\x28\x57\xdc\xae\x74\xc0\x3f\x42\x86\x52\xfc\xaf\x60\xfe\xdf\xfc\x68\x1a\xb3\x44\x82\x20\x41\xb2\xc9\x15\xb7\x1b\x1d\xf0\x8f\x90\xa1\x14\xff\x2b\x99\xff\xb7\x6f\x6a\xe7\x8a\x73\x34\x4e\xba\xf2\x72\xc5\xed\x4e\x07\xfc\x23\x64\x28\xc5\xff\x2a\xe6\xff\x5d\xb5\x99\x37\xde\xc6\x3c\x57\xe3\x89\x5c\x71\x7b\xd0\x01\xff\x08\x19\x4a\xf1\xbf\x9a\xf9\x7f\x3f\x65\xfb\x92\xaf\x3d\xab\x6c\x3e\x25\x57\xdc\xc0\x77\x02\xe1\x1f\x21\x43\x29\xfe\xd7\x30\xff\x1f\xd2\xf5\x2d\x16\x72\xe9\xb0\x83\x7d\xe5\x8a\xdb\x8b\x0e\xf8\x47\xc8\x50\x8a\xff\xb5\xcc\xff\xc7\x5c\x85\x9b\x56\xd8\x55\xbf\xed\x34\xb9\xe2\xf6\xa6\x03\xfe\x11\x32\x94\xe2\x7f\x1d\xf3\xff\x69\xc0\xc0\xc1\x0b\x9b\x6d\xfc\x2f\xa1\x5c\x71\xfb\xd0\x01\xff\x08\x19\x4a\xf1\xbf\x9e\xf9\xff\xfc\xb0\xc3\xc7\x98\xa1\x93\x7f\x89\x20\x57\xdc\xc0\xdf\x09\xe0\x1f\x21\x43\x29\xfe\x37\x30\xff\x5f\xaa\x6f\xf3\x5f\xdc\xfa\x39\x68\x87\x5c\x71\xfb\xd1\x01\xff\x08\x19\x4a\xf1\xbf\x91\xf9\xff\x5a\x7a\x4c\x86\x3d\x7d\xf3\xdd\xfa\x1f\x2b\x6e\x7f\x3a\xe0\x1f\x21\x43\x29\xfe\x37\x31\xff\xdf\xbe\x96\xba\x54\x76\xe1\x9b\x35\x5b\xe4\x8a\x3b\x80\x0e\xf8\x47\xc8\x50\x8a\xff\xcd\xcc\xff\xf7\xca\x23\xb2\x5f\x3e\xd8\x2d\xff\x2c\xb9\xe2\x06\xbe\x13\x00\xff\x08\x19\x4a\xf1\xbf\x85\xf9\xff\xf1\xb6\xdc\xcd\x64\x71\x97\x64\x4d\x2b\x57\xdc\x41\x74\xc0\x3f\x42\x86\x52\xfc\x6f\x65\xfe\x7f\xfe\xec\xf2\xab\x53\xf0\x82\x33\x8f\xc9\x15\x77\x30\x1d\xf0\x8f\x90\xa1\x14\xff\xdb\x98\xff\x5f\xf9\x37\xc5\xe8\x7f\x6f\xfc\xeb\x8e\x72\xc5\x1d\x42\x07\xfc\x23\x64\x28\xc5\xff\x76\xe6\xff\x77\xe6\x88\x5f\x8b\xec\x0b\x17\xb4\xb6\x5c\x71\x87\xd2\x01\xff\x08\x19\x4a\xf1\xbf\x83\xf9\xff\x33\xf6\x5a\x94\xad\x8d\xae\x77\x7b\x21\x57\xdc\x61\x74\xc0\x3f\x42\x86\x52\xfc\xef\x64\xfe\xff\xce\x7c\x93\xe5\xe1\xe0\x23\xd5\xc7\xca\x15\x77\x38\x1d\xf0\x8f\x90\xa1\x14\xff\xbb\x98\xff\x7f\xf1\x53\x5d\x8b\x58\x3d\x7a\xda\x5c\x72\xc5\x1d\x41\x07\xfc\x23\x64\x28\xc5\xff\xee\xff\xf3\xef\x06\x29\x5d\x22\x6e\xf7\xec\x63\x0e\x45\x95\x2b\xee\x48\x3a\xe0\x1f\x21\x43\x29\xfe\xf7\x30\xff\x41\xbf\x8e\xfb\x3d\xea\x71\xbd\x2d\xf3\xe5\x8a\x3b\x8a\x0e\xf8\x47\xc8\x50\x8a\xff\xbd\xcc\x7f\xb0\x87\x5b\xee\xdc\xfb\xb1\x3d\x46\x09\xb9\xe2\x8e\xa6\x03\xfe\x11\x32\x94\xe2\x7f\x1f\xf3\x1f\xbc\x7a\xa7\x7c\xa9\x93\xb4\x6c\xf7\x5b\xae\xb8\x63\xe8\x80\x7f\x84\x0c\xa5\xf8\xdf\xcf\xfc\x87\x28\xde\x24\xee\xcc\x22\xef\x07\x5e\x94\x2b\x6e\xe0\xdf\x04\xe0\x1f\x21\x43\x29\xfe\x0f\x30\xff\x21\x3f\x2e\xfa\xdd\x62\x46\xc2\xcf\xcd\xe4\x8a\x3b\x8e\x0e\xf8\x47\xc8\x50\x8a\xff\x83\xcc\x7f\xa8\xa7\x33\xee\xe4\x19\x9b\x74\xe5\x1b\xb9\xe2\x8e\xa7\x03\xfe\x11\x32\x94\xe2\xff\x10\xf3\x1f\xba\x76\xbd\x7c\x67\x2b\x7e\xbe\x5d\x5d\xae\xb8\x13\xe8\x80\x7f\x84\x0c\xa5\xf8\x3f\xcc\xfc\x87\xf9\x3b\xe7\x72\xe5\x8c\x6d\x33\x74\x95\x2b\xee\x44\x3a\xe0\x1f\x21\x43\x29\xfe\x8f\x30\xff\x61\x0b\xd7\xca\xba\xec\xed\xee\x62\x87\xe4\x8a\x3b\x89\x0e\xf8\x47\xc8\x50\x8a\xff\xa3\xcc\x7f\xb8\xf2\x0d\xa2\x7f\xfa\x54\xeb\x55\x4a\xb9\xe2\x4e\xa6\x03\xfe\x11\x32\x94\xe2\xff\x18\xf3\x1f\xfe\xe5\xb2\x2f\x41\xd2\x8d\x98\x33\x4f\xae\xb8\x53\xe8\x80\x7f\x84\x0c\xa5\xf8\x3f\xce\xfc\x47\x98\x1b\x32\xe6\x91\x72\x91\xdb\x6f\x90\x2b\xee\x54\x3a\xe0\x1f\x21\x43\x29\xfe\x4f\x30\xff\x4e\xe2\x43\xdf\xb3\x4e\x3a\x10\x2a\x84\x5c\x71\x03\xef\x04\x83\x7f\x84\x0c\xa5\xf8\x3f\xc9\xfc\xbb\xe9\x7f\xdc\x68\xd8\xf9\x76\x8a\x46\x72\xc5\x9d\x4e\x07\xfc\x23\x64\x28\xc5\xff\x29\xe6\xdf\x1b\x99\x2f\xd7\x84\xe5\x6e\xbd\xab\x72\xc5\x9d\x41\x07\xfc\x23\x64\x28\xc5\xff\x69\xe6\xdf\x2f\x1e\xa7\xd8\x88\xe3\x93\x37\x7e\x97\x2b\xee\x4c\x3a\xe0\x1f\x21\x43\x29\xfe\xcf\x30\xff\x11\x3f\xde\x5a\xd2\x33\x4a\xd1\xc3\x65\xe4\x8a\x1b\x78\x27\x08\xfc\x23\x64\x28\xc5\xff\x59\xe6\x3f\xd2\xd3\x07\x83\xd3\x86\x5d\xd0\x7c\xb1\x5c\x71\x67\xd3\x01\xff\x08\x19\x4a\xf1\x7f\x8e\xf9\x8f\x5c\x3b\x59\xd3\x3b\x57\x3a\xc5\x8d\x28\x57\xdc\x39\x74\xc0\x3f\x42\x86\x52\xfc\x9f\x67\xfe\xa3\xe4\xbb\xec\x37\xd9\xf2\xe2\x53\x3e\xb9\xe2\xce\xa5\x03\xfe\x11\x32\x94\xe2\xff\x02\xf3\x1f\x75\x48\xa4\x8f\x53\x5b\xe4\x1a\x32\x52\xae\xb8\x81\xcf\x04\xc2\x3f\x42\x86\x52\xfc\x5f\x64\xfe\xa3\x4d\x48\x7e\xe9\xe0\xac\x07\x65\x53\xc9\x15\x37\xf0\x4c\x50\xf8\x47\xc8\x50\x8a\xff\x4b\xcc\x7f\xf4\x54\x6f\x33\x64\x28\x96\x29\xfb\x5c\xb9\xe2\x2e\xa0\x03\xfe\x11\x32\x94\xe2\xff\x32\xf3\xff\xdf\x88\xd4\x37\x57\x25\x5b\x71\x65\xbd\x5c\x71\x17\xd2\x01\xff\x08\x19\x4a\xf1\x7f\x85\xf9\x8f\x91\xe9\x65\xf6\xea\xbf\x7a\x2d\x0a\x29\x57\xdc\x45\x74\xc0\x3f\x42\x86\x52\xfc\x5f\x65\xfe\x63\x26\x3b\x1f\x23\xc2\xd3\xd9\xde\x6b\xb9\xe2\x06\x3e\x13\x00\xff\x08\x19\x4a\xf1\x7f\x8d\xf9\x8f\x35\x27\xda\xaf\x7f\x39\xcb\xf6\xa8\x21\x57\xdc\x25\x74\xc0\x3f\x42\x86\x52\xfc\x5f\x67\xfe\x63\xbf\xd8\x1c\x25\x67\xcd\xcb\x93\xbb\xc9\x15\x77\x29\x1d\xf0\x8f\x90\xa1\x14\xff\x37\x98\xff\x38\x95\x3a\x7e\x3d\x31\x34\xd4\xc3\x83\x72\xc5\x5d\x46\x07\xfc\x23\x64\x28\xc5\xff\x4d\xe6\x3f\x6e\xb1\xe2\xd7\xe6\x34\x88\x75\x66\x89\x5c\x71\x97\xd3\x01\xff\x08\x19\x4a\xf1\x7f\x8b\xf9\x8f\xf7\x67\x6c\x96\xb6\x7b\x4e\xec\xf2\xe5\x8a\xbb\x82\x0e\xf8\x47\xc8\x50\x8a\xff\xdb\xcc\x7f\xfc\xbf\x6d\x9a\x76\xbc\x53\xa9\x6a\x5e\xb9\xe2\xae\xa4\x03\xfe\x11\x32\x94\xe2\xff\x0e\xf3\x9f\xa0\xf0\xaa\xc1\x03\x82\x0e\x88\x3f\x4a\xae\xb8\xab\xe8\x80\x7f\x84\x0c\xa5\xf8\xbf\xcb\xfc\x27\x2c\x3f\x61\xc9\x95\xd8\x4d\x47\x37\x94\x2b\xee\x6a\x3a\xe0\x1f\x21\x43\x29\xfe\xef\x31\xff\x89\x5e\x56\x2b\x96\x74\xff\xe6\x9f\xd7\xe4\x8a\xbb\x86\x0e\xf8\x47\xc8\x50\x8a\xff\xfb\xcc\x7f\xe2\x65\xa1\x83\x37\x9e\x9f\x36\xfa\x0f\xb9\xe2\xae\xa5\x03\xfe\x11\x32\x94\xe2\xff\x01\xf3\x9f\x24\xce\x81\x07\xd3\x7a\xff\x6e\x50\x5a\xae\xb8\xeb\xe8\x80\x7f\x84\x0c\xa5\xf8\x7f\xc8\xfc\x27\x0d\xfb\x6b\xff\xa1\x56\xdf\xf3\x1d\x95\x2b\x6e\xe0\x3b\x81\xf0\x8f\x90\xa1\x14\xff\x8f\x98\xff\x64\x9b\xf2\x24\x4c\xbf\x2d\x65\x89\x4e\x72\xc5\x0d\xbc\x13\x0c\xfe\x11\x32\x94\xe2\xff\x31\xf3\x9f\x3c\xe2\xbf\x13\x2b\xaf\xad\x5f\x5c\x47\xae\xb8\x1b\xe9\x80\x7f\x84\x0c\xa5\xf8\x7f\xc2\xfc\xa7\x58\x95\x23\x55\x8d\xf0\x0d\x2f\x3e\x97\x2b\xee\x26\x3a\xe0\x1f\x21\x43\x29\xfe\x9f\x32\xff\x29\xf7\x05\x0f\xe7\x44\x1b\xd2\x37\xa8\x5c\x71\x37\xd3\x01\xff\x08\x19\x4a\xf1\xff\x8c\xf9\x4f\x15\xf2\xc8\xf3\xbf\x27\xab\x85\xd9\x2c\x57\xdc\x2d\x74\xc0\x3f\x42\x86\x52\xfc\x3f\x67\xfe\x53\x77\x68\x16\x3a\xd7\xca\x33\x4f\x66\xca\x15\x77\x2b\x1d\xf0\x8f\x90\xa1\x14\xff\x2f\x98\xff\x34\xa7\x16\x3c\x39\xde\x35\xde\xa4\x74\x72\xc5\xdd\x46\x07\xfc\x23\x64\x28\xc5\xff\x4b\xe6\x3f\xed\xbd\x59\x87\x67\x4f\x08\xb6\xbb\xb8\x5c\x71\xb7\xd3\x01\xff\x08\x19\x4a\xf1\xff\x8a\xf9\x4f\xd7\xa4\x4e\xd2\x76\x65\xce\x9f\xfc\x23\x57\xdc\x1d\x74\xc0\x3f\x42\x86\x52\xfc\xbf\x66\xfe\xd3\x2f\xeb\x57\xb3\x5b\x9a\x92\xc9\x2e\xc9\x15\x77\x27\x1d\xf0\x8f\x90\xa1\x14\xff\x6f\x98\xff\x0c\x71\x76\x6c\x1f\xfc\x61\x7a\x85\xa6\x72\xc5\xdd\x45\x07\xfc\x23\x64\x28\xc5\xff\x5b\xe6\x3f\x63\xd8\x41\x33\xce\xbf\xee\xf7\x67\x9c\x5c\x71\x77\xd3\x01\xff\x08\x19\x4a\xf1\xff\x8e\xf9\xcf\xb4\xa9\x48\xaf\x44\xe9\xd7\x8c\xca\x29\x57\xdc\x3d\x74\xc0\x3f\x42\x86\x52\xfc\xbf\x67\xfe\x33\x9f\xdf\xea\xcc\x2a\x9f\xad\x69\x14\xb9\xe2\xee\xa5\x03\xfe\x11\x32\x94\xe2\xff\x03\xf3\x9f\xa5\x65\xfb\x77\xcd\x47\x3f\xf1\x17\xc8\x15\x77\x1f\x1d\xf0\x8f\x90\xa1\x14\xff\x1f\x99\xff\xac\x7d\x4b\x9e\xcd\xbd\xbe\xed\xb0\x65\x72\xc5\xdd\x4f\x07\xfc\x23\x64\x28\xc5\xff\x27\xe6\x3f\xdb\xe1\xd1\xa9\xcf\xb5\xde\xfd\x21\x92\x5c\x71\x0f\xd0\x01\xff\x08\x19\x4a\xf1\xff\x99\xf9\xcf\xde\xb4\xec\xb1\x2a\x11\x92\xc6\xce\x2d\x57\xdc\xc0\x3b\xc1\xe0\x1f\x21\x43\x29\xfe\xbf\x30\xff\x39\x6e\x0f\x4f\xb2\xf4\xfc\xe7\x96\x23\xe4\x8a\x7b\x88\x0e\xf8\x47\xc8\x50\x8a\xff\xaf\xcc\x7f\xce\xe3\x1b\x43\x7c\x3c\x13\xf9\x68\x7d\xb9\xe2\x1e\xa6\x03\xfe\x11\x32\x94\xe2\xff\x1b\xf3\x9f\xab\x63\xe7\xa7\x41\x23\x1e\x58\x7f\x45\xae\xb8\x47\xe8\x80\x7f\x84\x0c\xa5\xf8\xff\xce\xfc\xe7\x0e\x75\x35\xec\xe1\x0e\xb5\xea\xfc\x92\x2b\x6e\xe0\x99\xc0\xf0\x8f\x90\xa1\x14\xff\x3f\x98\xff\x3c\xbb\xfd\x57\xd9\xd6\x8c\x48\x55\x56\xae\xb8\xc7\xe8\x80\x7f\x84\x0c\xa5\xf8\xff\xc9\xfc\xe7\x5d\x9e\xf2\x64\xa3\x92\x93\x43\xa4\x90\x2b\xee\x71\x3a\xe0\x1f\x21\x43\x29\xfe\x7f\x31\xff\xf9\x22\xbd\x4e\x3e\x7e\x6a\xd1\x8e\xb3\xe5\x8a\x7b\x82\x0e\xf8\x47\xc8\x50\x8a\xff\xdf\xcc\x7f\xfe\x12\xbf\x13\x1d\xf9\x7a\x7b\xde\x46\xb9\xe2\x9e\xa4\x03\xfe\x11\x32\x94\xe2\xff\x0f\xf3\x5f\xe0\x53\xce\x03\x59\x53\xba\x2f\x42\xcb\x15\xf7\x14\x1d\xf0\x8f\x90\xa1\x14\xff\x7f\x99\xff\x82\xcf\x82\xdc\x6f\x98\xed\x45\x91\xb7\x72\xc5\x3d\x4d\x07\xfc\x23\x64\x28\xc5\xff\x3f\xe6\xbf\x50\x9d\xa3\xc1\x26\xbc\xca\x95\xa9\x96\x5c\x71\xcf\xd0\x01\xff\x08\x19\xea\xff\xed\x3f\x6c\x10\xe6\xbf\xf0\x7f\x6e\xdd\xb4\xa3\x16\xdc\xed\x22\x57\xdc\xb3\x74\xc0\x3f\x42\x86\x52\xfc\x07\x65\xfe\x8b\x2c\x3c\xbe\xfb\x4e\xb5\x4e\xcb\xf7\xcb\x15\xf7\x1c\x1d\xf0\x8f\x90\xa1\x14\xff\xc1\x98\xff\xa2\x5b\x3f\xce\x19\x91\xbf\xdb\xd7\x92\x72\xc5\x3d\x4f\x07\xfc\x23\x64\x28\xc5\x7f\x70\xe6\xbf\x58\x84\xcc\xfd\x7a\xce\x5e\xd2\xff\x9f\x5c\x71\x2f\xd0\x01\xff\x08\x19\x4a\xf1\x1f\x82\xf9\x2f\xbe\xf6\xeb\xe4\xfb\xbf\xf3\xb5\xb9\x20\x57\xdc\x8b\x74\xc0\x3f\x42\x86\x52\xfc\x87\x64\xfe\x4b\x44\x49\xdf\x35\x72\xfc\x37\xb1\x1a\xcb\x15\x37\xf0\x4e\x10\xf8\x47\xc8\x50\x8a\xff\x50\xcc\x7f\xc9\x20\xe1\xaa\x15\xcb\x13\x6e\xdb\x18\xb9\xe2\x5e\xa6\x03\xfe\x11\x32\x94\xe2\x3f\x34\xf3\x5f\x6a\xe7\xe9\x2d\x9b\x1f\x5c\x3f\x90\x5d\xae\xb8\x81\x67\x02\xc0\x3f\x42\x86\x52\xfc\x87\x61\xfe\x4b\x9f\x6d\x5b\xb3\xc3\x80\x82\xa9\xa3\xc9\x15\xf7\x2a\x1d\xf0\x8f\x90\xa1\x14\xff\x61\x99\xff\x32\x9d\x97\x6f\x1f\x58\x67\x7c\xcd\x45\x72\xc5\xbd\x46\x07\xfc\x23\x64\x28\xc5\x7f\x38\xe6\xbf\x6c\xfd\x89\x33\xae\xee\x1c\xd3\xe5\xb0\x5c\x71\xaf\xd3\x01\xff\x08\x19\x4a\xf1\x1f\x9e\xf9\x2f\x77\xb3\x72\xaf\x24\x4d\xeb\x05\xef\x20\x57\xdc\x1b\x74\xc0\x3f\x42\x86\x52\xfc\x47\x60\xfe\xcb\xff\xd7\x35\x74\x9e\x50\x47\xde\xd6\x93\x2b\xee\x4d\x3a\xe0\x1f\x21\x43\x29\xfe\x1d\xe6\xbf\xc2\xc2\xf5\x4f\xce\xde\x8c\x3e\xfd\xa5\x5c\x71\x6f\xd1\x01\xff\x08\x19\x4a\xf1\xef\x32\xff\x15\xb7\x8e\x3c\x3c\xf3\xd8\xfb\xcc\xc1\xe5\x8a\x7b\x9b\x0e\xf8\x47\xc8\x50\x8a\x7f\x8f\xf9\xaf\x14\xa1\x74\xd2\x16\xb1\x12\x16\xdc\x2a\x57\xdc\x3b\x74\xc0\x3f\x42\x86\x52\xfc\xfb\xcc\x7f\xe5\x76\xfb\xca\x5f\xe8\xb5\x7d\xdd\x74\xb9\xe2\xde\xa5\x03\xfe\x11\x32\x94\xe2\x3f\x22\xf3\x5f\xe5\x4a\x8f\x8d\x09\x97\xb5\xbc\x91\x46\xae\xb8\xf7\xe8\x80\x7f\x84\x0c\xa5\xf8\x8f\xc4\xfc\x57\x3d\x50\x68\x52\xd7\x2a\xeb\x23\x8d\x96\x2b\xee\x7d\x3a\xe0\x1f\x21\x43\x29\xfe\x23\x33\xff\xd5\x7a\x0d\xe9\x30\x64\x44\xc3\xc6\x39\xe4\x8a\xfb\x80\x0e\xf8\x47\xc8\x50\x8a\xff\x28\xcc\x7f\xf5\x1b\xc5\x66\xc6\x7b\xf1\x7d\x44\x74\xb9\xe2\x3e\xa4\x03\xfe\x11\x32\x94\xe2\x3f\x2a\xf3\x5f\xa3\xd1\x80\xee\xaf\xb3\xa4\xfc\xb7\x50\xae\xb8\x8f\xe8\x80\x7f\x84\x0c\xa5\xf8\x8f\xc6\xfc\xd7\xec\xb6\xab\xc6\xf6\xe4\x67\x2a\x95\x92\x2b\xee\x63\x3a\xe0\x1f\x21\x43\x29\xfe\xa3\x33\xff\xb5\xce\xf4\xd9\x55\xea\x73\xbc\x24\x7f\xe5\x8a\xfb\x84\x0e\xf8\x47\xc8\x50\x8a\xff\xff\x98\xff\xda\x3b\xee\x55\x1e\x3b\x79\xc8\xf1\xf3\x72\xc5\x7d\x4a\x07\xfc\x23\x64\x28\xc5\x7f\x0c\xe6\xbf\x4e\xf0\x18\x5b\xfb\x14\xaf\xb6\xb7\x89\x5c\x71\x9f\xd1\x01\xff\x08\x19\x4a\xf1\x1f\x93\xf9\xaf\x1b\x3d\xd1\xb4\x14\xeb\x4a\x4e\x08\x26\x57\xdc\xe7\x74\xc0\x3f\x42\x86\x52\xfc\xc7\x62\xfe\xeb\xad\x79\xd2\xe5\x66\xa7\xe9\xcf\xb6\xc9\x15\xf7\x05\x1d\xf0\x8f\x90\xa1\x14\xff\xb1\x99\xff\xfa\x6b\x43\x25\x3d\x1a\x39\x58\xb8\x19\x72\xc5\x0d\x7c\x27\x18\xfe\x11\x32\x94\xe2\x3f\x0e\xf3\xdf\x20\xca\xfe\xc3\x59\xce\x9d\xef\x9d\x5a\xae\xb8\xaf\xe8\x80\x7f\x84\x0c\xa5\xf8\x8f\xcb\xfc\x37\x0c\xf2\xf3\x49\x83\x8b\xd9\xce\x1f\x91\x2b\xee\x6b\x3a\xe0\x1f\x21\x43\x29\xfe\xe3\x31\xff\x8d\x76\xe6\x0e\x3d\xd1\x7d\xb2\xb4\xbd\x5c\x71\xdf\xd0\x01\xff\x08\x19\x4a\xf1\x1f\x9f\xf9\x6f\xfc\xad\x75\xa1\xf3\x6d\xfb\x95\xaa\x2b\x57\xdc\xb7\x74\xc0\x3f\x42\x86\x52\xfc\x27\x60\xfe\x9b\x94\x59\xb9\x20\xd1\xc6\x35\x79\x5e\xc9\x15\xf7\x1d\x1d\xf0\x8f\x90\xa1\x14\xff\x09\x99\xff\xa6\x35\xc6\xf7\xef\xb6\x64\x45\xa3\x06\x72\xc5\x7d\x4f\x07\xfc\x23\x64\x28\xc5\x7f\x22\xe6\xbf\xd9\xa3\xaa\x0d\x07\xf7\xe8\x15\xf5\xb2\x5c\x71\x3f\xd0\x01\xff\x08\x19\x4a\xf1\x9f\x98\xf9\x6f\x5e\x60\xf2\x88\xb8\x31\x1e\x7c\xff\x29\x57\xdc\x8f\x74\xc0\x3f\x42\x86\x52\xfc\x27\x61\xfe\x5b\xfc\xaa\xd8\xea\xcd\x91\x4c\x63\xcb\xc9\x15\xf7\x13\x1d\xf0\x8f\x90\xa1\x14\xff\x49\x99\xff\x96\xef\x9a\x97\xdc\x71\xfd\x72\xc2\xa5\x72\xc5\xfd\x4c\x07\xfc\x23\x64\x28\xc5\x7f\x32\xe6\xbf\x55\x95\xb5\xcb\x4b\x86\x08\x55\x39\xb2\x5c\x71\xbf\xd0\x01\xff\x08\x19\x4a\xf1\x9f\x9c\xf9\x6f\x9d\x20\x42\xb1\x71\x8d\x67\xef\xc8\x23\x57\xdc\xaf\x74\xc0\x3f\x42\x86\x52\xfc\xa7\x60\xfe\xdb\xcc\x3a\xb9\xa4\xf7\xf6\xb2\xe7\x86\xcb\x15\xf7\x1b\x1d\xf0\x8f\x90\xa1\x14\xff\x29\x99\xff\xb6\xe3\xde\x0f\x4e\x5e\xaf\xd2\xfd\x77\x72\xc5\xfd\x4e\x07\xfc\x23\x64\x28\xc5\x7f\x2a\xe6\xbf\x5d\x96\xac\x4d\x6f\x0d\x1a\x30\xb5\xa6\x5c\x71\x7f\xd0\x01\xff\x08\x19\x4a\xf1\x9f\x9a\xf9\x6f\xff\x2d\x4a\xcc\x43\x8f\x62\xf5\xea\x2c\x57\xdc\xc0\x67\x02\xe0\x1f\x21\x43\x29\xfe\xd3\x30\xff\x1d\xca\x5c\xfc\x9e\x3e\xdf\x09\xe7\x80\x5c\x71\x7f\xd1\x01\xff\x08\x19\x4a\xf1\x9f\x96\xf9\xef\x58\xe3\xf9\x8d\xc6\x09\xd3\x2e\x48\x2e\x57\xdc\xdf\x74\xc0\x3f\x42\x86\x52\xfc\xa7\x63\xfe\x3b\x3d\x4a\x9b\x6b\xda\xdf\xdf\xd7\xe6\xc8\x15\xf7\x0f\x1d\xf0\x8f\x90\xa1\x14\xff\xe9\x99\xff\xce\xfd\xef\x94\x49\x37\xb7\x69\xce\x4d\x72\xc5\x0d\xbc\x13\x04\xfe\x11\x32\x94\xe2\x3f\x03\xf3\xdf\x25\x67\xac\x75\xb7\x0b\x6e\x2e\x1d\x4a\xae\xb8\xff\xe8\x80\x7f\x84\x0c\xa5\xf8\xcf\xc8\xfc\x77\x4d\x9b\x60\xec\xf0\xfa\x25\xe6\xc7\x96\x2b\x5e\xe0\x80\x7f\x84\x0c\xa5\xf8\xcf\xc4\xfc\x77\x9b\xfc\xac\x75\xaf\xdd\xb3\xae\xae\x90\x2b\x1e\xfd\x6f\xe0\x1f\x21\x4b\x29\xfe\x33\x33\xff\xdd\xb3\x26\x19\xf6\xe0\x76\xd0\x5c\xc3\xe4\x8a\x17\x78\x27\x10\xfc\x23\x64\x28\xc5\x7f\x16\xe6\xbf\xc7\xe8\x47\x4d\x22\x05\xb9\x54\x26\xa3\x5c\xf1\x82\xd3\x01\xff\x08\x19\x4a\xf1\x9f\x95\xf9\xef\x39\xfd\x46\xe1\xa2\x71\x32\x3f\xb8\x25\x57\xbc\x10\x74\xc0\x3f\x42\x86\x52\xfc\x67\x63\xfe\x7b\x25\x8c\xb7\x74\xcb\x81\xa7\xd3\xda\xca\x15\x2f\x24\x1d\xf0\x8f\x90\xa1\x14\xff\xd9\x99\xff\xde\x55\xf7\x94\x68\xbf\xa0\x77\xcf\xfc\x72\xc5\x0b\xfc\x9b\x20\xfc\x23\x64\x28\xc5\x7f\x0e\xe6\xbf\xcf\xeb\x5e\xab\x06\xf5\x59\x1b\xe1\x8b\x5c\xf1\x42\xd3\x01\xff\x08\x19\x4a\xf1\x9f\x93\xf9\xef\xfb\xbd\xc0\xc8\x6b\x33\x37\x25\x9a\x28\x57\xbc\xc0\xcf\xc3\x3f\x42\x86\x52\xfc\xe7\x62\xfe\xfb\x15\x1c\xd6\x3c\x71\xd1\x06\x55\x92\xc9\x15\x2f\x2c\x1d\xf0\x8f\x90\xa1\x14\xff\xb9\x99\xff\xfe\xcb\x3b\x5c\x7a\x94\xf4\xd7\xf6\xb0\x72\xc5\x0b\x47\x07\xfc\x23\x64\x28\xc5\x7f\x1e\xe6\x7f\x40\xa4\x6d\x19\xfc\x9f\x29\xce\xee\x96\x2b\x5e\x78\x3a\xe0\x1f\x21\x43\x29\xfe\xf3\x32\xff\x03\x43\x8d\xf1\x0b\x3f\x3b\xdb\xb0\x8a\x5c\xf1\x22\xd0\x01\xff\x08\x19\x4a\xf1\x9f\x8f\xf9\x1f\xb4\xbb\xd4\xc7\x6d\xb9\x62\x47\xb9\x2f\x57\x3c\x87\x0e\xf8\x47\xc8\x50\x8a\xff\xfc\xcc\xff\xe0\xd5\x75\x2e\x05\xad\x35\xf4\xc7\x59\xb9\xe2\xb9\x74\xc0\x3f\x42\x86\x52\xfc\x17\x60\xfe\x87\x44\x9b\x95\xe1\xe3\xb0\xca\xe3\x7a\xc9\x15\x2f\xf0\x05\x60\xf8\x47\xc8\x50\x8a\xff\x82\xcc\xff\xd0\x60\x0b\xfc\xa5\xe3\xcb\x5f\xf8\x20\x57\x3c\x9f\x0e\xf8\x47\xc8\x50\x8a\xff\x42\xcc\xff\xb0\xed\xcd\x3e\x56\x29\x3d\x70\x59\x61\xb9\xe2\x45\xa4\x03\xfe\x11\x32\x94\xe2\xbf\x30\xf3\x3f\x3c\xe6\x92\x18\xe7\x52\xff\x57\xb2\xa5\x5c\xf1\x22\xd1\x01\xff\x08\x19\x4a\xf1\x5f\x84\xf9\x1f\x31\xbf\xd1\xaf\xdc\xef\x4f\xe6\xbe\x27\x57\xbc\xc0\x3b\x81\xe1\x1f\x21\x43\x29\xfe\x8b\x32\xff\x23\x37\xd7\xb8\xd9\xfc\x4d\x9a\xf1\x59\xe5\x8a\x17\x85\x0e\xf8\x47\xc8\x50\x8a\xff\x62\xcc\xff\x28\x77\x5e\xf6\x59\x19\xfe\x3d\x1d\x24\x57\xbc\xa8\x74\xc0\x3f\x42\x86\x52\xfc\x17\x67\xfe\x47\xf7\xcc\x73\xad\x6e\x85\x26\xe1\xd7\xc8\x15\x2f\x1a\x1d\xf0\x8f\x90\xa1\x14\xff\x25\x98\xff\x31\xfb\x7f\x65\x59\x33\x66\x5b\x9f\xff\xe4\x8a\x17\x9d\x0e\xf8\x47\xc8\x50\x8a\xff\x92\xcc\xff\xd8\xcb\x07\xa2\xfc\x68\xb9\xb2\x62\x3f\xb9\xe2\x05\xfe\x3f\x01\xfe\x11\x32\x94\xe2\xbf\x14\xf3\x3f\xae\x6d\xe8\xaf\xe1\xb6\x76\x4f\x7c\x52\xae\x78\x31\xe8\x80\x7f\x84\x0c\xa5\xf8\x2f\xcd\xfc\x8f\x5f\x9d\x64\x64\xa4\xab\x0f\x4f\x3c\x96\x2b\x5e\x4c\x3a\xe0\x1f\x21\x43\x29\xfe\xcb\x30\xff\x13\xa2\x3d\x6a\xfe\x20\x5c\xfa\x7d\x15\xe4\x8a\x17\x8b\x0e\xf8\x47\xc8\x50\x8a\xff\xb2\xcc\xff\xc4\x60\x37\x4a\x6c\x89\x7e\x2d\xf2\x76\xb9\xe2\x05\xde\x09\x08\xff\x08\x19\x4a\xf1\x5f\x8e\xf9\x9f\xb4\x3d\xde\xaa\xa2\xa7\x42\x36\x71\xe4\x8a\x17\x87\x0e\xf8\x47\xc8\x50\x8a\xff\xf2\xcc\xff\xe4\x5b\xaf\xef\xfc\x5d\x35\x6f\x78\x22\xb9\xe2\xc5\xa5\x03\xfe\x11\x32\x94\xe2\xbf\x02\xf3\x3f\xa5\x41\xca\x7c\x4e\xb7\x32\x7f\xa7\xca\x15\x2f\x1e\x1d\xf0\x8f\x90\xa1\x14\xff\x15\x99\xff\xa9\x5d\xfc\xb8\x35\x86\x4c\xcb\x92\x4d\xae\x78\x81\x9f\x81\x7f\x84\x0c\xa5\xf8\xaf\xc4\xfc\x4f\x3b\x77\xf5\xf7\xca\x1a\x45\x0a\x0d\x94\x2b\x5e\x02\x3a\xe0\x1f\x21\x43\x29\xfe\x2b\x33\xff\xd3\xdb\x44\x89\x9e\x3e\xc7\xbd\xb5\xab\xe5\x8a\x97\x90\x0e\xf8\x47\xc8\x50\x8a\xff\x2a\xcc\xff\x8c\x6b\x17\xbf\x1c\x7a\xe2\x5c\x8f\x21\x57\xbc\xc0\xef\x04\xe1\x1f\x21\x43\x29\xfe\xab\x32\xff\x33\x0f\x3d\xbf\x3c\xed\xfb\xcb\xce\xef\xe5\x8a\x97\x98\x0e\xf8\x47\xc8\x50\x8a\xff\x6a\xcc\xff\xac\x1e\x69\xb3\x36\x4e\x9c\x3d\x58\x11\xb9\xe2\x25\xa1\x03\xfe\x11\x32\x94\xe2\xbf\x3a\xf3\x3f\xdb\x19\x7d\x63\x41\xe1\x85\xef\x5a\xc9\x15\x2f\x29\x1d\xf0\x8f\x90\xa1\x14\xff\x35\x98\xff\x39\xdb\x4a\xe6\xaa\x38\xbd\xfd\x8c\xbb\x72\xc5\x0b\xbc\x13\x18\xfe\x11\x32\x94\xe2\xbf\x26\xf3\x3f\x77\x51\xfb\x98\xa1\xfa\xb5\xd9\xba\x43\xae\x78\xc9\xe9\x80\x7f\x84\x0c\xa5\xf8\xaf\xc5\xfc\xcf\x8b\xb1\xf5\xfb\x97\x45\xfb\xf6\x47\x90\x2b\x5e\x0a\x3a\xe0\x1f\x21\x43\x29\xfe\x6b\x33\xff\xf3\x63\x56\x59\xf5\xe2\x50\x92\x34\x09\xe5\x8a\x97\x92\x0e\xf8\x47\xc8\x50\x8a\xff\x3a\xcc\xff\x82\xf9\x93\x4a\xc4\x8c\xf7\xad\xd6\x34\xb9\xe2\xa5\xa2\x03\xfe\x11\x32\x94\xe2\xbf\x2e\xf3\xbf\x70\xf3\x8a\xe6\x65\x83\xf9\xdf\xfa\xca\x15\x2f\x35\x1d\xf0\x8f\x90\xa1\x14\xff\xf5\x98\xff\x45\x6e\xbb\x91\x7b\xee\x1e\x1c\x70\x4a\xae\x78\x69\xe8\x80\x7f\x84\x0c\xa5\xf8\xaf\xcf\xfc\x2f\x2e\x94\xef\xec\xbf\xbd\xd5\x5b\x3f\x91\x2b\x5e\x5a\x3a\xe0\x1f\x21\x43\x29\xfe\x1b\x30\xff\x4b\x7e\xfc\x48\x1d\xa1\xe1\xc8\x98\xe5\xe5\x8a\x97\x8e\x0e\xf8\x47\xc8\x50\x8a\xff\x86\xcc\xff\xd2\x37\x87\x9c\xea\x5d\xc6\x16\xbe\x29\x57\xbc\xf4\x74\xc0\x3f\x42\x86\x52\xfc\x37\x62\xfe\x97\x55\x0b\xf9\x6e\xd5\x8a\xda\x19\xdb\xc9\x15\x2f\x03\x1d\xf0\x8f\x90\xa1\x14\xff\x8d\x99\xff\xe5\x5f\x8e\x85\xc8\x70\xe2\xe8\xbd\x02\x72\xc5\xcb\x48\x07\xfc\x23\x64\x28\xc5\x7f\x13\xe6\x7f\x45\xb9\xa0\x4f\x0f\x46\x8d\xb2\xe2\xb3\x5c\xf1\x32\xd1\x01\xff\x08\x19\x4a\xf1\xdf\x94\xf9\x5f\x59\x2b\xd7\xb1\xa9\x61\x3e\x85\x8c\x23\x57\xbc\xcc\x74\xc0\x3f\x42\x86\x52\xfc\x37\x63\xfe\x57\x3d\xf8\x93\xa4\xc9\xe5\x04\x9d\x96\xcb\x15\x2f\x0b\x1d\xf0\x8f\x90\xa1\x14\xff\xcd\x99\xff\xd5\x53\xea\x9d\x9c\xbf\x79\xd7\xdc\xa1\x72\xc5\xcb\x4a\x07\xfc\x23\x64\x28\xc5\x7f\x0b\xe6\x7f\x4d\xba\x19\xc9\x2b\x35\x6f\xf1\x3c\x93\x5c\xf1\x02\xcf\x04\x87\x7f\x84\x0c\xa5\xf8\x6f\xc9\xfc\xaf\xcd\xb5\x28\x6c\xe8\x71\x9d\x8f\x55\x96\x2b\x5e\x76\x3a\xe0\x1f\x21\x43\x29\xfe\x5b\x31\xff\xeb\x06\x34\x79\xf5\xb9\xd2\xd2\x0d\x0f\xe4\x8a\x97\x83\x0e\xf8\x47\xc8\x50\x8a\xff\xd6\xcc\xff\xfa\x42\xc5\xa6\xbd\xce\x94\xbb\xf6\x39\xb9\xe2\xe5\xa4\x03\xfe\x11\x32\x94\xe2\xbf\x0d\xf3\xbf\xe1\xc7\x80\x2e\xf1\xde\xbd\x4d\xd9\x53\xae\x78\xb9\xe8\x80\x7f\x84\x0c\xa5\xf8\x6f\xcb\xfc\x6f\x7c\xb3\xab\x72\xa9\x8f\x61\x87\x4e\x92\x2b\x5e\x6e\x3a\xe0\x1f\x21\x43\x29\xfe\xdb\x31\xff\x9b\xaa\xf5\xd9\xba\x3d\xed\xad\xf7\x49\xe5\x8a\x97\x87\x0e\xf8\x47\xc8\x50\x8a\xff\xf6\xcc\xff\xe6\xcc\x63\xf7\x07\x29\x5b\x20\x4e\x18\xb9\xe2\xe5\xa5\x03\xfe\x11\x32\x94\xe2\xbf\x03\xf3\xbf\x65\x6c\xf1\x84\x9f\x26\x4e\x6a\xb5\x47\xae\x78\xf9\xe8\x80\x7f\x84\x0c\xa5\xf8\xef\xc8\xfc\x6f\x9d\xd9\x31\xf8\xb2\xb5\xff\xfd\xde\x25\x57\xbc\xfc\x74\xc0\x3f\x42\x86\x52\xfc\x77\x62\xfe\xb7\xc5\xdf\xfc\xa0\x72\xc7\x93\x23\x5d\xb9\xe2\x05\xbe\x13\x0c\xff\x08\x19\x4a\xf1\xdf\x99\xf9\xdf\x3e\xb0\x6b\xb8\xb3\x91\xca\x37\x8b\x2f\x57\xbc\x82\x74\xc0\x3f\x42\x86\x52\xfc\x77\x61\xfe\x77\x64\x5f\xff\x3c\xcf\xd9\x81\x11\xa7\xc8\x15\xaf\x10\x1d\xf0\x8f\x90\xa1\x14\xff\x5d\x99\xff\x9d\xa9\x47\x9e\x68\x71\xa9\xc9\x9e\xde\x72\xc5\x2b\x4c\x07\xfc\x23\x64\x28\xc5\x7f\x37\xe6\x7f\xd7\xd4\xd2\xa9\x66\x7a\xdb\x4e\x9d\x90\x2b\x5e\x11\x3a\xe0\x1f\x21\x43\x29\xfe\xbb\x33\xff\xbb\x1f\xbe\x3d\x5c\xaf\x5d\x9a\xa4\xcf\xe4\x8a\x57\x94\x0e\xf8\x47\xc8\x50\x8a\xff\x1e\xcc\xff\x9e\xea\xc9\x93\xae\xde\xf4\xaf\x7c\x45\xb9\xe2\x05\xdc\xc3\x3f\x42\x86\x52\xfc\xf7\x64\xfe\xf7\x96\x8e\x14\xfa\x7b\xe5\x87\xfd\xb2\xc8\x15\xaf\x38\x1d\xf0\x8f\x90\xa1\x14\xff\xbd\x98\xff\x7d\x5f\x2f\x3f\x09\x3f\x3c\x7d\xd8\xfe\x72\xc5\x2b\x41\x07\xfc\x23\x64\x28\xc5\x7f\x6f\xe6\x7f\xff\x9a\xc3\x6f\xeb\x3e\x5f\xf9\x78\xad\x5c\xf1\x4a\xd2\x01\xff\x08\x19\x4a\xf1\xdf\x87\xf9\x3f\x10\x3d\x58\x84\x35\x99\xbb\x4f\x8c\x25\x57\xbc\x52\x74\xc0\x3f\x42\x86\x52\xfc\xf7\x65\xfe\x0f\x06\xcf\x9e\xe6\x47\x8a\x79\x79\x3f\xca\x15\xaf\x34\x1d\xf0\x8f\x90\xa1\x14\xff\xfd\x98\xff\x43\x3b\xfe\x9e\x0b\xf7\xa5\x4c\xf1\xff\x61\xdc\x2b\x43\x07\xfc\x23\x64\x28\xc5\x7f\x7f\xe6\xff\x70\xe4\xc6\x49\x2a\x4f\xb9\xb6\xa4\x85\x5c\xf1\xca\xd2\x01\xff\x08\x19\x4a\xf1\x3f\x80\xf9\x3f\xb2\x62\xe1\xb1\x65\x25\x42\x5e\xba\x2d\x57\xbc\x72\x74\xc0\x3f\x42\x86\x52\xfc\x0f\x64\xfe\x8f\xee\x99\xfe\xf4\x53\xdd\xa0\x63\xaa\xca\x15\xaf\x3c\x1d\xf0\x8f\x90\xa1\x14\xff\x83\x98\xff\x63\xa1\xeb\x86\x08\x32\xf0\xd2\xaf\x47\x72\xc5\xab\x40\x07\xfc\x23\x64\x28\xc5\xff\x60\xe6\xff\xf8\x92\xd9\xef\x66\x3e\x2c\x11\xed\x8c\x5c\xf1\x02\x9f\x09\x86\x7f\x84\x0c\xa5\xf8\x1f\xc2\xfc\x9f\x88\x57\xd3\x69\x91\x77\x56\xfd\xee\x72\xc5\xab\x44\x07\xfc\x23\x64\x28\xc5\xff\x50\xe6\xff\x64\xf8\xfa\xa9\xf3\x24\xea\x7d\x7a\x82\x5c\xf1\x02\xef\x04\x84\x7f\x84\x0c\xa5\xf8\x1f\xc6\xfc\x9f\xda\xb0\xf4\xec\xd9\x7f\x6b\x77\x26\x96\x2b\x5e\x15\x3a\xe0\x1f\x21\x43\x29\xfe\x87\x33\xff\xa7\x8f\x84\x48\x10\x7e\x5e\xe6\x6a\xe1\xe4\x8a\x17\xf8\x37\x01\xf8\x47\xc8\x50\x8a\xff\x11\xcc\xff\x99\x7e\x07\x0f\x7d\x2f\xf4\x34\xc1\x3e\xb9\xe2\x55\xa3\x03\xfe\x11\x32\x94\xe2\x7f\x24\xf3\x7f\xb6\xd5\xf7\x87\xab\x17\xff\x72\xaf\xcb\x15\xaf\x3a\x1d\xf0\x8f\x90\xa1\x14\xff\xa3\x98\xff\x73\x17\xf2\x06\xa9\xd7\x3d\x45\xf7\x36\x72\xc5\xab\x41\x07\xfc\x23\x64\x28\xc5\xff\x68\xe6\xff\x7c\xe4\xd8\xbd\x8b\xfd\xb7\x69\x4a\x21\xb9\xe2\xd5\xa4\x03\xfe\x11\x32\x94\xe2\x7f\x0c\xf3\x7f\x61\xc5\xcd\xb9\x9b\x0f\x37\x78\xf4\x55\xae\x78\xb5\xe8\x80\x7f\x84\x0c\xa5\xf8\x1f\xcb\xfc\x5f\xdc\x73\x7f\xdf\xfd\x1b\x43\xcb\xc5\x93\x2b\x5e\x6d\x3a\xe0\x1f\x21\x43\x29\xfe\xc7\x31\xff\x97\x42\x27\xad\x13\x39\x64\xe5\x1c\x2b\xe5\x8a\x57\x87\x0e\xf8\x47\xc8\x50\x8a\xff\xf1\xcc\xff\xe5\xc6\x57\x52\xad\x6a\x72\xf6\xf2\x60\xb9\xe2\xd5\xa5\x03\xfe\x11\x32\x94\xe2\x7f\x02\xf3\x7f\xe5\x6e\xe4\x13\xd5\x77\xc4\x5e\x98\x41\xae\x78\xf5\xe8\x80\x7f\x84\x0c\xa5\xf8\x9f\xc8\xfc\x5f\x3d\x99\xe2\x79\x84\x52\x47\x5b\x8c\x97\x2b\x5e\x7d\x3a\xe0\x1f\x21\x43\x29\xfe\x27\x31\xff\xd7\xda\xbf\x0b\xf7\x6f\x5a\x94\x78\x49\xe4\x8a\xd7\x80\x0e\xf8\x47\xc8\x50\x8a\xff\xc9\xcc\xff\xf5\x8b\x69\x1e\x34\xf9\x36\xf6\x63\x78\xb9\xe2\x35\xa4\x03\xfe\x11\x32\x94\xe2\x7f\x0a\xf3\x7f\xa3\xf9\xab\xe0\x53\x53\xd5\x1e\xbc\x57\xae\x78\x8d\xe8\x80\x7f\x84\x0c\xa5\xf8\x9f\xca\xfc\xdf\xec\x7d\x21\xe1\xc1\xac\xbb\x92\x57\x93\x2b\x5e\x63\x3a\xe0\x1f\x21\x43\x29\xfe\xa7\x31\xff\xb7\x8e\x46\xdf\x9f\xe1\x65\x8b\xba\x0f\xe5\x8a\xd7\x84\x0e\xf8\x47\xc8\x50\x8a\xff\xe9\xcc\xff\xed\x8d\x5b\xd2\x7d\x1e\xf9\x69\xd3\x69\xb9\xe2\x35\xa5\x03\xfe\x11\x32\x94\xe2\x7f\x06\xf3\x7f\x27\x4c\xa7\x33\xa1\xab\x26\x38\xd2\x43\xae\x78\xcd\xe8\x80\x7f\x84\x0c\xa5\xf8\x9f\xc9\xfc\xdf\x8d\x5d\xe2\x75\xa5\x0d\xb9\x5f\xc6\x95\x2b\x5e\x73\x3a\xe0\x1f\x21\x43\x29\xfe\x67\x31\xff\xf7\x96\x8e\x73\xe7\xb7\x79\x3b\x7b\x95\x5c\xf1\x02\xef\x04\x83\x7f\x84\x0c\xa5\xf8\x9f\xcd\xfc\xdf\x5f\xd2\xba\xce\x6e\xa7\x73\x87\x21\x72\xc5\x6b\x49\x07\xfc\x23\x64\x28\xc5\xff\x1c\xe6\xff\x41\xbc\x95\xfb\xca\x5d\x58\x1a\x3a\xbd\x5c\xf1\x5a\xd1\x01\xff\x08\x19\x4a\xf1\x3f\x97\xf9\x7f\x18\x7e\xfc\xdc\x58\xa7\x0b\xac\xba\x21\x57\xbc\xd6\x74\xc0\x3f\x42\x86\x52\xfc\xcf\x63\xfe\x1f\x6d\xa8\xda\xfb\xb9\x3f\xe9\x4e\x6b\xb9\xe2\x05\x9e\x09\x08\xff\x08\x19\x4a\xf1\x3f\x9f\xf9\x7f\xfc\x3b\x54\xf6\x95\xed\xc3\xa6\x2f\x28\x57\xbc\xb6\x74\xc0\x3f\x42\x86\x52\xfc\x2f\x60\xfe\x9f\x14\xdd\x7f\xb3\xc6\xea\x5b\x45\xbf\xc9\x15\xaf\x1d\x1d\xf0\x8f\x90\xa1\x14\xff\x0b\x99\xff\xa7\x15\x7f\xfe\x72\x76\xdd\xfb\xaf\x8f\x5c\xf1\xda\xd3\x01\xff\x08\x19\x4a\xf1\xbf\x88\xf9\x7f\xf6\x3c\x77\x8c\xbf\xcd\x9c\xb6\xc7\xe5\x8a\xd7\x81\x0e\xf8\x47\xc8\x50\x8a\xff\xc5\xcc\xff\xf3\x92\x7f\x3f\x36\x0e\x3d\x6d\xd0\x53\xb9\xe2\x75\xa4\x03\xfe\x11\x32\x94\xe2\x7f\x09\xf3\xff\xe2\x7d\x76\x7f\xda\xad\x22\x5f\x2a\xc9\x15\xaf\x13\x1d\xf0\x8f\x90\xa1\x14\xff\x4b\x99\xff\x97\x8f\x83\x65\x38\x74\x74\x61\x8d\x9d\x72\xc5\xeb\x4c\x07\xfc\x23\x64\x28\xc5\xff\x32\xe6\xff\x55\xdd\xc3\x97\xd2\xc7\x6c\x9f\xce\x93\x2b\x5e\x17\x3a\xe0\x1f\x21\x43\x29\xfe\x97\x33\xff\xaf\x53\x36\xcd\xfd\xa5\xe7\xcb\x83\x09\xe4\x8a\xd7\x95\x0e\xf8\x47\xc8\x50\x8a\xff\x15\xcc\xff\x9b\xf1\xf3\xef\x86\x5a\x9a\x7d\xf3\x64\xb9\xe2\x75\xa3\x03\xfe\x11\x32\x94\xe2\x7f\x25\xf3\xff\x76\xf0\xcc\x7f\x15\x0b\x24\x99\xf5\x49\xae\x78\xdd\xe9\x80\x7f\x84\x0c\xa5\xf8\x5f\xc5\xfc\xbf\xcb\x5b\x3b\xce\x82\x39\xdf\xde\x14\x95\x2b\x5e\xe0\x99\x40\xf0\x8f\x90\xa1\x14\xff\xab\x99\xff\xf7\xbf\xfb\x36\xd8\xf1\xa7\x4d\x90\xe6\x72\xc5\xeb\x49\x07\xfc\x23\x64\x28\xc5\xff\x1a\xe6\xff\x43\xd1\xed\x83\x4a\x26\xd8\xd7\xf5\x8e\x5c\xf1\x7a\xd1\x01\xff\x08\x19\x4a\xf1\xbf\x96\xf9\xff\x58\x71\xe0\xc2\xb8\xb9\xab\xdf\xcc\x2c\x57\xbc\xde\x74\xc0\x3f\x42\x86\x52\xfc\xaf\x63\xfe\x3f\x3d\x2f\x9c\xff\xcd\xfd\x91\xab\x07\xc8\x15\x2f\xf0\x9d\x20\xf8\x47\xc8\x50\x8a\xff\xf5\xcc\xff\xe7\x51\xdb\xb2\x56\xe9\xef\x17\x58\x27\x57\xbc\xbe\x74\xc0\x3f\x42\x86\x52\xfc\x6f\x60\xfe\xbf\x64\xe8\x70\x79\x69\xed\x83\xd9\x62\xca\x15\xaf\x1f\x1d\xf0\x8f\x90\xa1\x14\xff\x1b\x99\xff\xaf\x49\x4a\x7d\xf9\xf8\x23\x74\xbb\x45\x72\xc5\xeb\x4f\x07\xfc\x23\x64\x28\xc5\xff\x26\xe6\xff\xdb\xbc\x31\xd1\x83\x26\xb9\x12\x23\x9a\x5c\xf1\x02\xbf\x13\x80\x7f\x84\x0c\xa5\xf8\xdf\xcc\xfc\x7f\xcf\x53\xee\xf7\xac\x22\xe5\x3e\x67\x97\x2b\xde\x40\x3a\xe0\x1f\x21\x43\x29\xfe\xb7\x30\xff\x3f\x86\x8d\x88\xdb\x7c\xc6\x9c\x81\x63\xe4\x8a\x37\x88\x0e\xf8\x47\xc8\x50\x8a\xff\xad\xcc\xff\xcf\x49\x9b\xf2\xe5\x1e\xdc\x33\x6d\x63\xb9\xe2\x0d\xa6\x03\xfe\x11\x32\x94\xe2\x7f\x1b\xf3\xff\x2b\x45\x97\x3b\xe7\xaa\x2f\xaf\x7e\x41\xae\x78\x81\x77\x82\xc1\x3f\x42\x86\x52\xfc\x6f\x67\xfe\x7f\xd7\xb9\x96\x31\x5c\xf6\x8c\x5b\xfe\xc9\x15\x6f\x28\x1d\xf0\x8f\x90\xa1\x14\xff\x3b\x98\xff\x3f\xcf\x22\x9e\xff\xf1\xf8\xfe\xa1\x92\x72\xc5\x1b\x46\x07\xfc\x23\x64\x28\xc5\xff\x4e\xe6\xff\xef\xa7\x54\x1f\xd6\x04\xff\xf3\x3a\x8d\x5c\xf1\x86\xd3\x01\xff\x08\x19\x4a\xf1\xbf\x8b\xf9\xff\x57\xe2\x4d\xe4\xba\xf7\xd2\xcd\x9c\x2e\x57\xbc\x11\x74\xc0\x3f\x42\x86\x52\xfc\xef\xfe\x3f\xff\x5e\x90\xe6\xc5\x7a\xe5\xde\xb7\xa5\xdb\x56\xb9\xe2\x8d\xa4\x03\xfe\x11\x32\x94\xe2\x7f\x0f\xf3\x1f\xf4\xe2\x80\x19\xe7\x1a\x35\x0b\x1a\x5c\xae\x78\xa3\xe8\x80\x7f\x84\x0c\xa5\xf8\xdf\xcb\xfc\x07\x3b\xba\x6b\xfb\xac\xbe\xfd\xd7\xbc\x94\x2b\xde\x68\x3a\xe0\x1f\x21\x43\x29\xfe\xf7\x31\xff\xc1\x7b\xf7\xa9\xd9\x7c\x61\xc5\x5b\xf5\xe4\x8a\x17\xf8\x4c\x20\xfc\x23\x64\x28\xc5\xff\x7e\xe6\x3f\x44\xeb\x56\xbd\xee\x1e\x3c\x9e\xb5\x83\x5c\xf1\xc6\xd2\x01\xff\x08\x19\x4a\xf1\x7f\x80\xf9\x0f\x79\x75\xcd\x8c\x34\x71\x63\xe6\x3f\x2c\x57\xbc\x71\x74\xc0\x3f\x42\x86\x52\xfc\x1f\x64\xfe\x43\x1d\x9c\xb6\xbd\x47\xd8\xb8\x71\xcb\xca\x15\x6f\x3c\x1d\xf0\x8f\x90\xa1\x14\xff\x87\x98\xff\xd0\xdd\x2b\xd4\x1c\x79\xe5\x74\xf3\x5f\x72\xc5\x9b\x40\x07\xfc\x23\x64\x28\xc5\xff\x61\xe6\x3f\xcc\xcd\x49\x1b\xfc\x2d\x55\x87\x5c\x91\x2b\xde\x44\x3a\xe0\x1f\x21\x43\x29\xfe\x8f\x30\xff\x61\xeb\x57\xa9\xf4\xa8\xc5\xe0\x4f\xf5\xe5\x8a\x37\x89\x0e\xf8\x47\xc8\x50\x8a\xff\xa3\xcc\x7f\xb8\xce\xed\x3a\x6e\xeb\xdc\xa8\xde\x08\xb9\xe2\x05\xde\x09\x0a\xff\x08\x19\x4a\xf1\x7f\x8c\xf9\x0f\x7f\x76\xc5\xf8\xc2\xcb\x37\xa4\xc8\x2d\x57\xbc\x29\x74\xc0\x3f\x42\x86\x52\xfc\x1f\x67\xfe\x23\xec\x0c\xdf\x6f\xc0\xf1\x54\x87\x23\xc9\x15\x6f\x2a\x1d\xf0\x8f\x90\xa1\x14\xff\x27\x98\x7f\x27\xc8\x99\x39\x1d\xa3\xfc\xd8\xb8\x4c\xae\x78\xd3\xe8\x80\x7f\x84\x0c\xa5\xf8\x3f\xc9\xfc\xbb\x51\xbe\xed\x4e\xfa\xe9\xf1\x9c\xfd\x72\xc5\x0b\x7c\x27\x18\xfe\x11\x32\x94\xe2\xff\x14\xf3\xef\xad\xcd\x50\xf7\x4a\xba\xac\xaf\xba\xc8\x15\x6f\x06\x1d\xf0\x8f\x90\xa1\x14\xff\xa7\x99\x7f\xbf\x75\xe4\x84\x67\xca\xad\x0e\x55\x4b\xae\x78\x33\xe9\x80\x7f\x84\x0c\xa5\xf8\x3f\xc3\xfc\x47\xbc\x7a\x65\x7f\xde\x49\x7d\xdb\xbf\x95\x2b\xde\x2c\x3a\xe0\x1f\x21\x43\x29\xfe\xcf\x32\xff\x91\x0e\xbe\x7b\xd0\x72\xec\x8c\xdb\xa1\xe5\x8a\x37\x9b\x0e\xf8\x47\xc8\x50\x8a\xff\x73\xcc\x7f\xe4\xee\x29\x82\xcf\xa8\x58\x6a\xe5\x46\xb9\xe2\xcd\xa1\x03\xfe\x11\x32\x94\xe2\xff\x3c\xf3\x1f\x25\xd6\xcd\x2e\x09\x32\x5e\x28\x36\x5b\xae\x78\x73\xe9\x80\x7f\x84\x0c\xa5\xf8\xbf\xc0\xfc\x47\x5d\x10\x7b\xda\xc5\xb7\xc1\x33\xa4\x90\x2b\xde\x3c\x3a\xe0\x1f\x21\x43\x29\xfe\x2f\x32\xff\xd1\xb6\x24\xdd\x3a\x34\xf6\x8d\x9f\xc3\xe5\x8a\x37\x9f\x0e\xf8\x47\xc8\x50\x8a\xff\x4b\xcc\x7f\x74\xef\x7e\xe5\x2e\xfb\xc3\x8f\xce\x23\x57\xbc\x05\x74\xc0\x3f\x42\x86\x52\xfc\x5f\x66\xfe\xff\x5b\x93\x70\xdf\xbb\xf9\x13\x1a\x44\x96\x2b\xde\x42\x3a\xe0\x1f\x21\x43\x29\xfe\xaf\x30\xff\x31\xa2\x3f\xae\x13\xbb\x77\xa1\xe8\x4b\xe5\x8a\xb7\x88\x0e\xf8\x47\xc8\x50\x8a\xff\xab\xcc\x7f\xcc\xe0\x77\x7b\x17\x6f\xb0\x78\x57\x39\xb9\xe2\x2d\xa6\x03\xfe\x11\x32\x94\xe2\xff\x1a\xf3\x1f\x6b\xc7\x7f\x73\x77\xed\xe9\x7a\xe6\xa7\x5c\xf1\x96\xd0\x01\xff\x08\x19\x4a\xf1\x7f\x9d\xf9\x8f\x7d\x66\x67\x87\xbe\x77\x5e\xc7\xbf\x2c\x57\xbc\xc0\xdf\x09\xe0\x1f\x21\x43\x29\xfe\x6f\x30\xff\x71\xba\xf5\x9e\x34\x26\x68\xde\xaa\x0d\xe4\x8a\x17\x78\x26\x00\xfc\x23\x64\x28\xc5\xff\x4d\xe6\x3f\x6e\xa3\xa2\x1b\x6f\x3c\x4d\xd4\x23\x94\x5c\xf1\x96\xd3\x01\xff\x08\x19\x4a\xf1\x7f\x8b\xf9\x8f\x77\xa3\x7f\xf9\x94\x39\x3f\x78\x9b\xe4\x8a\xb7\x82\x0e\xf8\x47\xc8\x50\x8a\xff\xdb\xcc\x7f\xfc\x9b\x8d\x82\x67\xad\xd9\xea\xe1\x1c\xb9\xe2\xad\xa4\x03\xfe\x11\x32\x94\xe2\xff\x0e\xf3\x9f\xa0\xfe\x92\x07\x47\x86\xee\x98\x9c\x5c\xae\x78\xab\xe8\x80\x7f\x84\x0c\xa5\xf8\xbf\xcb\xfc\x27\xec\x3c\x6f\xff\x84\x59\x75\xb3\x1f\x90\x2b\xde\x6a\x3a\xe0\x1f\x21\x43\x29\xfe\xef\x31\xff\x89\xce\xd6\x48\xd8\xb0\xd8\xe8\xb2\x9d\xe5\x8a\xb7\x86\x0e\xf8\x47\xc8\x50\x8a\xff\xfb\xcc\x7f\xe2\x41\x61\x9b\xc6\x4f\x16\x6d\x51\x4d\xb9\xe2\xad\xa5\x03\xfe\x11\x32\x94\xe2\xff\x01\xf3\x9f\x24\xc7\xb9\xc1\x97\x7e\x1d\xbe\xf2\x4e\xae\x78\xeb\xe8\x80\x7f\x84\x0c\xa5\xf8\x7f\xc8\xfc\x27\x4d\xf3\x65\xc9\xb0\xd7\xfb\x47\x35\x91\x2b\xde\x7a\x3a\xe0\x1f\x21\x43\x29\xfe\x1f\x31\xff\xc9\xa6\x65\x2a\xd6\x39\x7d\xa4\x3f\xe7\xe5\x8a\xb7\x81\x0e\xf8\x47\xc8\x50\x8a\xff\xc7\xcc\x7f\xf2\x2c\x1f\x56\xbf\x2d\x3f\xdc\xff\x2b\x57\xbc\xc0\x33\x41\xe1\x1f\x21\x43\x29\xfe\x9f\x30\xff\x29\xc6\x65\x2b\x1b\x67\x74\xcd\xa6\xa5\xe4\xca\xff\xff\x99\x40\xf8\x47\xc8\x50\x8a\xff\xa7\xcc\x7f\xca\x59\x4e\xbb\x12\x13\xf6\x9c\x5c\x28\x57\xbc\xcd\x74\xc0\x3f\x42\x86\x52\xfc\x3f\x63\xfe\x53\x25\x38\x35\x66\x67\x99\x76\xbb\xa3\xcb\x15\x6f\x0b\x1d\xf0\x8f\x90\xa1\x14\xff\xcf\x99\xff\xd4\x55\x5a\x34\xec\x97\xe6\x4b\x85\x1c\x72\xc5\xdb\x4a\x07\xfc\x23\x64\x28\xc5\xff\x0b\xe6\x3f\xcd\xbb\x75\xfd\x47\x7f\x48\x96\x6c\xb4\x5c\xf1\xb6\xd1\x01\xff\x08\x19\x4a\xf1\xff\x92\xf9\x4f\xfb\x6b\xca\x82\xeb\xd1\x72\x86\x79\x25\x57\xbc\xed\x74\xc0\x3f\x42\x86\x52\xfc\xbf\x62\xfe\xd3\x15\xa8\x54\x28\xd5\xc9\xe7\x7d\xeb\xca\x15\x6f\x07\x1d\xf0\x8f\x90\xa1\x14\xff\xaf\x99\xff\xf4\x83\x3a\xe4\xcb\xb4\xb2\xe3\xa4\xf6\x72\xc5\xdb\x49\x07\xfc\x23\x64\x28\xc5\xff\x1b\xe6\x3f\x43\x8e\x6d\x77\xf6\x77\x9d\xff\xe4\x88\x5c\xf1\x76\xd1\x01\xff\x08\x19\x4a\xf1\xff\x96\xf9\xcf\x98\x66\xcc\xef\xc9\xad\x8a\x95\x48\x2d\x57\xbc\xdd\x74\xc0\x3f\x42\x86\x52\xfc\xbf\x63\xfe\x33\x4d\x2b\x15\xb7\xd9\xb6\x29\xf9\x66\xc8\x15\x6f\x0f\x1d\xf0\x8f\x90\xa1\x14\xff\xef\x99\xff\xcc\x9f\xb7\x37\xbf\x77\xcd\xbb\xb8\x4d\xae\x78\x7b\xe9\x80\x7f\x84\x0c\xa5\xf8\xff\xc0\xfc\x67\x29\xdb\x77\x64\xea\xf0\x77\x16\x07\x93\x2b\xde\x3e\x3a\xe0\x1f\x21\x43\x29\xfe\x3f\x32\xff\x59\x6b\x16\x5e\xd5\x3d\x5b\xd5\x4c\x21\xe4\x8a\xb7\x9f\x0e\xf8\x47\xc8\x50\x8a\xff\x4f\xcc\x7f\xb6\xfb\x03\x4b\x8c\x7a\x35\xb8\xc8\x06\xb9\xe2\x05\x9e\x09\x0a\xff\x08\x19\x4a\xf1\xff\x99\xf9\xcf\x5e\x30\xff\xc2\x88\xa3\xe2\x2e\x9f\x27\x57\xbc\x83\x74\xc0\x3f\x42\x86\x52\xfc\x7f\x61\xfe\x73\x7c\x1f\x9a\xff\x61\xb5\xd3\x77\x53\xca\x15\xef\x10\x1d\xf0\x8f\x90\xa1\x14\xff\x5f\x99\xff\x9c\xaf\x77\x37\xd8\x5a\x32\x55\xc7\x43\x72\xc5\x3b\x4c\x07\xfc\x23\x64\x28\xc5\xff\x37\xe6\x3f\x57\xd5\x9e\x83\x8a\x4c\xfd\x11\xa2\xab\x5c\xf1\x02\x9f\x09\x84\x7f\x84\x0c\xa5\xf8\xff\xce\xfc\xe7\x4e\x78\xbd\x75\xff\xaf\x8d\x5e\x54\x97\x2b\xde\x51\x3a\xe0\x1f\x21\x43\x29\xfe\x7f\x30\xff\x79\xa6\xc7\x1d\xdb\x29\xe5\x86\x79\x6f\xe4\x8a\x77\x8c\x0e\xf8\x47\xc8\x50\x8a\xff\x9f\xcc\x7f\xde\xd1\x89\xd7\x25\x3b\xb3\x7a\xfd\x48\xb9\xe2\x1d\xa7\x03\xfe\x11\x32\x94\xe2\xff\x17\xf3\x9f\x2f\xeb\xc3\x32\x97\x23\xf6\x3d\x9a\x4f\xae\x78\x27\xe8\x80\x7f\x84\x0c\xa5\xf8\xff\xcd\xfc\xe7\x6f\xf3\xb1\xe8\x80\x0e\x8f\x53\x45\x94\x2b\xde\x49\x3a\xe0\x1f\x21\x43\x29\xfe\xff\x30\xff\x05\xae\x65\x5e\xdc\x71\x4d\xd6\x3a\x8b\xe5\x8a\x77\x8a\x0e\xf8\x47\xc8\x50\x8a\xff\xbf\xcc\x7f\xc1\x43\xee\x90\xa4\xeb\x2f\x7c\x28\x23\x57\xbc\xd3\x74\xc0\x3f\x42\x86\x52\xfc\xff\x63\xfe\x0b\xf5\x38\xde\xec\x4a\xeb\xe0\xc3\xbe\xcb\x15\xef\x0c\x1d\xf0\x8f\x90\xa1\xfe\xdf\xfe\xc3\x05\x61\xfe\x0b\xe7\xb8\x5c\xfe\x45\x84\x19\x2d\xaf\xca\x15\xef\x2c\x1d\xf0\x8f\x90\xa1\x14\xff\x41\x99\xff\x22\x83\x22\x6d\x8c\x79\xbe\x54\xec\x46\x72\xc5\x3b\x47\x07\xfc\x23\x64\x28\xc5\x7f\x30\xe6\xbf\xe8\xb4\xe4\x93\xca\x1e\x2b\x57\xf0\x85\x5c\xf1\x02\xef\x04\x87\x7f\x84\x0c\xa5\xf8\x0f\xce\xfc\x17\x4b\xf3\xb6\xc3\x9e\x58\x73\x32\xd7\x96\x2b\xde\x05\x3a\xe0\x1f\x21\x43\x29\xfe\x43\x30\xff\xc5\xc7\xa5\x9e\x99\xac\x57\xe8\x1b\x1d\xe5\x8a\x77\x91\x0e\xf8\x47\xc8\x50\x8a\xff\x90\xcc\x7f\x89\x2c\x2f\xbb\x5f\x5e\x76\x65\xdd\x31\xb9\xe2\x5d\xa2\x03\xfe\x11\x32\x94\xe2\x3f\x14\xf3\x5f\x32\xc1\xf9\x1a\xfd\x77\x66\x0c\x9e\x56\xae\x78\x97\xe9\x80\x7f\x84\x0c\xa5\xf8\x0f\xcd\xfc\x97\x9a\x15\x6d\x57\xa7\xa6\xf7\xbb\xcc\x92\x2b\xde\x15\x3a\xe0\x1f\x21\x43\x29\xfe\xc3\x30\xff\xa5\xdf\x6d\xae\xbc\x35\x54\xcf\xe9\x5b\xe4\x8a\x17\xf8\x4c\x00\xfc\x23\x64\x28\xc5\x7f\x58\xe6\xbf\x4c\x95\x8e\x5b\x8b\xdc\x5c\xfe\xf6\x7f\xac\x78\xd7\xe8\x80\x7f\x84\x0c\xa5\xf8\x0f\xc7\xfc\x97\x2d\x50\x7c\x5a\xc4\x3c\x5b\x0e\x34\x93\x2b\xde\x75\x3a\xe0\x1f\x21\x43\x29\xfe\xc3\x33\xff\xe5\x7e\x8d\xed\xf2\xf0\x41\xb3\x6d\x17\xe5\x8a\x77\x83\x0e\xf8\x47\xc8\x50\x8a\xff\x08\xcc\x7f\xf9\x1c\xab\xc3\xfe\x1c\xf0\xa7\xe6\x6f\xb9\xe2\xdd\xa4\x03\xfe\x11\x32\x94\xe2\xdf\x61\xfe\x2b\x0c\x6a\xf9\x2a\x6c\x9d\x74\xa9\x4b\xc8\x15\xef\x16\x1d\xf0\x8f\x90\xa1\x14\xff\x2e\xf3\x5f\x71\x5a\xf9\x93\x75\xf2\x1f\xef\x3f\x5f\xae\x78\xb7\xe9\x80\x7f\x84\x0c\xa5\xf8\xf7\x98\xff\x4a\x69\xa6\x26\x5f\x3b\x3b\xe6\xd7\xa8\x72\xc5\xbb\x43\x07\xfc\x23\x64\x28\xc5\xbf\xcf\xfc\x57\x2e\xdb\xa4\x6e\xb4\xdf\xfd\x63\xe5\x92\x2b\xde\x5d\x3a\xe0\x1f\x21\x43\x29\xfe\x23\x32\xff\x55\x3e\x2f\xda\xfd\x24\x7e\xc5\x36\x63\xe5\x8a\x77\x8f\x0e\xf8\x47\xc8\x50\x8a\xff\x48\xcc\x7f\xd5\xfb\x33\xe6\x6c\xb8\x38\x7c\x69\x3a\xb9\xe2\xdd\xa7\x03\xfe\x11\x32\x94\xe2\x3f\x32\xf3\x5f\xad\x66\xbd\x7e\x05\xdd\x9a\xe7\x67\xca\x15\xef\x01\x1d\xf0\x8f\x90\xa1\x14\xff\x51\x98\xff\xea\xdf\xe7\x4c\xbe\xde\x76\x7f\x9e\xcd\x72\xc5\x7b\x48\x07\xfc\x23\x64\x28\xc5\x7f\x54\xe6\xbf\x46\xc1\x5a\x5d\x53\x6d\x8c\x54\x2a\xa8\x5c\xf1\x1e\xd1\x01\xff\x08\x19\x4a\xf1\x1f\x8d\xf9\xaf\x59\xb5\x41\xb5\x7e\xeb\xbe\x3c\x7b\x2e\x57\xbc\xc7\x74\xc0\x3f\x42\x86\x52\xfc\x47\x67\xfe\x6b\xbd\x5e\xb6\x65\x74\xa7\x64\x13\xea\xc8\x15\xef\x09\x1d\xf0\x8f\x90\xa1\x14\xff\xff\x31\xff\xb5\xa7\x87\xac\x59\x22\xf2\x9e\xde\x9d\xe4\x8a\xf7\x94\x0e\xf8\x47\xc8\x50\x8a\xff\x18\xcc\x7f\x9d\x84\x87\xb6\xef\x3c\xd7\x2e\xdc\x51\xb9\xe2\x3d\xa3\x03\xfe\x11\x32\x94\xe2\x3f\x26\xf3\x5f\x37\xeb\x8f\x19\x6f\x93\x77\x4c\xb2\x40\xae\x78\x81\xdf\x09\xc0\x3f\x42\x86\x52\xfc\xc7\x62\xfe\xeb\x8d\xce\xd7\x2b\xce\xe7\xf9\x95\xa2\xc8\x15\x2f\xf0\x4e\x10\xf8\x47\xc8\x50\x8a\xff\xd8\xcc\x7f\xfd\x71\xb7\x93\x07\x9d\x9c\x73\x6f\x4e\xb9\xe2\xbd\xa4\x03\xfe\x11\x32\x94\xe2\x3f\x0e\xf3\xdf\x20\x4b\xcc\x93\x1f\x8b\x3f\x3f\x3e\x4e\xae\x78\xaf\xe8\x80\x7f\x84\x0c\xa5\xf8\x8f\xcb\xfc\x37\x4c\x10\xff\xd5\xd2\x2a\x5e\xe3\xa6\x72\xc5\x7b\x4d\x07\xfc\x23\x64\x28\xc5\x7f\x3c\xe6\xbf\xd1\xac\xa7\x61\xab\x8c\xb8\x13\xe9\x92\x5c\xf1\xde\xd0\x01\xff\x08\x19\x4a\xf1\x1f\x9f\xf9\x6f\x7c\x75\x6b\x99\xe8\x2f\x8a\xfd\xfb\x23\x57\xbc\xc0\x43\xc1\xe1\x1f\x21\x43\x29\xfe\x13\x30\xff\x4d\x5a\xb7\x5f\xf7\x38\xcb\x94\x11\xc5\xe5\x8a\xf7\x8e\x0e\xf8\x47\xc8\x50\x8a\xff\x84\xcc\x7f\xd3\xee\x25\xc7\xae\x4f\x38\xe1\xda\x41\xb9\xe2\xbd\xa7\x03\xfe\x11\x32\x94\xe2\x3f\x11\xf3\xdf\xec\xe0\xe8\xd6\x85\xfe\x16\x5a\xd0\x4d\xae\x78\x1f\xe8\x80\x7f\x84\x0c\xa5\xf8\x4f\xcc\xfc\x37\xaf\x5f\x76\xd8\x8d\xb9\x37\x4a\xd7\x90\x2b\xde\x47\x3a\xe0\x1f\x21\x43\x29\xfe\x93\x30\xff\x2d\x6e\x0e\x6f\x92\xb2\x60\xf8\x9c\xaf\xe5\x8a\xf7\x89\x0e\xf8\x47\xc8\x50\x8a\xff\xa4\xcc\x7f\xcb\xb3\x1b\x0b\xf7\xad\xf7\x7a\x6a\x48\xb9\xe2\x7d\xa6\x03\xfe\x11\x32\x94\xe2\x3f\x19\xf3\xdf\xaa\x73\xe7\xa5\x63\x06\xe5\xbd\xbf\x5e\xae\x78\x5f\xe8\x80\x7f\x84\x0c\xa5\xf8\x4f\xce\xfc\xb7\x0e\x72\xb5\x44\xf1\x47\x8b\x9d\xb9\x72\xc5\xfb\x4a\x07\xfc\x23\x64\x28\xc5\x7f\x0a\xe6\xbf\xcd\x4e\x7f\xd5\xae\x7c\x5d\x7b\xa5\x92\x2b\xde\x37\x3a\xe0\x1f\x21\x43\x29\xfe\x53\x32\xff\x6d\xd7\xa6\x1c\xf9\xee\x7a\xab\xca\xa5\xe5\x8a\xf7\x9d\x0e\xf8\x47\xc8\x50\x8a\xff\x54\xcc\x7f\xbb\x28\xaf\x9b\xc7\x0e\xb1\x23\xe1\x0f\xb9\xe2\x05\xfe\x1b\xfc\x23\x64\x28\xc5\x7f\x6a\xe6\xbf\xfd\xd5\xb3\x51\x42\x34\x4e\x74\xee\x9a\x5c\xf1\x7e\xd2\x01\xff\x08\x19\x4a\xf1\x9f\x86\xf9\xef\xd0\x3a\xcc\xd7\x6f\xdb\x3f\xec\x68\x28\x57\xbc\x5f\x74\xc0\x3f\x42\x86\x52\xfc\xa7\x65\xfe\x3b\x76\xcf\x78\x6d\xd1\x92\x68\x51\x47\xc9\x15\xef\x37\x1d\xf0\x8f\x90\xa1\x14\xff\xe9\x98\xff\x4e\x07\x3f\x67\x29\xdf\xe3\x70\xa3\xbc\x72\xc5\x0b\x7c\x27\x18\xfe\x11\x32\x94\xe2\x3f\x3d\xf3\xdf\x79\x41\xe8\x42\xcf\x63\xd4\x1d\xeb\xcb\x15\xef\x2f\x1d\xf0\x8f\x90\xa1\x14\xff\x19\x98\xff\x2e\xb1\x0e\x2c\x88\x75\x64\xf4\xf7\x25\x72\xc5\xfb\x47\x07\xfc\x23\x64\x28\xc5\x7f\x46\xe6\xbf\xab\xf7\xab\x7f\xb9\x11\x25\xb7\x05\x93\x2b\xff\xff\x1f\x09\xe0\x1f\x21\x43\x29\xfe\x33\x31\xff\xdd\xb6\xe4\x69\xb8\xbb\xca\xf4\x03\xdb\xe4\x8a\x1f\x78\x27\x30\xfc\x23\x64\x28\xc5\x7f\x66\xe6\xbf\x7b\xf4\x7f\x23\x92\x66\x09\x96\x7a\x86\x5c\xf1\x03\x7f\x26\x80\x7f\x84\x0c\xa5\xf8\xcf\xc2\xfc\xf7\x58\x93\xa3\xd5\x95\x17\xe7\x6b\xa6\x96\x2b\x7e\x70\x3a\xe0\x1f\x21\x43\x29\xfe\xb3\x32\xff\x3d\x77\x04\x2f\x39\xe0\x73\xb6\xaf\x47\xe4\x8a\x1f\x82\x0e\xf8\x47\xc8\x50\x8a\xff\x6c\xcc\x7f\xaf\xe0\x47\x96\x77\x4c\xfe\xa4\x7f\x7b\xb9\xe2\x07\x9e\x09\x02\xff\x08\x19\x4a\xf1\x9f\x9d\xf9\xef\xdd\xad\x59\xb1\x6d\xc5\xfb\xb5\xa9\x2b\x57\xfc\x50\x74\xc0\x3f\x42\x86\x52\xfc\xe7\x60\xfe\xfb\x9c\x59\xb0\xa4\xf0\xe4\x35\xb1\x5e\xc9\x15\x3f\x34\x1d\xf0\x8f\x90\xa1\x14\xff\x39\x99\xff\xbe\x37\x66\x0d\xf6\x3b\xad\xcf\x3c\x5a\xae\xf8\x81\x9f\x87\x7f\x84\x0c\xa5\xf8\xcf\xc5\xfc\xf7\x6b\x54\xa7\xe9\xa3\x75\x0d\x0b\xe6\x90\x2b\x7e\x58\x3a\xe0\x1f\x21\x43\x29\xfe\x73\x33\xff\xfd\x47\xac\xba\x93\xf8\xdc\xf7\x75\xd1\xe5\x8a\x1f\x8e\x0e\xf8\x47\xc8\x50\x8a\xff\x3c\xcc\xff\x80\x4c\x6d\xf2\x5d\x8b\x9c\xf2\xc6\x42\xb9\xe2\x87\xa7\x03\xfe\x11\x32\x94\xe2\x3f\x2f\xf3\x3f\x30\x59\xb5\xb8\x83\xdc\x33\x5d\x4a\xc9\x15\x3f\x02\x1d\xf0\x8f\x90\xa1\x14\xff\xf9\x98\xff\x41\x73\x26\xfc\x6e\x7f\x31\x5e\xf0\xbf\x72\xc5\x77\xe8\x80\x7f\x84\x0c\xa5\xf8\xcf\xcf\xfc\x0f\x1e\x33\xec\xce\xd1\x8d\x43\xde\x9e\x97\x2b\xbe\x4b\x07\xfc\x23\x64\x28\xc5\x7f\x01\xe6\x7f\x48\xb6\x02\xf9\xb2\xb4\xad\x36\xbd\x89\x5c\xf1\x3d\x3a\xe0\x1f\x21\x43\x29\xfe\x0b\x32\xff\x43\x13\xf5\x8a\xdb\xa0\x47\xa5\xa3\xef\xe4\x8a\x1f\x78\x00\x00\xfc\x23\x64\x28\xc5\x7f\x21\xe6\x7f\xd8\x8c\x3d\xbf\x27\x2e\x19\xb0\xbe\xa6\x5c\xf1\x23\xd2\x01\xff\x08\x19\x4a\xf1\x5f\x98\xf9\x1f\x9e\xab\x5f\xf4\x30\x47\x62\xd5\xe9\x2c\x57\xfc\x48\x74\xc0\x3f\x42\x86\x52\xfc\x17\x61\xfe\x47\x0c\xd8\xf1\xe5\x57\x8c\x13\xa9\x0e\xc8\x15\x3f\x32\x1d\xf0\x8f\x90\xa1\x14\xff\x45\x99\xff\x91\x53\x06\x5d\x5e\x17\x22\xed\xb0\xe4\x72\xc5\x8f\x42\x07\xfc\x23\x64\x28\xc5\x7f\x31\xe6\x7f\x54\xba\x22\x59\x6b\x5f\xff\xfd\x61\x8e\x5c\xf1\xa3\xd2\x01\xff\x08\x19\x4a\xf1\x5f\x9c\xf9\x1f\x5d\xeb\xd9\x8d\x19\xdb\x9b\xc6\xde\x24\x57\xfc\x68\x74\xc0\x3f\x42\x86\x52\xfc\x97\x60\xfe\xc7\x3c\x48\x90\xab\x65\xe3\xcd\x2d\x43\xc9\x15\x3f\xf0\x9d\x20\xf8\x47\xc8\x50\x8a\xff\x92\xcc\xff\xd8\x2f\xb1\x62\xe6\x1d\xb4\xa2\x48\x03\xb9\xe2\xff\x47\x07\xfc\x23\x64\x28\xc5\x7f\x29\xe6\x7f\x5c\xb9\x3b\xdf\xcf\xd4\xeb\x95\xe9\xb2\x5c\xf1\x63\xd0\x01\xff\x08\x19\x4a\xf1\x5f\x9a\xf9\x1f\x3f\xe6\xdf\xe0\x2b\xf9\x1e\xdc\xfd\x29\x57\xfc\x98\x74\xc0\x3f\x42\x86\x52\xfc\x97\x61\xfe\x27\x64\xcb\xd1\x34\xe9\xa3\x4c\xcb\xcb\xc9\x15\x3f\x16\x1d\xf0\x8f\x90\xa1\x14\xff\x65\x99\xff\x89\x89\x82\x17\xeb\xf8\xf7\x72\x88\xa5\x72\xc5\x8f\x4d\x07\xfc\x23\x64\x28\xc5\x7f\x39\xe6\x7f\xd2\x8c\x23\x4b\x06\x24\x0c\xd5\x31\xb2\x5c\xf1\xe3\xd0\x01\xff\x08\x19\x4a\xf1\x5f\x9e\xf9\x9f\xfc\x33\xeb\xa5\x1c\x05\x67\xcf\xcb\x23\x57\xfc\xb8\x74\xc0\x3f\x42\x86\x52\xfc\x57\x60\xfe\xa7\xe4\x7f\x9f\xe1\xe4\xdc\xb2\x2f\x86\xcb\x15\x3f\x1e\x1d\xf0\x8f\x90\xa1\x14\xff\x15\x99\xff\xa9\x95\x4f\xfa\x73\x5b\x4f\x4e\x98\x42\xae\xf8\x81\x9f\x81\x7f\x84\x0c\xa5\xf8\xaf\xc4\xfc\x4f\x7b\x1b\xe1\x63\x9b\xf5\x45\x2b\xcf\x96\x2b\x7e\x02\x3a\xe0\x1f\x21\x43\x29\xfe\x2b\x33\xff\xd3\x4b\x9f\x8d\xf1\xed\xfc\xed\x1d\x1b\xe5\x8a\x9f\x90\x0e\xf8\x47\xc8\x50\x8a\xff\x2a\xcc\xff\x8c\xaf\x61\x7e\x85\x88\xe0\x9e\x0b\x2d\x57\xfc\x44\x74\xc0\x3f\x42\x86\x52\xfc\x57\x65\xfe\x67\x3e\xcc\x78\xb3\x7c\xc4\x17\x8d\xde\xca\x15\x3f\x31\x1d\xf0\x8f\x90\xa1\x14\xff\xd5\x98\xff\x59\xd5\x3f\x67\x5f\x74\x26\x57\xd4\x5a\x72\xc5\x4f\x42\x07\xfc\x23\x64\x28\xc5\x7f\x75\xe6\x7f\x76\xea\xaa\xd7\x9a\xae\x59\xf0\xbd\x8b\x5c\xf1\x93\xd2\x01\xff\x08\x19\x4a\xf1\x5f\x83\xf9\x9f\x33\x75\x7c\x96\x29\x1d\x3a\x8d\xdd\x2f\x57\xfc\x64\x74\xc0\x3f\x42\x86\x52\xfc\xd7\x64\xfe\xe7\x0e\x5c\x19\xe5\xc0\xd4\xb6\x0b\x96\xc9\x15\x3f\xf0\x4c\x40\xf8\x47\xc8\x50\x8a\xff\x5a\xcc\xff\xbc\xec\xad\xbf\x66\x2c\xb9\xfb\x5a\x24\xb9\xe2\x07\x3e\x13\x04\xff\x08\x19\x4a\xf1\x5f\x9b\xf9\x9f\x9f\x6b\xdc\x92\xb4\x29\x93\xe6\xcc\x2d\x57\xfc\x94\x74\xc0\x3f\x42\x86\x52\xfc\xd7\x61\xfe\x17\x0c\x28\x51\xec\xce\xd7\xcf\xa5\x47\xc8\x15\x3f\x15\x1d\xf0\x8f\x90\xa1\x14\xff\x75\x99\xff\x85\x53\x3a\x35\x1d\xf1\x2a\xf2\xfd\xfa\x72\xc5\x4f\x4d\x07\xfc\x23\x64\x28\xc5\x7f\x3d\xe6\x7f\x51\xba\x2d\x83\x7b\x66\x3b\x30\xf5\x8a\x5c\xf1\xd3\xd0\x01\xff\x08\x19\x4a\xf1\x5f\x9f\xf9\x5f\xdc\xf0\xc9\xfe\xec\xd5\x6a\xf5\xfa\x25\x57\xfc\xb4\x74\xc0\x3f\x42\x86\x52\xfc\x37\x60\xfe\x97\x5c\x4f\x94\xf0\xd4\xa8\x11\x4e\x59\xb9\xe2\xa7\xa3\x03\xfe\x11\x32\x94\xe2\xbf\x21\xf3\xbf\xf4\x74\x8c\xe0\xf3\x66\x8f\xa9\x74\x58\xae\xf8\xe9\xe9\x80\x7f\x84\x0c\xa5\xf8\x6f\xc4\xfc\x2f\xeb\x7a\xef\x41\xeb\xfc\xf5\x92\x74\x90\x2b\x7e\x06\x3a\xe0\x1f\x21\x43\x29\xfe\x1b\x33\xff\xcb\x2f\xc7\x09\xf7\x35\xfe\x91\xe3\xf5\xe4\x8a\x9f\x91\x0e\xf8\x47\xc8\x50\x8a\xff\x26\xcc\xff\x8a\xb6\xb7\x9e\x87\xfc\x1d\x7d\xef\x4b\xb9\xe2\x67\xa2\x03\xfe\x11\x32\x94\xe2\xbf\x29\xf3\xbf\xb2\xe7\x83\x13\x15\x1e\xbc\x8f\x14\x5c\xae\xf8\x99\xe9\x80\x7f\x84\x0c\xa5\xf8\x6f\xc6\xfc\xaf\xda\x9f\x2c\xd5\xc2\x3c\x09\x1b\x6f\x95\x2b\x7e\x16\x3a\xe0\x1f\x21\x43\x29\xfe\x9b\x33\xff\xab\x37\x0f\x39\xdc\xac\xce\xf6\x11\xd3\xe5\x8a\x9f\x95\x0e\xf8\x47\xc8\x50\x8a\xff\x16\xcc\xff\x1a\xb7\x50\xd2\xc9\x03\x5a\xfe\x4b\x23\x57\xfc\x6c\x74\xc0\x3f\x42\x86\x52\xfc\xb7\x64\xfe\xd7\xc6\xec\x11\x7a\x7f\xd3\x6e\xe7\x4b\xca\x15\x3f\x3b\x1d\xf0\x8f\x90\xa1\x14\xff\xad\x98\xff\x75\xf3\xf7\x3d\xc9\xb4\x73\xc9\xd2\x7f\x72\xc5\xcf\x41\x07\xfc\x23\x64\x28\xc5\x7f\x6b\xe6\x7f\x7d\xc3\x39\x33\x52\xdd\xcc\x57\xea\x82\x5c\xf1\x73\xd2\x01\xff\x08\x19\x4a\xf1\xdf\x86\xf9\xdf\x70\xbd\x56\xaf\xeb\xa1\xde\xe4\x69\x2c\x57\xfc\x5c\x74\xc0\x3f\x42\x86\x52\xfc\xb7\x65\xfe\x37\x9e\x6e\x50\x73\x74\xac\x70\x13\xc6\xc8\x15\x3f\xf0\x4c\x20\xf8\x47\xc8\x50\x8a\xff\x76\xcc\xff\xa6\xae\xcb\xb6\xf7\x3b\x76\xfd\x59\x76\xb9\xe2\x07\xde\x09\x0e\xff\x08\x19\x4a\xf1\xdf\x9e\xf9\xdf\x1c\xb5\xf2\xd9\x63\xcb\x0a\x86\x8b\x26\x57\xfc\xbc\x74\xc0\x3f\x42\x86\x52\xfc\x77\x60\xfe\xb7\xac\x9b\x98\x3a\x73\xaf\xf1\xbd\x17\xc9\x15\x3f\x1f\x1d\xf0\x8f\x90\xa1\x14\xff\x1d\x99\xff\xad\xbb\x96\x3b\xf5\x8b\xc5\x7a\xb5\x44\xae\xf8\xf9\xe9\x80\x7f\x84\x0c\xa5\xf8\xef\xc4\xfc\x6f\x0b\xda\xf6\xdd\xa4\x59\x27\xe6\xf8\x72\xc5\x2f\x40\x07\xfc\x23\x64\x28\xc5\x7f\x67\xe6\x7f\xfb\xa2\xd5\x21\xc2\xfe\xaa\xd4\x3e\xaf\x5c\xf1\x0b\xd2\x01\xff\x08\x19\x4a\xf1\xdf\x85\xf9\xdf\x11\xa3\xe5\xd3\x9f\xc9\x06\x84\x1a\x25\x57\xfc\x42\x74\xc0\x3f\x42\x86\x52\xfc\x77\x65\xfe\x77\x3a\xe5\x8f\xad\xcd\xd9\x74\x65\x43\xb9\xe2\x17\xa6\x03\xfe\x11\x32\x94\xe2\xbf\x1b\xf3\xbf\x6b\xdb\xd4\x24\x75\x9e\x6e\xbe\x7d\x4d\xae\xf8\x45\xe8\x80\x7f\x84\x0c\xa5\xf8\xef\xce\xfc\xef\x3e\x94\xf9\xe4\xf4\xa1\x69\x33\xfc\x90\x2b\x7e\x51\x3a\xe0\x1f\x21\x43\x29\xfe\x7b\x30\xff\x7b\x7a\x7c\x4c\xde\xaa\xe6\xef\x62\xa5\xe5\x8a\x1f\x70\x0f\xff\x08\x19\x4a\xf1\xdf\x93\xf9\xdf\xdb\xe6\x78\xd8\x7c\x7b\x1e\x34\x4f\x25\x57\xfc\xe2\x74\xc0\x3f\x42\x86\x52\xfc\xf7\x62\xfe\xf7\x5d\x73\x5f\x9d\x6e\x90\x29\xee\x5c\xb9\xe2\x97\xa0\x03\xfe\x11\x32\x94\xe2\xbf\x37\xf3\xbf\x7f\x74\xdc\xfb\x33\x82\xae\xf8\xb4\x5e\xae\xf8\x81\x67\x02\xc1\x3f\x42\x86\x52\xfc\xf7\x61\xfe\x0f\x64\xbd\x1e\xac\xe5\x9d\x5e\x43\x42\xca\x15\xbf\x14\x1d\xf0\x8f\x90\xa1\x14\xff\x7d\x99\xff\x83\x09\x1f\x26\xca\xbb\x7f\x76\x8a\xd7\x72\xc5\x0f\xfc\x4e\x10\xfe\x11\x32\x94\xe2\xbf\x1f\xf3\x7f\x68\x7a\xe2\x03\x67\x62\x97\xad\x57\x43\xae\xf8\x65\xe8\x80\x7f\x84\x0c\xa5\xf8\xef\xcf\xfc\x1f\xce\xb8\x37\xd5\xa4\xde\x97\x37\x76\x93\x2b\x7e\xe0\x9d\xe0\xf0\x8f\x90\xa1\x14\xff\x03\x98\xff\x23\xc3\xbb\x9f\xa8\x3f\x3f\xd4\xe1\x83\x72\xc5\x2f\x47\x07\xfc\x23\x64\x28\xc5\xff\x40\xe6\xff\xe8\xec\x82\xcf\x33\x6f\x0b\x36\xb3\xb8\x5c\xf1\xcb\xd3\x01\xff\x08\x19\x4a\xf1\x3f\x88\xf9\x3f\x96\x74\x70\xb8\x63\xad\xce\xbf\xfe\x23\x57\xfc\x0a\x74\xc0\x3f\x42\x86\x52\xfc\x0f\x66\xfe\x8f\x0f\x2e\xfa\xa0\x4e\xf8\x92\x41\x2f\xc9\x15\xbf\x22\x1d\xf0\x8f\x90\xa1\x14\xff\x43\x98\xff\x13\x79\xfb\x07\x5f\x7b\x6d\x7a\xb7\xa6\x72\xc5\xaf\x44\x07\xfc\x23\x64\x28\xc5\xff\x50\xe6\xff\x64\xca\x9d\x09\x7f\x9e\xec\x77\x6b\x9c\x5c\xf1\x2b\xd3\x01\xff\x08\x19\x4a\xf1\x3f\x8c\xf9\x3f\x35\xbe\xf7\xfe\xb0\xd1\xd6\xac\xc9\x29\x57\xfc\x2a\x74\xc0\x3f\x42\x86\x52\xfc\x0f\x67\xfe\x4f\x3f\xbe\x9b\xee\x74\xd7\x6c\xf9\xa3\xc8\x15\xbf\x2a\x1d\xf0\x8f\x90\xa1\x14\xff\x23\x98\xff\x33\x75\xff\x3b\x93\x6f\xe5\x93\xac\x0b\xe4\x8a\x5f\x8d\x0e\xf8\x47\xc8\x50\x8a\xff\x91\xcc\xff\xd9\x92\x09\x5f\xb7\x2a\xf3\x3d\xc6\x51\xb9\xe2\x57\xa7\x03\xfe\x11\x32\x94\xe2\x7f\x14\xf3\x7f\xee\xfd\x63\x77\xfa\x84\x94\xed\x3a\xc9\x15\x3f\xf0\x9d\x00\xf8\x47\xc8\x50\x8a\xff\xd1\xcc\xff\xf9\x8c\x47\x3b\xf6\xff\xb0\x7e\x60\x1d\xb9\xe2\xd7\xa4\x03\xfe\x11\x32\x94\xe2\x7f\x0c\xf3\x7f\x61\x78\x90\xf1\x9d\xd2\x34\xfc\xfc\x5c\xae\xf8\xb5\xe8\x80\x7f\x84\x0c\xa5\xf8\x1f\xcb\xfc\x5f\x9c\x9d\x73\x43\xb2\xf4\x43\xaa\x07\x95\x2b\x7e\x6d\x3a\xe0\x1f\x21\x43\x29\xfe\xc7\x31\xff\x97\x92\xfe\xae\x74\xf9\x75\xb5\xb4\x9b\xe5\x8a\x1f\xf8\x3b\x01\xfc\x23\x64\x28\xc5\xff\x78\xe6\xff\x72\x11\x2f\x49\xeb\xd1\x67\x0e\xcd\x94\x2b\x7e\x5d\x3a\xe0\x1f\x21\x43\x29\xfe\x27\x30\xff\x57\xfe\x9d\x38\x36\xaf\x7c\xbc\x2d\xe9\xe4\x8a\x5f\x8f\x0e\xf8\x47\xc8\x50\x8a\xff\x89\xcc\xff\xd5\x57\x9f\x9e\x9e\x5a\x78\xa4\xef\x58\xb9\xe2\xd7\xa7\x03\xfe\x11\x32\x94\xe2\x7f\x12\xf3\x7f\xad\x42\x96\x10\xd9\xfb\x46\x0f\x93\x4b\xae\xf8\x0d\xe8\x80\x7f\x84\x0c\xa5\xf8\x9f\xcc\xfc\x5f\xff\xf4\xed\xdd\xc2\xb8\x63\x9e\x44\x95\x2b\x7e\xe0\x9d\xc0\xf0\x8f\x90\xa1\x14\xff\x53\x98\xff\x1b\x25\x32\x38\x15\x0e\xd6\x9b\x34\x5f\xae\xf8\x8d\xe8\x80\x7f\x84\x0c\xa5\xf8\x9f\xca\xfc\xdf\xac\x13\x3e\x75\xc8\x7b\xdb\xf3\x95\x90\x2b\x7e\x63\x3a\xe0\x1f\x21\x43\x29\xfe\xa7\x31\xff\xb7\x9e\x9d\x39\xfb\x35\x78\xcb\x12\xbf\xe5\x8a\xdf\x84\x0e\xf8\x47\xc8\x50\x8a\xff\xe9\xcc\xff\xed\x49\xed\x12\x64\x6a\xf4\x7e\xf1\x45\xb9\xe2\x07\x9e\x09\x06\xff\x08\x19\x4a\xf1\x3f\x83\xf9\xbf\x93\x62\xc5\xa1\xfd\xfb\x12\x5e\x6c\x26\x57\xfc\xc0\x7f\x83\x7f\x84\x0c\xa5\xf8\x9f\xc9\xfc\xdf\xcd\x33\xe9\xe1\xe4\xea\xf9\xfe\xc7\xe3\xbf\x83\xf8\xcd\xe9\x80\x7f\x84\x0c\xa5\xf8\x9f\xc5\xfc\xdf\x1b\x56\x25\x48\xb3\xc1\x6f\x46\x6d\x91\x2b\x7e\x0b\x3a\xe0\x1f\x21\x43\x29\xfe\x67\x33\xff\xf7\x07\x6f\xad\xd4\xeb\x71\xb7\xa6\xb3\xe4\x8a\xdf\x92\x0e\xf8\x47\xc8\x50\x8a\xff\x39\xcc\xff\x83\xbc\xed\x37\x0c\xcf\xbe\xc4\x4f\x2b\x57\xfc\x56\x74\xc0\x3f\x42\x86\x52\xfc\xcf\x65\xfe\x1f\xa6\x2c\x39\xfe\x76\x92\x82\xbb\x8f\xc9\x15\xbf\x35\x1d\xf0\x8f\x90\xa1\x14\xff\xf3\x98\xff\x47\xe3\x47\x77\x4c\xf7\x63\xfc\xc9\x8e\x72\xc5\x6f\x43\x07\xfc\x23\x64\x28\xc5\xff\x7c\xe6\xff\xf1\x9d\xdb\x59\xdb\xcc\x08\x97\xac\xb6\x5c\xf1\xdb\xd2\x01\xff\x08\x19\x4a\xf1\xbf\x80\xf9\x7f\xd2\x2c\xe6\xe5\xb9\x45\xae\x57\x78\x21\x57\xfc\x76\x74\xc0\x3f\x42\x86\x52\xfc\x2f\x64\xfe\x9f\x76\x8a\xff\xe5\x64\xc5\xdb\x5e\x23\xb9\xe2\xb7\xa7\x03\xfe\x11\x32\x94\xe2\x7f\x11\xf3\xff\xec\xc4\xd3\xe8\x39\xc6\xba\x3d\xae\xca\x15\xbf\x03\x1d\xf0\x8f\x90\xa1\x14\xff\x8b\x99\xff\xe7\xad\x12\xff\x5e\xf4\x76\xf2\xe4\xef\x72\xc5\x0f\xfc\x4e\x10\xfe\x11\x32\x94\xe2\x7f\x09\xf3\xff\xe2\xc2\xc3\xb8\xe5\x33\x16\x7d\x58\x46\xae\xf8\x81\x77\x02\xc1\x3f\x42\x86\x52\xfc\x2f\x65\xfe\x5f\x1e\xb9\x9e\x2f\x44\xba\x05\x65\x17\xcb\x15\xbf\x33\x1d\xf0\x8f\x90\xa1\x14\xff\xcb\x98\xff\x57\xfd\xe2\xde\xf9\xf6\xa9\x53\xf6\x88\x72\xc5\xef\x42\x07\xfc\x23\x64\x28\xc5\xff\x72\xe6\xff\x75\xf8\xdd\x19\x33\x4e\x7a\x71\x25\x9f\x5c\xf1\xbb\xd2\x01\xff\x08\x19\x4a\xf1\xbf\x82\xf9\x7f\xb3\xa1\xe7\xf9\x03\xe5\x72\x2d\x1a\x29\x57\xfc\x6e\x74\xc0\x3f\x42\x86\x52\xfc\xaf\x64\xfe\xdf\x2e\xc9\xff\x61\xca\xf2\xa4\xa3\xdf\xc8\x15\xbf\x3b\x1d\xf0\x8f\x90\xa1\x14\xff\xab\x98\xff\x77\xf1\x86\x46\x6e\xda\xf9\xf3\xcf\xea\x72\xc5\xef\x41\x07\xfc\x23\x64\x28\xc5\xff\x6a\xe6\xff\xfd\x9d\xc5\xed\xfa\x46\x69\x1b\xbd\xab\x5c\xf1\x7b\xd2\x01\xff\x08\x19\x4a\xf1\xbf\x86\xf9\xff\xd0\xac\xe1\x98\x31\xc7\x77\x37\x38\x24\x57\xfc\x5e\x74\xc0\x3f\x42\x86\x52\xfc\xaf\x65\xfe\x3f\x76\xaa\xbe\xfa\xc6\x95\x5a\x67\x52\xca\x15\xbf\x37\x1d\xf0\x8f\x90\xa1\x14\xff\xeb\x98\xff\x4f\x27\xe6\x96\x4d\x19\x76\xc4\xae\x79\x72\xc5\xef\x43\x07\xfc\x23\x64\x28\xc5\xff\x7a\xe6\xff\xf3\xca\x36\xd9\x27\xb6\x88\x5c\x75\x83\x5c\xf1\xfb\xd2\x01\xff\x08\x19\x4a\xf1\xbf\x81\xf9\xff\xe2\xaf\xba\xd9\x60\xcb\x81\xf8\x21\xe4\x8a\xdf\x8f\x0e\xf8\x47\xc8\x50\x8a\xff\x8d\xcc\xff\xd7\x10\x13\x7e\x65\xf1\x43\x74\xdf\x23\x57\xfc\xfe\x74\xc0\x3f\x42\x86\x52\xfc\x6f\x62\xfe\xbf\xed\xad\x16\xe3\xe8\xe9\xab\x6e\x18\xb9\xe2\x0f\xa0\x03\xfe\x11\x32\x94\xe2\x7f\x33\xf3\xff\x3d\xf6\x94\x8f\xb5\x57\x97\x7e\x94\x54\xae\xf8\x03\xe9\x80\x7f\x84\x0c\xa5\xf8\xdf\xc2\xfc\xff\x58\x5a\xc9\x5f\xd7\x7e\xee\x94\x49\x72\xc5\x1f\x44\x07\xfc\x23\x64\x28\xc5\xff\x56\xe6\xff\xe7\xc6\x16\x19\x7e\xb5\xe9\x91\xa3\xa7\x5c\xf1\x07\xd3\x01\xff\x08\x19\x4a\xf1\xbf\x8d\xf9\xff\x15\x66\xdd\xa5\x30\x1b\x56\x95\x3b\x27\x57\xfc\x21\x74\xc0\x3f\x42\x86\x52\xfc\x6f\x67\xfe\x7f\xf7\x76\x72\x9f\xb9\x90\x61\xe1\x03\xb9\xe2\x0f\xa5\x03\xfe\x11\x32\x94\xe2\x7f\x07\xf3\xff\xe7\xe8\xa9\xbb\x79\x9d\x47\x97\x2b\xcb\x15\x7f\x18\x1d\xf0\x8f\x90\xa1\x14\xff\x3b\x99\xff\xbf\x17\x3f\xfc\x6b\xf9\xf2\xef\xaf\x4c\x72\xc5\x1f\x4e\x07\xfc\x23\x64\x28\xc5\xff\x2e\xe6\xff\x5f\xf3\x6c\x71\x66\x64\x4d\x3d\x66\xa8\x5c\xf1\x47\xd0\x01\xff\x08\x19\x4a\xf1\xbf\xfb\xff\xfc\xfb\x41\xda\x17\x88\xe6\x57\xdd\x5a\x7f\xb9\x5c\xf1\x03\xcf\x04\x83\x7f\x84\x0c\xa5\xf8\xdf\xc3\xfc\x07\x3d\x39\xec\xf3\xa3\x91\x8d\xa3\xc5\x91\x2b\xfe\x28\x3a\xe0\x1f\x21\x43\x29\xfe\xf7\x32\xff\xc1\xee\xee\xb9\xb2\x6d\xda\xa0\x9d\x9f\xe5\x8a\x3f\x9a\x0e\xf8\x47\xc8\x50\x8a\xff\x7d\xcc\x7f\xf0\xc6\xbd\xb2\x15\x2e\x55\xe1\x74\x01\xb9\xe2\x8f\xa1\x03\xfe\x11\x32\x94\xe2\x7f\x3f\xf3\x1f\xa2\x73\x9b\x68\x1f\x53\x9d\x4a\xd0\x4e\xae\xf8\x63\xe9\x80\x7f\x84\x0c\xa5\xf8\x3f\xc0\xfc\x87\x3c\xbb\xea\x73\xd0\x6f\x31\xaa\xdd\x94\x2b\xfe\x38\x3a\xe0\x1f\x21\x43\x29\xfe\x0f\x32\xff\xa1\x6e\x4e\xb8\x52\xe5\x7e\x9c\xb0\xe5\xe5\x8a\x3f\x9e\x0e\xf8\x47\xc8\x50\x8a\xff\x43\xcc\x7f\xe8\xfa\xd5\xb2\x2d\xcd\x7d\xae\xdf\x13\xb9\xe2\x4f\xa0\x03\xfe\x11\x32\x94\xe2\xff\x30\xf3\x1f\xe6\xe0\x94\xdb\xb9\x6b\x57\x99\x78\x4a\xae\xf8\x13\xe9\x80\x7f\x84\x0c\xa5\xf8\x3f\xc2\xfc\x87\xed\x5e\x29\xef\xb9\xfe\xc3\x1e\xf7\x95\x2b\x7e\xe0\x99\x00\xf0\x8f\x90\xa1\x14\xff\x47\x99\xff\x70\xad\x5b\xc4\x9b\x35\xa7\x7e\xf1\x69\x72\xc5\x9f\x4c\x07\xfc\x23\x64\x28\xc5\xff\x31\xe6\x3f\xfc\xd5\x75\x7f\x9a\x17\xd8\x98\x37\xa1\x5c\xf1\xa7\xd0\x01\xff\x08\x19\x4a\xf1\x7f\x9c\xf9\x8f\xb0\xd0\x89\xb4\x26\x41\xf2\x4b\x11\xe4\x8a\x3f\x95\x0e\xf8\x47\xc8\x50\x8a\xff\x13\xcc\xbf\xf3\xdf\xa9\xf7\x75\xff\xfc\x5c\xb2\x43\xae\xf8\x81\xbf\x13\xc0\x3f\x42\x86\x52\xfc\x9f\x64\xfe\xdd\x08\x1f\x2e\x84\x8b\xf9\x6c\xe4\x5d\xb9\xe2\x4f\xa7\x03\xfe\x11\x32\x94\xe2\xff\x14\xf3\xef\x6d\xcd\x96\xe9\xc7\xd1\x2c\xbf\x5b\xc9\x15\x7f\x06\x1d\xf0\x8f\x90\xa1\x14\xff\xa7\x99\x7f\xbf\x73\xd4\x72\x0f\x96\xae\x8b\x58\x44\xae\xf8\x33\xe9\x80\x7f\x84\x0c\xa5\xf8\x3f\xc3\xfc\x47\x3c\x7b\x69\x4d\xa4\x9e\x7d\x9a\xbd\x97\x2b\xfe\x2c\x3a\xe0\x1f\x21\x43\x29\xfe\xcf\x32\xff\x91\x6e\xbe\x18\x5d\xb4\xd9\xcc\x53\x31\xe4\x8a\x3f\x9b\x0e\xf8\x47\xc8\x50\x8a\xff\x73\xcc\x7f\xe4\xfa\xe9\xda\x6e\xd9\x55\x7c\xcf\x6a\xb9\xe2\xcf\xa1\x03\xfe\x11\x32\x94\xe2\xff\x3c\xf3\x1f\x25\xf8\xed\xff\x9c\x5b\x17\xcb\x0f\x94\x2b\xfe\x5c\x3a\xe0\x1f\x21\x43\x29\xfe\x2f\x30\xff\x51\x77\xc4\xfc\xf9\x37\x74\x90\xa4\xd9\xe4\x8a\x3f\x8f\x0e\xf8\x47\xc8\x50\x8a\xff\x8b\xcc\x7f\xb4\x35\xf1\x6f\xad\xfc\x72\xf3\xcd\x54\xb9\xf2\xff\xb1\xf7\x4f\x41\x76\x2d\xda\xff\xff\x1d\xab\x83\x35\xe7\x8c\x9d\x74\x6c\xdb\xda\x31\x3a\xb6\x6d\xdb\xb6\x6d\xdb\xb6\x93\x8e\x6d\xdb\xb6\x9f\x9b\xb1\x9e\xdf\xa8\x1a\xa7\xbe\xe3\xe6\x7f\x33\xaa\x3e\xef\xab\x51\xbb\xd2\x9f\x3a\x37\xaf\x3a\x7b\x77\xd6\x9a\xd3\xb7\x80\x0e\xf8\x47\xc8\x50\x8a\xff\x4b\xcc\x7f\xac\x58\x4f\x73\xd7\x4c\x1d\x61\x76\xa0\x5c\xf1\x2d\xa4\x03\xfe\x11\x32\x94\xe2\xff\x32\xf3\x1f\x7b\x6b\xb2\x8b\x87\x4b\x4d\xea\x16\x45\xae\xf8\x16\xd1\x01\xff\x08\x19\x4a\xf1\x7f\x85\xf9\x8f\x13\xed\x61\xa6\x4c\x53\x0b\x85\xd8\x21\x57\x7c\x8b\xe9\x80\x7f\x84\x0c\xa5\xf8\xbf\xca\xfc\xc7\x8d\x77\xdd\x69\x32\x62\xf9\x9a\x4a\x72\xc5\xb7\x84\x0e\xf8\x47\xc8\x50\x8a\xff\x6b\xcc\x7f\xbc\x85\x09\x3f\x4d\xaf\xd2\xf5\xe6\x63\xb9\xe2\x5b\x4a\x07\xfc\x23\x64\x28\xc5\xff\x75\xe6\x3f\xfe\x95\x3d\xf1\x83\xb2\xbd\xcb\x79\x52\xae\xf8\x96\xd1\x01\xff\x08\x19\x4a\xf1\x7f\x83\xf9\x4f\xd0\xbe\xd7\xdf\x85\xcf\xf3\x17\xee\x2f\x57\x7c\xcb\xe9\x80\x7f\x84\x0c\xa5\xf8\xbf\xc9\xfc\x27\xec\x5d\xe8\xde\x97\x68\x89\xdb\xc5\x96\x2b\x3e\xff\x3b\x81\xe1\x1f\x21\x43\x29\xfe\x6f\x31\xff\x89\x0e\x0e\xcb\x1f\xee\xd2\xc7\xd8\x6b\xe5\x8a\x6f\x25\x1d\xf0\x8f\x90\xa1\x14\xff\xb7\x99\xff\xc4\x87\x9a\xb6\x8b\xbb\xb9\xc5\x97\xc1\x72\xc5\xb7\x8a\x0e\xf8\x47\xc8\x50\x8a\xff\x3b\xcc\x7f\x92\x1e\x8b\xc7\xbc\x68\xbf\x6b\x70\x0e\xb9\xe2\x5b\x4d\x07\xfc\x23\x64\x28\xc5\xff\x5d\xe6\x3f\x69\x9b\x99\x6b\xf7\x76\xaa\x9b\xf1\x9e\x5c\xf1\xf9\xbf\x13\x0c\xff\x08\x19\x4a\xf1\x7f\x8f\xf9\x0f\xbc\x5a\xbf\x42\xf9\x75\xe3\x6b\xb6\x92\x2b\x3e\xff\xef\x04\xe0\x1f\x21\x43\x29\xfe\xef\x33\xff\xc9\x66\x47\x0b\x88\x7c\x36\xc6\x96\x62\x72\xc5\xb7\x8e\x0e\xf8\x47\xc8\x50\x8a\xff\x07\xcc\x7f\xf2\x24\x27\x5e\xfc\x73\x8f\x1f\xfa\x20\x57\x7c\xeb\xe9\x80\x7f\x84\x0c\xa5\xf8\x7f\xc8\xfc\xa7\xc8\xfe\x29\x78\x75\xd8\xc3\x73\x7a\xcb\x15\xdf\x06\x3a\xe0\x1f\x21\x43\x29\xfe\x1f\x31\xff\x29\xc7\x67\x4f\x53\xe3\x86\xf3\xf2\xac\x5c\xf1\x6d\xa4\x03\xfe\x11\x32\x94\xe2\xff\x31\xf3\x9f\x2a\xfd\xb7\x83\x87\x76\x8e\x0e\x7f\x5f\xae\xf8\x36\xd1\x01\xff\x08\x19\x4a\xf1\xff\x84\xf9\x4f\x3d\x3d\x73\x60\xe6\xa6\x35\x3b\x56\x95\x2b\xbe\xcd\x74\xc0\x3f\x42\x86\x52\xfc\x3f\x65\xfe\xd3\x0c\x0e\x08\xd5\xb4\xc7\xbe\x3b\x7b\xe4\x8a\x6f\x0b\x1d\xf0\x8f\x90\xa1\x14\xff\xcf\x98\xff\xb4\xb9\xcf\xdc\x9f\xb6\xa4\xcd\xea\x88\x72\xc5\xb7\x95\x0e\xf8\x47\xc8\x50\x8a\xff\xe7\xcc\x7f\xba\x72\xed\xa3\x55\x3e\xf2\xb5\x44\x4a\xb9\xe2\xdb\x46\x07\xfc\x23\x64\x28\xc5\xff\x0b\xe6\x3f\xfd\xb7\x95\x6f\x16\xc4\x4e\x96\x69\x92\x5c\xf1\x6d\xa7\x03\xfe\x11\x32\x94\xe2\xff\x25\xf3\x9f\xe1\xd1\xe4\xd3\x9f\xff\xe5\x4e\xf4\x45\xae\xf8\xfc\xcf\x04\x85\x7f\x84\x0c\xa5\xf8\x7f\xc5\xfc\x67\xac\x59\x35\x43\xf8\xc0\x57\x2d\x0b\xc9\x15\xdf\x4e\x3a\xe0\x1f\x21\x43\x29\xfe\x5f\x33\xff\x99\x66\x77\x0f\x4a\x54\xb4\xe3\x90\x76\x72\xc5\xb7\x8b\x0e\xf8\x47\xc8\x50\x8a\xff\x37\xcc\x7f\xe6\x24\x1b\x37\xbc\x9e\xbf\xf8\xe3\x2d\xb9\xe2\xdb\x4d\x07\xfc\x23\x64\x28\xc5\xff\x5b\xe6\x3f\x4b\xf6\xd1\x13\x77\x0c\x2a\x56\x2f\x8b\x5c\xf1\xf9\x3f\x13\x00\xff\x08\x19\x4a\xf1\xff\x8e\xf9\xcf\x3a\xbe\x5c\xe7\x32\xf5\xa6\xa5\x1a\x2e\x57\x7c\x7b\xe9\x80\x7f\x84\x0c\xa5\xf8\x7f\xcf\xfc\x67\x7b\xbd\x2f\xec\xa7\x02\x91\x8f\xae\x94\x2b\xbe\x7d\x74\xc0\x3f\x42\x86\x52\xfc\x7f\x60\xfe\xb3\x57\xeb\xf1\x2c\xc4\xc3\xbb\x9b\xe3\xcb\x15\xdf\x7e\x3a\xe0\x1f\x21\x43\x29\xfe\x3f\x32\xff\x39\x8a\x14\x39\x56\xe5\x6e\xd5\x64\x71\xe5\x8a\xef\x00\x1d\xf0\x8f\x90\xa1\x14\xff\x9f\x98\xff\x9c\xdf\x87\x24\x5b\x1e\x6a\x78\xd0\x7a\xb9\xe2\x3b\x48\x07\xfc\x23\x64\x28\xc5\xff\x67\xe6\x3f\x57\xad\x12\xe7\xf2\x37\x4a\xb0\x7f\xa0\x5c\xf1\x1d\xa2\x03\xfe\x11\x32\x94\xe2\xff\x0b\xf3\x9f\xfb\xfe\x80\xf4\x67\xf7\x9d\x3b\x91\x4d\xae\xf8\x0e\xd3\x01\xff\x08\x19\x4a\xf1\xff\x95\xf9\xcf\xf3\x79\x57\xe4\x59\x8b\x53\x35\xbd\x23\x57\x7c\x47\xe8\x80\x7f\x84\x0c\xa5\xf8\xff\xc6\xfc\xe7\x2d\xdf\xe7\x6d\xcb\xfe\x3f\xbd\x16\x72\xc5\x77\x94\x0e\xf8\x47\xc8\x50\x8a\xff\xef\xcc\x7f\xbe\x3c\x77\x43\xae\x49\xd4\xe0\x6f\x09\xb9\xe2\x3b\x46\x07\xfc\x23\x64\x28\xc5\xff\x0f\xe6\x3f\xff\x80\xd8\x8f\xea\x1f\xde\x34\xe2\x93\x5c\xf1\x1d\xa7\x03\xfe\x11\x32\x94\xe2\xff\x27\xf3\x5f\x60\x4a\xd2\x43\x01\xc9\xd6\x2f\x9f\x22\x57\x7c\xc1\x74\xc0\x3f\x42\x86\x52\xfc\xff\x62\xfe\x0b\x66\x78\x9c\xf8\xfb\xf7\xbe\x17\x92\xc8\x15\xdf\x09\x3a\xe0\x1f\x21\x43\x29\xfe\x7f\x33\xff\x85\xba\x7e\x4e\xbb\x76\xc6\xb3\x7c\xd1\xe4\x8a\xef\x24\x1d\xf0\x8f\x90\xa1\x14\xff\x7f\x98\xff\xc2\xe7\xb2\x9c\xa8\x57\x2c\x7b\xe9\x5d\x72\xc5\x77\x8a\x0e\xf8\x47\xc8\x50\x8a\xff\xbf\xcc\x7f\x91\x5b\x11\x9e\x47\xaa\x79\xf1\x69\x65\xb9\xe2\x3b\x4d\x07\xfc\x23\x64\x28\xc5\xff\x3f\xe6\xbf\x68\xc3\xb3\x91\x7e\x0c\x0d\x31\xe1\xa9\x5c\xf1\x9d\xa1\x03\xfe\x11\x32\xd4\xff\xed\x3f\x20\x04\xf3\x5f\x2c\x59\xb8\x6a\x25\x9e\xcc\xea\x1b\x2c\x57\x7c\xfe\x77\x82\xc2\x3f\x42\x86\x52\xfc\x87\x64\xfe\x8b\xcf\x3b\xb0\x65\x6b\xee\x92\x01\x7d\xe5\x8a\xef\x1c\x1d\xf0\x8f\x90\xa1\x14\xff\xa1\x98\xff\x12\xa3\x7e\x4e\x7d\x90\xa1\x6c\xd5\x6f\x72\xc5\x77\x9e\x0e\xf8\x47\xc8\x50\x8a\xff\xd0\xcc\xff\x7f\x99\xf2\x75\x77\x3f\xce\x0b\x2c\x22\x57\x7c\x17\xe8\x80\x7f\x84\x0c\xa5\xf8\x0f\xc3\xfc\x97\x9c\xf4\x77\xce\x88\x49\x61\xce\xb6\x91\x2b\xbe\x8b\x74\xc0\x3f\x42\x86\x52\xfc\x87\x65\xfe\x4b\xa5\xca\xd5\xaf\x77\xf9\xab\x3b\x6e\xc8\x15\xdf\x25\x3a\xe0\x1f\x21\x43\x29\xfe\xc3\x31\xff\xa5\xf3\x85\xaa\x9f\xb1\x72\xe6\xe8\x99\xe4\x8a\xef\x32\x1d\xf0\x8f\x90\xa1\x14\xff\xe1\x99\xff\x32\xc3\x8e\xec\xbd\x3d\xfe\x51\xa3\xa1\x72\xc5\x77\x85\x0e\xf8\x47\xc8\x50\x8a\xff\x08\xcc\x7f\xd9\x8f\xcd\x82\xe2\xbc\xeb\x39\x7e\xb5\x5c\xf1\x5d\xa5\x03\xfe\x11\x32\x94\xe2\x3f\x22\xf3\x5f\xae\xe4\x82\x0d\x2f\xb3\xae\xfe\x91\x50\xae\xf8\xae\xd1\x01\xff\x08\x19\x4a\xf1\x1f\x89\xf9\x2f\x5f\x67\xd6\xc4\x7d\x97\xb7\x5d\xed\x29\x57\x7c\xd7\xe9\x80\x7f\x84\x0c\xa5\xf8\x0f\x60\xfe\x2b\x3c\xad\xd3\xb9\x5c\x84\x26\x0b\x4e\xcb\x15\x9f\xff\xef\x04\xe0\x1f\x21\x43\x29\xfe\x23\x33\xff\x15\x93\xf5\x8b\x56\xb5\xc5\xdf\x72\x0f\xe5\x8a\xef\x26\x1d\xf0\x8f\x90\xa1\x14\xff\x51\x98\xff\x4a\xf3\x76\xbc\x59\xb6\x25\x5d\xde\xea\x72\xc5\x77\x8b\x0e\xf8\x47\xc8\x50\x8a\xff\xa8\xcc\x7f\xd0\xa8\x41\xa7\x3f\xae\x3c\x35\x7d\x9f\x5c\xf1\xdd\xa6\x03\xfe\x11\x32\x94\xe2\x3f\x1a\xf3\x5f\x39\x53\xb1\x0c\x21\xbb\xc6\x79\x10\x20\x57\x7c\xfe\x77\x82\xc0\x3f\x42\x86\x52\xfc\xfb\x98\xff\x2a\x95\xb7\xd7\xd8\x19\x63\x70\xe4\xe4\x72\xc5\x77\x97\x0e\xf8\x47\xc8\x50\x8a\x7f\x87\xf9\xaf\xfa\xa2\xe3\xae\xd2\x27\x2a\xf5\x9a\x20\x57\x7c\xf7\xe8\x80\x7f\x84\x0c\xa5\xf8\x77\x99\xff\x6a\x7f\xca\xcc\x4e\x98\x77\xf4\xc6\xcc\x72\xc5\x77\x9f\x0e\xf8\x47\xc8\x50\x8a\x7f\x8f\xf9\xaf\xfe\xdf\xd8\x9e\x6f\x9e\xd5\x3c\x3e\x44\xae\xf8\x1e\xd0\x01\xff\x08\x19\x4a\xf1\x1f\x9d\xf9\xaf\xf1\xa4\xc2\xa4\xee\xc3\x0f\xa7\x59\x25\x57\x7c\xfe\xcf\x04\xc0\x3f\x42\x86\x52\xfc\xc7\x60\xfe\x6b\xd6\x1f\xd9\x61\x48\x6d\xa7\x4e\x22\xb9\xe2\x7b\x44\x07\xfc\x23\x64\x28\xc5\x7f\x4c\xe6\xbf\x56\x99\xcd\x95\xce\x97\xf8\xfa\xfe\xab\x5c\xf1\x3d\xa6\x03\xfe\x11\x32\x94\xe2\x3f\x16\xf3\x5f\xfb\x43\xd7\xcd\x81\xb3\x92\x0d\x2b\x2a\x57\x7c\x4f\xe8\x80\x7f\x84\x0c\xa5\xf8\x8f\xcd\xfc\xd7\x19\x7a\xad\xce\xd3\x9f\xfb\x5a\xb7\x95\x2b\x3e\xff\x3b\x41\xe0\x1f\x21\x43\x29\xfe\xe3\x30\xff\x75\x0b\x3a\xfb\x62\xa4\x68\x93\xe0\xba\x5c\xf1\x3d\xa3\x03\xfe\x11\x32\x94\xe2\x3f\x2e\xf3\x5f\x2f\x6d\xda\xf9\x85\x0f\x76\xcc\xb2\x5f\xae\xf8\x9e\xd3\x01\xff\x08\x19\x4a\xf1\x1f\x8f\xf9\xaf\x3f\xf1\x4d\xdf\x4d\x09\x16\x17\x8b\x24\x57\x7c\x2f\xe8\x80\x7f\x84\x0c\xa5\xf8\x8f\xcf\xfc\x37\x98\x14\x35\xc3\xba\xbe\xb9\x57\x26\x93\x2b\xbe\x97\x74\xc0\x3f\x42\x86\x52\xfc\x27\x60\xfe\x1b\xa6\x0a\x3e\x5d\x77\xe1\xab\x7b\x13\xe5\x8a\xef\x15\x1d\xf0\x8f\x90\xa1\x14\xff\x09\x99\xff\x46\xf9\x3e\xbe\x89\xb8\x27\x72\xe7\x1e\x72\xc5\xf7\x9a\x0e\xf8\x47\xc8\x50\x8a\xff\x44\xcc\x7f\xe3\x61\xd9\xa2\xfd\x6c\x70\x37\xec\x19\xb9\xe2\x7b\x43\x07\xfc\x23\x64\x28\xc5\x7f\x62\xe6\xbf\xc9\xa9\x26\x65\x76\x84\x28\xf6\xfc\x91\x5c\xf1\xbd\xa5\x03\xfe\x11\x32\x94\xe2\x3f\x09\xf3\xdf\xb4\xe3\xa2\x95\x65\x6e\x4f\x9b\x57\x4d\xae\xf8\xde\xd1\x01\xff\x08\x19\x4a\xf1\x9f\x94\xf9\x6f\xd6\x74\xc6\x88\x44\xa7\x26\x1d\xb8\x2d\x57\x7c\xef\xe9\x80\x7f\x84\x0c\xa5\xf8\x0f\x64\xfe\x9b\xdf\xab\xd7\xea\x75\xac\x42\xdb\x5a\xca\x15\xdf\x07\x3a\xe0\x1f\x21\x43\x29\xfe\x93\x31\xff\x2d\xfa\xce\x19\xd8\xad\xfb\xcd\xda\xff\xc3\xb8\xef\x23\x1d\xf0\x8f\x90\xa1\x14\xff\xc9\x99\xff\x96\xc7\x6b\x35\x1e\xba\x3a\x42\xfa\x8f\x72\xc5\xf7\x89\x0e\xf8\x47\xc8\x50\x8a\xff\x14\xcc\x7f\xab\x4b\x0d\x8a\x5c\xd8\xf6\x6e\x60\x3c\xb9\xe2\xfb\x4c\x07\xfc\x23\x64\x28\xc5\x7f\x4a\xe6\xbf\x75\xcb\x65\x0b\x92\xb6\xca\xff\x6d\x9d\x5c\xf1\x7d\xa1\x03\xfe\x11\x32\x94\xe2\x3f\x15\xf3\xdf\x26\x41\x98\x0a\xcf\x22\x2d\x8f\x3b\x40\xae\xf8\xfc\xcf\x04\x82\x7f\x84\x0c\xa5\xf8\x4f\xcd\xfc\xb7\x5d\x7e\x68\x6d\xf4\xab\x5d\xdb\x64\x97\x2b\xbe\x6f\x74\xc0\x3f\x42\x86\x52\xfc\xa7\x61\xfe\xdb\x6d\xfe\x3e\xa6\x50\xe6\x16\x45\x83\xe4\x8a\xef\x3b\x1d\xf0\x8f\x90\xa1\x14\xff\x69\x99\xff\xf6\x11\x0b\xb4\xdb\xfc\x66\x57\xf6\x67\x72\xc5\xf7\x83\x0e\xf8\x47\xc8\x50\x8a\xff\x74\xcc\x7f\x87\x53\xf1\xdd\xd5\x63\x13\x5f\x3f\x21\x57\x7c\x3f\xe9\x80\x7f\x84\x0c\xa5\xf8\x4f\xcf\xfc\x77\xec\x78\xf3\x7d\x8d\x4a\x1f\xd7\xf5\x91\x2b\xbe\x5f\x74\xc0\x3f\x42\x86\x52\xfc\x67\x60\xfe\x3b\x35\xbd\x7f\x21\x72\xd9\x18\xa1\xa6\xca\x15\xdf\x6f\x3a\xe0\x1f\x21\x43\x29\xfe\x33\x32\xff\x9d\xef\xa5\xc8\xfa\x6f\xc2\xf1\x2e\x89\xe5\x8a\xef\x0f\x1d\xf0\x8f\x90\xa1\x14\xff\x99\x98\xff\x2e\x7b\xae\x14\xff\xef\x7d\xdd\x99\x51\xe5\x8a\xef\x2f\x1d\xf0\x8f\x90\xa1\x14\xff\x99\x99\xff\xae\xe1\xbc\xe5\x5b\xd2\x8d\x7f\xb7\x5b\xae\xf8\xfe\xd1\x01\xff\x08\x19\x4a\xf1\x9f\x85\xf9\xef\xe6\xa6\x1e\x76\x3f\x6a\xa7\xd0\x0b\xe5\x8a\xe3\x3f\xe0\x1f\x21\x43\x29\xfe\xb3\x32\xff\xdd\x57\xbc\x6b\xe2\x5d\x5c\xd0\x35\xba\x5c\x71\xe8\xcf\xc0\x3f\x42\x96\x52\xfc\x67\x63\xfe\x7b\x44\x4a\x3f\x7e\xe4\xa6\x3c\x33\xf2\xc8\x15\x27\x14\x1d\xf0\x8f\x90\xa1\x14\xff\xd9\x99\xff\x9e\x1b\x5e\xb5\xed\xd5\xee\xf9\xdb\xf1\x72\xc5\x09\x4d\x07\xfc\x23\x64\x28\xc5\x7f\x0e\xe6\xbf\xd7\x92\x0b\x65\x33\x74\x8e\x56\xa4\x99\x5c\x71\xc2\xd0\x01\xff\x08\x19\x4a\xf1\x9f\x93\xf9\xef\x9d\x30\xd6\xba\x3b\xeb\xef\x64\xbb\x24\x57\x9c\xb0\x74\xc0\x3f\x42\x86\x52\xfc\xe7\x62\xfe\xfb\xb4\xda\x5a\x38\xf6\xb9\xff\x6e\xfc\x91\x2b\x4e\x38\x3a\xe0\x1f\x21\x43\x29\xfe\x73\x33\xff\x7d\xcf\x77\x5e\xfc\xca\x9b\xba\xbe\xa4\x5c\x71\xc2\xd3\x01\xff\x08\x19\x4a\xf1\x9f\x87\xf9\xef\x77\xa4\xd4\xa0\xfd\x9f\x47\x0c\xc8\x28\x57\x1c\xff\xcf\xc3\x3f\x42\x86\x52\xfc\xe7\x65\xfe\xfb\xf7\x1b\xdf\xa0\x6c\xaa\x5a\x5f\x67\xc9\x15\x27\x22\x1d\xf0\x8f\x90\xa1\x14\xff\xf9\x98\xff\x01\x53\x7a\xde\x1a\x5d\xf2\x40\xbc\x2d\x72\xc5\x89\x44\x07\xfc\x23\x64\x28\xc5\x7f\x7e\xe6\x7f\x60\x86\xfd\xb9\x7b\x4c\x71\xdb\x86\x94\x2b\x4e\x00\x1d\xf0\x8f\x90\xa1\x14\xff\x05\x98\xff\x41\x79\x86\xc6\x4e\x37\xf2\xcb\xc1\xe7\x72\xc5\x89\x4c\x07\xfc\x23\x64\x28\xc5\x7f\x41\xe6\x7f\xf0\x80\xa2\x3f\xef\x55\x4d\xb9\xbd\xae\x5c\x71\xa2\xd0\x01\xff\x08\x19\x4a\xf1\x5f\x88\xf9\x1f\x32\xa1\xea\xad\x96\xd9\xf7\xd6\xea\x2c\x57\x1c\xff\x33\x01\xe0\x1f\x21\x43\x29\xfe\x0b\x33\xff\x43\xd3\x4c\xce\x3d\xeb\x45\xfb\x74\xc7\xe4\x8a\x13\x8d\x0e\xf8\x47\xc8\x50\x8a\xff\x22\xcc\xff\xb0\x02\x2b\x63\x9f\xfd\xdb\xba\x53\x59\xb9\xe2\xf8\xe8\x80\x7f\x84\x0c\xa5\xf8\x2f\xca\xfc\x0f\x1f\xd2\xfe\x67\xfe\xa4\x3b\xc3\xfc\x90\x2b\x8e\xff\x01\x20\xf0\x8f\x90\xa1\x14\xff\xc5\x98\xff\x11\x29\xd6\x3a\xcb\x8b\x04\xbe\xb8\x26\x57\x1c\x97\x0e\xf8\x47\xc8\x50\x8a\xff\xe2\xcc\xff\xc8\x39\xad\x3f\x55\x99\xf7\x61\x7e\x23\xb9\xe2\x78\x74\xc0\x3f\x42\x86\x52\xfc\x97\x60\xfe\x47\x8d\xa8\x74\x31\xc4\xe0\x98\x59\x47\xcb\x15\xc7\xff\x4c\x30\xf8\x47\xc8\x50\x8a\xff\xff\x98\xff\xd1\x59\xa6\x67\xfa\x54\xff\x48\xf1\x02\x72\xc5\x89\x41\x07\xfc\x23\x64\x28\xc5\x7f\x49\xe6\x7f\x4c\x89\xec\xf7\x72\x14\xac\xb7\xc2\x27\x57\x9c\x98\x74\xc0\x3f\x42\x86\x52\xfc\x97\x62\xfe\xc7\xfe\xfe\x94\xff\xe8\xa3\x31\x77\x97\xca\x15\x27\x16\x1d\xf0\x8f\x90\xa1\x14\xff\xa5\x99\xff\x71\xcf\x4f\xc4\x9f\x18\x66\xe2\x87\x43\x72\xc5\x89\x4d\x07\xfc\x23\x64\x28\xc5\x7f\x19\xe6\x7f\x7c\x50\xb4\xbf\x8d\xae\x17\x1d\xde\x5d\xae\x38\x71\xe8\x80\x7f\x84\x0c\xa5\xf8\x2f\xcb\xfc\x4f\x98\x90\x7e\x50\xaf\x1d\x37\x5a\xd5\x94\x2b\x4e\x5c\x3a\xe0\x1f\x21\x43\x29\xfe\xcb\x31\xff\x13\xd3\xbc\x6a\x30\xb2\x49\x40\xfc\xd7\x72\xc5\x89\x47\x07\xfc\x23\x64\x28\xc5\x7f\x79\xe6\x7f\x52\x81\x0b\x85\xef\xf4\x7c\xbd\x21\xac\x5c\x71\xe2\xd3\x01\xff\x08\x19\x4a\xf1\x5f\x81\xf9\x9f\x3c\x24\xd6\xe2\x0c\x4b\x0b\x1c\xdb\x20\x57\x9c\x04\x74\xc0\x3f\x42\x86\x52\xfc\x57\x64\xfe\xa7\x3c\x7b\x7c\x65\xda\xd1\x25\x69\xe7\xc9\x15\x27\x21\x1d\xf0\x8f\x90\xa1\x14\xff\x95\x98\xff\xa9\x75\x93\xe6\x6c\x1a\xa7\x5b\xdd\xb4\x72\xc5\x49\x44\x07\xfc\x23\x64\x28\xc5\x7f\x10\xf3\x3f\xad\x54\xec\x98\x99\x5f\xad\x99\x36\x4a\xae\x38\xfe\x9f\x81\x7f\x84\x0c\xa5\xf8\xaf\xcc\xfc\x4f\xff\x74\xf7\xf3\xa1\x9c\xfd\xee\x17\x94\x2b\x4e\x12\x3a\xe0\x1f\x21\x43\x29\xfe\xab\x30\xff\x33\x2a\xc5\x4f\x54\xa3\xfa\xe3\x28\x8e\x5c\x71\x92\xd2\x01\xff\x08\x19\x4a\xf1\x5f\x95\xf9\x9f\xf9\xea\xe6\x9f\xd5\xa3\x73\xf4\x5e\x22\x57\x9c\x40\x3a\xe0\x1f\x21\x43\x29\xfe\xab\x31\xff\xb3\xfe\xdd\xbf\xfd\x6f\xda\x85\x6b\xe5\xe4\x8a\x93\x8c\x0e\xf8\x47\xc8\x50\x8a\xff\xea\xcc\xff\xec\xe2\x29\x0a\x44\x2e\x1d\x7a\xe1\x77\xb9\xe2\x24\xa7\x03\xfe\x11\x32\x94\xe2\xbf\x06\xf3\x3f\x27\xf3\x90\x0b\x27\xd2\xcc\x2c\x7b\x55\xae\x38\x29\xe8\x80\x7f\x84\x0c\xa5\xf8\xaf\xc9\xfc\xcf\x1d\x5d\x24\x6b\x9e\xaf\x65\xf2\x34\x96\x2b\x4e\x4a\x3a\xe0\x1f\x21\x43\x29\xfe\x6b\x31\xff\xf3\xe6\xf7\x70\xdb\x39\xd5\x62\x84\x91\x2b\x4e\x2a\x3a\xe0\x1f\x21\x43\x29\xfe\x6b\x33\xff\xf3\x93\xef\x7b\x3f\xf7\xcc\x90\xc6\x1b\xe5\x8a\x93\x9a\x0e\xf8\x47\xc8\x50\x8a\xff\x3a\xcc\xff\x82\x14\x75\x17\x0f\x5c\x9b\x70\xdc\x7c\xb9\xe2\xa4\xa1\x03\xfe\x11\x32\x54\xb4\xff\xdb\x7f\x5d\xe6\x7f\xe1\x9c\xd9\x85\x3b\x75\x3c\xfd\x3d\x8d\x5c\x71\xfc\xdf\x09\x80\x7f\x84\x0c\xa5\xfc\xff\x7f\x3d\xe6\x7f\xd1\x88\x85\x0d\x52\xb4\x49\x5b\xe5\xb0\x5c\x71\xd2\xd1\x01\xff\x08\x19\x4a\xf1\x5f\x9f\xf9\x5f\x9c\xa5\xf9\xa0\x2b\x1b\x7e\x24\xed\x26\x57\x9c\xf4\x74\xc0\x3f\x42\x86\x52\xfc\x37\x60\xfe\x97\xf4\xcf\x79\x6c\xfa\xf9\xc6\xe7\x6a\xc8\x15\x27\x03\x1d\xf0\x8f\x90\xa1\x14\xff\x0d\x99\xff\xa5\x47\x3f\x24\x6b\x12\x79\xe3\xce\x37\x72\xc5\xc9\x48\x07\xfc\x23\x64\x28\xc5\x7f\x23\xe6\x7f\xd9\x85\x53\x61\x33\xc5\xdb\xfa\xac\xb9\x5c\x71\x32\xd1\x01\xff\x08\x19\x4a\xf1\xdf\x98\xf9\x5f\xde\x3a\xca\xb3\xc3\xc7\x9b\x4f\xbc\x28\x57\x9c\xcc\x74\xc0\x3f\x42\x86\x52\xfc\x37\x61\xfe\x57\x9c\x38\x17\xb9\xe6\xf2\x3f\x7d\x7e\xcb\x15\x27\x0b\x1d\xf0\x8f\x90\xa1\x14\xff\x4d\x99\xff\x95\x9d\x23\xbe\x5d\xd5\x3b\x63\xa4\x52\x72\xc5\xc9\x4a\x07\xfc\x23\x64\x28\xc5\x7f\x33\xe6\x7f\x55\xf3\xac\xe7\xfe\x36\x0b\x5e\xb6\x40\xae\x38\xd9\xe8\x80\x7f\x84\x0c\xa5\xf8\x6f\xce\xfc\xaf\xbe\xf3\x25\x7d\x94\x5d\x71\xcf\xc7\x90\x2b\x4e\x76\x3a\xe0\x1f\x21\x43\x29\xfe\x5b\x30\xff\x6b\x56\x56\x3f\x14\x7c\x73\x40\xfe\xbc\x72\xc5\xc9\x41\x07\xfc\x23\x64\x28\xc5\x7f\x4b\xe6\x7f\xad\x37\x31\x71\xde\x70\x41\x65\xc6\xc9\x15\x27\x27\x1d\xf0\x8f\x90\xa1\x14\xff\xad\x98\xff\x75\xe1\x57\x87\x6c\xff\xa0\x42\x93\x17\x72\xc5\xc9\x45\x07\xfc\x23\x64\x28\xc5\x7f\x6b\xe6\x7f\xfd\xde\xb6\x8f\xe6\xe4\x9f\xeb\xd6\x91\x2b\x4e\x6e\x3a\xe0\x1f\x21\x43\x29\xfe\xdb\x30\xff\x1b\xfa\x57\x98\x3f\xa4\x6e\xf8\x7f\x9d\xe4\x8a\x93\x87\x0e\xf8\x47\xc8\x50\x8a\xff\xb6\xcc\xff\xc6\xa3\x23\xfb\x76\x1f\x78\x65\xe4\x71\xb9\xe2\xf8\x7f\x27\x08\xff\x08\x19\x4a\xf1\xdf\x8e\xf9\xdf\x74\x61\x73\x9d\xc0\x39\x59\x92\x67\x90\x2b\x4e\x3e\x3a\xe0\x1f\x21\x43\x29\xfe\xdb\x33\xff\x9b\x5b\x77\xdd\x77\xbe\xd0\xfd\xca\xb3\xe5\x8a\x93\x9f\x0e\xf8\x47\xc8\x50\x8a\xff\x0e\xcc\xff\x96\x08\xc3\x82\x5b\x24\xee\xb5\x6f\xab\x5c\x71\x0a\xd0\x01\xff\x08\x19\x4a\xf1\xdf\x91\xf9\xdf\xba\xa9\x50\x9a\xd9\xbf\x57\x04\xff\x8f\x15\xc7\xff\x4e\x60\xf8\x47\xc8\x50\x8a\xff\x4e\xcc\xff\xb6\x65\xbd\x02\xce\x1d\x08\xac\x1f\x4e\xae\x38\x85\xe8\x80\x7f\x84\x0c\xa5\xf8\xef\xcc\xfc\x6f\x8f\xbf\xe7\x45\xbe\xf8\x1f\x52\x6f\x96\x2b\x4e\x61\x3a\xe0\x1f\x21\x43\x29\xfe\xbb\x30\xff\x3b\xf6\xf5\x0b\xb5\xac\x4f\xeb\x23\x73\xe5\x8a\x53\x84\x0e\xf8\x47\xc8\x50\x8a\xff\xae\xcc\xff\xce\x30\x3b\xee\x57\x5d\xb0\x73\x53\x2a\xb9\xe2\x14\xa5\x03\xfe\x11\x32\x94\xe2\xbf\x1b\xf3\xbf\xcb\x37\xe8\x60\xc8\xbd\xf5\x12\x1e\x94\x2b\x4e\x31\x3a\xe0\x1f\x21\x43\x29\xfe\xbb\x33\xff\xbb\x57\x15\x0b\xfc\xd8\x70\x4c\x8b\x2e\x72\xc5\x29\x4e\x07\xfc\x23\x64\x28\xc5\x7f\x0f\xe6\x7f\xcf\xdd\xa7\xa7\x73\x86\x8c\x39\xb4\x96\x5c\x71\x4a\xd0\x01\xff\x08\x19\x4a\xf1\xdf\x93\xf9\xdf\xdb\x24\x71\x86\x23\x77\x8e\x7c\x7a\x27\x57\x1c\xbf\x7b\xf8\x47\xc8\x50\x8a\xff\x5e\xcc\xff\xbe\x0e\x71\xa3\x4d\xc8\x73\xe3\xf6\x08\xb9\xe2\x94\xa4\x03\xfe\x11\x32\x94\xe2\xbf\x37\xf3\xbf\xff\xe4\xed\x37\x8d\x9f\x06\xac\xca\x2f\x57\x1c\xff\x33\x81\xe1\x1f\x21\x43\x29\xfe\xfb\x30\xff\x07\x26\x9e\x7e\x9a\x63\xd8\xc4\xff\x3c\xb9\xe2\x94\xa6\x03\xfe\x11\x32\x94\xe2\xbf\x2f\xf3\x7f\x30\x6d\xa4\x30\x47\x6b\x15\xcd\xbc\x4c\xae\x38\x65\xe8\x80\x7f\x84\x0c\xa5\xf8\xef\xc7\xfc\x1f\x2a\x98\x29\xf9\xc4\xff\x96\xcc\xad\x20\x57\x9c\xb2\x74\xc0\x3f\x42\x86\x52\xfc\xf7\x67\xfe\x0f\x0f\xfd\x7a\xbc\xd1\xec\x6e\xaf\x7e\xca\x15\xa7\x1c\x1d\xf0\x8f\x90\xa1\x14\xff\x03\x98\xff\x23\x19\xdb\xa4\xcf\xf7\xeb\x75\xb8\xcb\x72\xc5\x29\x4f\x07\xfc\x23\x64\x28\xc5\xff\x40\xe6\xff\xe8\xd4\x55\xe7\xce\xa5\x2c\xd0\xa1\xa1\x5c\x71\xfc\xff\x4d\x00\xff\x08\x19\x4a\xf1\x3f\x88\xf9\x3f\x36\x70\xc2\xdb\xd9\x99\xf2\x64\x78\x25\x57\x9c\x8a\x74\xc0\x3f\x42\x86\x52\xfc\x0f\x66\xfe\x8f\xe7\xad\x16\xb9\xc5\xeb\xe7\x35\xea\xc9\x15\xa7\x12\x1d\xf0\x8f\x90\xa1\x14\xff\x43\x98\xff\xe0\x99\x53\x9e\x7d\x1c\xd3\x69\x6b\x07\xb9\xe2\x04\xd1\x01\xff\x08\x19\x4a\xf1\x3f\x94\xf9\x3f\x11\x18\x14\x36\x64\xc5\x05\x87\x8f\xca\x15\xa7\x32\x1d\xf0\x8f\x90\xa1\x14\xff\xc3\x98\xff\x93\x39\x5b\x24\xab\x5a\xee\xbf\xf6\xe9\xe4\x8a\x53\x85\x0e\xf8\x47\xc8\x50\x8a\xff\xe1\xcc\xff\xa9\xb1\xeb\x8e\x2d\x9b\x38\x35\xce\x4c\xb9\xe2\x54\xa5\x03\xfe\x11\x32\x94\xe2\x7f\x04\xf3\x7f\xfa\x47\xe4\xd4\x8d\x3f\x44\xfb\xbc\x5d\xae\x38\xd5\xe8\x80\x7f\x84\x0c\xa5\xf8\x1f\xc9\xfc\x9f\x29\x7a\xf2\xd4\x84\xf4\x77\x06\x85\x92\x2b\x4e\x75\x3a\xe0\x1f\x21\x43\x29\xfe\x47\x31\xff\x67\xab\xbf\x7f\x79\xe4\xe4\x81\xb5\x4d\xe5\x8a\x53\x83\x0e\xf8\x47\xc8\x50\x8a\xff\xd1\xcc\xff\xb9\x37\x39\x22\xe4\x8c\xe9\xde\x3a\x2f\x57\x9c\x9a\x74\xc0\x3f\x42\x86\x52\xfc\x8f\x61\xfe\xcf\x67\x8c\xde\x25\x63\xb7\x11\x39\xfe\xca\x15\xc7\xff\x4c\x40\xf8\x47\xc8\x50\x8a\xff\xb1\xcc\xff\x85\xa9\x17\xa7\xdd\x5e\x55\xab\x50\x19\xb9\xe2\xd4\xa6\x03\xfe\x11\x32\x94\xe2\x7f\x1c\xf3\x7f\x71\xe0\xf3\xed\x23\xb6\xef\x7d\xbd\x48\xae\x38\x75\xe8\x80\x7f\x84\x0c\xa5\xf8\x1f\xcf\xfc\x5f\xca\x9b\xa1\x6a\xef\xd6\xed\x67\xc5\x92\x2b\x4e\x5d\x3a\xe0\x1f\x21\x43\x29\xfe\x27\x30\xff\x97\x6b\xdc\x09\x3c\x1c\xf0\xa5\x7b\x6e\xb9\xe2\xf8\xbf\x13\x04\xff\x08\x19\x4a\xf1\x3f\x91\xf9\xbf\xf2\x30\xde\xc1\x4c\xd7\x52\x86\x1c\x23\x57\x9c\xfa\x74\xc0\x3f\x42\x86\x52\xfc\x4f\x62\xfe\xaf\x7e\x4d\x72\xbf\x49\xf2\x3f\x27\xd3\xcb\x15\xa7\x01\x1d\xf0\x8f\x90\xa1\x14\xff\x93\x99\xff\x6b\x65\x9f\x85\x9a\xfe\x23\xe3\x9e\x19\x72\xc5\xf1\x3f\x13\x08\xfe\x11\x32\x94\xe2\x7f\x0a\xf3\x7f\xfd\x6d\xf2\x17\x51\x66\x6e\xad\xb4\x4d\xae\x38\x8d\xe8\x80\x7f\x84\x0c\xa5\xf8\x9f\xca\xfc\xdf\xa8\xf2\x28\xe0\x6f\xf1\xe6\x29\x43\xcb\x15\xa7\x31\x1d\xf0\x8f\x90\xa1\x14\xff\xd3\x98\xff\x9b\x85\x6e\xa4\x59\x55\x63\xc0\xe8\x97\x72\xc5\x69\x42\x07\xfc\x23\x64\x28\xc5\xff\x74\xe6\xff\xd6\xcf\x44\xc1\x35\x87\x04\xfd\xa9\x2f\x57\x1c\xff\x77\x82\xe0\x1f\x21\x43\x29\xfe\x67\x30\xff\xb7\xc7\xed\x4d\x39\xe7\x71\xb0\xaf\xa3\x5c\x71\x9a\xd1\x01\xff\x08\x19\x4a\xf1\x3f\x93\xf9\xbf\x93\xad\xf7\xd1\xf6\xb9\xe2\x36\x3b\x22\x57\x9c\xe6\x74\xc0\x3f\x42\x86\x52\xfc\xcf\x62\xfe\xef\x26\x2e\xfc\x38\xef\xbd\xf0\xa5\x16\xcb\x15\xa7\x05\x1d\xf0\x8f\x90\xa1\x14\xff\xb3\x99\xff\x7b\xb3\x86\x87\x0b\x0e\x7d\xa5\x60\x4c\xb9\xe2\xb4\xa4\x03\xfe\x11\x32\x94\xe2\x7f\x0e\xf3\x7f\x7f\x66\x93\xaa\x97\x1b\x57\xb8\x98\x4b\xae\x38\xad\xe8\x80\x7f\x84\x0c\xa5\xf8\x9f\xcb\xfc\x3f\x08\x5c\xb4\x3d\xe5\xfe\xb9\x4b\xc6\xca\x15\xa7\x35\x1d\xf0\x8f\x90\xa1\x14\xff\xf3\x98\xff\x87\x39\x67\x4c\xeb\xbc\xa8\x57\x84\x26\x72\xc5\x69\x43\x07\xfc\x23\x64\x28\xc5\xff\x7c\xe6\xff\xd1\xd8\x7a\x5d\x06\xf4\x5b\xd1\xef\x82\x5c\x71\xda\xd2\x01\xff\x08\x19\x4a\xf1\xbf\x80\xf9\x7f\x7c\x20\x6a\xa6\x43\x09\xb3\x4c\xfe\x27\x57\x9c\x76\x74\xc0\x3f\x42\x86\x52\xfc\x2f\x64\xfe\x9f\xf4\x0a\xbe\x98\xf9\xd0\xfd\x27\xa5\xe5\x8a\xd3\x9e\x0e\xf8\x47\xc8\x50\x8a\xff\x45\xcc\xff\xd3\x76\x1f\x3f\x35\xbd\xf2\x78\xf7\x01\xb9\xe2\xf8\xdf\x09\x0c\xff\x08\x19\x4a\xf1\xbf\x98\xf9\x7f\x76\x39\x9b\x33\x2d\x62\x8e\x33\x5d\xe5\x8a\xe3\xff\x4c\x30\xfc\x23\x64\x28\xc5\xff\x12\xe6\xff\x79\xb7\xaf\x3f\x23\xb7\x5c\x93\xb8\xb6\x5c\x71\x3a\xd1\x01\xff\x08\x19\x4a\xf1\xbf\x94\xf9\x7f\x71\x3a\x53\xec\x7f\x5b\xfb\x55\x7b\x2b\x57\x9c\xce\x74\xc0\x3f\x42\x86\x52\xfc\x2f\x63\xfe\x5f\x5e\x8f\x94\x7b\xf5\x8a\x99\x3f\xc3\xcb\x15\xa7\x0b\x1d\xf0\x8f\x90\xa1\x14\xff\xcb\x99\xff\x57\x8d\x4e\xdf\xaa\xd1\xa5\xcc\x98\x4d\x72\xc5\xf1\xff\x4e\x00\xfe\x11\x32\x94\xe2\x7f\x05\xf3\xff\x3a\x66\xbb\x6c\x73\xa3\x5f\x68\x38\x47\xae\x38\xdd\xe8\x80\x7f\x84\x0c\xa5\xf8\x5f\xc9\xfc\xbf\x59\xb3\xe2\x6a\xbb\xe0\xd0\xb1\x52\xcb\x15\xa7\x3b\x1d\xf0\x8f\x90\xa1\x14\xff\xab\x98\xff\xb7\x3b\x26\x7d\xcb\x93\x31\x61\xae\xf2\x72\xc5\xe9\x41\x07\xfc\x23\x64\x28\xc5\xff\x6a\xe6\xff\x5d\xa8\x2a\x31\x4e\x7c\x3a\x5d\xfe\x97\x5c\x71\x7a\xd2\x01\xff\x08\x19\x4a\xf1\xbf\x86\xf9\x7f\x7f\xa0\x5b\xcb\x0b\x93\xab\x2d\xbe\x22\x57\x9c\x5e\x74\xc0\x3f\x42\x86\x52\xfc\xaf\x65\xfe\x3f\xf4\xda\x30\x3a\x69\x85\x21\x57\x1a\xc8\x15\xa7\x37\x1d\xf0\x8f\x90\xa1\x14\xff\xeb\x98\xff\x8f\xed\x46\xad\xea\x16\xd4\xb8\xe7\x48\xb9\xe2\xf4\xa1\x03\xfe\x11\x32\x94\xe2\x7f\x3d\xf3\xff\xe9\x72\xd9\x92\x43\xc7\x6d\x8c\x96\x4f\xae\x38\x7d\xe9\x80\x7f\x84\x0c\xa5\xf8\xdf\xc0\xfc\x7f\xde\xbe\xbf\x40\xfe\xb7\x69\x1f\xba\x72\xc5\xe9\x47\x07\xfc\x23\x64\x28\xc5\xff\x46\xe6\xff\x4b\x94\x9e\xb7\xcf\x66\xf9\x31\x65\xb9\x5c\x71\xfa\xd3\x01\xff\x08\x19\x4a\xf1\xbf\x89\xf9\xff\x1a\xa7\xe8\x9f\x59\xd3\xf3\x9d\x4e\x28\x57\x9c\x01\x74\xc0\x3f\x42\x86\x52\xfc\x6f\x66\xfe\xbf\x2d\x1e\x9a\xa8\x65\x99\xb7\xbb\x56\xcb\x15\x67\x20\x1d\xf0\x8f\x90\xa1\x14\xff\x5b\x98\xff\xef\x21\xff\xfb\xfc\x29\x6d\x97\xea\x43\xe5\x8a\x33\x88\x0e\xf8\x47\xc8\x50\x8a\xff\xad\xcc\xff\x8f\xdd\x03\x63\x86\xf8\xb6\x2c\x49\x26\xb9\xe2\x0c\xa6\x03\xfe\x11\x32\x94\xe2\x7f\x1b\xf3\xff\x73\xfd\xee\x9c\x55\x5e\x16\x1e\x7b\x43\xae\x38\x43\xe8\x80\x7f\x84\x0c\xa5\xf8\xdf\xce\xfc\xff\x8a\xd1\xf7\xca\xf2\x1c\x93\x7f\xb5\x91\x2b\x8e\xff\xbf\x09\xe0\x1f\x21\x43\x29\xfe\x77\x30\xff\xbf\x1b\xde\xcb\xd3\xa8\x5a\xc4\x98\x45\xe4\x8a\x33\x8c\x0e\xf8\x47\xc8\x50\x8a\xff\x9d\xcc\xff\x9f\x5b\x71\xae\x4f\x1c\x75\xab\xc1\x37\xb9\xe2\x0c\xa7\x03\xfe\x11\x32\x94\xe2\x7f\x17\xf3\xff\xf7\x5c\xe0\x8f\xa3\x6d\x8f\x55\x98\x20\x57\x9c\x11\x74\xc0\x3f\x42\x86\x52\xfc\xef\x66\xfe\xff\x75\x7d\x12\x2f\xc7\xc6\xe8\xb9\x93\xcb\x15\xc7\xff\x9d\x20\xf8\x47\xc8\x50\x8a\xff\x3d\xff\xcf\xbf\x13\xa2\x4a\x85\xce\x55\x2e\x8c\xbb\x1c\x20\x57\x9c\x51\x74\xc0\x3f\x42\x86\x52\xfc\xef\x65\xfe\x43\xbe\x1d\x39\x71\x79\x94\x3a\x8b\xf6\xc9\x15\x67\x34\x1d\xf0\x8f\x90\xa1\x14\xff\xfb\x98\xff\x50\x3f\x37\x6f\xf8\xe4\xdb\x1d\xb5\xba\x5c\x71\xc6\xd0\x01\xff\x08\x19\x4a\xf1\xbf\x9f\xf9\x0f\x5d\xa8\x6b\x50\x88\xd3\x2d\x7b\x3c\x94\x2b\xce\x58\x3a\xe0\x1f\x21\x43\x29\xfe\x0f\x30\xff\x61\x2a\x36\xee\xbc\x6d\xcd\xa7\xa9\xa7\xe5\x8a\x33\x8e\x0e\xf8\x47\xc8\x50\x8a\xff\x83\xcc\x7f\xd8\x97\x4b\x27\x16\xef\x90\xe4\x51\x4f\xb9\xe2\x8c\xa7\x03\xfe\x11\x32\x94\xe2\xff\x10\xf3\x1f\xee\xef\xfc\x0d\x4e\xf3\xe4\x7b\x3f\xc9\x15\xc7\xff\x99\x00\xf8\x47\xc8\x50\x8a\xff\xc3\xcc\x7f\xf8\x62\x35\x83\x1e\xee\xfe\x76\xaa\x84\x5c\x71\x26\xd2\x01\xff\x08\x19\x4a\xf1\x7f\x84\xf9\x8f\xf0\x74\xf6\xce\x1e\xb7\xda\xa6\x68\x21\x57\x9c\x49\x74\xc0\x3f\x42\x86\x52\xfc\x1f\x65\xfe\x23\xd6\xa9\x5b\x7b\x74\xf8\xfd\x15\xef\xc8\x15\x67\x32\x1d\xf0\x8f\x90\xa1\x14\xff\xc7\x98\xff\x48\x25\x9b\xf7\xba\x17\xb7\xc6\xef\x6c\x72\xc5\x99\x42\x07\xfc\x23\x64\x28\xc5\xff\x71\xe6\x3f\xe0\xe3\xc2\x19\xe9\x8e\x8d\x1a\x35\x50\xae\x38\x53\xe9\x80\x7f\x84\x0c\xa5\xf8\x0f\x66\xfe\x23\x0f\x0b\xdd\xfd\xc5\x32\x5f\xf3\xf5\x72\xc5\x99\x46\x07\xfc\x23\x64\x28\xc5\xff\x09\xe6\x3f\x4a\xbe\xa3\x53\xe3\xf6\x3a\xe4\xc4\x95\x2b\xce\x74\x3a\xe0\x1f\x21\x43\x29\xfe\x4f\x32\xff\x51\x53\xfd\xdb\x52\x7e\xee\xbd\x02\x7d\xe5\x8a\x33\x83\x0e\xf8\x47\xc8\x50\x8a\xff\x53\xcc\x7f\xb4\x49\xb9\xab\xed\x2d\x1c\xa5\x64\xb0\x5c\x71\x66\xd2\x01\xff\x08\x19\x4a\xf1\x7f\x9a\xf9\xf7\x55\x8c\x97\x66\x69\x92\xe9\x4b\x9f\xca\x15\x67\x16\x1d\xf0\x8f\x90\xa1\x14\xff\x67\x98\x7f\xe7\xe5\x9d\xe0\x6a\x7f\x8a\x5f\xaa\x2c\x57\x9c\xd9\x74\xc0\x3f\x42\x86\x52\xfc\x9f\x65\xfe\xdd\xbf\xcf\x5e\x84\xba\xbf\xa8\xff\x2e\xb9\xe2\xcc\xa1\x03\xfe\x11\x32\x94\xe2\xff\x1c\xf3\xef\x15\x4b\x12\xf0\x21\x5f\x87\x88\xd1\xe4\x8a\x33\x97\x0e\xf8\x47\xc8\x50\x8a\xff\xf3\xcc\x7f\xf4\x94\x17\xfb\x96\xaa\xf3\xf2\x71\x12\xb9\xe2\xcc\xa3\x03\xfe\x11\x32\x94\xe2\xff\x02\xf3\x1f\x63\x6e\xf4\xf9\xbb\x06\xe4\x9a\x34\x45\xae\x38\xf3\xe9\x80\x7f\x84\x0c\xa5\xf8\xbf\xc8\xfc\xc7\x1c\x99\x61\xdf\xdb\x4e\x0f\x6b\x66\x97\x2b\xce\x02\x3a\xe0\x1f\x21\x43\x29\xfe\x2f\x31\xff\xb1\xb2\x3e\xaf\x93\x60\x5d\xa6\x8c\x03\xe4\x8a\xb3\x90\x0e\xf8\x47\xc8\x50\x8a\xff\xcb\xcc\x7f\xec\x89\x69\xb6\x0f\x3f\xbb\xea\xd0\x3a\xb9\xe2\x2c\xa2\x03\xfe\x11\x32\x94\xe2\xff\x0a\xf3\x1f\x27\xed\xeb\xaa\x5d\xdc\x1e\x5b\xe2\xc9\x15\x67\x31\x1d\xf0\x8f\x90\xa1\x14\xff\x57\x99\xff\xb8\x05\xaf\x76\x49\x1c\x6d\x7e\xec\x8f\x72\xc5\x59\x42\x07\xfc\x23\x64\x28\xc5\xff\x35\xe6\x3f\xde\x50\xdf\xb4\x4b\x97\xca\xb5\xfb\x1f\xc6\x9d\xa5\x74\xc0\x3f\x42\x86\x52\xfc\x5f\x67\xfe\xe3\x7f\xd8\xd4\x33\xe6\xe6\x6b\x83\x5b\xca\x15\x67\x19\x1d\xf0\x8f\x90\xa1\x14\xff\x37\x98\xff\x04\x65\xba\xcc\x7e\xd2\x3e\xec\x97\xdb\x72\xc5\x59\x4e\x07\xfc\x23\x64\x28\xc5\xff\x4d\xe6\x3f\x61\xfd\xf2\xbb\x36\x8e\x88\x7d\x73\xb7\x5c\x71\x56\xd0\x01\xff\x08\x19\x4a\xf1\x7f\x8b\xf9\x4f\xf4\x64\x44\x8d\x22\x55\x4e\xae\x89\x2a\x57\x9c\x95\x74\xc0\x3f\x42\x86\x52\xfc\xdf\x66\xfe\x13\x3f\x6d\x1d\x50\x2f\x5b\xc5\xc2\x89\xe5\x8a\xb3\x8a\x0e\xf8\x47\xc8\x50\x8a\xff\x3b\xcc\x7f\x92\x3a\x6b\x5f\xac\x7d\x3e\x28\xe7\x54\xb9\xe2\xac\xa6\x03\xfe\x11\x32\x94\xe2\xff\x2e\xf3\x9f\xb4\xe4\xf4\xe0\x1f\x5f\x9a\xce\xee\x23\x57\x9c\x35\x74\xc0\x3f\x42\x86\x52\xfc\xdf\x63\xfe\x03\x3f\x56\x4a\x13\x29\xf5\xf6\x37\x27\xe4\x8a\xb3\x96\x0e\xf8\x47\xc8\x50\x8a\xff\xfb\xcc\x7f\xb2\xfd\x21\xdb\x95\x2c\x95\x3e\xc4\x33\xb9\xe2\xf8\xbf\x13\x00\xff\x08\x19\x4a\xf1\xff\x80\xf9\x4f\x1e\xf6\xf8\x98\xdd\x53\xff\x75\x0b\x92\x2b\x8e\xff\x9d\x20\xf0\x8f\x90\xa1\x14\xff\x0f\x99\xff\x14\xce\x9f\xb5\xef\x06\xfd\x4a\x75\x5d\xae\x38\x1b\xe8\x80\x7f\x84\x0c\xa5\xf8\x7f\xc4\xfc\xa7\x5c\x9d\xb7\x42\xfc\x7a\xa9\xeb\xb5\x95\x2b\xce\x46\x3a\xe0\x1f\x21\x43\x29\xfe\x1f\x33\xff\xa9\x22\xfe\x58\x32\xac\xc0\xe6\xcd\x45\xe5\x8a\xb3\x89\x0e\xf8\x47\xc8\x50\x8a\xff\x27\xcc\x7f\xea\xcd\x05\x4b\x74\x7d\xd8\xf0\xe8\x57\xb9\xe2\x6c\xa6\x03\xfe\x11\x32\x94\xe2\xff\x29\xf3\x9f\x66\x79\xd8\xe6\x49\xfe\x0d\x6b\x99\x48\xae\x38\x5b\xe8\x80\x7f\x84\x0c\xa5\xf8\x7f\xc6\xfc\xa7\x4d\x70\x78\xe8\xc5\xc0\x2a\x89\x56\xc9\x15\x67\x2b\x1d\xf0\x8f\x90\xa1\x14\xff\xcf\x99\xff\x74\x2d\x1b\xb6\x8a\x55\xf4\xec\xc7\x21\x72\xc5\xd9\x46\x07\xfc\x23\x64\x28\xc5\xff\x0b\xe6\x3f\xfd\xa5\xe5\x23\x1e\xcf\x8f\x3f\x24\xb3\x5c\x71\xb6\xd3\x01\xff\x08\x19\x4a\xf1\xff\x92\xf9\xcf\x70\x7c\xee\xca\x0d\x3d\x42\xae\xae\x26\x57\x9c\x1d\x74\xc0\x3f\x42\x86\x52\xfc\xbf\x62\xfe\x33\xf6\xad\x5d\xa6\xe8\x92\x4b\x77\x1e\xc9\x15\x67\x27\x1d\xf0\x8f\x90\xa1\x14\xff\xaf\x99\xff\x4c\xfb\x7b\xe6\xac\x7d\xa4\x54\xa6\x33\x72\xc5\xf1\xbf\x13\x18\xfe\x11\x32\x94\xe2\xff\x0d\xf3\x9f\x39\xec\xfe\x2b\x2b\x62\xcf\x2e\xd1\x43\xae\x38\xfe\x67\x82\xc1\x3f\x42\x86\x52\xfc\xbf\x65\xfe\xb3\x38\x43\x3f\xff\x0e\xdb\xe7\xe5\x44\xb9\xe2\xec\xa1\x03\xfe\x11\x32\x94\xe2\xff\x1d\xf3\x9f\x75\x75\xd1\x98\xd1\x6e\xac\x9b\x93\x4c\xae\x38\x7b\xe9\x80\x7f\x84\x0c\xa5\xf8\x7f\xcf\xfc\x67\x0b\xde\xd0\x60\xfb\xce\x6c\x1d\x23\xc9\x15\x67\x1f\x1d\xf0\x8f\x90\xa1\x14\xff\x1f\x98\xff\xec\x9d\xba\x0d\x2a\xd6\xf4\x69\xf8\xfd\x72\xc5\xf1\xff\x33\xf8\x47\xc8\x50\x8a\xff\x8f\xcc\x7f\x8e\x66\x65\x17\xfb\x6a\xb6\x9d\xb0\x53\xae\x38\x07\xe8\x80\x7f\x84\x0c\xa5\xf8\xff\xc4\xfc\xe7\xbc\x3d\xaa\xf0\xa3\xa1\xfb\x9f\x46\x96\x2b\xce\x41\x3a\xe0\x1f\x21\x43\x29\xfe\x3f\x33\xff\xb9\xfa\x95\x5c\xd5\xf3\x49\xf2\x80\xa4\x72\xc5\x39\x44\x07\xfc\x23\x64\x28\xc5\xff\x17\xe6\x3f\xf7\x91\x71\x25\x47\xe5\xfe\xd6\x77\xba\x5c\x71\x0e\xd3\x01\xff\x08\x19\x4a\xf1\xff\x95\xf9\xcf\x73\x7e\x4b\xcb\xbb\xc9\x7c\x17\xfa\xc9\x15\xe7\x08\x1d\xf0\x8f\x90\xa1\x14\xff\xdf\x98\xff\xbc\xad\x3a\x8d\x4e\xff\xfd\xd0\xf2\x53\x72\xc5\x39\x4a\x07\xfc\x23\x64\x28\xc5\xff\x77\xe6\x3f\x5f\xc2\xf3\x4d\x9e\xcf\xa8\x51\xfa\x89\x5c\x71\x8e\xd1\x01\xff\x08\x19\x4a\xf1\xff\x83\xf9\xcf\xbf\x24\xe6\xb0\x78\xc5\x46\xe5\xab\x28\x57\x9c\xe3\x74\xc0\x3f\x42\x86\x52\xfc\xff\x64\xfe\x0b\x6c\x48\xb7\xbc\xc2\xe2\xe9\x5e\x4e\xb9\xe2\x04\xd3\x01\xff\x08\x19\x4a\xf1\xff\x8b\xf9\x2f\x18\xe9\x65\xf1\x3d\xfd\x8b\x37\x1d\x24\x57\x1c\xff\x3b\x01\xe1\x1f\x21\x43\x29\xfe\x7f\x33\xff\x85\x2a\xfd\x2c\xff\x22\xd1\xbd\x11\x6b\xe4\x8a\x73\x92\x0e\xf8\x47\xc8\x50\x8a\xff\x3f\xcc\x7f\xe1\x57\xf9\xd6\xc4\x3d\x1c\xe5\x6f\x1c\xb9\xe2\xf8\xff\x4e\x00\xfe\x11\x32\x94\xe2\xff\x2f\xf3\x5f\xe4\x5f\xb8\xb1\xe5\xef\xbe\x0c\x7a\x2f\x57\x9c\xd3\x74\xc0\x3f\x42\x86\x52\xfc\xff\x63\xfe\x8b\x16\x3f\xd0\x7e\x6f\xa8\x5c\xc9\x8a\xcb\x15\xc7\xff\x4c\x30\xf8\x47\xc8\x50\xff\xb7\xff\xc8\x21\x98\xff\x62\x51\xbb\x8c\x1f\xde\x68\xd1\x89\xd6\x72\xc5\x39\x4b\x07\xfc\x23\x64\x28\xc5\x7f\x48\xe6\xbf\xf8\x96\x4d\x6d\xbb\xec\xeb\xb0\xff\xae\x5c\x71\xce\xd1\x01\xff\x08\x19\x4a\xf1\x1f\x8a\xf9\x2f\xb1\x60\x44\xd9\xc4\x2b\xbb\x3c\xa8\x22\x57\x9c\xf3\x74\xc0\x3f\x42\x86\x52\xfc\x87\x66\xfe\xff\x8b\x5b\x7e\xdd\xa5\xae\xcb\xa6\x3f\x90\x2b\xce\x05\x3a\xe0\x1f\x21\x43\x29\xfe\xc3\x30\xff\x25\x77\x8c\x29\x5e\x2a\x46\xbe\x5e\xe7\xe4\x8a\x73\x91\x0e\xf8\x47\xc8\x50\x8a\xff\xb0\xcc\x7f\xa9\x50\xa5\x97\xef\x3a\xf1\x36\x72\x2f\xb9\xe2\x5c\xa2\x03\xfe\x11\x32\x94\xe2\x3f\x1c\xf3\x5f\x3a\x66\x87\x61\x6f\x2f\x47\x5c\x30\x59\xae\x38\x97\xe9\x80\x7f\x84\x0c\xa5\xf8\x0f\xcf\xfc\x97\x59\xb3\xad\x49\x82\x08\xb7\xae\xa6\x90\x2b\xce\x15\x3a\xe0\x1f\x21\x43\x29\xfe\x23\x30\xff\x65\xaf\x47\x1f\x7d\xbd\x45\xe1\xbc\x11\xe4\x8a\x73\x95\x0e\xf8\x47\xc8\x50\x8a\xff\x88\xcc\x7f\xb9\x46\x17\x5b\xa6\xdd\x32\xb9\xdc\x5e\xb9\xe2\x5c\xa3\x03\xfe\x11\x32\x94\xe2\x3f\x12\xf3\x5f\xbe\xdb\xf3\x92\xfd\x2b\x8f\x6b\x74\x53\xae\x38\xd7\xe9\x80\x7f\x84\x0c\xa5\xf8\x0f\x60\xfe\x2b\x9c\xce\xb0\x6a\xcc\xf8\x3a\xd1\xdb\xcb\x15\xe7\x06\x1d\xf0\x8f\x90\xa1\x14\xff\x91\x99\xff\x8a\x51\x23\x5f\x9d\xf2\xee\xd8\x8f\xc2\x72\xc5\xf1\xff\x3b\x01\xfc\x23\x64\x28\xc5\x7f\x14\xe6\xbf\xd2\x96\x93\xd9\x9a\x67\x8d\x3e\xfe\xb3\x5c\x71\x6e\xd1\x01\xff\x08\x19\x4a\xf1\x1f\x95\xf9\x0f\x5a\xf0\x3e\x46\xd6\x0c\x9f\x02\x13\xc8\x15\xe7\x36\x1d\xf0\x8f\x90\xa1\x14\xff\xd1\x98\xff\xca\x71\x73\x7c\x3b\xf0\x31\x49\xd5\x15\x72\xc5\xb9\x43\x07\xfc\x23\x64\x28\xc5\xbf\x8f\xf9\xaf\xd2\xf3\xe8\xc0\x1e\x93\x76\xef\x18\x26\x57\x1c\xff\x77\x82\xe1\x1f\x21\x43\x29\xfe\x1d\xe6\xbf\xea\xe1\xd0\x8d\x47\x97\x6f\x79\x36\xab\x5c\x71\xee\xd1\x01\xff\x08\x19\x4a\xf1\xef\x32\xff\xd5\xae\xe5\x2e\x72\x6f\xcf\xe6\xb0\x93\xe4\x8a\x73\x9f\x0e\xf8\x47\xc8\x50\x8a\x7f\x8f\xf9\xaf\xde\xf6\xdf\x82\x74\x0d\x1a\x76\x4e\x29\x57\x1c\xff\x33\x01\xe0\x1f\x21\x43\x29\xfe\xa3\x33\xff\x35\xce\xe5\x2f\xb3\x2d\xc4\xaf\x79\x11\xe5\x8a\xf3\x90\x0e\xf8\x47\xc8\x50\x8a\xff\x18\xcc\x7f\xcd\xae\xbf\x56\x16\xbf\x9d\xfa\xf9\x1e\xb9\xe2\x3c\xa2\x03\xfe\x11\x32\x94\xe2\x3f\x26\xf3\x5f\xab\xe1\xc1\x11\xce\xc1\xb3\xc5\xaa\xca\x15\xe7\x31\x1d\xf0\x8f\x90\xa1\x14\xff\xb1\x98\xff\xda\xb7\xc2\xb7\x7a\x98\x20\x7e\x96\xfb\x72\xc5\xf1\xbf\x13\x1c\xfe\x11\x32\x94\xe2\x3f\x36\xf3\x5f\x67\xfd\xd2\xa1\x29\xfb\x0e\xbb\x77\x56\xae\x38\x4f\xe9\x80\x7f\x84\x0c\xa5\xf8\x8f\xc3\xfc\xd7\x8d\xd1\xb8\xf9\xe5\x85\x55\x56\xf6\x96\x2b\xce\x33\x3a\xe0\x1f\x21\x43\x29\xfe\xe3\x32\xff\xf5\x42\xd6\x2c\x31\xa0\x44\xa9\x61\xf1\xe5\x8a\xf3\x9c\x0e\xf8\x47\xc8\x50\x8a\xff\x78\xcc\x7f\xfd\xdd\xf3\x97\x74\x9e\x35\xfb\xfd\x4a\xb9\xe2\xbc\xa0\x03\xfe\x11\x32\x94\xe2\x3f\x3e\xf3\xdf\x60\x47\x9f\x6f\xed\x7f\x86\x4c\x30\x5c\xae\x38\x2f\xe9\x80\x7f\x84\x0c\xa5\xf8\x4f\xc0\xfc\x37\x0c\xb5\x2b\xc6\x9c\x14\x97\x5a\x67\x91\x2b\xce\x2b\x3a\xe0\x1f\x21\x43\x29\xfe\x13\x32\xff\x8d\x62\x0e\xc8\x16\x9c\x37\xdb\xf1\x5b\x72\xc5\x79\x4d\x07\xfc\x23\x64\x28\xc5\x7f\x22\xe6\xbf\xf1\x9a\x12\x57\xf3\x3e\x7b\xba\xb1\x9d\x5c\x71\xde\xd0\x01\xff\x08\x19\x4a\xf1\x9f\x98\xf9\x6f\xf2\x20\xe6\xa4\x9e\xc3\xfb\xd4\x29\x24\x57\x9c\xb7\x74\xc0\x3f\x42\x86\x52\xfc\x27\x61\xfe\x9b\xd6\x3e\xdf\x61\x54\xed\x75\x69\xbe\xc8\x15\xe7\x1d\x1d\xf0\x8f\x90\xa1\x14\xff\x49\x99\xff\x66\x15\x5e\x56\xba\x5b\x76\x55\x97\xfe\x72\xc5\x79\x4f\x07\xfc\x23\x64\x28\xc5\x7f\x20\xf3\xdf\xfc\x4b\xba\xcd\xe9\x27\xf4\x08\x75\x52\xae\x38\x1f\xe8\x80\x7f\x84\x0c\xa5\xf8\x4f\xc6\xfc\xb7\xa8\xfe\xb6\xc6\xf6\xf7\x0f\xdf\x3d\x96\x2b\xce\x47\x3a\xe0\x1f\x21\x43\x29\xfe\x93\x33\xff\x2d\xdf\xa4\xda\x55\x2c\x5d\xa6\x99\x95\xe4\x8a\xf3\x89\x0e\xf8\x47\xc8\x50\x8a\xff\x14\xcc\x7f\xab\x1f\xee\x6c\x5f\xe6\x6b\xd9\x77\xc8\x15\xc7\xff\x4e\x10\xf8\x47\xc8\x50\x8a\xff\x94\xcc\x7f\xeb\xa2\x97\x7b\x3e\x7a\x13\xb6\x68\x14\xb9\xe2\xf8\xff\x4e\x00\xfe\x11\x32\x94\xe2\x3f\x15\xf3\xdf\x26\x67\xb7\x69\x29\xc6\xce\x5f\x17\x28\x57\x9c\xaf\x74\xc0\x3f\x42\x86\x52\xfc\xa7\x66\xfe\xdb\x8e\xdd\xd0\xe5\x4a\xa5\x72\xd7\xa7\xc9\x15\xe7\x1b\x1d\xf0\x8f\x90\xa1\x14\xff\x69\x98\xff\x76\x33\x47\x55\x1d\xb8\xad\xe2\xb7\x0f\x72\xc5\xf9\x4e\x07\xfc\x23\x64\x28\xc5\x7f\x5a\xe6\xbf\x7d\x60\xd9\xed\x9d\x5a\x0d\x1a\x58\x4c\xae\x38\x3f\xe8\x80\x7f\x84\x0c\xa5\xf8\x4f\xc7\xfc\x77\x78\xd0\xee\x54\xab\x48\xb1\xdb\xb4\x92\x2b\xce\x4f\x3a\xe0\x1f\x21\x43\x29\xfe\xd3\x33\xff\x1d\x6b\xaf\x48\x3d\xf3\xea\xc9\xb8\xf7\xe4\x8a\xf3\x8b\x0e\xf8\x47\xc8\x50\x8a\xff\x0c\xcc\x7f\xa7\x0a\x93\x22\x9c\x39\x95\x7e\x5b\x0e\xb9\xe2\xfc\xa6\x03\xfe\x11\x32\x94\xe2\x3f\x23\xf3\xdf\xf9\x4b\x95\x97\x05\x62\xfd\x3b\x30\x58\xae\x38\x7f\xe8\x80\x7f\x84\x0c\xa5\xf8\xcf\xc4\xfc\x77\x99\xb6\x7c\xce\xb0\xee\x4d\xd3\xaf\x95\x2b\xce\x5f\x3a\xe0\x1f\x21\x43\x29\xfe\x33\x33\xff\x5d\xd3\x35\xec\xd7\x75\xf5\xf6\xda\xb1\xe5\x8a\xf3\x8f\x0e\xf8\x47\xc8\x50\x8a\xff\x2c\xcc\x7f\xb7\x5c\xb5\xeb\x27\x19\x74\x6d\xc5\x56\xb9\xe2\xfa\x0f\xf8\x47\xc8\x50\x8a\xff\xac\xcc\x7f\xf7\x41\x73\xf7\x5e\xac\x17\xf6\xee\xff\x58\x71\xe9\xcf\xc0\x3f\x42\x96\x52\xfc\x67\x63\xfe\x7b\x24\xae\x5f\xad\x64\x81\xf9\x59\x33\xc8\x15\x37\x14\x1d\xf0\x8f\x90\xa1\x14\xff\xd9\x99\xff\x9e\xb3\x66\x6e\xd9\xfd\xb0\x5c\xf1\xd9\x72\xc5\x0d\x4d\x07\xfc\x23\x64\x28\xc5\x7f\x0e\xe6\xbf\xd7\xb8\xc5\x53\xdf\xfd\x5b\xf5\xa2\x93\x5c\x71\xc3\xd0\x01\xff\x08\x19\x4a\xf1\x9f\x93\xf9\xef\x9d\xad\x69\xf7\xf8\x81\x3d\xe6\x1f\x97\x2b\x6e\x58\x3a\xe0\x1f\x21\x43\x29\xfe\x73\x31\xff\x7d\x0a\x1d\x9f\x71\xa3\xe8\xc3\x4e\x2f\xe4\x8a\x1b\x8e\x0e\xf8\x47\xc8\x50\x8a\xff\xdc\xcc\x7f\xdf\x9f\x21\x7b\xa5\x99\x9f\x29\x4c\x1d\xb9\xe2\x86\xa7\x03\xfe\x11\x32\x94\xe2\x3f\x0f\xf3\xdf\xef\x6d\xde\xda\xfd\x7a\xa4\x4f\x9b\x57\xae\xb8\xfe\x9f\x87\x7f\x84\x0c\xa5\xf8\xcf\xcb\xfc\xf7\xaf\xf2\x67\xe7\xd8\x25\xff\xea\x8e\x93\x2b\x6e\x44\x3a\xe0\x1f\x21\x43\x29\xfe\xf3\x31\xff\x03\xf6\x05\x84\x2a\x7d\xa4\xe9\x86\x05\x72\xc5\x8d\x44\x07\xfc\x23\x64\x28\xc5\x7f\x7e\xe6\x7f\x60\x98\x33\xf7\x77\xc6\xde\x7e\x2c\x86\x5c\x71\x03\xe8\x80\x7f\x84\x0c\xa5\xf8\x2f\xc0\xfc\x0f\xf2\x7d\x3b\xf8\x26\x6c\xc5\x56\xbf\xe5\x8a\x1b\x99\x0e\xf8\x47\xc8\x50\x8a\xff\x82\xcc\xff\xe0\x55\x99\x03\x13\xde\x18\x14\xbf\x94\x5c\x71\xfd\xef\x04\x80\x7f\x84\x0c\xa5\xf8\x2f\xc4\xfc\x0f\xd9\x95\x32\xd4\x8a\x9d\xb1\x3f\x34\x97\x2b\x6e\x54\x3a\xe0\x1f\x21\x43\x29\xfe\x0b\x33\xff\x43\x43\x3c\xb8\x5f\xbb\xe9\xc9\xe1\x17\xe5\x8a\x1b\x8d\x0e\xf8\x47\xc8\x50\x8a\xff\x22\xcc\xff\xb0\xe8\xb7\x0e\x46\xeb\x74\xf6\x46\x0d\xb9\xe2\xfa\xe8\x80\x7f\x84\x0c\xa5\xf8\x2f\xca\xfc\x0f\x5f\x97\x20\xf0\xf7\xba\xf8\xeb\xdf\xc8\x15\xd7\xa1\x03\xfe\x11\x32\x94\xe2\xbf\x18\xf3\x3f\x22\xf2\xbd\xe0\x66\x67\x87\x15\x39\x2c\x57\x5c\xff\x03\x80\xe0\x1f\x21\x43\x29\xfe\x8b\x33\xff\x23\xb7\xc5\x49\x33\xd5\xad\x92\xad\x9b\x5c\x71\x3d\x3a\xe0\x1f\x21\x43\x29\xfe\x4b\x30\xff\xa3\x16\x05\x06\x1c\x8c\xb6\x79\xc6\x7c\xb9\xe2\x46\xa7\x03\xfe\x11\x32\x94\xe2\xff\x3f\xe6\x7f\x74\xec\x27\x2f\xb2\x5c\x6a\xf8\x36\x8d\x5c\x71\xfd\x9f\x09\x84\x7f\x84\x0c\xa5\xf8\x2f\xc9\xfc\x8f\x69\xf3\x5f\xb8\x6f\x9b\x7f\x85\x0e\x23\x57\xdc\x98\x74\xc0\x3f\x42\x86\x52\xfc\x97\x62\xfe\xc7\x5e\x1d\xf8\x38\x4c\xfb\xd4\x5d\x37\xca\x15\x37\x16\x1d\xf0\x8f\x90\xa1\x14\xff\xa5\x99\xff\x71\x87\x76\x1f\xad\x38\x22\x5b\xad\xab\x72\xc5\xf5\xbf\x13\x04\xfe\x11\x32\x94\xe2\xbf\x0c\xf3\x3f\xbe\x47\xdf\x94\x8b\xab\x3c\x4d\xd7\x58\xae\xb8\x71\xe8\x80\x7f\x84\x0c\xa5\xf8\x2f\xcb\xfc\x4f\xd8\x55\xbf\xf6\xee\x6c\x7d\x0e\x96\x93\x2b\x6e\x5c\x3a\xe0\x1f\x21\x43\x29\xfe\xcb\x31\xff\x13\x43\xcc\xdc\x59\xf2\xf9\xba\xed\xdf\xe5\x8a\x1b\x8f\x0e\xf8\x47\xc8\x50\x8a\xff\xf2\xcc\xff\xa4\xe8\x8b\x67\xc4\xff\x52\x2a\x9e\x23\x57\xdc\xf8\x74\xc0\x3f\x42\x86\x52\xfc\x57\x60\xfe\x27\xaf\x6b\xda\xeb\x5d\xea\xd9\x6d\x97\xc8\x15\x37\x01\x1d\xf0\x8f\x90\xa1\x14\xff\x15\x99\xff\x29\x67\xa6\x45\xae\x5e\x2a\xe4\x80\x51\x72\xc5\x4d\x48\x07\xfc\x23\x64\x28\xc5\x7f\x25\xe6\x7f\x6a\xf7\x8a\x6f\x97\x4c\xbd\xf4\xb5\xa0\x5c\x71\x13\xd1\x01\xff\x08\x19\x4a\xf1\x1f\xc4\xfc\x4f\x6b\xdc\xea\xdc\xfb\xe6\x11\xf3\xcf\x93\x2b\xae\xff\x67\xe0\x1f\x21\x43\x29\xfe\x2b\x33\xff\xd3\x6f\xac\x49\x1f\x7a\xf7\xad\x32\x69\xe5\x8a\x9b\x84\x0e\xf8\x47\xc8\x50\x8a\xff\x2a\xcc\xff\x8c\xde\xed\x8e\xcd\xbc\x55\x78\x59\x58\xb9\xe2\x26\xa5\x03\xfe\x11\x32\x94\xe2\xbf\x2a\xf3\x3f\xf3\xe0\x8a\x64\xad\xc2\x4f\x3e\xbf\x41\xae\xb8\x81\x74\xc0\x3f\x42\x86\x52\xfc\x57\x63\xfe\x67\x5d\x99\x14\xb6\x40\xdc\x2e\x7d\x6a\xca\x15\x37\x19\x1d\xf0\x8f\x90\xa1\x14\xff\xd5\x99\xff\xd9\xed\xab\x3c\x3b\x73\x6c\x59\xa4\xd7\x72\xc5\x4d\x4e\x07\xfc\x23\x64\x28\xc5\x7f\x0d\xe6\x7f\x4e\xbc\xaf\x11\x22\x2c\xcb\xf7\xec\x90\x5c\x71\x53\xd0\x01\xff\x08\x19\x4a\xf1\x5f\x93\xf9\x9f\xbb\x30\xd3\xcb\x5f\xbd\xde\x4e\xec\x2e\x57\xdc\x94\x74\xc0\x3f\x42\x86\x52\xfc\xd7\x62\xfe\xe7\x6d\x8d\x74\x6a\xfd\xdc\x4f\xfb\x7c\x72\xc5\x4d\x45\x07\xfc\x23\x64\x28\xc5\x7f\x6d\xe6\x7f\x7e\xb4\xd3\xa9\xeb\x14\x4e\x12\xbc\x54\xae\xb8\xa9\xe9\x80\x7f\x84\x0c\xa5\xf8\xaf\xc3\xfc\x2f\x88\x9c\xb1\x57\xa1\x24\xbb\x93\x8f\x96\x2b\xae\xff\x99\xa0\xf0\x8f\x90\xa1\x14\xff\x75\x99\xff\x85\xdb\x5e\xcc\xd8\xfc\xa7\x65\xe5\x02\x72\xc5\xf5\x7f\x26\x10\xfe\x11\x32\x94\xe2\xbf\x1e\xf3\xbf\x68\xd1\xa5\x9d\xcf\xee\x8f\xfb\x77\x4d\xae\xb8\xe9\xe8\x80\x7f\x84\x0c\xa5\xf8\xaf\xcf\xfc\x2f\x8e\x1d\xa3\x76\xf4\x7c\x75\x46\x36\x92\x2b\x6e\x7a\x3a\xe0\x1f\x21\x43\x29\xfe\x1b\x30\xff\x4b\xaa\x16\x4f\x54\xad\xce\xb1\x26\x65\xe5\x8a\x9b\x81\x0e\xf8\x47\xc8\x50\x8a\xff\x86\xcc\xff\xd2\x77\x83\xff\x2c\x1d\x10\xdd\xfd\x21\x57\xdc\x8c\x74\xc0\x3f\x42\x86\x52\xfc\x37\x62\xfe\x97\xfd\xda\x79\xfb\xc3\x74\x5f\xd9\xce\x72\xc5\xcd\x44\x07\xfc\x23\x64\x28\xc5\x7f\x63\xe6\x7f\x79\xe1\xfe\x05\x42\x95\x39\x94\xe7\x98\x5c\x71\x33\xd3\x01\xff\x08\x19\x4a\xf1\xdf\x84\xf9\x5f\xf1\x68\xef\x95\x19\x69\x6b\x5c\x7b\x2e\x57\xdc\x2c\x74\xc0\x3f\x42\x86\x52\xfc\x37\x65\xfe\x57\xd6\xec\x9d\xb3\xf5\xb7\x51\x0b\xeb\xca\x15\x37\x2b\x1d\xf0\x8f\x90\xa1\x14\xff\xcd\x98\xff\x55\xe5\x0a\xc7\x2c\xf8\xb2\x6d\x94\x2d\x72\xc5\xcd\x46\x07\xfc\x23\x64\x28\xc5\x7f\x73\xe6\x7f\xf5\xb7\xe1\x9f\x4f\xe7\xd8\xdf\x3b\xa4\x5c\x71\xb3\xd3\x01\xff\x08\x19\x4a\xf1\xdf\x82\xf9\x5f\x33\x38\x79\xbc\x88\xd5\x92\x4f\xcb\x28\x57\xdc\x1c\x74\xc0\x3f\x42\x86\x52\xfc\xb7\x64\xfe\xd7\xe6\x7e\xf4\xe3\xe7\xa8\x6f\xf7\x67\xc9\x15\x37\x27\x1d\xf0\x8f\x90\xa1\x14\xff\xad\x98\xff\x75\xe9\x6f\x5c\x5f\xd7\xf6\xe5\xb9\x3f\x72\xc5\xcd\x45\x07\xfc\x23\x64\x28\xc5\x7f\x6b\xe6\x7f\xfd\xf4\x44\x79\xea\x6e\xcc\xb5\xb3\xa4\x5c\x71\x73\xd3\x01\xff\x08\x19\x4a\xf1\xdf\x86\xf9\xdf\x50\x35\x7f\x89\xe2\x17\x16\x55\x69\x26\x57\xdc\x3c\x74\xc0\x3f\x42\x86\x52\xfc\xb7\x65\xfe\x37\xbe\xfb\xb5\x64\x5b\x94\x0e\x49\x2f\xc9\x15\x37\x2f\x1d\xf0\x8f\x90\xa1\x14\xff\xed\x98\xff\x4d\xbf\x0e\x0e\x7d\xe8\x9b\x3e\x2e\x8f\x5c\x71\xf3\xd1\x01\xff\x08\x19\x4a\xf1\xdf\x9e\xf9\xdf\x5c\x38\x7c\x73\xe7\x74\xf1\xef\xe3\xe5\x8a\x9b\x9f\x0e\xf8\x47\xc8\x50\x8a\xff\x0e\xcc\xff\x96\xa4\x9f\x9d\x95\x6b\xee\xc5\x58\x28\x57\x5c\xff\x33\xc1\xe0\x1f\x21\x43\x29\xfe\x3b\x32\xff\x5b\x67\x64\xf9\x54\xab\x43\x94\xc6\xd1\xe5\x8a\x5b\x90\x0e\xf8\x47\xc8\x50\x8a\xff\x4e\xcc\xff\xb6\x31\x11\x2e\x46\x2d\x3b\xec\xb3\x2b\x57\xdc\x42\x74\xc0\x3f\x42\x86\x52\xfc\x77\x66\xfe\xb7\xe7\x38\x9b\xe9\xcf\x84\x2a\x83\x96\xcb\x15\xb7\x30\x1d\xf0\x8f\x90\xa1\x14\xff\x5d\x98\xff\x1d\x53\x22\xdf\x6a\xfe\xfe\x6c\xfb\x91\x72\xc5\x2d\x42\x07\xfc\x23\x64\x28\xc5\x7f\x57\xe6\x7f\x67\x86\x93\xb9\xa7\xa4\x8b\x1f\x27\x9f\x5c\x71\x8b\xd2\x01\xff\x08\x19\x4a\xf1\xdf\x8d\xf9\xdf\x95\xe7\x7d\xec\x03\x99\x7f\x6d\xbd\x22\x57\xdc\x62\x74\xc0\x3f\x42\x86\x52\xfc\x77\x67\xfe\x77\x0f\xc8\xf1\x33\xeb\x9b\xd4\x87\x1b\xc8\x15\xb7\x38\x1d\xf0\x8f\x90\xa1\x14\xff\x3d\x98\xff\x3d\x9f\xa7\xc4\xf8\x3a\x76\x73\x86\xf2\x72\xc5\x2d\x41\x07\xfc\x23\x64\x28\xc5\x7f\x4f\xe6\x7f\x6f\xf9\xa0\x6f\x61\x2b\x35\xac\xf1\x4b\xae\xb8\x7e\xf7\xf0\x8f\x90\xa1\x14\xff\xbd\x98\xff\x7d\xb5\x5a\x5c\xad\xb4\xad\x4f\xf7\x39\x72\xc5\xf5\x7f\x27\x18\xfe\x11\x32\x94\xe2\xbf\x37\xf3\xbf\xff\xfe\xba\x6c\x8b\x5a\xad\x0b\x99\x5a\xae\xb8\xa5\xe8\x80\x7f\x84\x0c\xa5\xf8\xef\xc3\xfc\x1f\xd8\xbd\xaf\xe0\xb7\x48\xd9\x5e\x87\x97\x2b\x6e\x69\x3a\xe0\x1f\x21\x43\x29\xfe\xfb\x32\xff\x07\x43\xf6\xb8\x13\xe6\xea\xd3\x59\x9b\xe4\x8a\x5b\x86\x0e\xf8\x47\xc8\x50\x8a\xff\x7e\xcc\xff\xa1\x18\x45\x7e\x57\x3c\x15\x32\x47\x6d\xb9\xe2\xfa\xdf\x09\x0c\xff\x08\x19\x4a\xf1\xdf\x9f\xf9\x3f\xbc\x7e\x48\xc2\xc5\xb1\x2e\x15\x7a\x2b\x57\xdc\x72\x74\xc0\x3f\x42\x86\x52\xfc\x0f\x60\xfe\x8f\x84\x4d\xf8\xf9\x4f\xf7\x52\x6b\x0f\xc8\x15\xd7\xff\x99\x00\xf8\x47\xc8\x50\x8a\xff\x81\xcc\xff\xd1\xfd\xd7\x63\x46\x5d\x3d\xfb\x56\x57\xb9\xe2\x56\xa0\x03\xfe\x11\x32\x94\xe2\x7f\x10\xf3\x7f\x6c\xf5\xc3\x9c\xb5\xf6\xcc\x1f\xfa\x4f\xae\xb8\x15\xe9\x80\x7f\x84\x0c\xa5\xf8\x1f\xcc\xfc\x1f\x77\x92\x5d\x59\xd9\xa0\xdc\xa7\xd2\x72\xc5\xad\x44\x07\xfc\x23\x64\x28\xc5\xff\x10\xe6\x3f\x78\xf3\xd3\x02\x59\x43\x5c\x4b\xd8\x44\xae\xb8\x41\x74\xc0\x3f\x42\x86\x52\xfc\x0f\x65\xfe\x4f\x44\x4c\x7c\xfb\xc0\xed\xb0\x2d\x2e\xc8\x15\xb7\x32\x1d\xf0\x8f\x90\xa1\x14\xff\xc3\x98\xff\x93\x09\xe2\xfe\x99\x72\xf0\xe1\x91\x5c\x72\xc5\xad\x42\x07\xfc\x23\x64\x28\xc5\xff\x70\xe6\xff\xd4\xf2\xdb\x89\x9a\x27\xc8\xb4\x69\xac\x5c\x71\xab\xd2\x01\xff\x08\x19\x4a\xf1\x3f\x82\xf9\x3f\x7d\xa9\xdf\xfb\x45\x7d\x57\xd5\x5f\x2c\x57\xdc\x6a\x74\xc0\x3f\x42\x86\x52\xfc\x8f\x64\xfe\xcf\xb4\xdc\xe1\x56\x5a\xd8\x23\x75\x4c\xb9\xe2\x56\xa7\x03\xfe\x11\x32\x94\xe2\x7f\x14\xf3\x7f\xb6\xef\xa0\xac\x61\x4b\x34\x0d\xd7\x51\xae\xb8\x35\xe8\x80\x7f\x84\x0c\xa5\xf8\x1f\xcd\xfc\x9f\x3b\x5e\xec\xc2\xd7\x59\xdb\x3b\x1c\x91\x2b\x6e\x4d\x3a\xe0\x1f\x21\x43\x29\xfe\xc7\x30\xff\xe7\xc3\x36\x5b\xfb\xf6\x67\xfa\xb9\x2f\xe5\x8a\x5b\x8b\x0e\xf8\x47\xc8\x50\x8a\xff\xb1\xcc\xff\x85\xfd\x0b\x2a\x24\x48\xf1\xef\x55\x7d\xb9\xe2\xfa\xbf\x13\x0c\xff\x08\x19\x4a\xf1\x3f\x8e\xf9\xbf\xb8\x7a\x56\xbb\x52\x79\x63\xff\xb7\x4d\xae\xb8\x75\xe8\x80\x7f\x84\x0c\xa5\xf8\x1f\xcf\xfc\x5f\x72\xea\x8c\xd9\xf5\xec\x64\xe6\xd0\x72\xc5\xad\x4b\x07\xfc\x23\x64\x28\xc5\xff\x04\xe6\xff\x72\xa7\xf5\x3f\x43\x0d\xaf\x78\x3b\xbd\x5c\x71\xeb\xd1\x01\xff\x08\x19\x4a\xf1\x3f\x91\xf9\xbf\x12\xdc\x32\xf6\x87\xda\x83\x56\xcd\x90\x2b\xae\xff\x77\x02\xf0\x8f\x90\xa1\x14\xff\x93\x98\xff\xab\xb7\x2b\xe7\x5e\xba\xb2\x46\xc3\xdc\x72\xc5\xf5\xbf\x13\x0c\xfe\x11\x32\x94\xe2\x7f\x32\xf3\x7f\xad\xd9\xd4\x5b\xd5\xba\x8e\x8a\x35\x46\xae\xb8\x0d\xe9\x80\x7f\x84\x0c\xa5\xf8\x9f\xc2\xfc\x5f\x3f\x52\x3d\xd3\xe9\x18\xbe\x9f\x8b\xe4\x8a\xdb\x88\x0e\xf8\x47\xc8\x50\x8a\xff\xa9\xcc\xff\x8d\x7e\x13\x2f\x16\x3c\x71\x68\x4c\x2c\xb9\xe2\x36\xa6\x03\xfe\x11\x32\x94\xe2\x7f\x1a\xf3\x7f\xb3\xd5\xea\x4f\xad\x2f\x27\x4f\xfc\x57\xae\xb8\xfe\x67\x02\xc1\x3f\x42\x86\x52\xfc\x4f\x67\xfe\x6f\x9d\x6f\xeb\xcc\x88\xf0\xad\x5a\x19\xb9\xe2\x36\xa5\x03\xfe\x11\x32\x94\xe2\x7f\x06\xf3\x7f\x7b\xc9\xb9\xbf\x75\x5b\xb4\xdd\xdd\x54\xae\xb8\xcd\xe8\x80\x7f\x84\x0c\xa5\xf8\x9f\xc9\xfc\xdf\x49\x18\x31\xfe\xba\x2d\xfb\xcf\x9c\x97\x2b\x6e\x73\x3a\xe0\x1f\x21\x43\x29\xfe\x67\x31\xff\x77\x23\x65\xcd\xff\xb3\xf2\xa2\x87\xdb\xe5\x8a\xdb\x82\x0e\xf8\x47\xc8\x50\x8a\xff\xd9\xcc\xff\xbd\x0d\x5f\xee\x45\x1c\xdf\x61\x4a\x28\xb9\xe2\xb6\xa4\x03\xfe\x11\x32\x94\xe2\x7f\x0e\xf3\x7f\x7f\x73\xcc\x31\x31\xde\xbd\xec\x99\x4e\xae\xb8\xad\xe8\x80\x7f\x84\x0c\xa5\xf8\x9f\xcb\xfc\x3f\x88\x78\xbe\xdd\xd3\xac\xb9\xa2\xcd\x94\x2b\x6e\x6b\x3a\xe0\x1f\x21\x43\x29\xfe\xe7\x31\xff\x0f\x13\xbc\xac\xb0\x29\xc3\xbd\xc5\x1d\xe4\x8a\xdb\x86\x0e\xf8\x47\xc8\x50\x8a\xff\xf9\xcc\xff\xa3\xe5\xe9\xd6\x16\xfe\x18\xe5\xca\x51\xb9\xe2\xb6\xa5\x03\xfe\x11\x32\x94\xe2\x7f\x01\xf3\xff\xf8\x65\x9f\x17\xa1\x27\x4d\xcf\xf5\x4a\xae\xb8\xed\xe8\x80\x7f\x84\x0c\xa5\xf8\x5f\xc8\xfc\x3f\xa9\xb8\x2b\xe0\x7d\xf9\xe2\xe5\xeb\xc9\x15\xb7\x3d\x1d\xf0\x8f\x90\xa1\x14\xff\x8b\x98\xff\xa7\xc5\x06\xa4\x59\x52\xb3\xb0\xef\xb2\x5c\x71\xfd\xbf\x13\x80\x7f\x84\x0c\xa5\xf8\x5f\xcc\xfc\x3f\xfb\x5b\x22\xb8\xfa\xd0\xc9\xcd\x1a\xca\x15\xd7\xff\x4e\x10\xf8\x47\xc8\x50\x8a\xff\x25\xcc\xff\xf3\x3a\x43\x02\xcf\x3c\x89\x38\xba\x82\x5c\x71\x3b\xd1\x01\xff\x08\x19\x4a\xf1\xbf\x94\xf9\x7f\xf1\xb4\xc8\xc1\x02\xb9\x6f\xfd\xf9\x29\x57\xdc\xce\x74\xc0\x3f\x42\x86\x52\xfc\x2f\x63\xfe\x5f\x7e\xec\x71\xbf\x55\xb2\x7c\x95\x3c\xb9\xe2\x76\xa1\x03\xfe\x11\x32\x94\xe2\x7f\x39\xf3\xff\xaa\xe4\xbe\x50\x33\xbf\xbf\x4d\xb9\x4c\xae\xb8\x5d\xe9\x80\x7f\x84\x0c\xa5\xf8\x5f\xc1\xfc\xbf\xce\x17\xff\x4d\x9d\x19\x5d\x4e\x8e\x90\x2b\x6e\x37\x3a\xe0\x1f\x21\x43\x29\xfe\x57\x32\xff\x6f\x86\xdd\x8c\xb6\xbe\xd8\xb2\x3d\xf9\xe5\x8a\xdb\x9d\x0e\xf8\x47\xc8\x50\x8a\xff\x55\xcc\xff\xdb\x49\xf7\x33\xfc\x5a\xbc\x7b\x72\x2d\xb9\xe2\xf6\xa0\x03\xfe\x11\x32\x94\xe2\x7f\x35\xf3\xff\x2e\x55\x8a\xd3\x11\xfa\xb7\x7c\xf2\x4e\xae\xb8\x3d\xe9\x80\x7f\x84\x0c\xa5\xf8\x5f\xc3\xfc\xbf\x7f\x19\x66\x83\x2f\xd1\xa7\x08\x07\xe5\x8a\xdb\x8b\x0e\xf8\x47\xc8\x50\x8a\xff\xb5\xcc\xff\x87\x8a\x87\x82\x1e\x1d\x4e\xd2\xaf\x8b\x5c\x71\x7b\xd3\x01\xff\x08\x19\x4a\xf1\xbf\x8e\xf9\xff\x58\xec\x7b\xe7\xed\x77\x8f\x5d\x9c\x2b\x57\xdc\x3e\x74\xc0\x3f\x42\x86\x52\xfc\xaf\x67\xfe\x3f\xfd\x2d\x30\xb1\x58\xa8\xe8\x4b\x52\xc9\x15\xb7\x2f\x1d\xf0\x8f\x90\xa1\x14\xff\x1b\x98\xff\xcf\x73\xcf\x3c\xfb\xdd\x68\x5c\xa9\x70\x72\xc5\xed\x47\x07\xfc\x23\x64\x28\xc5\xff\x46\xe6\xff\x4b\xca\x80\xb0\xd1\xf6\xd5\x29\xb8\x59\xae\xb8\xfd\xe9\x80\x7f\x84\x0c\xa5\xf8\xdf\xc4\xfc\x7f\xcd\x9a\x39\x59\xed\x78\x33\x9b\x47\x92\x2b\xee\x00\x3a\xe0\x1f\x21\x43\x29\xfe\x37\x33\xff\xdf\x46\x7e\x3b\xb6\xe2\x78\x19\x67\xbf\x5c\x71\x07\xd2\x01\xff\x08\x19\x4a\xf1\xbf\x85\xf9\xff\x9e\x36\x7b\xfa\x2c\xcb\x2f\xfc\x9e\x28\x57\xdc\x41\x74\xc0\x3f\x42\x86\x52\xfc\x6f\x65\xfe\x7f\x4c\xfc\x74\xee\x60\xef\xd0\xa3\x92\xc9\x15\x77\x30\x1d\xf0\x8f\x90\xa1\x14\xff\xdb\x98\xff\x9f\x43\x4f\xbc\x9d\xda\xec\x71\x8a\x33\x72\xc5\x1d\x42\x07\xfc\x23\x64\x28\xc5\xff\x76\xe6\xff\x57\xc1\x68\x91\x9b\xed\xca\x51\xb1\x87\x5c\x71\x87\xd2\x01\xff\x08\x19\x4a\xf1\xbf\x83\xf9\xff\x5d\x66\xed\xa3\xc5\x37\xd7\xec\xad\x26\x57\xdc\x61\x74\xc0\x3f\x42\x86\x52\xfc\xef\x64\xfe\xff\x7c\x68\x1d\xb2\x62\xb8\x7e\xa7\x1e\xc9\x15\x77\x38\x1d\xf0\x8f\x90\xa1\x14\xff\xbb\x98\xff\xbf\x4f\x2a\x25\x0e\xf3\xa0\xf1\xe3\x21\x72\xc5\xf5\x3f\x13\x08\xfe\x11\x32\x94\xe2\x7f\x37\xf3\xff\xaf\xfe\xf4\x43\xdf\xf2\x6f\x9c\x94\x59\xae\xb8\x23\xe9\x80\x7f\x84\x0c\xa5\xf8\xdf\xf3\xff\xfc\xbb\x21\xb2\x7e\x09\x98\x57\x37\x6d\xff\x44\x72\xc5\x1d\x45\x07\xfc\x23\x64\x28\xc5\xff\x5e\xe6\x3f\xe4\xc8\xac\x2f\xda\x0e\xfc\x11\x71\x95\x5c\x71\x47\xd3\x01\xff\x08\x19\x4a\xf1\xbf\x8f\xf9\x0f\x35\x37\x62\x70\xee\x39\x09\x97\x16\x95\x2b\xee\x18\x3a\xe0\x1f\x21\x43\x29\xfe\xf7\x33\xff\xa1\x53\x9e\x4b\x73\xb2\xd0\xe9\x4b\x5f\xe5\x8a\x3b\x96\x0e\xf8\x47\xc8\x50\x8a\xff\x03\xcc\x7f\x98\x9c\x37\x02\xfa\x24\xae\x56\xe0\xba\x5c\x71\xc7\xd1\x01\xff\x08\x19\x4a\xf1\x7f\x90\xf9\x0f\x3b\x36\xd1\x8b\xf1\xbf\x87\x94\x6c\x2b\x57\xdc\xf1\x74\xc0\x3f\x42\x86\x52\xfc\x1f\x62\xfe\xc3\xcd\x4c\x1e\x7c\xeb\xd5\x80\x98\xcf\xe4\x8a\x3b\x81\x0e\xf8\x47\xc8\x50\x8a\xff\xc3\xcc\x7f\xf8\xc0\x47\x69\x52\xe5\x0c\x6a\x10\x24\x57\x5c\xff\x77\x82\xe1\x1f\x21\x43\x29\xfe\x8f\x30\xff\x11\x06\x26\x39\xb8\xa9\x7a\xf0\xd8\x3e\x72\xc5\x9d\x44\x07\xfc\x23\x64\x28\xc5\xff\x51\xe6\x3f\x62\xde\x67\x81\x85\x47\xc7\xfd\x75\x42\xae\xb8\x93\xe9\x80\x7f\x84\x0c\xa5\xf8\x3f\xc6\xfc\x47\xca\x78\x27\x54\x8c\x69\x7f\xaa\x27\x96\x2b\xee\x14\x3a\xe0\x1f\x21\x43\x29\xfe\x8f\x33\xff\x01\x53\xe3\xdd\x7f\x5a\x3a\x63\x92\xa9\x72\xc5\xf5\xff\x33\xf8\x47\xc8\x50\x8a\xff\x60\xe6\x3f\xf2\x83\x9d\xd1\x02\xd3\x6c\x3d\xbd\x5b\xae\xb8\xd3\xe8\x80\x7f\x84\x0c\xa5\xf8\x3f\xc1\xfc\x47\xa9\xdd\xff\xcd\xf9\xaf\xcd\x77\x45\x95\x2b\xee\x74\x3a\xe0\x1f\x21\x43\x29\xfe\x4f\x32\xff\x51\x2b\x14\x3f\x3d\xc4\xe9\x35\xb5\xa5\x5c\x71\x67\xd0\x01\xff\x08\x19\x4a\xf1\x7f\x8a\xf9\x8f\xf6\x65\x70\x86\xee\x67\x56\x3c\xba\x2d\x57\xdc\x99\x74\xc0\x3f\x42\x86\x52\xfc\x9f\x66\xfe\x7d\x39\x17\x06\xb5\x5f\x9b\x25\xea\x47\xb9\xe2\xce\xa2\x03\xfe\x11\x32\x94\xe2\xff\x0c\xf3\xef\x8c\x6d\xbe\x61\x4e\xc7\xfb\x3d\xfe\x87\x71\x77\x36\x1d\xf0\x8f\x90\xa1\x14\xff\x67\x99\x7f\x77\x66\xdd\x89\xc1\x6d\xc2\x5f\x5e\x27\x57\xdc\x39\x74\xc0\x3f\x42\x86\x52\xfc\x9f\x63\xfe\xbd\xc0\xd9\x9d\xf3\x6e\xb8\xb2\x28\x9e\x5c\x71\xe7\xd2\x01\xff\x08\x19\x4a\xf1\x7f\x9e\xf9\x8f\x5e\xa8\x45\xd8\xc1\xe7\x2b\x54\xc8\x2e\x57\xdc\x79\x74\xc0\x3f\x42\x86\x52\xfc\x5f\x60\xfe\x63\xfc\x5c\xf7\xac\x43\xe4\xb9\xb9\x07\xc8\x15\x77\x3e\x1d\xf0\x8f\x90\xa1\x14\xff\x17\x99\xff\x98\x6f\xa7\x1c\x4b\xf6\xf7\xbf\x8f\x49\xe4\x8a\xbb\x80\x0e\xf8\x47\xc8\x50\x8a\xff\x4b\xcc\x7f\xac\x2a\x41\xc9\xae\x25\x9d\x3a\x64\x8a\x5c\x71\x17\xd2\x01\xff\x08\x19\x4a\xf1\x7f\x99\xf9\x8f\xfd\x75\xc2\xb9\x72\x45\xa2\xb5\xdc\x25\x57\xdc\x45\x74\xc0\x3f\x42\x86\x52\xfc\x5f\x61\xfe\xe3\x94\xad\x96\x7e\xdf\xbc\x3b\x89\xa2\xc9\x15\x77\x31\x1d\xf0\x8f\x90\xa1\x14\xff\x57\x99\xff\xb8\x35\xda\x44\x7e\x39\x38\xcf\xe6\xa7\x72\xc5\x5d\x42\x07\xfc\x23\x64\x28\xc5\xff\x35\xe6\x3f\xde\xc3\x55\x6f\xe3\xd4\x7f\x7e\xb4\xb2\x5c\x71\x97\xd2\x01\xff\x08\x19\x4a\xf1\x7f\x9d\xf9\x8f\x3f\x2d\x42\xc8\xdb\x05\x3b\xa5\xea\x2b\x57\xdc\x65\x74\xc0\x3f\x42\x86\x52\xfc\xdf\x60\xfe\x13\xa4\x3b\xfb\x28\xe3\xa3\x05\xf5\x82\xe5\x8a\xbb\x9c\x0e\xf8\x47\xc8\x50\x8a\xff\x9b\xcc\x7f\xc2\x5c\x9f\x0f\xf5\x0e\xb3\xb7\xe3\x7a\xb9\xe2\xae\xa0\x03\xfe\x11\x32\x94\xe2\xff\x16\xf3\x9f\x68\x50\x96\xc4\x23\xae\xb7\x0f\x1f\x57\xae\xb8\x2b\xe9\x80\x7f\x84\x0c\xa5\xf8\xbf\xcd\xfc\x27\x1e\x78\xa1\xf3\x94\x1d\x5f\x5e\x66\x93\x2b\xae\xff\x9d\xe0\xf0\x8f\x90\xa1\x14\xff\x77\x98\xff\x24\x79\x63\x4d\x6c\xde\x24\xe5\x9c\x81\x72\xc5\x5d\x4d\x07\xfc\x23\x64\x28\xc5\xff\x5d\xe6\x3f\x69\xc6\xf4\x1b\xb2\xf6\x3c\x90\xa9\x85\x5c\x71\xd7\xd0\x01\xff\x08\x19\x4a\xf1\x7f\x8f\xf9\x0f\x9c\xfa\x2a\xe8\xc0\x52\xb7\xc4\x1d\xb9\xe2\xae\xa5\x03\xfe\x11\x32\x94\xe2\xff\x3e\xf3\x9f\xec\xfa\xee\x98\x83\x8e\x8e\x58\xfd\x49\xae\xb8\xfe\x67\x02\xc1\x3f\x42\x86\x52\xfc\x3f\x60\xfe\x93\x37\xea\xfb\xb9\x63\x9c\x5a\x77\x4a\xc8\x15\xd7\xff\x77\x82\xf0\x8f\x90\xa1\x14\xff\x0f\x99\xff\x14\xdd\xfe\xbb\x92\x3c\x6a\xbd\xc1\xa7\xe5\x8a\xbb\x81\x0e\xf8\x47\xc8\x50\x8a\xff\x47\xcc\x7f\xca\xd3\x03\x73\x5e\xbd\x38\xe6\x4b\x4f\xb9\xe2\x6e\xa4\x03\xfe\x11\x32\x94\xe2\xff\x31\xf3\x9f\xaa\x5d\xd1\xdb\x65\x37\xc5\x8c\x5d\x5d\xae\xb8\x9b\xe8\x80\x7f\x84\x0c\xa5\xf8\x7f\xc2\xfc\xa7\xbe\x3c\xb4\xc0\xfe\x76\x47\xda\x3d\x94\x2b\xee\x66\x3a\xe0\x1f\x21\x43\x29\xfe\x9f\x32\xff\x69\x0e\xec\x4f\xf4\xaa\x73\xe0\xa1\x00\xb9\xe2\x6e\xa1\x03\xfe\x11\x32\x94\xe2\xff\x19\xf3\x9f\xb6\x57\xcf\x3f\xb1\xd7\x7f\xd8\xb2\x4f\xae\xb8\x5b\xe9\x80\x7f\x84\x0c\xa5\xf8\x7f\xce\xfc\xa7\x8b\x7a\xcb\xbd\x73\xae\x75\xcd\x09\x72\xc5\xdd\x46\x07\xfc\x23\x64\x28\xc5\xff\x0b\xe6\x3f\xfd\x96\x04\xef\x33\x78\x3b\x33\x26\x97\x2b\xee\x76\x3a\xe0\x1f\x21\x43\x29\xfe\x5f\x32\xff\x19\x16\xa4\xbc\xd0\xeb\xf3\x92\x10\x45\xe4\x8a\xbb\x83\x0e\xf8\x47\xc8\x50\x8a\xff\x57\xcc\x7f\xc6\xb8\x0f\xb2\x8e\x4c\xd5\xad\xdb\x37\xb9\xe2\xee\xa4\x03\xfe\x11\x32\x94\xe2\xff\x35\xf3\x9f\xe9\xfa\xe1\x0a\x13\x4b\xbe\x9e\x7d\x43\xae\xb8\xfe\x77\x02\xc0\x3f\x42\x86\x52\xfc\xbf\x61\xfe\x33\x37\x0a\xbb\xb6\xd1\x94\x02\x6f\xda\xc8\x15\x77\x37\x1d\xf0\x8f\x90\xa1\x14\xff\x6f\x99\xff\x2c\xdd\x0a\x8e\xc9\x31\xf2\x46\xe1\xa1\x72\xc5\xdd\x43\x07\xfc\x23\x64\x28\xc5\xff\x3b\xe6\x3f\xeb\xe9\x1f\xed\x8e\x56\x0d\xc8\x99\x49\xae\xb8\x7b\xe9\x80\x7f\x84\x0c\xa5\xf8\x7f\xcf\xfc\x67\x5b\x1f\x29\x76\xdf\xec\x13\x6f\x26\x94\x2b\xae\xff\x33\x41\xf0\x8f\x90\xa1\x14\xff\x1f\x98\xff\xec\x31\x4e\xff\x1c\xf7\xa2\xe8\x9a\xd5\x72\xc5\xdd\x4f\x07\xfc\x23\x64\x28\xc5\xff\x47\xe6\x3f\x47\xc8\xaf\xb7\x6e\x5e\x09\xce\xbb\x56\xae\xb8\x07\xe8\x80\x7f\x84\x0c\xa5\xf8\xff\xc4\xfc\xe7\xdc\x9d\x29\x77\xea\x88\x71\xcb\xc5\x96\x2b\xee\x41\x3a\xe0\x1f\x21\x43\x29\xfe\x3f\x33\xff\xb9\xe2\x7c\xbc\xb8\xb9\xe5\x80\x05\x39\xe4\x8a\x7b\x88\x0e\xf8\x47\xc8\x50\x8a\xff\x2f\xcc\x7f\xee\xc5\xd9\x32\x15\xda\x1a\x74\x75\xb0\x5c\x71\x0f\xd3\x01\xff\x08\x19\x4a\xf1\xff\x95\xf9\xcf\xb3\x3d\xaa\x13\x7d\xc5\xd6\x5e\xad\xe4\x8a\x7b\x84\x0e\xf8\x47\xc8\x50\x8a\xff\x6f\xcc\x7f\xde\x28\xc1\x9f\x9e\x75\x69\x1e\xf9\x9e\x5c\x71\x8f\xd2\x01\xff\x08\x19\x4a\xf1\xff\x9d\xf9\xcf\xd7\xb3\x55\xfc\xa4\xd1\xff\x3c\xf8\x20\x57\xdc\x63\x74\xc0\x3f\x42\x86\x52\xfc\xff\x60\xfe\xf3\x1f\x5e\xf3\xf7\x42\x70\xc6\xe9\xc5\xe4\x8a\x7b\x9c\x0e\xf8\x47\xc8\x50\x8a\xff\x9f\xcc\x7f\x81\x6b\xd3\xee\x0d\xcd\x98\x65\x47\xa0\x5c\x71\x83\xe9\x80\x7f\x84\x0c\xa5\xf8\xff\xc5\xfc\x17\x6c\x5b\x31\x7f\xb7\x4f\xf7\xcf\x4e\x93\x2b\xee\x09\x3a\xe0\x1f\x21\x43\x29\xfe\x7f\x33\xff\x85\x72\x14\xca\x11\x38\xb9\x57\xe0\x0e\xb9\xe2\x9e\xa4\x03\xfe\x11\x32\x94\xe2\xff\x0f\xf3\x5f\x78\xcc\xb0\xcb\xe7\x2b\xac\xa8\x1a\x45\xae\xb8\xa7\xe8\x80\x7f\x84\x0c\xa5\xf8\xff\xcb\xfc\x17\x99\xb1\xe7\xcb\x90\xa0\x0a\x3f\x1e\xcb\x15\xd7\xff\x4e\x40\xf8\x47\xc8\x50\x8a\xff\x7f\xcc\x7f\xd1\xa4\xbd\x62\x75\x1f\x37\x77\x7c\x25\xb9\xe2\x9e\xa1\x03\xfe\x11\x32\xd4\xff\xed\x3f\x4a\x08\xe6\xbf\x58\xf3\x4d\x65\x82\xdf\x86\x6f\xd4\x5f\xae\xb8\x67\xe9\x80\x7f\x84\x0c\xa5\xf8\x0f\xc9\xfc\x17\xbf\xd3\x65\x65\xde\x2c\x57\xa2\x9f\x94\x2b\xee\x39\x3a\xe0\x1f\x21\x43\x29\xfe\x43\x31\xff\x25\x4e\x94\x1f\xd1\x3e\xf9\x85\xd2\x85\xe4\x8a\x7b\x9e\x0e\xf8\x47\xc8\x50\x8a\xff\xd0\xcc\xff\x7f\x9d\x47\xb4\x9a\xf3\x23\x74\xbe\x2f\x72\xc5\xbd\x40\x07\xfc\x23\x64\x28\xc5\x7f\x18\xe6\xbf\xe4\x85\xd2\x03\xc3\xcd\x9c\x79\xe1\x96\x5c\x71\x2f\xd2\x01\xff\x08\x19\x4a\xf1\x1f\x96\xf9\x2f\xd5\x7a\x4c\xe3\x2f\xc5\xcb\x2c\x6f\x27\x57\xdc\x4b\x74\xc0\x3f\x42\x86\x52\xfc\x87\x63\xfe\x4b\xf7\xdf\x56\x64\x61\x8d\x35\x01\xc3\xe5\x8a\x7b\x99\x0e\xf8\x47\xc8\x50\x8a\xff\xf0\xcc\x7f\x99\xa3\x1d\x16\x04\x0d\xe9\xd7\x37\x8b\x5c\x71\xaf\xd0\x01\xff\x08\x19\x4a\xf1\x1f\x81\xf9\x2f\xbb\xf1\x62\x85\xe9\x8f\x1f\x4f\x88\x2f\x57\xdc\xab\x74\xc0\x3f\x42\x86\x52\xfc\x47\x64\xfe\xcb\x05\x44\x5f\xdb\x24\x57\x8e\xa7\x2b\xe5\x8a\x7b\x8d\x0e\xf8\x47\xc8\x50\x8a\xff\x48\xcc\x7f\xf9\x44\x19\xc6\x64\xba\x97\xf6\xc4\x59\xb9\xe2\x5e\xa7\x03\xfe\x11\x32\x94\xe2\x3f\x80\xf9\xaf\xb0\xf4\x79\xbb\xc3\xa1\x7f\xec\xef\x2d\x57\x5c\xff\x3b\xc1\xe1\x1f\x21\x43\x29\xfe\x23\x33\xff\x15\x9b\x9f\x74\x6f\x35\x6e\x1c\x54\x55\xae\xb8\x37\xe9\x80\x7f\x84\x0c\xa5\xf8\x8f\xc2\xfc\x57\xba\x13\xf9\x7d\xaa\xfd\x1b\x93\xdd\x97\x2b\xae\xff\x33\x41\xf0\x8f\x90\xa1\x14\xff\x51\x99\xff\xa0\x13\x39\x2e\xf4\x59\x54\x6d\x44\x44\xb9\xe2\xde\xa6\x03\xfe\x11\x32\x94\xe2\x3f\x1a\xf3\x5f\xb9\xf3\xfb\xac\xe3\xfb\x0d\xf9\xbb\x47\xae\xb8\x77\xe8\x80\x7f\x84\x0c\xa5\xf8\xf7\x31\xff\x55\x7c\xa1\x8b\xe7\x4c\x98\xd0\x9b\x24\x57\xdc\xbb\x74\xc0\x3f\x42\x86\x52\xfc\x3b\xcc\x7f\xd5\x55\x47\x97\x1f\x39\x74\xba\x69\x4a\xb9\xe2\xfa\xdf\x09\x04\xff\x08\x19\x4a\xf1\xef\x32\xff\xd5\xf6\xfd\x1b\x36\x21\x53\xcc\x75\xc3\xe4\x8a\xeb\xff\x9d\x20\xfc\x23\x64\x28\xc5\xbf\xc7\xfc\x57\x0f\x93\xbb\x49\xe3\xd7\x47\xae\x67\x95\x2b\xee\x03\x3a\xe0\x1f\x21\x43\x29\xfe\xa3\x33\xff\x35\x96\xfd\x1a\xff\x63\x4c\xbd\xec\x09\xe4\x8a\xfb\x90\x0e\xf8\x47\xc8\x50\x8a\xff\x18\xcc\x7f\xcd\xf8\xf9\xdb\x46\xaa\x38\xa6\xe8\x0a\xb9\xe2\x3e\xa2\x03\xfe\x11\x32\x94\xe2\x3f\x26\xf3\x5f\x2b\x42\xf8\xb2\xf5\xca\xb5\x7e\x57\x58\xae\xb8\xfe\x77\x02\xc0\x3f\x42\x86\x52\xfc\xc7\x62\xfe\x6b\x6f\x3a\xb8\x6e\xed\xc4\x9d\x33\x3f\xcb\x15\xf7\x09\x1d\xf0\x8f\x90\xa1\x14\xff\xb1\x99\xff\x3a\xc7\x1a\x17\x6e\xf1\x21\xb0\xcb\x4d\xb9\xe2\x3e\xa5\x03\xfe\x11\x32\x94\xe2\x3f\x0e\xf3\x5f\xb7\xcf\xd2\xc5\xb3\xd3\x7f\x08\xd5\x5e\xae\xb8\xcf\xe8\x80\x7f\x84\x0c\xa5\xf8\x8f\xcb\xfc\xd7\x6b\x31\x7f\xd0\xb9\x93\xaf\xd3\x47\x90\x2b\xee\x73\x3a\xe0\x1f\x21\x43\x29\xfe\xe3\x31\xff\xf5\x2f\xd6\x6c\x90\x2f\x66\x81\xda\x7b\xe5\x8a\xfb\x82\x0e\xf8\x47\xc8\x50\x8a\xff\xf8\xcc\x7f\x83\x0b\xbb\xb2\x26\xee\xb6\x64\xdb\x64\xb9\xe2\xbe\xa4\x03\xfe\x11\x32\x94\xe2\x3f\x01\xf3\xdf\xb0\x75\x9f\x0b\x97\x56\x75\x3b\x90\x42\xae\xb8\xaf\xe8\x80\x7f\x84\x0c\xa5\xf8\x4f\xc8\xfc\x37\xea\x5f\xe2\xfd\xf0\xed\x13\xdb\x9c\x93\x2b\xee\x6b\x3a\xe0\x1f\x21\x43\x29\xfe\x13\x31\xff\x8d\x8f\x0e\x70\xbb\xb4\x2e\x1a\xb7\x97\x5c\x71\xdf\xd0\x01\xff\x08\x19\x4a\xf1\x9f\x98\xf9\x6f\x32\xe2\x7c\xb5\x1c\x01\x37\xbe\x55\x91\x2b\xee\x5b\x3a\xe0\x1f\x21\x43\x29\xfe\x93\x30\xff\x4d\xb3\xc4\xdc\x72\xf4\x5a\xc0\xc0\x07\x72\xc5\x7d\x47\x07\xfc\x23\x64\x28\xc5\x7f\x52\xe6\xbf\x59\x8a\x74\x53\x27\x1e\x88\x76\xaf\xb5\x5c\x71\xdf\xd3\x01\xff\x08\x19\x4a\xf1\x1f\xc8\xfc\x37\x9f\xf3\xb2\x7b\xa3\xf8\x77\x56\xde\x95\x2b\xee\x07\x3a\xe0\x1f\x21\x43\x29\xfe\x93\x31\xff\x2d\x0a\xa4\x9a\xf3\xbd\xcf\x7f\xc5\xde\xcb\x15\xf7\x23\x1d\xf0\x8f\x90\xa1\x14\xff\xc9\x99\xff\x96\x43\xde\xf6\x0b\x58\x30\x35\x4b\x71\xb9\xe2\x7e\xa2\x03\xfe\x11\x32\x94\xe2\x3f\x05\xf3\xdf\x6a\xc2\xe5\xfa\xf5\xf7\x76\x9a\xb7\x46\xae\xb8\xfe\xef\x04\xc3\x3f\x42\x86\x52\xfc\xa7\x64\xfe\x5b\xa7\x71\xf7\xae\x69\xb8\xe0\x79\x1c\xb9\xe2\x7e\xa1\x03\xfe\x11\x32\x94\xe2\x3f\x15\xf3\xdf\xa6\xde\x86\xa0\x96\x21\xf3\x84\xcd\x29\x57\xdc\xaf\x74\xc0\x3f\x42\x86\x52\xfc\xa7\x66\xfe\xdb\x3e\xee\xb6\x61\xd6\x9d\xe7\x9d\x07\xc9\x15\xf7\x1b\x1d\xf0\x8f\x90\xa1\x14\xff\x69\x98\xff\x76\xef\xcb\x4e\x3c\x9b\xe7\x4b\x9d\x27\x72\xc5\xfd\x4e\x07\xfc\x23\x64\x28\xc5\x7f\x5a\xe6\xbf\x7d\xe9\x51\x9d\xf3\x3f\x4d\x99\xa6\xa2\x5c\x71\x7f\xd0\x01\xff\x08\x19\x4a\xf1\x9f\x8e\xf9\xef\x30\x62\x45\xb4\xe4\xc3\xf6\x1e\xef\x27\x57\xdc\x9f\x74\xc0\x3f\x42\x86\x52\xfc\xa7\x67\xfe\x3b\x66\x69\xf7\xe6\x6a\xad\xf6\x1b\x4f\xc9\x15\xf7\x17\x1d\xf0\x8f\x90\xa1\x14\xff\x19\x98\xff\x4e\x29\xaa\x9c\x1e\xf4\xdf\x88\x04\x49\xe5\x8a\xfb\x9b\x0e\xf8\x47\xc8\x50\x8a\xff\x8c\xcc\x7f\xe7\x39\x93\x32\x74\x9c\x5d\xab\xf5\x74\xb9\xe2\xfe\xa1\x03\xfe\x11\x32\x94\xe2\x3f\x13\xf3\xdf\xe5\x5f\xc3\x1a\x27\x7e\x1d\x18\xb6\x53\xae\xb8\x7f\xe9\x80\x7f\x84\x0c\xa5\xf8\xcf\xcc\xfc\x77\x2d\xbe\x7c\x57\x9e\x94\xee\xfb\xc8\x72\xc5\xfd\x47\x07\xfc\x23\x64\x28\xc5\x7f\x16\xe6\xbf\x5b\xa5\xb9\xb3\xdb\x85\x7d\x17\x3f\xa6\x5c\xf1\xfc\x07\xfc\x23\x64\x28\xc5\x7f\x56\xe6\xbf\xfb\xab\xda\x3d\xe7\xde\xc8\xdf\x6a\xb1\x5c\xf1\xe8\xcf\xc0\x3f\x42\x96\x52\xfc\x67\x63\xfe\x7b\x94\x9a\x39\x29\xfc\xce\xe5\xc3\xc7\xca\x15\x2f\x14\x1d\xf0\x8f\x90\xa1\x14\xff\xd9\x99\xff\x9e\x9f\xea\x77\xf8\xdc\xb4\xeb\x87\x5c\x72\xc5\x0b\x4d\x07\xfc\x23\x64\x28\xc5\x7f\x0e\xe6\xbf\xd7\xb3\xa6\x95\x16\xf4\x98\x54\xf7\x82\x5c\xf1\xc2\xd0\x01\xff\x08\x19\x4a\xf1\x9f\x93\xf9\xef\x5d\x77\xf1\xe6\xca\x4b\x0a\xa5\x6d\x22\x57\xbc\xb0\x74\xc0\x3f\x42\x86\x52\xfc\xe7\x62\xfe\xfb\xa4\x0e\x59\x67\xda\x91\x9b\xc7\x4a\xcb\x15\x2f\x1c\x1d\xf0\x8f\x90\xa1\x14\xff\xb9\x99\xff\xbe\x93\x8f\xef\x6b\x1a\x3b\xc2\x86\x7f\x72\xc5\x0b\x4f\x07\xfc\x23\x64\x28\xc5\x7f\x1e\xe6\xbf\xdf\xf0\x3f\xf3\x33\xff\x8b\x31\x7f\x86\x5c\xf1\xfc\x3f\x0f\xff\x08\x19\x4a\xf1\x9f\x97\xf9\xef\x9f\x3f\x6f\xdf\x43\x81\xc7\x5f\xa4\x97\x2b\x5e\x44\x3a\xe0\x1f\x21\x43\x29\xfe\xf3\x31\xff\x03\xae\x9d\x39\x16\xb6\x68\xdd\x30\xa1\xe5\x8a\x17\x89\x0e\xf8\x47\xc8\x50\x8a\xff\xfc\xcc\xff\xc0\xb6\x01\xc9\xbe\xce\x1f\xdf\x69\x9b\x5c\xf1\x02\xe8\x80\x7f\x84\x0c\xa5\xf8\x2f\xc0\xfc\x0f\xea\x99\x39\xec\xa2\x41\x2d\xee\xd6\x97\x2b\x9e\xff\x3b\x41\xf0\x8f\x90\xa1\x14\xff\x05\x99\xff\xc1\x87\xbf\x3d\xab\x54\x6f\xd7\x8a\x97\x72\xc5\x8b\x42\x07\xfc\x23\x64\x28\xc5\x7f\x21\xe6\x7f\xc8\xa5\x07\xc7\x9e\x15\x48\x5c\xfc\x88\x5c\xf1\xa2\xd2\x01\xff\x08\x19\x4a\xf1\x5f\x98\xf9\x1f\xda\x32\x65\xb2\xe8\x0f\x3f\x66\xed\x28\x57\xbc\x68\x74\xc0\x3f\x42\x86\x52\xfc\x17\x61\xfe\x87\xf5\x4d\x10\xb6\xd0\x97\xaf\x6d\x7f\xc9\x15\xcf\x47\x07\xfc\x23\x64\x28\xc5\x7f\x51\xe6\x7f\xf8\xf1\x5b\xcf\x36\xa7\x4e\x16\xaf\xbc\x5c\xf1\x1c\x3a\xe0\x1f\x21\x43\x29\xfe\x8b\x31\xff\x23\x9a\xc6\x89\x9c\xba\xd4\xbe\xaf\x0d\xe4\x8a\xe7\xd2\x01\xff\x08\x19\x4a\xf1\x5f\x9c\xf9\x1f\x79\xef\xde\xdb\x9b\x53\xdb\x0c\xb8\x22\x57\x3c\xff\x03\xc0\xe0\x1f\x21\x43\x29\xfe\x4b\x30\xff\xa3\x4e\x3d\x39\x37\x6e\xc4\xe8\x74\xf9\xe4\x8a\x17\x9d\x0e\xf8\x47\xc8\x50\x8a\xff\xff\x98\xff\xd1\x1d\x03\xd3\xf7\xad\x52\xb3\xd6\x48\xb9\xe2\xc5\xa0\x03\xfe\x11\x32\x94\xe2\xbf\x24\xf3\x3f\x26\xec\xc0\x43\x3b\xb2\x1d\xde\xbe\x5c\xae\x78\xfe\x67\x02\xc3\x3f\x42\x86\x52\xfc\x97\x62\xfe\xc7\xee\xff\x2f\x71\x99\xe7\xce\x41\x57\xae\x78\xb1\xe8\x80\x7f\x84\x0c\xa5\xf8\x2f\xcd\xfc\x8f\x5b\xdd\x37\x64\xa2\x68\x91\xdf\x76\x95\x2b\x5e\x6c\x3a\xe0\x1f\x21\x43\x29\xfe\xcb\x30\xff\xe3\x9d\xdd\x8f\x5e\x5f\xba\x3b\xe3\x80\x5c\xf1\xe2\xd0\x01\xff\x08\x19\x4a\xf1\x5f\x96\xf9\x9f\x70\x69\xe6\xfc\xcf\x9b\x8b\x75\x7d\x2b\x57\xbc\xb8\x74\xc0\x3f\x42\x86\x52\xfc\x97\x63\xfe\x27\xb6\xac\xdf\x37\x7c\xfb\x69\xa1\x6b\xcb\x15\x2f\x1e\x1d\xf0\x8f\x90\xa1\x14\xff\xe5\x99\xff\x49\x7d\x9b\xd6\xa9\xdc\xa9\xe3\xfa\x4d\x72\xc5\x8b\x4f\x07\xfc\x23\x64\x28\xc5\x7f\x05\xe6\x7f\xf2\xf1\xc5\xfb\x16\xac\x5b\x7c\x23\xbc\x5c\xf1\x12\xd0\x01\xff\x08\x19\x4a\xf1\x5f\x91\xf9\x9f\xb2\xa4\x62\x70\xec\xb3\xb9\xb3\xa5\x96\x2b\x5e\x42\x3a\xe0\x1f\x21\x43\x29\xfe\x2b\x31\xff\x53\x13\x4e\x4b\xf3\xca\x7d\x55\x64\x8e\x5c\xf1\x12\xd1\x01\xff\x08\x19\x4a\xf1\x1f\xc4\xfc\x4f\x8b\xb4\x26\x60\xff\xfd\xcc\x23\xf3\xcb\x15\xcf\xff\x33\xf0\x8f\x90\xa1\x14\xff\x95\x99\xff\xe9\x1b\x5a\xbd\x28\x9b\xef\xd1\xbf\x11\x72\xc5\x4b\x42\x07\xfc\x23\x64\x28\xc5\x7f\x15\xe6\x7f\x86\xbb\x22\xd4\xd5\x3a\x3d\xdd\x65\x72\xc5\x4b\x4a\x07\xfc\x23\x64\x28\xc5\x7f\x55\xe6\x7f\xe6\x8a\x76\xf7\x93\x0f\x58\xdd\xc4\x93\x2b\x5e\x20\x1d\xf0\x8f\x90\xa1\x14\xff\xd5\x98\xff\x59\x7b\xaa\x1c\xec\x38\xb7\x6c\xf0\x4f\xb9\xe2\x25\xa3\x03\xfe\x11\x32\x94\xe2\xbf\x3a\xf3\x3f\x3b\xdc\xa4\xc0\x41\x85\xe7\xed\xab\x20\x57\xbc\xe4\x74\xc0\x3f\x42\x86\x52\xfc\xd7\x60\xfe\xe7\x74\xca\x74\xfa\xbf\x24\x61\x2a\x37\x94\x2b\x5e\x0a\x3a\xe0\x1f\x21\x43\x29\xfe\x6b\x32\xff\x73\x83\xbf\x66\xd8\xf2\xe7\x6a\xf2\xcb\x72\xc5\x4b\x49\x07\xfc\x23\x64\x28\xc5\x7f\x2d\xe6\x7f\xde\xed\xd3\xd1\xee\xc7\x3d\x15\x69\xb3\x5c\xf1\x52\xd1\x01\xff\x08\x19\x4a\xf1\x5f\x9b\xf9\x9f\xdf\x2c\xd2\x1b\xef\x58\x9c\x3e\xe1\xe4\x8a\xe7\xff\x4c\x30\xfc\x23\x64\x28\xc5\x7f\x1d\xe6\x7f\x41\xd3\x17\xfb\xa2\x2d\x1b\x3c\x31\x95\x5c\xf1\xd2\xd0\x01\xff\x08\x19\x4a\xf1\x5f\x97\xf9\x5f\x78\x2f\x63\x9d\xdf\xbd\x2a\x3d\x9b\x2b\x57\xbc\xb4\x74\xc0\x3f\x42\x86\x52\xfc\xd7\x63\xfe\x17\x9d\x8a\xd1\x77\x45\xf3\x6d\x65\xba\xc8\x15\x2f\x1d\x1d\xf0\x8f\x90\xa1\x14\xff\xf5\x99\xff\xc5\x1d\x2f\xcd\xaf\xbd\xbb\x49\xfe\x83\x72\xc5\x4b\x4f\x07\xfc\x23\x64\x28\xc5\x7f\x03\xe6\x7f\x49\xbe\xc1\xb7\xe2\xdc\xfa\x7b\xfe\x9d\x5c\xf1\x32\xd0\x01\xff\x08\x19\x4a\xf1\xdf\x90\xf9\x5f\x3a\xac\x78\xee\x97\xe1\xd3\x2d\xab\x25\x57\xbc\x8c\x74\xc0\x3f\x42\x86\x52\xfc\x37\x62\xfe\x97\x4d\xea\x1f\x7b\x9f\x2f\xd5\xf7\xf3\x72\xc5\xcb\x44\x07\xfc\x23\x64\x28\xc5\x7f\x63\xe6\x7f\x79\xaa\x9d\x3f\xcb\x9d\xfe\x39\xae\xa9\x5c\xf1\x32\xd3\x01\xff\x08\x19\x4a\xf1\xdf\x84\xf9\x5f\x31\xaa\xb7\x73\x6d\x4d\x83\xc6\x65\xe4\x8a\x97\x85\x0e\xf8\x47\xc8\x50\x8a\xff\xa6\xcc\xff\xca\x4c\x7b\x3f\x25\xeb\xb0\x29\xc6\x5f\xb9\xe2\x65\xa5\x03\xfe\x11\x32\x94\xe2\xbf\x19\xf3\xbf\x2a\xd9\xf0\x8b\x1d\xda\x56\xdd\x19\x4b\xae\x78\xd9\xe8\x80\x7f\x84\x0c\xa5\xf8\x6f\xce\xfc\xaf\x9e\x57\x38\xd3\xe0\x8d\xc3\xcf\x2d\x92\x2b\x5e\x76\x3a\xe0\x1f\x21\x43\x29\xfe\x5b\x30\xff\x6b\x5e\x3e\xba\x57\xe2\x42\x82\xa4\x63\xe4\x8a\x97\x83\x0e\xf8\x47\xc8\x50\x8a\xff\x96\xcc\xff\xda\x8a\xc9\xf3\x6f\x8d\x72\xae\x4a\x6e\xb9\xe2\xe5\xa4\x03\xfe\x11\x32\x94\xe2\xbf\x15\xf3\xbf\xae\x58\xa2\xf8\x0f\x5e\x5e\xec\x5d\x4f\xae\x78\xb9\xe8\x80\x7f\x84\x0c\xa5\xf8\x6f\xcd\xfc\xaf\xff\x7b\xe3\xaf\x9b\x23\x44\x94\x57\x72\xc5\xf3\xff\x3b\x01\xfc\x23\x64\x28\xc5\x7f\x1b\xe6\x7f\x43\xbe\x5f\x83\x22\x55\x9b\x75\xff\xa8\x5c\xf1\xf2\xd0\x01\xff\x08\x19\x4a\xf1\xdf\x96\xf9\xdf\x38\x2c\x7f\x83\x1f\xa3\x4a\x4e\xeb\x20\x57\xbc\xbc\x74\xc0\x3f\x42\x86\x52\xfc\xb7\x63\xfe\x37\x4d\x0a\x5f\x78\xed\xf4\xf5\x79\x66\xca\x15\x2f\x1f\x1d\xf0\x8f\x90\xa1\x14\xff\xed\x99\xff\xcd\xa9\x0e\x2e\xae\x57\xa6\x6f\xd9\x74\x72\xc5\xf3\xbf\x13\x14\xfe\x11\x32\x94\xe2\xbf\x03\xf3\xbf\xa5\x4c\x96\x2b\x4f\xd3\x3e\x5b\x18\x4a\xae\x78\x05\xe8\x80\x7f\x84\x0c\xa5\xf8\xef\xc8\xfc\x6f\xfd\xf0\x39\x67\x8c\x6f\xd9\xaf\x6d\x97\x2b\x5e\x41\x3a\xe0\x1f\x21\x43\x29\xfe\x3b\x31\xff\xdb\x9e\x9c\x8d\x59\xf8\xd4\xbe\x42\x1b\xe5\x8a\x57\x88\x0e\xf8\x47\xc8\x50\x8a\xff\xce\xcc\xff\xf6\xfa\x11\x3e\x6f\x8a\xd5\x26\x47\x18\xb9\xe2\x15\xa6\x03\xfe\x11\x32\x94\xe2\xbf\x0b\xf3\xbf\xe3\xcf\xc9\x44\xa9\xba\x7f\xbd\x95\x46\xae\x78\x45\xe8\x80\x7f\x84\x0c\xa5\xf8\xef\xca\xfc\xef\xfc\x2f\xf2\x9f\x5b\xab\x93\xad\x9d\x2f\x57\xbc\xa2\x74\xc0\x3f\x42\x86\x52\xfc\x77\x63\xfe\x77\x55\xce\x71\x7b\xfc\xb6\xc3\x21\xbb\xc9\x15\xaf\x18\x1d\xf0\x8f\x90\xa1\x14\xff\xdd\x99\xff\xdd\x2f\xde\x17\xe8\xd3\xca\xe9\x7e\x58\xae\x78\xc5\xe9\x80\x7f\x84\x0c\xa5\xf8\xef\xc1\xfc\xef\x99\x1b\x74\x61\x67\xa4\xd1\xb3\xde\xc8\x15\xaf\x04\x1d\xf0\x8f\x90\xa1\x14\xff\x3d\x99\xff\xbd\x29\xa7\x64\x2d\x7d\xb5\xe6\xeb\x1a\x72\xc5\xf3\xbb\x87\x7f\x84\x0c\xa5\xf8\xef\xc5\xfc\xef\xcb\xba\xce\x4d\x98\xb9\xd8\xe1\x82\x72\xc5\x2b\x49\x07\xfc\x23\x64\x28\xc5\x7f\x6f\xe6\x7f\xff\xc8\x16\xef\xdf\xbc\x99\xb6\x75\x94\x5c\xf1\x4a\xd1\x01\xff\x08\x19\x4a\xf1\xdf\x87\xf9\x3f\x70\xb1\xc7\xaf\x1d\x63\x23\xd7\x58\x22\x57\xbc\xd2\x74\xc0\x3f\x42\x86\x52\xfc\xf7\x65\xfe\x0f\xb6\xd8\x17\xa7\x4c\xa5\xbb\x19\x1c\xb9\xe2\xf9\xdf\x09\x02\xff\x08\x19\x4a\xf1\xdf\x8f\xf9\x3f\xd4\x67\x48\xae\x44\x65\x73\x0f\xfa\x2e\x57\xbc\xb2\x74\xc0\x3f\x42\x86\x52\xfc\xf7\x67\xfe\x0f\x1f\x2b\x72\xf3\xf5\x84\x57\x9f\xcb\xc9\x15\xcf\xff\xcf\xe0\x1f\x21\x43\x29\xfe\x07\x30\xff\x47\xda\x5c\xcf\xb4\xe9\x7d\xc7\x38\x8d\xe5\x8a\x57\x9e\x0e\xf8\x47\xc8\x50\x8a\xff\x81\xcc\xff\xd1\xab\x09\x2f\x16\x4e\xb7\xb8\xfd\x55\xb9\xe2\x55\xa0\x03\xfe\x11\x32\x94\xe2\x7f\x10\xf3\x7f\xec\x50\xb2\x4f\x31\xf2\x2e\xcf\x5c\x47\xae\x78\x15\xe9\x80\x7f\x84\x0c\xa5\xf8\x1f\xcc\xfc\x1f\xef\xf1\xd0\x79\xfa\xac\xeb\x7f\x2f\xe4\x8a\x57\x89\x0e\xf8\x47\xc8\x50\x8a\xff\x21\xcc\x7f\xf0\xcd\xc4\x3f\xfb\x0c\x7f\xb7\xea\xb8\x5c\xf1\x82\xe8\x80\x7f\x84\x0c\xa5\xf8\x1f\xca\xfc\x9f\x68\xf0\x34\xf6\xf8\xda\xf9\x6f\x77\x92\x2b\x5e\x65\x3a\xe0\x1f\x21\x43\x29\xfe\x87\x31\xff\x27\xbb\xdc\xce\x7d\xab\xc4\xcd\x0e\xb3\xe5\x8a\x57\x85\x0e\xf8\x47\xc8\x50\x8a\xff\xe1\xcc\xff\xa9\xb3\x71\x6f\xa5\x9a\x15\x21\x5c\x06\xb9\xe2\x55\xa5\x03\xfe\x11\x32\x94\xe2\x7f\x04\xf3\x7f\x7a\xd7\x8e\x6c\x6f\x7e\x4e\xfa\x1f\xaf\xff\x0c\xe1\x55\xa3\x03\xfe\x11\x32\x94\xe2\x7f\x24\xf3\x7f\x26\x44\xbf\xab\x09\x53\x14\x9a\xbb\x55\xae\x78\xd5\xe9\x80\x7f\x84\x0c\xa5\xf8\x1f\xc5\xfc\x9f\x8d\x5e\xec\x5b\xe9\x83\x75\x37\x5d\x94\x2b\x9e\xff\x99\x20\xf0\x8f\x90\xa1\x14\xff\xa3\x99\xff\x73\xeb\x06\xc5\xd8\x99\x60\xfc\x91\xe6\x72\xc5\xab\x49\x07\xfc\x23\x64\x28\xc5\xff\x18\xe6\xff\x7c\x9b\x05\x2d\x17\xf6\x8d\x91\xba\x94\x5c\xf1\x6a\xd1\x01\xff\x08\x19\x4a\xf1\x3f\x96\xf9\xbf\x70\xb5\xd9\xe8\xa0\x85\xc7\xeb\xff\x96\x2b\x5e\x6d\x3a\xe0\x1f\x21\x43\x29\xfe\xc7\x31\xff\x17\x0f\xd5\x59\x15\x6e\x4f\xe2\x4f\x31\xe4\x8a\xe7\xff\x4e\x00\xfc\x23\x64\x28\xc5\xff\x78\xe6\xff\x52\x8f\x59\x25\xbf\x34\xf8\x38\x74\x81\x5c\xf1\xea\xd2\x01\xff\x08\x19\x4a\xf1\x3f\x81\xf9\xbf\x1c\xaf\x65\x81\x72\x21\x5a\xb4\x18\x27\x57\xbc\x7a\x74\xc0\x3f\x42\x86\x52\xfc\x4f\x64\xfe\xaf\x2c\x5c\x7f\x7b\xdf\xed\x5d\x09\xf3\xca\x15\xaf\x3e\x1d\xf0\x8f\x90\xa1\x14\xff\x93\x98\xff\xab\x5b\xa7\xfe\x79\x99\xa1\xc1\x95\x59\x72\xc5\x6b\x40\x07\xfc\x23\x64\x28\xc5\xff\x64\xe6\xff\x5a\xb4\xca\x89\xe2\x7c\xdc\xb4\x38\xa3\x5c\xf1\x1a\xd2\x01\xff\x08\x19\x4a\xf1\x3f\x85\xf9\xbf\xbe\x76\xe2\xe7\xc1\x93\x52\x95\x0f\x29\x57\xbc\x46\x74\xc0\x3f\x42\x86\x52\xfc\x4f\x65\xfe\x6f\xc4\xaa\x1e\xb3\x43\xf9\x9f\xb9\xb6\xc8\x15\xcf\xff\x4c\x50\xf8\x47\xc8\x50\x8a\xff\x69\xcc\xff\xcd\xd0\x6d\x73\x26\xab\x9c\x60\x4a\x5d\xb9\xe2\x35\xa1\x03\xfe\x11\x32\x94\xe2\x7f\x3a\xf3\x7f\x6b\xe7\xea\x2b\xd7\xc6\x9f\x7b\xf8\x5c\xae\x78\x4d\xe9\x80\x7f\x84\x0c\xa5\xf8\x9f\xc1\xfc\xdf\x3e\x13\x31\x8f\xfb\xae\x6a\xb4\x63\x72\xc5\x6b\x46\x07\xfc\x23\x64\x28\xc5\xff\x4c\xe6\xff\x4e\xf7\x73\xd7\x1f\x64\x1d\xde\xb3\xb3\x5c\xf1\xfc\xdf\x09\x84\x7f\x84\x0c\xa5\xf8\x9f\xc5\xfc\xdf\x6d\xfc\xe5\xc7\xd6\xcb\xb3\xaa\x45\x97\x2b\x5e\x0b\x3a\xe0\x1f\x21\x43\x29\xfe\x67\x33\xff\xf7\x6e\x64\x8d\x57\x22\x42\xc9\xc4\x0b\xe5\x8a\xd7\x92\x0e\xf8\x47\xc8\x50\x8a\xff\x39\xcc\xff\xfd\x9b\xe7\x4b\xd6\x6a\x71\xf1\xcc\x78\xb9\xe2\xb5\xa2\x03\xfe\x11\x32\x94\xe2\x7f\x2e\xf3\xff\xa0\x41\xcc\x55\x2b\xb7\x84\xd8\x9d\x47\xae\x78\xad\xe9\x80\x7f\x84\x0c\xa5\xf8\x9f\xc7\xfc\x3f\xec\x92\x6e\xf4\x9f\x95\xcf\x62\x5d\x92\x2b\x5e\x1b\x3a\xe0\x1f\x21\x43\x29\xfe\xe7\x33\xff\x8f\xce\xbe\x6c\x19\xb5\x6b\xf6\x86\xcd\xe4\x8a\xd7\x96\x0e\xf8\x47\xc8\x50\x8a\xff\x05\xcc\xff\xe3\xc1\xbb\xd2\x97\x8d\xb1\x7e\x4c\x49\xb9\xe2\xb5\xa3\x03\xfe\x11\x32\x94\xe2\x7f\x21\xf3\xff\x24\x77\x9f\x73\xfb\x4f\xf4\xfd\xf9\x47\xae\x78\xed\xe9\xf8\x3f\xfc\xf7\xff\xff\xea\x7f\x32\x42\xe8\xff\xa3\x14\xff\x8b\x98\xff\xa7\xe9\x4b\xbc\x7d\x75\xb7\xe7\x92\xee\x72\xc5\xeb\x40\x07\xfe\xff\x1f\x21\x43\x29\xfe\x17\x33\xff\xcf\xa6\x0f\x88\x1c\x3b\xd4\xea\x8b\x87\xe4\x8a\xd7\x91\x0e\xf8\x47\xc8\x50\x8a\xff\x25\xcc\xff\xf3\xec\x45\x9e\x0d\x6a\x94\xb9\xe0\x6b\xb9\xe2\xf9\xdf\x09\x0e\xff\x08\x19\x4a\xf1\xbf\x94\xf9\x7f\x31\x7e\x48\xd8\x8e\xfb\x1e\x95\xaa\x29\x57\x3c\xff\x77\x02\xe0\x1f\x21\x43\x29\xfe\x97\x31\xff\x2f\x67\xef\x4b\x96\x7c\x71\x98\x27\x1b\xe4\x8a\xd7\x85\x0e\xf8\x47\xc8\x50\x8a\xff\xe5\xcc\xff\xab\x24\x3d\x8e\x5d\xed\x7f\x75\x72\x58\xb9\xe2\x75\xa5\x03\xfe\x11\x32\x94\xe2\x7f\x05\xf3\xff\xba\xea\xcd\xd4\x5e\xa2\xb2\xfd\xd2\xca\x15\xaf\x1b\x1d\xf0\x8f\x90\xa1\x14\xff\x2b\x99\xff\x37\xef\xe2\x9f\xba\x7f\x78\x5e\x84\x79\x72\xc5\xf3\xff\x9d\x20\xfc\x23\x64\x28\xc5\xff\x2a\xe6\xff\xed\xaf\x14\x2f\xb7\x24\x1b\x9c\xf2\x87\x5c\xf1\x7a\xd0\x01\xff\x08\x19\x4a\xf1\xbf\x9a\xf9\x7f\x57\xf8\x7e\x84\xff\xbe\x57\xaa\x54\x56\xae\x78\x3d\xe9\x80\x7f\x84\x0c\xa5\xf8\x5f\xc3\xfc\xbf\x1f\x7c\xa8\x4b\xfd\x19\xa7\xf6\x34\x92\x2b\x5e\x2f\x3a\xe0\x1f\x21\x43\x29\xfe\xd7\x32\xff\x1f\x72\x87\x99\xb6\xa6\x58\x9c\x93\xd7\xe4\x8a\xd7\x9b\x0e\xf8\x47\xc8\x50\x8a\xff\x75\xcc\xff\xc7\xf4\x05\xb6\x7f\xaf\xf9\xb7\x59\x01\xb9\xe2\xf5\xa1\x03\xfe\x11\x32\x94\xe2\x7f\x3d\xf3\xff\x69\xfa\xf7\xaa\x01\x43\xd3\xf9\x46\xcb\x15\xaf\x2f\x1d\xf0\x8f\x90\xa1\x14\xff\x1b\x98\xff\xcf\x9f\x03\x02\x37\x3f\xd9\xf6\x67\xa9\x5c\xf1\xfa\xd1\x01\xff\x08\x19\x4a\xf1\xbf\x91\xf9\xff\x52\xfe\xcc\xc1\x42\xb9\x9b\x8c\xf6\xc9\x15\xcf\xff\xe5\x7e\xf8\x47\xc8\x50\x8a\xff\x4d\xcc\xff\xd7\x5a\xdf\xee\x47\x9f\xb3\xf0\xd2\x4a\xb9\xe2\x0d\xa0\x03\xfe\x11\x32\x94\xe2\x7f\x33\xf3\xff\xed\x7e\xe6\x50\xcf\x0a\x75\x5e\x1a\x5f\xae\x78\x03\xe9\x80\x7f\x84\x0c\xa5\xf8\xdf\xc2\xfc\x7f\x2f\xf2\xe9\x45\xdf\xc4\x2f\x4a\x66\x91\x2b\xde\x20\x3a\xe0\x1f\x21\x43\x29\xfe\xb7\x32\xff\x3f\xbe\x67\x0f\x18\xf7\x3b\x6f\x81\xe1\x72\xc5\x1b\x4c\x07\xfc\x23\x64\x28\xc5\xff\x36\xe6\xff\xe7\xeb\x68\x69\x6e\x3e\xb8\x3d\xa9\x9d\x5c\xf1\x86\xd0\x01\xff\x08\x19\x4a\xf1\xbf\x9d\xf9\xff\x55\xed\x44\x70\xea\xfc\x51\x1f\xdf\x92\x2b\xde\x50\x3a\xe0\x1f\x21\x43\x29\xfe\x77\x30\xff\xbf\x93\xb6\x4e\xf9\xba\xee\x94\x88\x5f\xe4\x8a\x37\x8c\x0e\xf8\x47\xc8\x50\x8a\xff\x9d\xcc\xff\x9f\x19\x6b\x8f\x26\x1a\x58\xa2\x7f\x21\xb9\xe2\xf9\x7f\x27\x00\xff\x08\x19\x4a\xf1\xbf\x8b\xf9\xff\x3b\x66\xfa\xe3\x32\xcd\x6a\x57\x4c\x29\x57\xbc\x11\x74\xc0\x3f\x42\x86\x52\xfc\xef\x66\xfe\xff\xe5\xa8\x14\x6e\xc7\xae\x91\x29\x26\xc9\x15\x6f\x24\x1d\xf0\x8f\x90\xa1\x14\xff\x7b\xfe\x9f\x7f\x2f\x44\xac\x5f\xed\x6e\xde\xf4\x4e\xed\x91\x2b\xde\x28\x3a\xe0\x1f\x21\x43\x29\xfe\xf7\x32\xff\x21\xd7\xe6\x1f\x93\x3a\xdc\xc1\xbd\x11\xe5\x8a\xe7\xff\x4e\x20\xfc\x23\x64\x28\xc5\xff\x3e\xe6\x3f\xd4\xce\xf0\x6b\xfb\xc6\x4b\xe1\xdc\x97\x2b\xde\x18\x3a\xe0\x1f\x21\x43\x29\xfe\xf7\x33\xff\xa1\x43\x1f\xac\x30\xee\xf8\xe7\xe6\x55\xe5\x8a\x37\x96\x0e\xf8\x47\xc8\x50\x8a\xff\x03\xcc\x7f\x18\xef\x5a\xbb\x5c\xcb\xdb\x8d\xea\x2d\x57\xbc\x71\x74\xc0\x3f\x42\x86\x52\xfc\x1f\x64\xfe\xc3\xae\x74\xc6\x9c\xea\xbd\xe7\xf7\x59\xb9\xe2\x8d\xa7\x03\xfe\x11\x32\x94\xe2\xff\x10\xf3\x1f\x6e\x6f\xda\xb5\xf3\xdb\xec\x58\x54\x4c\xae\x78\x13\xe8\x80\x7f\x84\x0c\xa5\xf8\x3f\xcc\xfc\x87\x0f\xff\xa6\x42\x9b\x0d\xad\x2e\x7f\x90\x2b\xde\x44\x3a\xe0\x1f\x21\x43\x29\xfe\x8f\x30\xff\x11\x96\x66\x5c\xf2\xf5\xfc\xfb\xdc\xf7\xe4\x8a\xe7\xff\x4c\x10\xfc\x23\x64\x28\xc5\xff\x51\xe6\x3f\x62\xa2\x17\x25\xc2\x46\x4e\x5a\xa1\x95\x5c\xf1\x26\xd3\x01\xff\x08\x19\x4a\xf1\x7f\x8c\xf9\x8f\x14\x70\xa9\x79\x25\xe7\xe8\xa3\xc1\x72\xc5\x9b\x42\x07\xfc\x23\x64\x28\xc5\xff\x71\xe6\x3f\x60\x63\x8c\xa1\x8b\xce\xc4\x9a\x9a\x43\xae\x78\x53\xe9\x80\x7f\x84\x0c\xa5\xf8\x0f\x66\xfe\x23\x1f\xdd\xde\xaa\xf9\xda\xb1\x3d\x62\xcb\x15\x6f\x1a\x1d\xf0\x8f\x90\xa1\x14\xff\x27\x98\xff\x28\xfd\x3b\x8e\x98\xd2\xb1\x7e\xd4\xb5\x72\xc5\x9b\x4e\x07\xfc\x23\x64\x28\xc5\xff\x49\xe6\x3f\x6a\xeb\x32\x2b\x0f\x4c\x2b\x92\xe4\xa4\x5c\xf1\x66\xd0\x01\xff\x08\x19\x4a\xf1\x7f\x8a\xf9\x8f\x76\x61\x6c\x99\xac\xa5\x27\x54\xef\x2f\x57\xbc\x99\x74\xc0\x3f\x42\x86\x52\xfc\x9f\x66\xfe\x7d\xde\xfa\x9c\x69\xd3\x44\xda\x55\x49\xae\x78\xb3\xe8\x80\x7f\x84\x0c\xa5\xf8\x3f\xc3\xfc\x3b\x2b\x5b\x5e\xb9\xfe\xf5\xfa\xe9\xc7\x72\xc5\x9b\x4d\x07\xfc\x23\x64\x28\xc5\xff\x59\xe6\xdf\xdd\x5b\xf9\xf3\x98\x57\x05\x1b\x44\x91\x2b\xde\x1c\x3a\xe0\x1f\x21\x43\x29\xfe\xcf\x31\xff\x5e\xf8\xa9\x31\xfb\xe7\x7c\x13\x73\x87\x5c\xf1\xe6\xd2\x01\xff\x08\x19\x4a\xf1\x7f\x9e\xf9\x8f\xde\xa4\x59\x83\xe3\xd5\xbb\xff\x9a\x26\x57\xbc\x79\x74\xc0\x3f\x42\x86\x52\xfc\x5f\x60\xfe\x63\xdc\x5d\x30\x28\xdb\xe8\xa5\x63\x03\xe5\x8a\x37\x9f\x0e\xf8\x47\xc8\x50\x8a\xff\x8b\xcc\x7f\xcc\x93\xb3\x16\x37\xe8\xd9\xbf\xc4\x20\xb9\xe2\x2d\xa0\x03\xfe\x11\x32\x94\xe2\xff\x12\xf3\x1f\xab\x43\x9d\xc2\x93\x97\xae\xcd\x94\x53\xae\x78\x0b\xe9\x80\x7f\x84\x0c\xa5\xf8\xbf\xcc\xfc\xc7\xbe\x38\x6f\x55\xc4\xa3\x39\xef\xc4\x91\x2b\xde\x22\x3a\xe0\x1f\x21\x43\x29\xfe\xaf\x30\xff\x71\x5a\xd4\x28\xf9\x33\xce\x93\xd5\x6b\xe4\x8a\xb7\x98\x0e\xf8\x47\xc8\x50\x8a\xff\xab\xcc\x7f\xdc\x3e\x8d\x5a\xae\x0b\x13\x2a\x7c\x71\xb9\xe2\x2d\xa1\x03\xfe\x11\x32\x94\xe2\xff\x1a\xf3\x1f\xef\xd8\x92\xd1\x75\xaf\x9f\xef\xf8\x5e\xae\x78\x4b\xe9\x80\x7f\x84\x0c\xa5\xf8\xbf\xce\xfc\xc7\xdf\x14\xae\xc9\x8c\x1d\xa5\xe7\xdc\x95\x2b\xde\x32\x3a\xe0\x1f\x21\x43\x29\xfe\x6f\x30\xff\x09\x22\x1c\x18\xd6\xba\xc9\x8c\x97\xad\xe5\x8a\xb7\x9c\x0e\xf8\x47\xc8\x50\x8a\xff\x9b\xcc\x7f\xc2\xf8\x3f\x97\x17\x1c\x3c\xf4\x68\x64\xb9\xe2\xad\xa0\x03\xfe\x11\x32\x94\xe2\xff\x16\xf3\x9f\x68\x59\xbe\xe2\xa7\xeb\x57\xdf\xbc\x53\xae\x78\x2b\xe9\x80\x7f\x84\x0c\xa5\xf8\xbf\xcd\xfc\x27\x5e\x7a\x2f\xe6\xf9\x82\x67\xea\x4d\x97\x2b\xde\x2a\x3a\xe0\x1f\x21\x43\x29\xfe\xef\x30\xff\x49\x12\xc5\xf9\x1c\xf8\x28\x51\xaa\xa4\x72\xc5\x5b\x4d\x07\xfc\x23\x64\x28\xc5\xff\x5d\xe6\x3f\x69\x40\xe0\x95\xee\x7f\xbf\x0f\x39\x25\x57\x3c\xff\x67\x82\xe0\x1f\x21\x43\x29\xfe\xef\x31\xff\x81\x1b\x9f\xe4\x1c\x92\x34\xcd\xc7\x7e\x72\xc5\xf3\x3f\x13\x18\xfe\x11\x32\x94\xe2\xff\x3e\xf3\x9f\xec\xf7\xd6\xce\xc7\x8a\x6c\x48\x54\x51\xae\x78\xeb\xe8\x80\x7f\x84\x0c\xa5\xf8\x7f\xc0\xfc\x27\x2f\xd1\x79\x62\xf6\x79\x8d\x5a\x3e\x91\x2b\xde\x7a\x3a\xe0\x1f\x21\x43\x29\xfe\x1f\x32\xff\x29\x82\x4a\x6d\x68\x38\xb2\x59\xce\xf6\x72\xc5\xdb\x40\x07\xfc\x23\x64\x28\xc5\xff\x23\xe6\x3f\xe5\xf3\xf1\x41\x93\xaa\x6e\x29\x7c\x53\xae\x78\x1b\xe9\x80\x7f\x84\x0c\xa5\xf8\x7f\xcc\xfc\xa7\x2a\x5d\x6e\x67\x84\xec\x19\xd6\x7c\x96\x2b\xde\x26\x3a\xe0\x1f\x21\x43\x29\xfe\x9f\x30\xff\xa9\xdf\x8f\xae\xfd\xeb\xc5\xef\x9b\x85\xe5\x8a\xb7\x99\x0e\xf8\x47\xc8\x50\x8a\xff\xa7\xcc\x7f\x9a\xc7\x1b\x7b\xad\xff\x1c\xaf\xdb\x0a\xb9\xe2\x6d\xa1\x03\xfe\x11\x32\x94\xe2\xff\x19\xf3\x9f\xb6\x5e\xf7\x19\x75\x52\x9d\x08\x91\x40\xae\x78\x5b\xe9\x80\x7f\x84\x0c\xa5\xf8\x7f\xce\xfc\xa7\x4b\x73\xa5\xfb\xcc\x92\x95\xdf\x64\x95\x2b\xde\x36\x3a\xe0\x1f\x21\x43\x29\xfe\x5f\x30\xff\xe9\x27\x78\x53\x5b\x4d\x19\x38\x7b\x98\x5c\xf1\xb6\xd3\x01\xff\x08\x19\x4a\xf1\xff\x92\xf9\xcf\x30\x24\xf5\x96\x02\x9d\xe7\x6c\x79\x20\x57\x3c\xff\x3b\xc1\xe0\x1f\x21\x43\x29\xfe\x5f\x31\xff\x19\x0b\xbc\xab\x76\x66\x7d\xf9\x43\x55\xe4\x8a\xe7\x7f\x26\x00\xfc\x23\x64\x28\xc5\xff\x6b\xe6\x3f\xd3\xef\x33\x69\xae\x9c\xbb\x9c\xb1\x97\x5c\xf1\x76\xd1\x01\xff\x08\x19\x4a\xf1\xff\x86\xf9\xcf\x5c\x22\x20\x38\x85\x17\xae\xe6\x39\xb9\xe2\xed\xa6\x03\xfe\x11\x32\x94\xe2\xff\x2d\xf3\x9f\x25\x28\xf3\x8b\x4e\x51\x1f\x7c\x49\x21\x57\xbc\x3d\x74\xc0\x3f\x42\x86\x52\xfc\xbf\x63\xfe\xb3\x3e\xff\x16\x30\xf0\x62\xd6\xc1\x93\xe5\x8a\xb7\x97\x0e\xf8\x47\xc8\x50\x8a\xff\xf7\xcc\x7f\xb6\xd1\x61\xfa\xe6\xde\xb4\xb2\xdd\x5e\xb9\xe2\xed\xa3\x03\xfe\x11\x32\x94\xe2\xff\x03\xf3\x9f\x3d\xf3\xa1\xf9\x27\xdb\xf5\x8e\x1d\x41\xae\x78\xfb\xe9\x80\x7f\x84\x0c\xa5\xf8\xff\xc8\xfc\xe7\x48\xfe\x7d\xdf\xbc\xa0\xf7\xe3\xa3\xca\x15\xef\x00\x1d\xf0\x8f\x90\xa1\x14\xff\x9f\x98\xff\x9c\xf3\x0b\xd4\x69\x3b\x2e\xe9\x8f\xdd\x72\xc5\x3b\x48\x07\xfc\x23\x64\x28\xc5\xff\x67\xe6\x3f\x57\xfe\xdf\xdb\xbf\xbd\xdd\x11\x7d\xaa\x5c\xf1\x0e\xd1\x01\xff\x08\x19\x4a\xf1\xff\x85\xf9\xcf\x3d\x3c\x4f\xd5\x30\x59\x5a\x35\x4a\x2c\x57\xbc\xc3\x74\xc0\x3f\x42\x86\x52\xfc\x7f\x65\xfe\xf3\x4c\x0e\xd1\xa5\x62\xc6\xb1\x67\x4f\xc8\x15\xef\x08\x1d\xf0\x8f\x90\xa1\x14\xff\xdf\x98\xff\xbc\xa9\x8f\x4d\x5b\xfc\xa9\xfe\x8e\x3e\x72\xc5\x3b\x4a\x07\xfc\x23\x64\x28\xc5\xff\x77\xe6\x3f\x5f\xdd\x26\x3d\x9b\x4d\x3e\x5a\x35\x48\xae\x78\xc7\xe8\x80\x7f\x84\x0c\xa5\xf8\xff\xc1\xfc\xe7\x7f\xb6\x68\xf6\xd4\x0a\xb1\x02\x9f\xc9\x15\xef\x38\x1d\xf0\x8f\x90\xa1\x14\xff\x3f\x99\xff\x02\x9f\x66\xec\x3a\xb8\x22\x52\xe4\x01\x72\xc5\x0b\xa6\x03\xfe\x11\x32\x94\xe2\xff\x17\xf3\x5f\xb0\x54\xbd\x1a\x59\xba\x5c\xef\x95\x5d\xae\x78\xfe\xdf\x09\xc2\x3f\x42\x86\x52\xfc\xff\x66\xfe\x0b\xb9\xe5\x2b\x37\x8f\x5e\x64\x7a\x3c\xb9\xe2\x9d\xa4\x03\xfe\x11\x32\x94\xe2\xff\x0f\xf3\x5f\x78\xc5\x88\x8d\x53\x82\x27\x3c\x58\x27\x57\x3c\xff\x3b\xc1\xe1\x1f\x21\x43\x29\xfe\xff\x32\xff\x45\xf6\x6c\x9a\x70\xe0\x4a\xf7\x72\xff\xc3\xb8\x77\x9a\x0e\xf8\x47\xc8\x50\x8a\xff\x7f\xcc\x7f\xd1\x70\x5d\x3a\x65\x8d\xb8\x34\xef\x47\xb9\xe2\x9d\xa1\x03\xfe\x11\x32\xd4\xff\xed\x3f\x6a\x08\xe6\xbf\x58\x89\x16\xc5\xa3\xb5\x2c\x78\xf5\xb6\x5c\xf1\xce\xd2\x01\xff\x08\x19\x4a\xf1\x1f\x92\xf9\x2f\xfe\x7b\xdd\xf2\xdf\x5b\xdf\x2c\x68\x29\x57\x3c\xff\x33\x01\xe1\x1f\x21\x43\x29\xfe\x43\x31\xff\x25\x9e\x4f\x19\xb6\x62\xd1\x8b\xbf\x8f\xe4\x8a\x77\x9e\x0e\xf8\x47\xc8\x50\x8a\xff\xd0\xcc\xff\x7f\x41\x41\x4d\x6a\xf7\xcb\x3b\xa2\x9a\x5c\xf1\x2e\xd0\x01\xff\x08\x19\x4a\xf1\x1f\x86\xf9\x2f\xf9\x7e\xc2\xf8\x83\x09\x17\x36\xed\x21\x57\xbc\x8b\x74\xc0\x3f\x42\x86\x52\xfc\x87\x65\xfe\x4b\x95\xae\xd6\x36\xcb\xa1\xce\xff\xff\xdf\xf5\xb3\xbc\x4b\x74\xc0\x3f\x42\x86\x52\xfc\x87\x63\xfe\x4b\xd7\x6b\x53\xb6\xd9\xbd\x29\xfb\x93\xc9\x15\xef\x32\x1d\xf0\x8f\x90\xa1\x14\xff\xe1\x99\xff\x32\x8f\x57\xad\x9b\x1a\xba\xc4\x89\x89\x72\xc5\xbb\x42\x07\xfc\x23\x64\x28\xc5\x7f\x04\xe6\xbf\xec\x84\x08\x85\x2b\x36\xbe\x9d\x6c\xbf\x5c\xf1\xae\xd2\x01\xff\x08\x19\x4a\xf1\x1f\x91\xf9\x2f\x97\xe6\xec\xe2\xc5\xfb\xa3\x06\x45\x92\x2b\xde\x35\x3a\xe0\x1f\x21\x43\x29\xfe\x23\x31\xff\xe5\x0b\x7c\x1e\xf4\xad\x86\xd7\xb7\xad\x5c\xf1\xae\xd3\x01\xff\x08\x19\x4a\xf1\x1f\xc0\xfc\x57\x18\x92\xa5\x41\x98\x21\xff\x3f\xf6\xee\x29\x48\xaf\x46\x79\xff\x7e\x6c\xcf\x5a\x6b\x62\xdb\xb6\x33\xb1\x6d\xdb\x9c\xd8\xb6\x6d\xdb\x98\xd8\xb6\xed\x4c\x6c\x1b\x6f\xbd\x55\x7d\xd7\xaf\xeb\xdf\x4f\xed\x3e\xee\xaa\xeb\x7b\xd4\x95\x7a\xe6\x3a\xfb\xec\xda\xc9\xdc\xf7\x5a\x07\x23\xdf\x90\x2b\x7e\x37\xe9\x80\x7f\x84\x0c\xa5\xf8\x8f\xc2\xfc\x57\x2a\x11\x23\x7e\xfc\xc7\x75\x9f\x7e\x95\x2b\x7e\xb7\xe8\x80\x7f\x84\x0c\xa5\xf8\x8f\xca\xfc\x57\xfe\x7d\xed\xef\xbb\xdc\xa3\x26\x16\x93\x2b\x7e\xb7\xe9\x80\x7f\x84\x0c\xa5\xf8\x8f\xc6\xfc\x57\x79\xfe\xfa\xfe\xee\x14\x1d\xf2\xaf\x96\x2b\x7e\xbe\xef\x04\xc2\x3f\x42\x86\x52\xfc\x47\x67\xfe\xab\x56\x49\x5b\xa0\xd4\x8f\x3d\x65\x12\xc9\x15\xbf\xbb\x74\xc0\x3f\x42\x86\x52\xfc\xc7\x60\xfe\xab\x65\xb9\x59\xf6\xfd\xac\x94\x2b\xb2\xc8\x15\xbf\x7b\x74\xc0\x3f\x42\x86\x52\xfc\xc7\x64\xfe\xab\x8f\x49\xb4\x2a\x74\xf1\xcf\x17\x87\xca\x15\xbf\xfb\x74\xc0\x3f\x42\x86\x52\xfc\xc7\x62\xfe\x6b\x2c\x48\x31\xb2\xe6\xf6\x8c\x71\x53\xc8\x15\xbf\x07\x74\xc0\x3f\x42\x86\x52\xfc\xfb\x31\xff\x35\x53\x04\xb7\x59\xda\xf6\x77\xbb\x89\x72\xc5\xef\x21\x1d\xf0\x8f\x90\xa1\x14\xff\x0e\xf3\x5f\x6b\x44\x92\x41\x05\x23\xb7\x18\xb4\x4f\xae\xf8\x3d\xa2\x03\xfe\x11\x32\x94\xe2\xdf\x65\xfe\x6b\x17\x78\xd6\xf4\xec\xf5\xad\xdf\x22\xcb\x15\x3f\xdf\x33\xc1\xe0\x1f\x21\x43\x29\xfe\x3d\xe6\xbf\x4e\x9a\xbb\x45\x67\x9d\xaa\x5a\xf7\x91\x5c\xf1\x7b\x4c\x07\xfc\x23\x64\x28\xc5\xbf\x3f\xf3\x5f\x77\x4a\xbc\x85\x6d\xbc\x41\x19\x6a\xca\x15\xbf\x27\x74\xc0\x3f\x42\x86\x52\xfc\xc7\x66\xfe\xeb\x3d\xdb\x59\x71\x43\xf7\x78\x07\x7a\xc9\x15\xbf\xa7\x74\xc0\x3f\x42\x86\x52\xfc\xc7\x61\xfe\xeb\xd7\x1f\xb0\xae\xde\xea\x93\x41\x67\xe4\x8a\xdf\x33\x3a\xe0\x1f\x21\x43\x29\xfe\xe3\x32\xff\x0d\x4a\x17\x1f\x1b\xa1\xfc\x95\x59\x6b\xe4\x8a\xdf\x73\x3a\xe0\x1f\x21\x43\x29\xfe\xe3\x31\xff\x0d\x3f\x0d\xe9\xf0\x6b\x52\xb8\x77\x09\xe5\x8a\xdf\x0b\x3a\xe0\x1f\x21\x43\x29\xfe\xe3\x33\xff\x8d\xde\x37\x2a\xf0\xec\xc3\xdc\x50\x99\xe5\x8a\xdf\x4b\x3a\xe0\x1f\x21\x43\x29\xfe\x13\x30\xff\x8d\xcb\x2c\xbf\xef\x64\xa8\xd0\x6d\x98\x5c\xf1\x7b\x45\x07\xfc\x23\x64\x28\xc5\x7f\x42\xe6\xbf\x49\x83\xb9\x7f\x0b\x67\x5e\x75\xa3\x9d\x5c\xf1\x7b\x4d\x07\xfc\x23\x64\x28\xc5\x7f\x22\xe6\xbf\xe9\xe3\x3a\xf1\xb7\xbc\xee\xb3\xfe\xa6\x5c\xf1\x7b\x43\x07\xfc\x23\x64\x28\xc5\x7f\x62\xe6\xbf\xd9\xaa\x48\xb5\x3e\x8c\x7d\x58\xec\x9b\x5c\xf1\x7b\x4b\x07\xfc\x23\x64\x28\xc5\x7f\x12\xe6\xbf\xb9\xdf\x99\x5d\xa1\x2a\x65\xcb\x51\x54\xae\xf8\xbd\xa3\x03\xfe\x11\x32\x94\xe2\x3f\x29\xf3\xdf\x22\xfc\xd7\x39\x35\x4a\xe6\x6a\x7b\x42\xae\xf8\xbd\xa7\x03\xfe\x11\x32\x94\xe2\x3f\x19\xf3\xdf\x72\x6f\xe6\x5e\xcb\xe6\x3c\x49\xd0\x4f\xae\xf8\x7d\xa0\x03\xfe\x11\x32\x94\xe2\x3f\x39\xf3\xdf\x2a\xd1\xc7\xc9\x85\x7e\x0d\x78\x5f\x55\xae\xf8\x7d\xa4\x03\xfe\x11\x32\x94\xe2\x3f\x05\xf3\xdf\x7a\x59\xf6\x4e\x67\x52\xad\x1b\xfe\x54\xae\xf8\x7d\xa2\x03\xfe\x11\x32\x94\xe2\x3f\x25\xf3\xdf\x66\x53\xb4\xca\x33\xf3\x96\x49\x1b\x5d\xae\xf8\x7d\xa6\x03\xfe\x11\x32\x94\xe2\x3f\x15\xf3\xdf\x36\xf2\x89\x2d\x6d\x9f\xce\xac\xb7\x4b\xae\xf8\x7d\xa1\x03\xfe\x11\x32\x94\xe2\x3f\x35\xf3\xdf\x6e\x40\x9b\x7a\xeb\x87\x87\xda\x34\x55\xae\xf8\xf9\xde\x09\x08\xff\x08\x19\x4a\xf1\x9f\x86\xf9\x6f\x7f\x74\xed\xbe\xfa\x75\x2e\x1c\x4f\x22\x57\xfc\x7c\x9f\x09\x82\x7f\x84\x0c\xa5\xf8\x4f\xcb\xfc\x77\xb8\x38\x7d\x41\xc4\xbd\x67\x9f\x97\x90\x2b\x7e\xdf\xe9\x80\x7f\x84\x0c\xa5\xf8\x4f\xc7\xfc\x77\x6c\x5b\xa9\xdf\xcf\xc6\x89\xe6\x7f\x92\x2b\x7e\x3f\xe8\x80\x7f\x84\x0c\xa5\xf8\x4f\xcf\xfc\x77\x5a\xd5\x25\xe4\xa3\x90\xc3\xba\xde\x95\x2b\x7e\x3f\xe9\x80\x7f\x84\x0c\xa5\xf8\xcf\xc0\xfc\x77\xf6\xdb\x1a\x1c\xf3\x6e\xcd\xb0\xad\xe4\x8a\xdf\x2f\x3a\xe0\x1f\x21\x43\x29\xfe\x33\x32\xff\x5d\xc2\x8f\x3f\x54\xfc\xc0\xc6\x55\x83\xe4\x8a\xdf\x6f\x3a\xe0\x1f\x21\x43\x29\xfe\x33\x31\xff\x5d\xf7\x96\x4a\x1c\x14\xbf\xc9\xfd\xec\x72\xc5\xef\x0f\x1d\xf0\x8f\x90\xa1\x14\xff\x99\x99\xff\x6e\xf7\x76\xd7\x88\xd6\xf7\x7b\xd6\xb8\x72\xc5\xef\x2f\x1d\xf0\x8f\x90\xa1\x14\xff\x59\x98\xff\xc0\x66\xfd\xb6\xfe\x59\x98\x36\x60\x83\x5c\xf1\xfb\x47\x07\xfc\x23\x64\x28\xc5\x7f\x56\xe6\xbf\x7b\xa7\x92\xd3\x56\xcd\xef\x34\xf2\x3f\x9e\xff\xe7\xf8\x0e\xf8\x47\xc8\x50\x8a\xff\x6c\xcc\x7f\x8f\x53\x83\x7a\xd4\x29\xba\xf8\xef\x7f\x3c\xff\xcf\xa1\xff\x06\xfe\x11\xb2\x94\xe2\x3f\x3b\xf3\xdf\xb3\x55\xb1\xb9\x07\x92\xe6\xf6\xfb\x8f\xe7\xff\x39\xa1\xe8\x80\x7f\x84\x0c\xa5\xf8\xcf\xc1\xfc\xf7\xba\x34\xac\x7f\xb6\xbf\x2f\x9b\xff\xc7\xf3\xff\x9c\xd0\x74\xc0\x3f\x42\x86\x52\xfc\xe7\x64\xfe\x7b\x1f\xdb\xdf\xb0\x65\x70\xd4\x93\xff\xf1\xfe\x3f\x27\x0c\x1d\xf0\x8f\x90\xa1\x14\xff\xb9\x98\xff\x3e\x7d\x7b\xed\x9d\x5a\xe8\xfe\xfe\xff\x78\xff\x9f\x13\x96\x0e\xf8\x47\xc8\x50\x8a\xff\xdc\xcc\x7f\xdf\x08\xb7\xab\x54\x6e\x58\xbc\xca\x7f\xbc\xff\xcf\x09\x47\x07\xfc\x23\x64\x28\xc5\x7f\x1e\xe6\xbf\xdf\xe6\x04\x1b\x17\x0f\x99\x91\xfc\x3f\xde\xff\xe7\x84\xa7\x03\xfe\x11\x32\x94\xe2\x3f\x2f\xf3\xdf\x7f\x79\xaa\x49\x5f\x9b\x8d\x8e\xfc\x48\xae\x38\xbe\x9f\x87\x7f\x84\x0c\xa5\xf8\xcf\xc7\xfc\x0f\x88\xff\xb0\x6b\xd8\x1d\xb5\xfa\xd5\x94\x2b\x4e\x44\x3a\xe0\x1f\x21\x43\x29\xfe\xf3\x33\xff\x03\xbf\xfa\x9f\x38\x74\xe3\xd0\xc4\x5e\x72\xc5\x89\x44\x07\xfc\x23\x64\x28\xc5\x7f\x01\xe6\x7f\x50\xb9\x8b\x69\xb3\x84\x89\xf1\xf4\x8c\x5c\x71\x22\xd3\x01\xff\x08\x19\x4a\xf1\x5f\x90\xf9\x1f\x5c\xeb\x55\xe4\xe6\x71\xbe\x95\x49\x21\x57\x9c\x28\x74\xc0\x3f\x42\x86\x52\xfc\x17\x62\xfe\x87\x3c\xca\xf0\x62\xfa\xd1\x14\xf9\x27\xca\x15\x27\x2a\x1d\xf0\x8f\x90\xa1\x14\xff\x85\x99\xff\xa1\x1f\xf3\x9d\x48\xbc\x6c\xff\xc5\x7d\x72\xc5\x89\x46\x07\xfc\x23\x64\x28\xc5\x7f\x11\xe6\x7f\x58\xa9\x3f\x69\x2f\xf7\x6a\xbf\x22\xb2\x5c\x71\x7c\xef\x04\x83\x7f\x84\x0c\xa5\xf8\x2f\xca\xfc\x0f\xaf\x77\x3c\xf2\x88\x0e\xad\x7f\xfc\xc7\xf3\xff\x9c\x18\x74\xc0\x3f\x42\x86\x52\xfc\x17\x63\xfe\x47\x3c\x0d\xf9\xa2\xdb\xe6\xdd\x13\xfe\xe3\xf9\x7f\x4e\x4c\x3a\xe0\x1f\x21\x43\x29\xfe\x03\x98\xff\x91\x01\x87\x43\xbd\xbd\x94\xa4\xc9\x7f\x3c\xff\xcf\x89\x45\x07\xfc\x23\x64\x28\xc5\x7f\x71\xe6\x7f\xd4\xdf\xb0\x0f\x12\x44\xfb\xe4\xfc\xc7\xf3\xff\x1c\x3f\x3a\xe0\x1f\x21\x43\x29\xfe\x4b\x30\xff\xa3\x5f\x16\x3a\x58\xda\xcf\xd9\xf1\x1f\xef\xff\x73\x7c\x0f\x00\x84\x7f\x84\x0c\xa5\xf8\x2f\xc9\xfc\x8f\xa9\xf4\x23\xd9\xae\xf3\xc7\xce\xfd\xc7\xfb\xff\x1c\x97\x0e\xf8\x47\xc8\x50\x8a\xff\x52\xcc\xff\xd8\xe4\x75\xcf\x0c\xd8\x50\x2f\xd9\x7f\xbc\xff\xcf\xf1\xe8\x80\x7f\x84\x0c\xa5\xf8\x2f\xcd\xfc\x8f\x9b\x3f\x2f\xe3\xd8\xae\xe3\xab\xff\xc7\xfb\xff\x1c\x7f\x3a\xe0\x1f\x21\x43\x29\xfe\xcb\x30\xff\xe3\x47\xaf\x88\x7e\x63\xea\x94\xde\xd1\xe5\x8a\x13\x9b\x0e\xf8\x47\xc8\x50\x8a\xff\xb2\xcc\xff\x84\xcc\x8d\xdf\xa4\x2b\x55\x24\xca\x2e\xb9\xe2\xc4\xa1\x03\xfe\x11\x32\x94\xe2\xbf\x1c\xf3\x3f\xf1\x63\xb1\x49\xd9\x52\xdf\x7e\x38\x55\xae\x38\xbe\xcf\x04\xc0\x3f\x42\x86\x52\xfc\x97\x67\xfe\x27\x95\x1a\xd6\xf5\xc0\xe7\x88\x33\x92\xc8\x15\x27\x1e\x1d\xf0\x8f\x90\xa1\x14\xff\x15\x98\xff\xc9\xf5\xf6\x57\x99\xfa\xe2\x6d\xbe\x13\x72\xc5\x89\x4f\x07\xfc\x23\x64\x28\xc5\x7f\x45\xe6\x7f\xca\xd3\x5e\x1b\x5b\xe6\xc8\x5f\xbe\x9f\x5c\x71\x12\xd0\x01\xff\x08\x19\x4a\xf1\x5f\x89\xf9\x9f\x3a\x6c\xf4\xb1\xfb\xd5\x97\x2f\xac\x2a\x57\x1c\xdf\x3b\x41\xe0\x1f\x21\x43\x29\xfe\x2b\x33\xff\xd3\x0a\x95\x4b\x9e\x7e\x54\xb7\x6b\x4f\xe5\x8a\x93\x88\x0e\xf8\x47\xc8\x50\x8a\xff\x2a\xcc\xff\xf4\x74\xdd\xc3\xf6\xec\xb3\x3e\xc1\x7f\x18\x77\x7c\x3f\x03\xff\x08\x19\x4a\xf1\x5f\x95\xf9\x9f\x31\x69\xe3\xb3\x31\x2b\xfa\xb6\xfd\x28\x57\x1c\xdf\xef\x04\xe0\x1f\x21\x43\x29\xfe\xab\x31\xff\x33\xb3\x75\x89\x12\xf3\xf8\xd3\xe1\x77\xe4\x8a\x93\x94\x0e\xf8\x47\xc8\x50\x8a\xff\xea\xcc\xff\xac\x51\x5b\xdf\x3e\x8a\x97\xfd\x7d\x6b\xb9\xe2\x24\xa3\x03\xfe\x11\x32\x94\xe2\xbf\x06\xf3\x3f\x7b\xde\xf8\xf3\x41\xe1\x2e\xd7\x1b\x28\x57\x9c\xe4\x74\xc0\x3f\x42\x86\x52\xfc\xd7\x64\xfe\xe7\xa4\x2a\x95\xa1\xf8\xad\x90\x69\x73\xc8\x15\xc7\xf7\x4e\x10\xf8\x47\xc8\x50\x8a\xff\x5a\xcc\xff\xdc\xaa\x2f\x0f\x0d\xdc\x35\xe7\x78\x3c\xb9\xe2\xa4\xa4\x03\xfe\x11\x32\x94\xe2\xbf\x36\xf3\x3f\xef\x45\xfa\xc4\x5d\x5b\x94\xde\xb4\x5e\xae\x38\xa9\xe8\x80\x7f\x84\x0c\xa5\xf8\xaf\xc3\xfc\xcf\xff\xe3\x85\x4c\x35\xa8\xda\xfc\x93\x72\xc5\x49\x4d\x07\xfc\x23\x64\x28\xc5\x7f\x5d\xe6\x7f\x41\xc9\x0b\xc1\x57\xea\x0f\x7f\xde\x57\xae\x38\x69\xe8\x80\x7f\x84\x0c\xa5\xf8\xaf\xc7\xfc\x2f\x0c\xc8\xb6\xf1\x44\x81\xf8\x61\xab\xc8\x15\x27\x2d\x1d\xf0\x8f\x90\xa1\x14\xff\xf5\x99\xff\x45\x7f\xbf\x54\xc9\xf7\xf0\x5c\xd7\x67\x72\xc5\x49\x47\x07\xfc\x23\x64\x28\xc5\x7f\x03\xe6\x7f\xf1\xcb\xf3\x5d\x3b\xfe\x4e\x73\x3f\x9a\x5c\x71\xd2\xd3\x01\xff\x08\x19\x4a\xf1\xdf\x90\xf9\x5f\x52\x29\xe2\xa4\xb9\x89\x7f\xad\xda\x2d\x57\x9c\x0c\x74\xc0\x3f\x42\x86\x52\xfc\x37\x62\xfe\x97\x26\xa8\x7d\xf5\x5e\xe1\xc6\x01\xd3\xe4\x8a\x93\x91\x0e\xf8\x47\xc8\x50\x8a\xff\xc6\xcc\xff\xb2\x15\x0b\x72\x65\x98\xbb\x25\x6b\x62\xb9\xe2\x64\xa2\x03\xfe\x11\x32\x94\xe2\xbf\x09\xf3\xbf\x7c\xcb\x32\xaf\xd7\x98\xed\xed\x56\xcb\x15\x27\x33\x1d\xf0\x8f\x90\xa1\x14\xff\x4d\x99\xff\x15\x11\x9b\x7e\x1e\x5d\xb3\x79\xdc\x44\x72\xc5\xc9\x42\x07\xfc\x23\x64\x28\xc5\x7f\x33\xe6\x7f\xe5\x9a\x45\x89\x62\xe4\xfa\xf7\x2d\x8b\x5c\x71\xb2\xd2\x01\xff\x08\x19\x4a\xf1\xdf\x9c\xf9\x5f\x15\xb3\xe5\x9f\xe0\x57\x19\x06\x0d\x95\x2b\x4e\x36\x3a\xe0\x1f\x21\x43\x29\xfe\x5b\x30\xff\xab\xc3\xd6\xbf\xb3\xfd\xeb\xa9\x0c\xed\xe5\x8a\x93\x9d\x0e\xf8\x47\xc8\x50\x8a\xff\x96\xcc\xff\x9a\xfd\x73\x0a\x06\xa4\x8d\x5d\xf7\x86\x5c\x71\x7c\xcf\x04\x80\x7f\x84\x0c\xa5\xf8\x6f\xc5\xfc\xaf\x3d\x9d\xe7\xe2\xa0\x32\x83\x83\xbe\xca\x15\x27\x27\x1d\xf0\x8f\x90\xa1\x14\xff\xad\x99\xff\x75\x9d\xff\x65\xeb\x32\xbd\xd2\x81\x62\x72\xc5\xc9\x45\x07\xfc\x23\x64\x28\xc5\x7f\x1b\xe6\x7f\x7d\xf3\xa3\xb1\x52\x76\x2e\xff\x2e\xb9\x5c\x71\x72\xd3\x01\xff\x08\x19\x4a\xf1\xdf\x96\xf9\xdf\x70\x3f\xf4\xfb\xab\xeb\x16\xcc\x9a\x24\x57\x9c\x3c\x74\xc0\x3f\x42\x86\x52\xfc\xb7\x63\xfe\x37\x26\x48\x32\xf6\xec\xd9\xb0\xdd\xf6\xcb\x15\x27\x2f\x1d\xf0\x8f\x90\xa1\x14\xff\xed\x99\xff\x4d\x2b\x9e\x75\x28\x18\xf3\x7a\xa8\x48\x72\xc5\xc9\x47\x07\xfc\x23\x64\x28\xc5\x7f\x07\xe6\x7f\xf3\x96\xbb\x15\xdb\x44\xc9\xbc\x3e\x58\xae\x38\xf9\xe9\x80\x7f\x84\x0c\xa5\xf8\xef\xc8\xfc\x6f\x89\x18\x6f\xdd\xac\x0b\x8f\x6e\xd4\x90\x2b\x4e\x01\x3a\xe0\x1f\x21\x43\x29\xfe\x3b\x31\xff\x5b\xdb\x3c\xbf\x9d\x64\x63\xcf\x1c\x3d\xe5\x8a\x53\x90\x0e\xf8\x47\xc8\x50\x8a\xff\xce\xcc\xff\xb6\x0b\x19\xf3\x5c\x6a\xb7\xba\xd8\x59\xb9\xe2\x14\xa2\x03\xfe\x11\x32\x94\xe2\xbf\x0b\xf3\x1f\x74\xc4\x89\x3d\xbc\x52\x92\x2b\xa7\xe5\x8a\x53\x98\x0e\xf8\x47\xc8\x50\x8a\xff\xae\xcc\xff\xf6\xfe\x97\x7e\x06\x8e\xfd\xb4\xb8\xbf\x5c\x71\x8a\xd0\x01\xff\x08\x19\x4a\xf1\xdf\x8d\xf9\xdf\x71\x27\x46\xcc\x77\xaf\x5b\x57\xac\x24\x57\x9c\xa2\x74\xc0\x3f\x42\x86\x52\xfc\x07\x32\xff\x3b\x5b\x5c\xfb\x14\x3f\xf3\xee\x3c\x4f\xe4\x8a\xe3\xfb\x4e\x00\xfc\x23\x64\x28\xc5\x7f\x77\xe6\x7f\x57\x97\xd7\x97\x4a\x65\xa8\x37\x2d\x8a\x5c\x71\x02\xe8\x80\x7f\x84\x0c\xa5\xf8\xef\xc1\xfc\xef\x3e\x91\x36\xf3\xee\x0f\xe3\x83\x77\xca\x15\xa7\x38\x1d\xf0\x8f\x90\xa1\x14\xff\x3d\x99\xff\x3d\x7b\x46\xde\xef\x3f\xc9\x89\x36\x43\xae\x38\x25\xe8\x80\x7f\x84\x0c\xa5\xf8\xef\xc5\xfc\xef\x0d\x57\xa1\xc0\xb8\xf2\xc7\x7a\x26\x95\x2b\x8e\xcf\x3d\xfc\x23\x64\x28\xc5\x7f\x6f\xe6\x7f\x5f\xac\x6e\xf1\x6f\xae\xbe\x5d\xb3\xb8\x5c\x71\x4a\xd1\x01\xff\x08\x19\x4a\xf1\xdf\x87\xf9\xdf\xbf\x72\xf3\xdf\xb4\xdd\x23\x26\x79\x2f\x57\x9c\xd2\x74\xc0\x3f\x42\x86\x52\xfc\xf7\x65\xfe\x0f\x7c\x5a\xfc\x65\x80\x37\xe5\xcc\x3d\xb9\xe2\x94\xa1\x03\xfe\x11\x32\x94\xe2\xbf\x1f\xf3\x7f\xb0\x74\x33\xff\xb1\xa7\x8a\xec\x6a\x2b\x57\x9c\xb2\x74\xc0\x3f\x42\x86\x52\xfc\xf7\x67\xfe\x0f\xd5\x6f\x90\xf3\xc6\xf5\xe5\xde\x60\xb9\xe2\x94\xa3\x03\xfe\x11\x32\x94\xe2\x7f\x00\xf3\x7f\xf8\xd9\xcc\x2b\xe9\x22\x77\x6b\x94\x4b\xae\x38\xe5\xe9\x80\x7f\x84\x0c\xa5\xf8\x1f\xc8\xfc\x1f\x29\x1f\xaa\x60\x60\xdb\xb7\xe3\xe2\xc8\x15\xa7\x02\x1d\xf0\x8f\x90\xa1\x14\xff\x83\x98\xff\xa3\xdf\x8e\xdc\x19\xbe\x3d\xff\xaf\xb5\x72\xc5\xa9\x48\x07\xfc\x23\x64\x28\xc5\xff\x60\xe6\xff\x58\xf0\xdf\x3f\x97\x16\xe6\x5e\x96\x52\xae\x38\xbe\xef\x04\xc2\x3f\x42\x86\x52\xfc\x0f\x61\xfe\x8f\xd7\xce\x9d\x28\x49\xdf\x97\x97\xa7\xc8\x15\xa7\x32\x1d\xf0\x8f\x90\xa1\x14\xff\x43\x99\xff\x13\xbf\x7e\x7e\xde\x1d\xbf\x53\xc1\xbd\x72\xc5\xa9\x42\x07\xfc\x23\x64\x28\xc5\xff\x30\xe6\xff\x64\x91\xfc\x5e\xa9\x03\x8b\x4b\x45\x90\x2b\x4e\x55\x3a\xe0\x1f\x21\x43\x29\xfe\x87\x33\xff\xa7\xaa\x87\xcb\x15\xff\x6e\xf1\xc7\x0f\xe5\x8a\x53\x8d\x0e\xf8\x47\xc8\x50\x8a\xff\x11\xcc\xff\xe9\x77\x07\xae\xbe\x0b\x39\x63\x72\x35\xb9\xe2\x54\xa7\x03\xfe\x11\x32\x94\xe2\x7f\x24\xf3\x7f\x66\x4e\x93\xbc\x69\x1b\x47\x1d\xd0\x5b\xae\x38\xbe\x77\x82\xc0\x3f\x42\x86\x52\xfc\x8f\x62\xfe\xcf\x26\x59\x7a\xe3\xe6\xde\xfb\x11\xcf\xcb\x15\xa7\x26\x1d\xf0\x8f\x90\xa1\x14\xff\xa3\x99\xff\x73\x39\xe6\xff\x18\x57\xe7\x50\xca\x95\x72\xc5\xa9\x45\x07\xfc\x23\x64\x28\xc5\xff\x18\xe6\xff\xfc\x84\x5a\xf1\xfa\x0f\x8f\x51\x29\x81\x5c\x71\x6a\xd3\x01\xff\x08\x19\x4a\xf1\x3f\x96\xf9\xbf\x50\xbe\x77\xcb\x16\x4f\x47\xef\xcd\x26\x57\x9c\x3a\x74\xc0\x3f\x42\x86\x52\xfc\x8f\x63\xfe\x2f\x7e\xdb\x33\x6c\x5a\xde\x5a\xa7\x87\xcb\x15\xa7\x2e\x1d\xf0\x8f\x90\xa1\x14\xff\xe3\x99\xff\x4b\xc1\xc3\x97\x1e\x4c\xb5\xbf\x65\x47\xb9\xe2\xd4\xa3\x03\xfe\x11\x32\x94\xe2\x7f\x02\xf3\x7f\xb9\x76\xe1\x12\x59\x7f\xb5\x8f\x79\x4b\xae\x38\xf5\xe9\x80\x7f\x84\x0c\xa5\xf8\x9f\xc8\xfc\x5f\xc9\xbb\x25\xf3\xe8\x39\xdf\x7e\x7f\x96\x2b\x4e\x03\x3a\xe0\x1f\x21\x43\x29\xfe\x27\x31\xff\x57\x07\x06\x5e\xea\x55\x32\xc5\xe8\x22\x72\xc5\x69\x48\x07\xfc\x23\x64\x28\xc5\xff\x64\xe6\xff\xda\xd4\x8a\x9f\x32\x6c\xfb\x57\xe4\x81\x5c\x71\x1a\xd1\x01\xff\x08\x19\x4a\xf1\x3f\x85\xf9\xbf\x9e\x71\x54\xcc\x7b\xad\x33\xe4\xaa\x2e\x57\x9c\xc6\x74\xc0\x3f\x42\x86\x52\xfc\x4f\x65\xfe\x6f\x8c\x2d\xfb\x33\x20\xe2\xf6\x5b\x7d\xe4\x8a\xd3\x84\x0e\xf8\x47\xc8\x50\x8a\xff\x69\xcc\xff\xcd\x9c\xe3\x62\x6f\xbf\xda\x7c\xed\x39\xb9\xe2\x34\xa5\x03\xfe\x11\x32\x94\xe2\x7f\x3a\xf3\x7f\x2b\xe9\xf6\x3c\xc1\x27\x06\x87\x48\x25\x57\x9c\x66\x74\xc0\x3f\x42\x86\x52\xfc\xcf\x60\xfe\x6f\xcf\xec\x7c\x3b\x86\x53\xa9\xfb\x64\xb9\xe2\x34\xa7\x03\xfe\x11\x32\x94\xe2\x7f\x26\xf3\x7f\xe7\xf5\xe5\xec\x57\xbb\x9d\x9a\xb3\x47\xae\x38\x2d\xe8\x80\x7f\x84\x0c\xa5\xf8\x9f\xc5\xfc\xdf\xad\xe1\x5e\x4b\xb9\x32\xf6\x9b\x88\x72\xc5\x69\x49\x07\xfc\x23\x64\x28\xc5\xff\x6c\xe6\xff\x5e\xd1\x4c\xdf\xba\x54\x0c\x7b\xa8\x83\x5c\x71\x5a\xd1\x01\xff\x08\x19\x4a\xf1\x3f\x87\xf9\xbf\xff\xfd\x85\x3b\x68\xca\xf5\xad\xb7\xe5\x8a\xd3\x9a\x0e\xf8\x47\xc8\x50\x8a\xff\xb9\xcc\xff\x83\x5f\x91\x4a\xcc\xfb\x54\xbe\xf6\x17\xb9\xe2\xb4\xa1\x03\xfe\x11\x32\x94\xe2\x7f\x1e\xf3\xff\xb0\xc8\x99\xa5\x1d\x32\x2d\xc8\x54\x58\xae\x38\x6d\xe9\x80\x7f\x84\x0c\xa5\xf8\x9f\xcf\xfc\x3f\xaa\xfe\x75\x58\xde\xac\x3d\x87\xac\x92\x2b\x4e\x3b\x3a\xe0\x1f\x21\x43\x29\xfe\x17\x30\xff\xc1\xef\x32\xb7\x3c\xf9\x76\xf5\x97\xf8\x72\xc5\x69\x4f\x07\xfc\x23\x64\x28\xc5\xff\x42\xe6\xff\xf1\xe2\x46\xc9\xc6\x8c\xcf\x1c\x3b\xab\x5c\x71\x7c\xbf\x13\x80\x7f\x84\x0c\xa5\xf8\x5f\xc4\xfc\x3f\x89\xbd\xfc\x60\xcf\x2a\x8f\x3a\x8c\x90\x2b\x8e\xef\x99\x60\xf0\x8f\x90\xa1\x14\xff\x8b\x99\xff\xa7\x51\xe6\x3e\x48\x5f\xfc\x69\xe6\xa8\x72\xc5\xe9\x44\x07\xfc\x23\x64\x28\xc5\xff\x12\xe6\xff\x59\x50\x9d\x50\xf7\x67\x65\x2f\xb1\x43\xae\x38\x9d\xe9\x80\x7f\x84\x0c\xa5\xf8\x5f\xca\xfc\x3f\x77\x66\xbe\x28\xfe\x63\xfd\x9a\xe9\x72\xc5\xe9\x42\x07\xfc\x23\x64\x28\xc5\xff\x32\xe6\xff\xc5\xfa\x06\x91\x83\x52\xf4\xbd\x9b\x4c\xae\x38\x5d\xe9\x80\x7f\x84\x0c\xa5\xf8\x5f\xce\xfc\xbf\xdc\xd5\x2c\xed\xa3\xdc\x73\x3a\x9f\x92\x2b\x4e\x37\x3a\xe0\x1f\x21\x43\x29\xfe\x57\x30\xff\xaf\x42\x2c\x3e\x11\xf3\x71\xe9\xf0\x03\xe4\x8a\x13\x48\x07\xfc\x23\x64\x28\xc5\xff\x4a\xe6\xff\x75\xb7\x10\xa9\xae\x0c\xbd\xfc\xb2\xb2\x5c\x71\xba\xd3\x01\xff\x08\x19\x4a\xf1\xbf\x8a\xf9\x7f\x73\xee\xd8\xd1\x54\xb5\x42\xce\x7d\x2c\x57\x9c\x1e\x74\xc0\x3f\x42\x86\x52\xfc\xaf\x66\xfe\xdf\xde\xfa\xfd\xb8\xeb\xfe\xf8\x5b\x86\xc8\x15\xa7\x27\x1d\xf0\x8f\x90\xa1\x14\xff\x6b\x98\xff\x77\x8d\xf2\x86\x1b\xd8\xf4\xdc\xd1\x9c\x72\xc5\xe9\x45\x07\xfc\x23\x64\x28\xc5\xff\x5a\xe6\xff\xfd\xe2\xd8\xbd\x67\x86\xae\x96\x3a\xb6\x5c\x71\x7a\xd3\x01\xff\x08\x19\x4a\xf1\xbf\x8e\xf9\xff\x10\xfb\xde\xcc\xb6\xf7\x87\x37\x58\x27\x57\x1c\xdf\x3b\x41\xe0\x1f\x21\x43\x29\xfe\xd7\x33\xff\x1f\xa3\x3c\xde\x59\xe8\x50\xe3\x8f\x01\x72\xc5\xe9\x4b\x07\xfc\x23\x64\x28\xc5\xff\x06\xe6\xff\x53\x50\xd2\xba\x67\x12\x6e\x19\xfa\x41\xae\x38\xfd\xe8\x80\x7f\x84\x0c\xa5\xf8\xdf\xc8\xfc\x7f\xbe\x7a\x31\x43\xb7\xfe\x69\x5a\xdf\x97\x2b\x4e\x7f\x3a\xe0\x1f\x21\x43\x29\xfe\x37\x31\xff\x5f\x3a\xfa\x9f\x1f\xb1\xf8\x57\xa2\x36\x72\xc5\xf1\x7d\x26\x10\xfe\x11\x32\x94\xe2\x7f\x33\xf3\xff\xb5\x4f\x86\xb7\x97\xc3\x17\x2c\x79\x59\xae\x38\x03\xe9\x80\x7f\x84\x0c\xa5\xf8\xdf\xc2\xfc\x7f\x3b\xf8\x2a\x4a\xe2\xdb\xaf\xb3\xb4\x90\x2b\xce\x20\x3a\xe0\x1f\x21\x43\x29\xfe\xb7\x32\xff\xdf\x9b\xa6\x79\xb6\x6b\x77\xf7\x3b\xa5\xe4\x8a\x33\x98\x0e\xf8\x47\xc8\x50\x8a\xff\x6d\xcc\xff\x8f\x9b\xef\xc2\x96\x6e\xb9\x74\xf5\x1f\xb9\xe2\xf8\x3e\x13\x0c\xff\x08\x19\x4a\xf1\x1f\xc4\xfc\xff\x3c\x7b\x35\x79\x82\xde\xc5\xc2\x39\x72\xc5\x19\x4a\x07\xfc\x23\x64\x28\xc5\xff\x76\xe6\xff\x57\x0f\xbf\x63\x6f\x97\x4f\xea\xb4\x48\xae\x38\xc3\xe8\x80\x7f\x84\x0c\xa5\xf8\xdf\xc1\xfc\xff\x0e\xbd\x29\x4d\xba\x63\x91\xe7\x4d\x90\x2b\xce\x70\x3a\xe0\x1f\x21\x43\x29\xfe\x77\x32\xff\x7f\x76\xf6\x38\x7d\x23\xee\xcd\x57\x79\xe5\x8a\xe3\x7b\x27\x00\xfc\x23\x64\x28\xc5\xff\x2e\xe6\xff\xef\xba\xf2\x2f\xc7\xfe\x39\x72\xa4\xbe\x5c\x71\x46\xd2\x01\xff\x08\x19\x4a\xf1\xbf\x9b\xf9\xff\xe7\x3f\x26\xc2\x80\x24\xde\xe6\xe7\x72\xc5\x19\x45\x07\xfc\x23\x64\x28\xc5\xff\x9e\xff\xf3\xef\x84\x78\xd0\x73\x48\x88\x22\x63\x1b\x1e\x93\x2b\xce\x68\x3a\xe0\x1f\x21\x43\x29\xfe\xf7\x32\xff\x21\xeb\xec\x6b\xfc\x69\x5e\x83\x34\x5d\xe5\x8a\x33\x86\x0e\xf8\x47\xc8\x50\x8a\xff\x7d\xcc\x7f\xa8\x0a\x43\x0b\xaf\x18\xb8\x73\xd8\x6c\xb9\xe2\x8c\xa5\x03\xfe\x11\x32\x94\xe2\x7f\x3f\xf3\x1f\xfa\x73\xd1\xc5\xd5\xea\xb5\xfd\x94\x49\xae\x38\xe3\xe8\x80\x7f\x84\x0c\xa5\xf8\x3f\xc0\xfc\x87\x79\x5c\x6d\xc8\xa3\xfc\x1f\x12\x86\x94\x2b\xce\x78\x3a\xe0\x1f\x21\x43\x29\xfe\x0f\x32\xff\x61\x1b\x4c\x6e\x1c\xf3\x41\xb2\x56\x5b\xe5\x8a\xe3\xfb\x4c\x10\xfc\x23\x64\x28\xc5\xff\x21\xe6\x3f\x5c\x99\x95\x85\x8b\x7f\x4b\x95\xb3\xa0\x5c\x71\x26\xd2\x01\xff\x08\x19\x4a\xf1\x7f\x98\xf9\x0f\xff\xbe\xc3\xe2\xa0\x74\x5f\x0a\x8f\x91\x2b\xce\x24\x3a\xe0\x1f\x21\x43\x29\xfe\x8f\x30\xff\x11\xaa\xac\x2d\x9d\xbe\x6c\xc7\x75\xcb\xe4\x8a\x33\x99\x0e\xf8\x47\xc8\x50\x8a\xff\xa3\xcc\x7f\xc4\xe7\x6d\xd6\xdc\x9f\xb1\xf7\x76\x0c\xb9\xe2\x4c\xa1\x03\xfe\x11\x32\x94\xe2\xff\x18\xf3\x1f\xe9\x77\xa5\xd1\x63\x46\xd7\xe9\xf1\x43\xae\x38\x53\xe9\x80\x7f\x84\x0c\xa5\xf8\x3f\xce\xfc\x47\x2e\x31\xbd\x55\xcf\x1a\x23\x43\x96\x93\x2b\xce\x34\x3a\xe0\x1f\x21\x43\x29\xfe\x4f\x30\xff\x51\xb2\x66\x1f\xb1\x37\x67\xac\xd7\x4d\xe4\x8a\x33\x9d\x0e\xf8\x47\xc8\x50\x8a\xff\x93\xcc\x7f\xd4\x91\x1f\x9b\x57\x78\x79\x60\xf6\x75\xb9\xe2\xcc\xa0\x03\xfe\x11\x32\x94\xe2\xff\x14\xf3\x1f\x6d\xee\x89\x80\xb8\x51\xef\x6e\xdb\x28\x57\x9c\x99\x74\xc0\x3f\x42\x86\x52\xfc\x9f\x66\xfe\xa3\xa7\x8c\xb6\xfc\xc5\xc5\xe8\x87\xc3\xca\x15\x67\x16\x1d\xf0\x8f\x90\xa1\x14\xff\x67\x98\xff\x18\x8f\xd3\xdf\xfa\xb0\x69\x5a\xc6\x74\x72\xc5\xf1\x7d\x27\x10\xfe\x11\x32\x94\xe2\xff\x2c\xf3\x1f\xb3\xc1\xcb\xdc\xa1\xda\x97\xac\x35\x5f\xae\x38\x73\xe8\x80\x7f\x84\x0c\xa5\xf8\x3f\xc7\xfc\xc7\x2a\x73\x21\x4e\x8d\x4e\x0b\x3f\xf7\x90\x2b\xce\x5c\x3a\xe0\x1f\x21\x43\x29\xfe\xcf\x33\xff\x7e\xef\xbd\x5f\xcb\xd6\x76\x19\x7c\x48\xae\x38\xf3\xe8\x80\x7f\x84\x0c\xa5\xf8\xbf\xc0\xfc\x3b\x53\x9e\x8c\x4b\x70\xe6\x79\xc7\xd7\x72\xc5\xf1\xfd\x9d\x00\xfe\x11\x32\x94\xe2\xff\x22\xf3\xef\xa6\x49\xd6\xf1\x6d\x8c\xbc\x71\x6a\xcb\x15\x67\x01\x1d\xf0\x8f\x90\xa1\x14\xff\x97\x98\x7f\xaf\x40\x9c\x0a\xbb\x1e\x3d\xb8\xf4\x5d\xae\x38\x0b\xe9\x80\x7f\x84\x0c\xa5\xf8\xbf\xcc\xfc\xfb\x8f\xb8\xbf\xb6\x74\xc1\xac\x4b\xcb\xcb\x15\xc7\xf7\x4e\x40\xf8\x47\xc8\x50\x8a\xff\x2b\xcc\x7f\xec\x14\x09\x4a\x5e\x6e\xb0\xb2\x74\x53\xb9\xe2\x2c\xa6\x03\xfe\x11\x32\x94\xe2\xff\x2a\xf3\x1f\x67\xc1\xed\x65\x89\x07\xf7\x2e\x74\x4d\xae\x38\x4b\xe8\x80\x7f\x84\x0c\xa5\xf8\xbf\xc6\xfc\xc7\x1d\xf3\x70\x68\xb7\x05\xf3\xa6\x14\x92\x2b\xce\x52\x3a\xe0\x1f\x21\x43\x29\xfe\xaf\x33\xff\xf1\xb2\xa4\x6a\x31\xa2\x58\xc5\x27\xa3\xe5\x8a\xe3\x7b\x26\x18\xfc\x23\x64\x28\xc5\xff\x0d\xe6\x3f\x7e\xf1\x61\xa3\x8a\x26\xbb\x1a\x61\xa9\x5c\x71\x96\xd3\x01\xff\x08\x19\x4a\xf1\x7f\x93\xf9\x4f\xf0\xaf\x58\xdb\x4d\xff\xc2\xf7\x8f\x29\x57\x9c\x15\x74\xc0\x3f\x42\x86\x52\xfc\xdf\x62\xfe\x13\xbe\xea\x55\xe6\x49\xec\xb8\x95\xbb\xcb\x15\x67\x25\x1d\xf0\x8f\x90\xa1\x14\xff\xb7\x99\xff\x44\x95\xf7\xaf\xf4\x8e\x9c\x48\x75\x58\xae\x38\xab\xe8\x80\x7f\x84\x0c\xa5\xf8\xbf\xc3\xfc\x27\xae\x52\xef\x57\xa4\xa5\x55\x4e\xbd\x91\x2b\xce\x6a\x3a\xe0\x1f\x21\x43\x29\xfe\xef\x32\xff\x49\x9e\xcf\x8e\xf3\xa3\xe7\xc0\x3d\xb5\xe4\x8a\xb3\x86\x0e\xf8\x47\xc8\x50\x8a\xff\x7b\xcc\x7f\xd2\xdf\x0b\x73\xaf\x6b\xde\x32\xc6\x26\xb9\xe2\xac\xa5\x03\xfe\x11\x32\x94\xe2\xff\x3e\xf3\x9f\xac\x44\x8b\x5b\x0d\x76\x6e\x6b\x11\x46\xae\x38\xeb\xe8\x80\x7f\x84\x0c\xa5\xf8\x7f\xc0\xfc\x27\x8f\x9c\x73\x7e\xfc\x9b\x99\xc6\xa4\x95\x2b\xce\x7a\x3a\xe0\x1f\x21\x43\x29\xfe\x1f\x32\xff\x29\x36\xbd\xef\xfb\x2e\xec\x9f\x3f\x0b\xe4\x8a\xb3\x81\x0e\xf8\x47\xc8\x50\x8a\xff\x47\xcc\x7f\xca\x65\xa7\xea\xef\x8e\xf5\x63\x89\x2b\x57\x1c\xdf\x3b\x01\xe0\x1f\x21\x43\x29\xfe\x83\x99\xff\x54\x89\xa2\xec\x2f\x75\x2e\xdd\xd5\x85\x72\xc5\xf1\xfd\x9b\x20\xfc\x23\x64\x28\xc5\xff\x63\xe6\x3f\xf5\xde\x73\xd5\x2e\xad\xdf\x94\x7b\xbc\x5c\x71\x36\xd3\x01\xff\x08\x19\x4a\xf1\xff\x84\xf9\x4f\x13\x3e\x42\x50\x92\x2e\x4d\x2b\xe4\x93\x2b\xce\x16\x3a\xe0\x1f\x21\x43\x29\xfe\x9f\x32\xff\x69\xfd\xb2\xce\x08\xec\x38\xf4\xd1\x25\xb9\xe2\x6c\xa5\x03\xfe\x11\x32\x94\xe2\xff\x19\xf3\x9f\x6e\xd5\xe7\xc0\xe1\x5b\x6a\x4c\x6d\x29\x57\x9c\x6d\x74\xc0\x3f\x42\x86\x52\xfc\x3f\x67\xfe\xd3\xdf\xad\x31\xbb\xd8\xe5\x33\xbd\x4a\xcb\x15\x27\x88\x0e\xf8\x47\xc8\x50\x8a\xff\x17\xcc\x7f\x86\x96\x13\x7b\x6e\x8c\x9e\x30\xfa\x6f\xb9\xe2\x6c\xa7\x03\xfe\x11\x32\x94\xe2\xff\x25\xf3\x9f\xb1\xeb\xea\xda\x8f\x9f\x87\x4e\x3c\x47\xae\x38\x3b\xe8\x80\x7f\x84\x0c\xa5\xf8\x7f\xc5\xfc\x67\x3a\xd9\x6e\xb7\x7f\xf6\x8b\x35\x32\xca\x15\x67\x27\x1d\xf0\x8f\x90\xa1\x14\xff\xaf\x99\xff\xcc\x91\x2b\x1c\x8f\x5e\xad\xec\xee\xff\x58\x71\x76\xd1\x01\xff\x08\x19\x4a\xf1\xff\x86\xf9\xcf\xb2\x69\x64\x8a\xdf\x23\x67\x9d\xdd\x26\x57\x1c\xdf\xff\x28\xc0\x3f\x42\x86\x52\xfc\xbf\x65\xfe\xb3\x2e\xdb\x1c\x66\xe5\xb4\xfe\x8d\xeb\xc9\x15\x67\x0f\x1d\xf0\x8f\x90\xa1\x14\xff\xef\x98\xff\x6c\x89\xba\x3d\xad\x5b\x7a\xad\xff\x0b\xb9\xe2\xec\xa5\x03\xfe\x11\x32\x94\xe2\xff\x3d\xf3\x9f\xbd\xef\x88\x89\xc1\x69\x72\xfe\x3c\x2e\x57\x9c\x7d\x74\xc0\x3f\x42\x86\x52\xfc\x7f\x60\xfe\x73\x1c\x2b\xd2\x25\xc6\x97\xc7\x63\xbb\xc8\x15\x67\x3f\x1d\xf0\x8f\x90\xa1\x14\xff\x1f\x99\xff\x9c\x97\xfa\x54\x0d\x38\xd9\x31\x5e\x37\xb9\xe2\x1c\xa0\x03\xfe\x11\x32\x94\xe2\xff\x13\xf3\x9f\xab\xd5\xde\x4d\xdb\xdd\xbd\xed\x0f\xca\x15\xc7\xf7\x67\xf0\x8f\x90\xa1\x14\xff\x9f\x99\xff\xdc\xa7\x06\xd4\xc9\x10\x98\x6a\xe0\x3b\xb9\xe2\x1c\xa2\x03\xfe\x11\x32\x94\xe2\xff\x0b\xf3\x9f\xa7\xd3\xce\x1d\xf7\x56\x7d\xf9\x5a\x47\xae\x38\xbe\x77\x02\xc1\x3f\x42\x86\x52\xfc\x7f\x65\xfe\xf3\x36\x1b\x32\x6b\xf4\xd6\x58\x75\xb6\xc8\x15\xe7\x08\x1d\xf0\x8f\x90\xa1\x14\xff\xdf\x98\xff\x7c\xf7\x8a\xf7\xe9\xd5\xea\x40\xfa\x70\x72\xc5\x39\x4a\x07\xfc\x23\x64\x28\xc5\xff\x77\xe6\x3f\xff\xea\x67\x53\xf7\x44\xa8\x73\x30\xb5\x5c\x71\x8e\xd1\x01\xff\x08\x19\x4a\xf1\xff\x83\xf9\x2f\x10\x23\x49\xf7\x8a\x57\x46\x6e\x9f\x27\x57\x1c\xdf\x67\x82\xe0\x1f\x21\x43\x29\xfe\x7f\x32\xff\x05\xc3\xc4\xab\x19\x2f\xdb\xb4\x99\x3f\xe5\x8a\x73\x82\x0e\xf8\x47\xc8\x50\x8a\xff\x5f\xcc\x7f\xa1\x7d\x77\xb7\x3d\x7f\x57\xf2\x6d\x45\xb9\xe2\x9c\xa4\x03\xfe\x11\x32\x94\xe2\xff\x37\xf3\x5f\xf8\xc9\xd9\x7d\x7b\x27\xdc\x0d\xdd\x58\xae\x38\xa7\xe8\x80\x7f\x84\x0c\xa5\xf8\xff\xc3\xfc\x17\x69\x18\xb9\x5e\x85\xaa\xd1\x03\xaf\xc8\x15\xe7\x34\x1d\xf0\x8f\x90\xa1\x14\xff\x7f\x99\xff\xa2\x65\xb3\xf4\x8b\x5b\xe1\xf9\xcd\x02\x72\xc5\x39\x43\x07\xfc\x23\x64\x28\xc5\xff\x3f\xe6\xbf\xd8\x87\x6f\x0b\x5e\x4c\xce\xbb\x61\xa4\x5c\x71\xce\xd2\x01\xff\x08\x19\xea\x7f\xfb\x8f\x1e\x82\xf9\x0f\xd8\x5a\xe8\x70\x8d\x8f\x0b\x8b\x2e\x97\x2b\xce\x39\x3a\xe0\x1f\x21\x43\x29\xfe\x43\x32\xff\xc5\xa3\xfd\x48\xb2\x2c\x63\x97\xec\x7e\x72\xc5\x39\x4f\x07\xfc\x23\x64\x28\xc5\x7f\x28\xe6\xbf\x44\xdc\xc3\x21\x3e\xe4\xe9\xde\x66\x96\x5c\x71\x2e\xd0\x01\xff\x08\x19\x4a\xf1\x1f\x9a\xf9\x2f\xb9\x30\xec\xa3\x50\x4f\x96\xc6\x4f\x2f\x57\x9c\x8b\x74\xc0\x3f\x42\x86\x52\xfc\x87\x61\xfe\x4b\x85\x3a\x1e\x71\xe6\xb0\x82\x1f\x42\xc9\x15\xc7\xf7\x4e\x60\xf8\x47\xc8\x50\x8a\xff\xb0\xcc\x7f\xe9\x1d\x21\x5f\xb5\xad\xfd\x7a\xc4\x76\xb9\xe2\x5c\xa6\x03\xfe\x11\x32\x94\xe2\x3f\x1c\xf3\x5f\x66\x6d\xbe\x53\x85\x02\x22\xa7\x6b\x20\x57\x1c\xdf\x67\x82\xe0\x1f\x21\x43\x29\xfe\xc3\x33\xff\x65\xbd\x3f\xa9\xcf\xcc\xbc\x59\xff\x95\x5c\x71\xae\xd2\x01\xff\x08\x19\x4a\xf1\x1f\x81\xf9\x2f\xd7\xa4\xe1\xf1\x88\xdf\x8b\x6d\x3c\x2a\x57\x9c\x6b\x74\xc0\x3f\x42\x86\x52\xfc\x47\x64\xfe\xcb\xdf\x98\x95\xe2\x67\xf2\x49\xc7\x3a\xc9\x15\xe7\x3a\x1d\xf0\x8f\x90\xa1\x14\xff\x91\x98\xff\x0a\x67\x96\x84\x59\x7f\x78\xec\x0b\x7f\xb9\xe2\xdc\xa0\x03\xfe\x11\x32\x94\xe2\x3f\x32\xf3\x5f\xb1\x7b\xf3\xa7\xf5\x13\x35\x58\xb0\x58\xae\x38\x37\xe9\x80\x7f\x84\x0c\xa5\xf8\x8f\xc2\xfc\x57\xda\x5a\x72\x76\xf1\x01\x47\xba\x8c\x95\x2b\xce\x2d\x3a\xe0\x1f\x21\x43\x29\xfe\xa3\x32\xff\x95\xa3\x0d\xea\x19\xb4\xc4\x0b\x93\x47\xae\x38\xb7\xe9\x80\x7f\x84\x0c\xa5\xf8\x8f\xc6\xfc\x57\x89\xbb\xbb\xf6\xa3\x7d\x1f\x56\x5e\x90\x2b\xce\x1d\x3a\xe0\x1f\x21\x43\x29\xfe\xa3\x33\xff\x55\x17\xf6\xdb\x1d\xb3\x49\xb2\x7b\xcd\xe5\x8a\x73\x97\x0e\xf8\x47\xc8\x50\x8a\xff\x18\xcc\x7f\xb5\xc3\xe3\xcf\xae\x0a\xb5\x33\x5b\x59\xb9\xe2\xdc\xa3\x03\xfe\x11\x32\x94\xe2\x3f\x26\xf3\x5f\xbd\x57\xa9\x4c\x75\xee\xb5\x2d\xfe\x57\xae\x38\xf7\xe9\x80\x7f\x84\x0c\xa5\xf8\x8f\xc5\xfc\xd7\x68\xdf\x25\x5a\xb4\xf4\x9b\xc6\x37\x94\x2b\xce\x03\x3a\xe0\x1f\x21\x43\x29\xfe\xfd\x98\xff\x9a\xd7\xb7\xbe\xfe\xf3\xbe\xe9\xf7\x97\x72\xc5\x79\x48\x07\xfc\x23\x64\x28\xc5\xbf\xc3\xfc\xd7\x0a\xec\x1e\xbe\xe5\xc4\x1f\xee\x11\xb9\xe2\x3c\xa2\x03\xfe\x11\x32\x94\xe2\xdf\x65\xfe\x6b\x9f\xdf\xf8\x64\x6a\xb9\x74\x4d\x3b\xcb\x15\x27\x98\x0e\xf8\x47\xc8\x50\x8a\x7f\x8f\xf9\xaf\x73\x7b\xf4\x91\x03\x95\xcf\x9c\x9f\x29\x57\x9c\xc7\x74\xc0\x3f\x42\x86\x52\xfc\xfb\x33\xff\x75\x1b\x97\x4b\x99\x6d\x5c\xc2\x9d\x19\xe4\x8a\xf3\x84\x0e\xf8\x47\xc8\x50\x8a\xff\xd8\xcc\x7f\x3d\xf7\xed\xc9\xaf\x6f\x86\x56\x0b\x2d\x57\x9c\xa7\x74\xc0\x3f\x42\x86\x52\xfc\xc7\x61\xfe\xeb\x6f\x48\x9d\x2e\x6c\x96\x1a\x49\x83\xe4\x8a\xf3\x8c\x0e\xf8\x47\xc8\x50\x8a\xff\xb8\xcc\x7f\x83\xdd\xb1\x22\x55\xbe\x56\x36\xea\x45\xb9\xe2\x3c\xa7\x03\xfe\x11\x32\x94\xe2\x3f\x1e\xf3\xdf\x30\xe4\x95\xe7\x8b\x23\xcd\xea\xd3\x4c\xae\x38\x2f\xe8\x80\x7f\x84\x0c\xa5\xf8\x8f\xcf\xfc\x37\x0a\x95\x6b\xf7\xbe\x36\xa1\xa7\x97\x91\x2b\x8e\xef\x33\x41\xf0\x8f\x90\xa1\x14\xff\x09\x98\xff\xc6\x3b\x3e\xd4\x2e\x1f\x74\xf1\xc1\x3f\xb9\xe2\xf8\x9e\x09\x0c\xff\x08\x19\x4a\xf1\x9f\x90\xf9\x6f\xb2\xf6\x74\xcf\x38\x6b\x72\x96\xf3\xe4\x8a\xf3\x9a\x0e\xf8\x47\xc8\x50\x8a\xff\x44\xcc\x7f\x53\x2f\xea\xec\x97\x3d\x1e\xe7\x5d\x22\x57\x9c\x37\x74\xc0\x3f\x42\x86\x52\xfc\x27\x66\xfe\x9b\xd5\xad\x7f\x6f\xa5\x7f\xff\xeb\xe3\xe4\x8a\xf3\x96\x0e\xf8\x47\xc8\x50\x8a\xff\x24\xcc\x7f\xf3\x87\x73\xf2\xd7\x3d\xbd\x76\x51\x6e\xb9\xe2\xbc\xa3\x03\xfe\x11\x32\x94\xe2\x3f\x29\xf3\xdf\xe2\xcb\xa2\x04\xd1\xef\xac\xfc\xb7\x59\xae\x38\xef\xe9\x80\x7f\x84\x0c\xa5\xf8\x4f\xc6\xfc\xb7\xac\xd8\xf2\xdf\xef\x10\xbd\x47\x85\x97\x2b\xce\x07\x3a\xe0\x1f\x21\x43\x29\xfe\x93\x33\xff\xad\xde\x2c\x73\x5a\x34\x7a\xd0\x2c\x8d\x5c\x71\x3e\xd2\x01\xff\x08\x19\x4a\xf1\x9f\x82\xf9\x6f\x5d\xb3\xe9\xd7\x69\x7b\xb2\xc6\x9a\x2b\x57\x9c\x4f\x74\xc0\x3f\x42\x86\x52\xfc\xa7\x64\xfe\xdb\x14\xab\x7d\xfd\xe0\xa2\xab\xfb\x02\xe5\x8a\xf3\x99\x0e\xf8\x47\xc8\x50\x8a\xff\x54\xcc\x7f\xdb\x1f\x0b\x72\x64\xed\x17\xfe\xc4\x01\xb9\xe2\x7c\xa1\x03\xfe\x11\x32\x94\xe2\x3f\x35\xf3\xdf\x6e\x5c\x81\x5b\xdf\x12\xcc\x4b\xf1\x56\xae\x38\x5f\xe9\x80\x7f\x84\x0c\xa5\xf8\x4f\xc3\xfc\xb7\xcf\xf5\x2b\x77\x98\x83\x15\xab\xd6\x95\x2b\xce\x37\x3a\xe0\x1f\x21\x43\x29\xfe\xd3\x32\xff\x1d\x92\x1d\x8c\x53\x29\x65\x95\xbe\xf9\xe5\x8a\xf3\x9d\x0e\xf8\x47\xc8\x50\x8a\xff\x74\xcc\x7f\xc7\x59\xe1\x7f\x2d\xf9\x39\x30\xd2\x28\xb9\xe2\xfc\xa0\x03\xfe\x11\x32\x94\xe2\x3f\x3d\xf3\xdf\xa9\x6e\x8a\x11\xbb\x67\xc7\x7d\xb6\x42\xae\x38\x3f\xe9\x80\x7f\x84\x0c\xa5\xf8\xcf\xc0\xfc\x77\x7e\x18\xdc\xbc\x54\x89\x13\x93\x62\xc9\x15\xe7\x17\x1d\xf0\x8f\x90\xa1\x14\xff\x19\x99\xff\x2e\x5f\x6e\x06\xc4\xaf\x9b\xa9\xc0\x2f\xb9\xe2\xfc\xa6\x03\xfe\x11\x32\x94\xe2\x3f\x13\xf3\xdf\xb5\x62\xa2\xe5\xef\x46\xfc\x29\x5b\x41\xae\x38\x7f\xe8\x80\x7f\x84\x0c\xa5\xf8\xcf\xcc\xfc\x77\x4b\xff\xfa\x42\xcd\x67\x2d\x97\x37\x92\x2b\x8e\xef\x9d\xe0\xf0\x8f\x90\xa1\x14\xff\x59\x98\xff\xc0\xe9\x69\xb3\x2e\xcd\xb7\xed\xc2\x55\xb9\xe2\xf8\x9e\x09\x08\xff\x08\x19\x4a\xf1\x9f\x95\xf9\xef\x3e\x38\x86\xdf\xfb\x38\xa5\xf2\x9f\x97\x2b\xae\xef\x80\x7f\x84\x0c\xa5\xf8\xcf\xc6\xfc\xf7\xc8\x7d\xed\x43\xe8\xa3\xb3\xcb\xf4\x96\x2b\x2e\xfd\x37\xf0\x8f\x90\xa5\x14\xff\xd9\x99\xff\x9e\xb3\x9d\xb8\xb3\x96\x85\x58\x51\x4d\xae\xb8\xa1\xe8\x80\x7f\x84\x0c\xa5\xf8\xcf\xc1\xfc\xf7\x4a\x7c\xe9\x7b\x9b\x5e\x97\x2e\x3e\x94\x2b\xae\xef\x9d\xa0\xf0\x8f\x90\xa1\x14\xff\x39\x99\xff\xde\xd9\x9f\xdf\x2c\xd8\x2c\x47\xbf\x08\x72\xc5\x0d\x43\x07\xfc\x23\x64\x28\xc5\x7f\x2e\xe6\xbf\xcf\xf8\x8c\xf9\xce\xee\x78\x16\x79\xaf\x5c\x71\xc3\xd2\x01\xff\x08\x19\x4a\xf1\x9f\x9b\xf9\xef\xfb\x73\xec\x95\x08\x37\xfa\x3d\x9d\x22\x57\xdc\x70\x74\xc0\x3f\x42\x86\x52\xfc\xe7\x61\xfe\xfb\x15\x2e\x93\xf3\x57\x98\x0d\x13\x53\xca\x15\xd7\xf7\x4c\x60\xf8\x47\xc8\x50\x8a\xff\xbc\xcc\x7f\xff\x6a\x9d\xfc\x37\x04\x6f\xde\x5f\x44\xae\xb8\xbe\x9f\x87\x7f\x84\x0c\xa5\xf8\xcf\xc7\xfc\x0f\x78\x1b\xf4\xa5\x5e\xa1\x46\x27\x3f\xcb\x15\x37\x22\x1d\xf0\x8f\x90\xa1\x14\xff\xf9\x99\xff\x81\x61\x0a\x57\x98\xd3\xf0\x67\xf2\x5b\x72\xc5\x8d\x44\x07\xfc\x23\x64\x28\xc5\x7f\x01\xe6\x7f\xd0\xbe\xe1\x6b\x5b\x0d\x49\x5d\xa5\xa3\x5c\x71\x23\xd3\x01\xff\x08\x19\x4a\xf1\x5f\x90\xf9\x1f\xbc\x7a\xcf\xb8\xfc\xf3\xcf\xff\x1d\x2e\x57\xdc\x28\x74\xc0\x3f\x42\x86\x52\xfc\x17\x62\xfe\x87\xc4\xe8\xdd\xf1\x7c\xd1\x04\x23\xb3\xc9\x15\x37\x2a\x1d\xf0\x8f\x90\xa1\x14\xff\x85\x99\xff\xa1\x21\xda\x55\xe8\x95\x74\x44\xf3\x04\x72\xc5\x8d\x46\x07\xfc\x23\x64\x28\xc5\x7f\x11\xe6\x7f\xd8\xae\xd5\x6b\x47\xff\xad\xee\xb7\x52\xae\xb8\xd1\xe9\x80\x7f\x84\x0c\xa5\xf8\x2f\xca\xfc\x0f\x5f\x3f\x71\xdc\xbd\x17\x95\xcb\x27\x95\x2b\x6e\x0c\x3a\xe0\x1f\x21\x43\x29\xfe\x8b\x31\xff\x23\x9c\x1a\x1d\x33\xe4\x18\x92\x6f\x86\x5c\x71\x63\xd2\x01\xff\x08\x19\x4a\xf1\x1f\xc0\xfc\x8f\x0c\x9a\x3a\x74\x7b\xf5\x38\xd7\x76\xca\x15\xd7\xf7\x4c\x70\xf8\x47\xc8\x50\x8a\xff\xe2\xcc\xff\xa8\x28\x55\x5a\x04\x8c\x3a\xbd\x30\x8a\x5c\x71\xfd\xe8\x80\x7f\x84\x0c\xa5\xf8\x2f\xc1\xfc\x8f\x8e\xdd\xaa\x64\x8c\xa9\xe9\xa3\x3c\x91\x2b\xae\x43\x07\xfc\x23\x64\x28\xc5\x7f\x49\xe6\x7f\xcc\xe2\xf5\xcb\x82\x4b\xfd\xed\x5d\x49\xae\xb8\xbe\x07\x80\xc2\x3f\x42\x86\x52\xfc\x97\x62\xfe\xc7\x5e\x8b\x52\x26\x65\xea\x66\x33\xfa\xcb\x15\xd7\xa3\x03\xfe\x11\x32\x94\xe2\xbf\x34\xf3\x3f\xae\xdd\xa9\x95\x57\x3f\x07\x3d\x3c\x2d\x57\x5c\x7f\x3a\xe0\x1f\x21\x43\x29\xfe\xcb\x30\xff\xe3\x7b\xbe\x1f\x35\xc8\x6f\xcd\xb9\xb5\x72\xc5\x8d\x4d\x07\xfc\x23\x64\x28\xc5\x7f\x59\xe6\x7f\xc2\xa1\x9c\x6d\xbb\x9c\xef\xb5\x23\x8e\x5c\x71\x7d\x7f\x06\xff\x08\x19\x4a\xf1\x5f\x8e\xf9\x9f\x18\xc2\xf1\x6f\xb3\x21\xb8\x7a\x2e\xb9\xe2\xc6\xa5\x03\xfe\x11\x32\x94\xe2\xbf\x3c\xf3\x3f\x69\xd7\xa5\x2f\xb3\xba\x66\x49\x36\x58\xae\xb8\xf1\xe8\x80\x7f\x84\x0c\xa5\xf8\xaf\xc0\xfc\x4f\x5e\xff\xfc\xca\xd9\x0e\xd7\x26\xb4\x95\x2b\x6e\x7c\x3a\xe0\x1f\x21\x43\x29\xfe\x2b\x32\xff\x53\x9c\x8c\x39\x0b\x6e\x0e\xf3\xe3\x9e\x5c\x71\x7d\xdf\x09\x86\x7f\x84\x0c\xa5\xf8\xaf\xc4\xfc\x4f\xed\x71\xb7\xf0\xf0\x4b\xf3\x9d\xf7\x72\xc5\x4d\x48\x07\xfc\x23\x64\x28\xc5\x7f\x65\xe6\x7f\xda\xd9\x78\x8b\x03\xa3\x95\x6b\x52\x5c\xae\xb8\x89\xe8\x80\x7f\x84\x0c\xa5\xf8\xaf\xc2\xfc\x4f\xbf\x99\x64\x48\x92\xdf\xd3\x57\x3d\x96\x2b\xae\xef\x67\xe0\x1f\x21\x43\x29\xfe\xab\x32\xff\x33\x9a\x3e\x6b\x7c\x29\x71\xc0\xfd\xca\x72\xc5\x4d\x42\x07\xfc\x23\x64\x28\xc5\x7f\x35\xe6\x7f\xe6\xc1\x14\xa3\x4b\x15\xbe\x97\x75\x80\x5c\x71\x7d\xcf\x04\x82\x7f\x84\x0c\xa5\xf8\xaf\xce\xfc\xcf\xea\x13\xdc\x6a\xf7\xdc\x28\x01\xa7\xe4\x8a\x9b\x8c\x0e\xf8\x47\xc8\x50\x8a\xff\x1a\xcc\xff\xec\x8e\x37\x4b\xbf\x1b\xf4\xea\x79\x32\xb9\xe2\x26\xa7\x03\xfe\x11\x32\x94\xe2\xbf\x26\xf3\x3f\xe7\x6a\xa2\x35\xf1\xeb\xe7\x99\x3f\x5d\xae\xb8\x29\xe8\x80\x7f\x84\x0c\xa5\xf8\xaf\xc5\xfc\xcf\x5d\xb4\x37\xe0\x66\x81\x25\x5d\x77\xc8\x15\xd7\xf7\x4e\x70\xf8\x47\xc8\x50\x8a\xff\xda\xcc\xff\xbc\x78\x7d\x96\xa7\x7d\xd8\x39\x6c\x54\xb9\xe2\xa6\xa2\x03\xfe\x11\x32\x94\xe2\xbf\x0e\xf3\x3f\x3f\x7a\x91\x11\xfd\xc3\xb5\x4b\xdb\x46\xae\xb8\xa9\xe9\x80\x7f\x84\x0c\xa5\xf8\xaf\xcb\xfc\x2f\xd8\x36\xa2\xf9\xb8\x5b\xfb\xea\xdd\x97\x2b\x6e\x1a\x3a\xe0\x1f\x21\x43\x29\xfe\xeb\x31\xff\x0b\x83\x9a\xe5\x9c\xb4\x2b\xf9\xa6\x0f\x72\xc5\x4d\x4b\x07\xfc\x23\x64\x28\xc5\x7f\x7d\xe6\x7f\x51\x94\xc5\x57\x9a\xb4\xf8\x7a\x3c\x40\xae\xb8\xe9\xe8\x80\x7f\x84\x0c\xa5\xf8\x6f\xc0\xfc\x2f\x8e\x3d\xf3\x4b\xce\x3e\x31\xdb\xae\x93\x2b\x6e\x7a\x3a\xe0\x1f\x21\x43\x29\xfe\x1b\x32\xff\x4b\x16\x37\xf0\x3f\xba\xe2\x70\x82\xd8\x72\xc5\xcd\x40\x07\xfc\x23\x64\x28\xc5\x7f\x23\xe6\x7f\xe9\xbb\x68\x55\x47\x1c\xaf\xfd\x3e\xa7\x5c\x71\x33\xd2\x01\xff\x08\x19\x4a\xf1\xdf\x98\xf9\x5f\x56\xfd\xc4\xa6\x6e\xf1\xc6\x0c\x1f\x22\x57\xdc\x4c\x74\xc0\x3f\x42\x86\x52\xfc\x37\x61\xfe\x97\x17\xf9\x38\x31\x71\x94\x09\x37\x22\xca\x15\x37\x33\x1d\xf0\x8f\x90\xa1\x14\xff\x4d\x99\xff\x15\xbf\xb2\x77\xb9\x7c\xa1\xfe\xfa\x3d\x72\xc5\xcd\x42\x07\xfc\x23\x64\x28\xc5\x7f\x33\xe6\x7f\x65\xed\xaf\xb3\x4a\x6f\x3c\x5e\x6c\xb2\x5c\x71\xb3\xd2\x01\xff\x08\x19\x4a\xf1\xdf\x9c\xf9\x5f\x15\x9c\xb9\xcf\xae\x76\x6e\x8e\x54\x72\xc5\xcd\x46\x07\xfc\x23\x64\x28\xc5\x7f\x0b\xe6\x7f\xf5\xb7\x48\x75\xde\x76\xfe\x38\xeb\x9c\x5c\x71\xb3\xd3\x01\xff\x08\x19\x4a\xf1\xdf\x92\xf9\x5f\x53\xfe\xcc\x8e\x04\xeb\x12\xbf\xeb\x23\x57\xdc\x1c\x74\xc0\x3f\x42\x86\x52\xfc\xb7\x62\xfe\xd7\xe6\xe9\x50\xf3\xc6\xd9\x5d\xa1\xaa\xcb\x15\xd7\xf7\x99\x00\xf8\x47\xc8\x50\x8a\xff\xd6\xcc\xff\xba\x21\x2b\xb7\xa5\x8b\xd9\xaa\xdb\x03\xb9\xe2\xfa\xde\x09\x0a\xff\x08\x19\x4a\xf1\xdf\x86\xf9\x5f\x3f\x63\xf2\xd4\x01\x5f\x03\xeb\x8e\x90\x2b\x6e\x6e\x3a\xe0\x1f\x21\x43\x29\xfe\xdb\x32\xff\x1b\x32\x54\xeb\x3e\x36\xed\x8a\x0c\x59\xe5\x8a\x9b\x87\x0e\xf8\x47\xc8\x50\x8a\xff\x76\xcc\xff\xc6\x77\xdd\x23\x4d\x2d\x53\xe0\x40\x7c\xb9\xe2\xe6\xa5\x03\xfe\x11\x32\x94\xe2\xbf\x3d\xf3\xbf\xa9\xfa\xc6\xe7\x2d\xa7\xbf\x0b\x5a\x25\x57\xdc\x7c\x74\xc0\x3f\x42\x86\x52\xfc\x77\x60\xfe\x37\x17\x19\x7d\x32\xdb\x98\x08\x71\x0b\xcb\x15\x37\x3f\x1d\xf0\x8f\x90\xa1\x14\xff\x1d\x99\xff\x2d\xbf\xca\xa5\x3b\x50\xf3\x56\xbb\x2f\x72\xc5\x2d\x40\x07\xfc\x23\x64\x28\xc5\x7f\x27\xe6\x7f\xeb\xcc\xfd\xf5\x7b\xe6\x2a\x3c\xe8\xb6\x5c\x71\x0b\xd2\x01\xff\x08\x19\x4a\xf1\xdf\x99\xf9\xdf\x96\xb4\xd7\xfe\x31\xaf\x26\x7f\xeb\x20\x57\xdc\x42\x74\xc0\x3f\x42\x86\x52\xfc\x77\x61\xfe\x83\x72\x16\x9b\x7f\xff\x7a\x9c\x46\xad\xe4\x8a\xeb\xfb\x37\x01\xf8\x47\xc8\x50\x8a\xff\xae\xcc\xff\xf6\xb1\xc3\xfa\xa6\x8f\x7c\xda\xbb\x2b\x57\xdc\x22\x74\xc0\x3f\x42\x86\x52\xfc\x77\x63\xfe\x77\x64\x2c\x39\x23\xa8\x6d\xe5\x5f\x9f\xe4\x8a\x5b\x94\x0e\xf8\x47\xc8\x50\x8a\xff\x40\xe6\x7f\xe7\xd4\x41\x81\xc5\xb7\x0f\x19\x57\x42\xae\xb8\xc5\xe8\x80\x7f\x84\x0c\xa5\xf8\xef\xce\xfc\xef\x1a\xb8\xbb\x5a\xcc\xd5\xcd\x92\x6c\x90\x2b\xae\xef\x9d\x20\xf0\x8f\x90\xa1\x14\xff\x3d\x98\xff\xdd\x79\xfb\x05\x3d\xea\x1e\x54\x33\xae\x5c\x71\x8b\xd3\x01\xff\x08\x19\x4a\xf1\xdf\x93\xf9\xdf\x53\xe1\x7e\xed\x54\x5e\xfa\x5d\xd9\xe5\x8a\xeb\xfb\x3b\x01\xfc\x23\x64\x28\xc5\x7f\x2f\xe6\x7f\xef\xe7\x38\xbb\xaf\x9c\xfa\x7b\x66\x90\x5c\x71\x7d\xee\xe1\x1f\x21\x43\x29\xfe\x7b\x33\xff\xfb\x1e\x24\x9b\x3d\x30\x43\x70\xf0\x53\xb9\xe2\x96\xa2\x03\xfe\x11\x32\x94\xe2\xbf\x0f\xf3\xbf\xbf\xce\x93\x9e\x5d\x3f\x64\x99\x56\x55\xae\xb8\xa5\xe9\x80\x7f\x84\x0c\xa5\xf8\xef\xcb\xfc\x1f\x08\xf9\xa5\x6b\xca\x49\x6b\x7a\xf6\x93\x2b\x6e\x19\x3a\xe0\x1f\x21\x43\x29\xfe\xfb\x31\xff\x07\x77\x67\x9b\x74\xb5\x7c\xaf\x68\x27\xe4\x8a\x5b\x96\x0e\xf8\x47\xc8\x50\x8a\xff\xfe\xcc\xff\xa1\x0d\x11\x37\x0e\xaa\x34\x7f\x71\x12\xb9\xe2\x96\xa3\x03\xfe\x11\x32\x94\xe2\x7f\x00\xf3\x7f\xd8\x3d\x5f\xa5\xcb\xd8\x72\x57\xa6\xca\x15\xb7\x3c\x1d\xf0\x8f\x90\xa1\x14\xff\x03\x99\xff\x23\xfb\xab\xef\x48\xff\xfa\x5a\x9e\x5d\x72\xc5\xad\x40\x07\xfc\x23\x64\x28\xc5\xff\x20\xe6\xff\x68\xd8\x29\x75\xee\x67\x0e\x53\x31\xba\x5c\x71\x2b\xd2\x01\xff\x08\x19\x4a\xf1\x3f\x98\xf9\x3f\x16\x73\x55\x9f\x31\xa9\x42\xc4\x1c\x26\x57\xdc\x4a\x74\xc0\x3f\x42\x86\x52\xfc\x0f\x61\xfe\x8f\xaf\xe9\x38\xab\xe7\xaf\x4b\x2d\x33\xcb\x15\xb7\x32\x1d\xf0\x8f\x90\xa1\x14\xff\x43\x99\xff\x13\x11\xd7\x75\x79\x34\xa7\xd4\xe8\x84\x72\xc5\xad\x42\x07\xfc\x23\x64\x28\xc5\xff\x30\xe6\xff\xe4\x96\xb6\x13\x63\x96\x9c\xfd\x7b\x8d\x5c\x71\x7d\x9f\x09\x84\x7f\x84\x0c\xa5\xf8\x1f\xce\xfc\x9f\x5a\x51\x79\x53\xf1\x3a\xfd\x2a\x15\x95\x2b\x6e\x35\x3a\xe0\x1f\x21\x43\x29\xfe\x47\x30\xff\xa7\x13\xcc\xa8\x1a\x34\x7c\x43\xca\x6f\x72\xc5\xf5\xbd\x13\x1c\xfe\x11\x32\x94\xe2\x7f\x24\xf3\x7f\xa6\x75\x8e\x3d\x5d\x9f\xe6\x38\x7d\x53\xae\xb8\x35\xe8\x80\x7f\x84\x0c\xa5\xf8\x1f\xc5\xfc\x9f\xbd\xfc\xa9\xc1\xc0\xbc\xcf\xf6\xb6\x93\x2b\x6e\x4d\x3a\xe0\x1f\x21\x43\x29\xfe\x47\x33\xff\xe7\x8e\x9f\x1c\x70\xe5\xee\xcf\xc9\x91\xe5\x8a\x5b\x8b\x0e\xf8\x47\xc8\x50\x8a\xff\x31\xcc\xff\xf9\x7e\xd1\xe7\xa5\x0a\x99\xfa\xf1\x3e\xb9\xe2\xd6\xa6\x03\xfe\x11\x32\x94\xe2\x7f\x2c\xf3\x7f\x61\x7f\x86\x87\x85\x1a\x6f\x8e\x38\x51\xae\xb8\x75\xe8\x80\x7f\x84\x0c\xa5\xf8\x1f\xc7\xfc\x5f\x0c\xfb\x2a\xf4\x99\xbd\x8d\x06\xa4\x90\x2b\x6e\x5d\x3a\xe0\x1f\x21\x43\x29\xfe\xc7\x33\xff\x97\x62\x5e\x4c\x3a\x73\xe1\x88\xcb\x67\xe4\x8a\x5b\x8f\x0e\xf8\x47\xc8\x50\x8a\xff\x09\xcc\xff\xe5\x35\xfe\x07\xda\xf6\xad\xbe\xac\x97\x5c\x71\xeb\xd3\x01\xff\x08\x19\x4a\xf1\x3f\x91\xf9\xbf\x72\xe2\x71\xd0\xe5\xf8\xe7\x4b\xd5\x94\x2b\x6e\x03\x3a\xe0\x1f\x21\x43\x29\xfe\x27\x31\xff\x57\xbb\x24\xad\x96\xf8\x40\x82\x82\x8f\xe4\x8a\xdb\x90\x0e\xf8\x47\xc8\x50\x8a\xff\xc9\xcc\xff\xb5\x16\xb1\x03\xbb\x65\x3d\xfe\xa5\x98\x5c\x71\x1b\xd1\x01\xff\x08\x19\x4a\xf1\x3f\x85\xf9\xbf\x7e\xe7\xde\x8c\x11\x6f\xdd\x21\x5f\xe5\x8a\xdb\x98\x0e\xf8\x47\xc8\x50\x8a\xff\xa9\xcc\xff\x8d\xfe\xf1\xfb\x26\x18\x3f\xa1\xc3\x0d\xb9\xe2\x36\xa1\x03\xfe\x11\x32\x94\xe2\x7f\x1a\xf3\x7f\xf3\xc8\xad\xf9\x6f\xab\xd4\x8f\xdd\x5e\xae\xb8\x4d\xe9\x80\x7f\x84\x0c\xa5\xf8\x9f\xce\xfc\xdf\xba\xf0\x60\xff\xae\x8a\xbb\xb6\x0e\x95\x2b\x6e\x33\x3a\xe0\x1f\x21\x43\x29\xfe\x67\x30\xff\xb7\xdb\xa4\xac\x5f\x7a\x4a\xab\x43\x59\xe4\x8a\xdb\x9c\x0e\xf8\x47\xc8\x50\x8a\xff\x99\xcc\xff\x9d\x84\x43\x37\x8f\xfd\xf4\x31\x53\x22\xb9\xe2\xb6\xa0\x03\xfe\x11\x32\x94\xe2\x7f\x16\xf3\x7f\x77\x69\xd1\x4a\x03\x32\x25\xae\xbd\x5a\xae\xb8\x2d\xe9\x80\x7f\x84\x0c\xa5\xf8\x9f\xcd\xfc\xdf\xdb\xd8\xb3\x73\xba\x13\x05\xba\x9f\x95\x2b\x6e\x2b\x3a\xe0\x1f\x21\x43\x29\xfe\xe7\x30\xff\xf7\x23\xed\x9b\x72\xc3\x79\x17\xa2\xa7\x5c\x71\x5b\xd3\x01\xff\x08\x19\x4a\xf1\x3f\x97\xf9\x7f\x10\xb1\xfe\x81\x23\xdd\x02\xdf\xd4\x90\x2b\x6e\x1b\x3a\xe0\x1f\x21\x43\x29\xfe\xe7\x31\xff\x0f\xb7\xcc\x49\x9a\x6b\xe5\x8a\x39\xc1\x72\xc5\x6d\x4b\x07\xfc\x23\x64\x28\xc5\xff\x7c\xe6\xff\xd1\x8a\x45\xa1\x9b\x6e\x2b\x9c\x2b\x92\x5c\x71\x7d\xcf\x04\x85\x7f\x84\x0c\xa5\xf8\x5f\xc0\xfc\x07\x27\x68\xf9\x70\x62\xeb\xc9\x45\xf6\xcb\x15\xd7\xf7\x99\x40\xf8\x47\xc8\x50\x8a\xff\x85\xcc\xff\xe3\x4a\xb9\x96\x5d\x8a\x18\x61\xed\x24\xb9\xe2\x76\xa0\x03\xfe\x11\x32\x94\xe2\x7f\x11\xf3\xff\xe4\xe5\x87\x92\x49\xae\xde\xba\x95\x5c\xae\xb8\x1d\xe9\x80\x7f\x84\x0c\xa5\xf8\x5f\xcc\xfc\x3f\xfd\x7b\xba\x45\xe0\xa1\x7b\x43\xd7\xcb\x15\xb7\x13\x1d\xf0\x8f\x90\xa1\x14\xff\x4b\x98\xff\x67\x01\x51\x87\x0e\x4f\x18\xe5\x63\x3c\xb9\xe2\x76\xa6\x03\xfe\x11\x32\x94\xe2\x7f\x29\xf3\xff\xfc\xe9\xf9\x8e\xf1\xfb\x4f\x4f\x94\x43\xae\xb8\x5d\xe8\x80\x7f\x84\x0c\xa5\xf8\x5f\xc6\xfc\xbf\xa8\x17\x71\xdc\xbb\xc5\x01\xad\x07\xca\x15\xb7\x2b\x1d\xf0\x8f\x90\xa1\x14\xff\xcb\x99\xff\x97\xa5\xb2\xad\xdd\xbd\x7f\xc9\xd1\xd6\x72\xc5\xed\x46\x07\xfc\x23\x64\x28\xc5\xff\x0a\xe6\xff\xd5\xc7\x2f\x15\x4a\x35\xed\xbc\xe5\x8e\x5c\x71\x03\xe9\x80\x7f\x84\x0c\xa5\xf8\x5f\xc9\xfc\xbf\x1e\x5e\x73\xd1\xb8\xd0\xaf\x1a\x7c\x94\x2b\x6e\x77\x3a\xe0\x1f\x21\x43\x29\xfe\x57\x31\xff\x6f\xf2\x4f\x2a\xd6\xff\x7e\x9e\xd4\xff\x61\xdc\xed\x41\x07\xfc\x23\x64\x28\xc5\xff\x6a\xe6\xff\x6d\xea\x35\x4d\xd2\xe6\x4e\x1e\x3e\xb1\x5c\x71\x7d\xdf\x09\x86\x7f\x84\x0c\xa5\xf8\x5f\xc3\xfc\xbf\x9b\xdc\x7e\xe0\xcd\xc7\x5f\x3b\x4f\x93\x2b\xae\xef\x9d\x80\xf0\x8f\x90\xa1\x14\xff\x6b\x99\xff\xf7\x95\x2a\xfe\x3e\x38\xb4\xdd\xdc\xdd\x72\xc5\xed\x4d\x07\xfc\x23\x64\x28\xc5\xff\x3a\xe6\xff\xc3\xcb\x51\x09\xb3\xd6\xda\xf7\x32\x9a\x5c\x71\xfb\xd0\x01\xff\x08\x19\x4a\xf1\xbf\x9e\xf9\xff\xf8\x77\x4b\xa1\x16\xc5\x6b\x97\x78\x26\x57\xdc\xbe\x74\xc0\x3f\x42\x86\x52\xfc\x6f\x60\xfe\x3f\x05\x04\xde\x9d\x36\x6b\x4c\xe6\x2a\x72\xc5\xed\x47\x07\xfc\x23\x64\x28\xc5\xff\x46\xe6\xff\x73\xaa\xe1\x6b\x32\xfc\x88\x79\xb7\xaf\x5c\x71\xfb\xd3\x01\xff\x08\x19\x4a\xf1\xbf\x89\xf9\xff\x32\xaf\x70\xe9\x7b\x29\x0e\xaf\x39\x29\x57\xdc\x01\x74\xc0\x3f\x42\x86\x52\xfc\x6f\x66\xfe\xbf\x8e\xea\xdd\x6a\xf4\xc0\x70\x9f\x3a\xc9\x15\xd7\xf7\x9d\x20\xf8\x47\xc8\x50\x8a\xff\x2d\xcc\xff\xb7\x6c\x7b\x46\xf7\xaa\x77\x65\xd8\x51\xb9\xe2\x0e\xa2\x03\xfe\x11\x32\x94\xe2\x7f\x2b\xf3\xff\x7d\x52\xff\xc6\xc1\xf9\x2b\xb4\x7a\x25\x57\xdc\xc1\x74\xc0\x3f\x42\x86\x52\xfc\x6f\x63\xfe\x7f\xa4\xdb\x31\x24\xc6\x83\xb9\x09\x1b\xc8\x15\x77\x08\x1d\xf0\x8f\x90\xa1\x14\xff\x41\xcc\xff\xcf\x42\x83\x17\x07\xfc\xe9\xb3\x79\xbb\x5c\x71\x87\xd2\x01\xff\x08\x19\x4a\xf1\xbf\x9d\xf9\xff\x35\x2c\xa0\xf0\xf6\x24\xab\x8e\x84\x92\x2b\xee\x30\x3a\xe0\x1f\x21\x43\x29\xfe\x77\x30\xff\xbf\x3f\x3c\xdd\xd0\xa5\x48\xb6\x34\xe9\xe5\x8a\x3b\x9c\x0e\xf8\x47\xc8\x50\x8a\xff\x9d\xcc\xff\x9f\xb2\x89\xcb\x0f\x9a\xf7\xb0\xe1\x2c\xb9\xe2\x8e\xa0\x03\xfe\x11\x32\x94\xe2\x7f\x17\xf3\xff\xb7\x61\xdc\x76\x57\x7b\xff\xee\xf4\x57\xae\xb8\x23\xe9\x80\x7f\x84\x0c\xa5\xf8\xdf\xcd\xfc\xff\x7b\x72\x67\x7c\xca\xe5\x19\xc3\x95\x95\x2b\xee\x28\x3a\xe0\x1f\x21\x43\x29\xfe\xf7\xfc\x9f\x7f\x37\xc4\x91\xee\x4f\x03\x8e\x6d\x7d\xd5\x5c\xae\xb8\xa3\xe9\x80\x7f\x84\x0c\xa5\xf8\xdf\xcb\xfc\x87\xec\xbf\x31\xcc\xf6\xb8\x2d\xe6\x5d\x90\x2b\xee\x18\x3a\xe0\x1f\x21\x43\x29\xfe\xf7\x31\xff\xa1\xda\x8c\x4e\x11\x1c\x7e\x50\x96\x3c\x72\xc5\x1d\x4b\x07\xfc\x23\x64\x28\xc5\xff\x7e\xe6\x3f\xf4\x85\x72\xc7\x63\xdc\xae\x5a\x72\xac\x5c\x71\xc7\xd1\x01\xff\x08\x19\x4a\xf1\x7f\x80\xf9\x0f\x73\xa0\xce\xd3\xe5\xbb\x4f\xae\x5e\x2c\x57\xdc\xf1\x74\xc0\x3f\x42\x86\x52\xfc\x1f\x64\xfe\xc3\xf6\x9e\x1b\xa6\x7a\xcb\x78\x77\xfc\xe5\x8a\x3b\x81\x0e\xf8\x47\xc8\x50\x8a\xff\x43\xcc\x7f\xb8\x0e\xcb\x53\x84\xec\x94\x68\xf0\x3c\xb9\xe2\x4e\xa4\x03\xfe\x11\x32\x94\xe2\xff\x30\xf3\x1f\xfe\x4a\xa3\xe3\x1f\xd7\x9e\xfd\x9c\x5a\xae\xb8\x93\xe8\x80\x7f\x84\x0c\xa5\xf8\x3f\xc2\xfc\x47\xe8\xbe\x38\x7d\xab\x33\x35\xe3\x84\x93\x2b\xee\x64\x3a\xe0\x1f\x21\x43\x29\xfe\x8f\x32\xff\x11\xcf\x34\x3b\x37\x27\xc6\xb0\x8e\x5b\xe4\x8a\x3b\x85\x0e\xf8\x47\xc8\x50\x8a\xff\x63\xcc\x7f\xa4\x1b\x0d\xde\x9d\x8f\xda\xe4\x70\x1d\xb9\xe2\x4e\xa5\x03\xfe\x11\x32\x94\xe2\xff\x38\xf3\x1f\xb9\xc9\xcc\xa8\xf9\x2f\x6e\xdc\xf6\x4e\xae\xb8\xbe\x77\x02\xc2\x3f\x42\x86\x52\xfc\x9f\x60\xfe\xa3\x78\x79\x1f\xfd\xd8\x94\xb6\xd6\x41\xb9\xe2\x4e\xa7\x03\xfe\x11\x32\x94\xe2\xff\x24\xf3\x1f\x75\xed\xef\x10\x91\xda\x7f\xcf\xd8\x4d\xae\xb8\x33\xe8\x80\x7f\x84\x0c\xa5\xf8\x3f\xc5\xfc\x47\xdb\x71\x2c\x49\x83\xd1\x4f\x42\xfa\xc9\x15\x77\x26\x1d\xf0\x8f\x90\xa1\x14\xff\xa7\x99\xff\xe8\xa1\x42\x1c\x5e\x57\x23\x57\x8f\xe5\x72\xc5\xf5\x3d\x13\x08\xfe\x11\x32\x94\xe2\xff\x0c\xf3\x1f\xe3\x40\xd2\xfd\xdb\x72\xae\x9b\x3d\x52\xae\xb8\xb3\xe9\x80\x7f\x84\x0c\xa5\xf8\x3f\xcb\xfc\xc7\xec\xfd\xb8\x7e\x89\x97\x03\x5e\x17\x90\x2b\xee\x1c\x3a\xe0\x1f\x21\x43\x29\xfe\xcf\x31\xff\xb1\x3a\xdc\xeb\x1b\xeb\xdb\xcc\xc2\x57\xe4\x8a\x3b\x97\x0e\xf8\x47\xc8\x50\x8a\xff\xf3\xcc\xbf\xdf\x95\xd8\xf3\x1f\xa6\x2b\x93\xb3\xb1\x5c\x71\x7d\xdf\x09\x82\x7f\x84\x0c\xa5\xf8\xbf\xc0\xfc\x3b\xdb\x5f\x3d\xaf\x5d\xf6\xc2\xed\x8a\x72\xc5\x9d\x4f\x07\xfc\x23\x64\x28\xc5\xff\x45\xe6\xdf\x8d\x9a\x21\xd2\xea\x19\xa1\xd6\xfd\x94\x2b\xee\x02\x3a\xe0\x1f\x21\x43\x29\xfe\x2f\x31\xff\x5e\x1c\xff\x74\x7f\x9b\xdf\x68\x51\x57\xae\xb8\x0b\xe9\x80\x7f\x84\x0c\xa5\xf8\xbf\xcc\xfc\xfb\x2f\xb9\x78\x32\xea\xce\x48\x31\xde\xca\x15\x77\x11\x1d\xf0\x8f\x90\xa1\x14\xff\x57\x98\xff\xd8\x21\xfd\x92\xce\xb8\x39\xf1\xcf\x01\xb9\xe2\xfa\x9e\x09\x08\xff\x08\x19\x4a\xf1\x7f\x95\xf9\x8f\xb3\xfb\xea\x81\x66\x61\x8b\x8e\x09\x94\x2b\xee\x12\x3a\xe0\x1f\x21\x43\x29\xfe\xaf\x31\xff\x71\x37\xbc\x7b\x98\x39\xf6\xb2\x54\x73\xe5\x8a\xbb\x94\x0e\xf8\x47\xc8\x50\x8a\xff\xeb\xcc\x7f\x3c\x37\x4d\xe8\xc3\x47\x7a\x54\x4e\x23\x57\xdc\x65\x74\xc0\x3f\x42\x86\x52\xfc\xdf\x60\xfe\xe3\x37\x1e\xf3\x3a\xdc\xd2\x37\x7b\xc2\xcb\x15\xd7\xf7\x9d\x20\xf8\x47\xc8\x50\x8a\xff\x9b\xcc\x7f\x82\xdb\xe5\xa3\x7d\xe9\x59\xe8\xd4\x66\xb9\xe2\xae\xa0\x03\xfe\x11\x32\x94\xe2\xff\x16\xf3\x9f\xf0\x7c\x8f\x4c\x8b\x16\x24\x7d\x72\x55\xae\xb8\x2b\xe9\x80\x7f\x84\x0c\xa5\xf8\xbf\xcd\xfc\x27\x0a\xdc\x74\xb6\x4a\xb1\xf7\x53\x1a\xc9\x15\x77\x15\x1d\xf0\x8f\x90\xa1\x14\xff\x77\x98\xff\xc4\xdd\xab\xcc\xaf\x90\xac\x4d\xff\x0a\x72\xc5\x5d\x4d\x07\xfc\x23\x64\x28\xc5\xff\x5d\xe6\x3f\xc9\x99\xa9\x7d\xf7\xfe\xdb\x11\xe1\x97\x5c\x71\xd7\xd0\x01\xff\x08\x19\x4a\xf1\x7f\x8f\xf9\x4f\x7a\x63\x7d\xfd\x17\x8f\x1a\x2e\x8d\x25\x57\xdc\xb5\x74\xc0\x3f\x42\x86\x52\xfc\xdf\x67\xfe\x93\x35\x69\xb5\x3f\x6e\xc1\x71\x97\x56\xc8\x15\x77\x1d\x1d\xf0\x8f\x90\xa1\x14\xff\x0f\x98\xff\xe4\x99\x72\xff\xaa\xd5\xc0\xbf\xd0\x28\xb9\xe2\xae\xa7\x03\xfe\x11\x32\x94\xe2\xff\x21\xf3\x9f\x62\xda\xdf\x38\x6b\x06\x1f\x2d\x9d\x5f\xae\xb8\x1b\xe8\x80\x7f\x84\x0c\xa5\xf8\x7f\xc4\xfc\xa7\x1c\x74\x24\xf7\xbf\x69\x07\xfd\x83\xe4\x8a\xbb\x91\x0e\xf8\x47\xc8\x50\x8a\xff\x60\xe6\x3f\x55\xbe\x50\xb7\xa2\x94\xf6\x6b\x1c\x5a\xae\xb8\x9b\xe8\x80\x7f\x84\x0c\xa5\xf8\x7f\xcc\xfc\xa7\x9e\x75\x20\xcb\xf4\x34\xa3\xc6\x66\x90\x2b\xae\xef\x33\xc1\xf0\x8f\x90\xa1\x14\xff\x4f\x98\xff\x34\xc9\xc2\x5d\x6e\xfe\xa5\xee\xcf\x99\x72\xc5\xdd\x42\x07\xfc\x23\x64\x28\xc5\xff\x53\xe6\x3f\x6d\xae\xfc\x1f\xb3\x3c\xdf\x53\xa3\xb3\x5c\x71\xb7\xd2\x01\xff\x08\x19\x4a\xf1\xff\x8c\xf9\x4f\x37\xee\x67\x8c\x43\xd9\x3b\x24\x3e\x22\x57\xdc\x6d\x74\xc0\x3f\x42\x86\x52\xfc\x3f\x67\xfe\xd3\xff\xa8\xf5\x2f\x7c\xb5\xcf\x67\x5f\xca\x15\xd7\xf7\x3b\x01\xf8\x47\xc8\x50\x8a\xff\x17\xcc\x7f\x86\x62\xf3\x13\x7c\x1e\x99\x72\x77\x43\xb9\xe2\x6e\xa7\x03\xfe\x11\x32\x94\xe2\xff\x25\xf3\x9f\xb1\xe6\xd2\xfc\x0b\x3b\xe6\x9b\x9a\x5b\xae\xb8\x3b\xe8\x80\x7f\x84\x0c\xa5\xf8\x7f\xc5\xfc\x67\x7a\xd3\xe4\x5e\xd5\x2d\x2f\x1e\x8d\x93\x2b\xee\x4e\x3a\xe0\x1f\x21\x43\x29\xfe\x5f\x33\xff\x99\x33\x15\x5e\x5c\xf6\x72\xd7\xe8\x4b\xe4\x8a\xbb\x8b\x0e\xf8\x47\xc8\x50\x8a\xff\x37\xcc\x7f\x96\x69\xc3\x0b\xef\x88\xbe\xa8\x97\x27\x57\xdc\xdd\x74\xc0\x3f\x42\x86\x52\xfc\xbf\x65\xfe\xb3\x0e\xda\xd3\xf8\x75\xac\x12\x57\xff\xc9\x15\x77\x0f\x1d\xf0\x8f\x90\xa1\x14\xff\xef\x98\xff\x6c\xf9\x7a\x0f\x49\x74\x6e\xea\x92\x32\x72\xc5\xdd\x4b\x07\xfc\x23\x64\x28\xc5\xff\x7b\xe6\x3f\x7b\xad\x51\x5f\x56\xac\x8f\x56\xa1\x99\x5c\x71\xf7\xd1\x01\xff\x08\x19\x4a\xf1\xff\x81\xf9\xcf\xf1\xa8\xa2\x7f\xb5\x2e\x77\x72\x5f\x94\x2b\xee\x7e\x3a\xe0\x1f\x21\x43\x29\xfe\x3f\x32\xff\x39\xbf\x06\xe6\x0c\x51\xa1\xe6\x86\xeb\x72\xc5\xf5\xbd\x13\x18\xfe\x11\x32\x94\xe2\xff\x13\xf3\x9f\xab\xdc\x96\x2b\x9f\x26\x0f\xbb\xd9\x44\xae\xb8\x07\xe9\x80\x7f\x84\x0c\xa5\xf8\xff\xcc\xfc\xe7\x7e\xdb\xb9\x50\xeb\x8f\x89\xb2\x97\x93\x2b\xee\x21\x3a\xe0\x1f\x21\x43\x29\xfe\xbf\x30\xff\x79\xaa\x6d\xbf\x3b\x3b\xe3\xd9\xa2\x3f\xe4\x8a\x7b\x98\x0e\xf8\x47\xc8\x50\x8a\xff\xaf\xcc\x7f\xde\xc2\xe3\x7e\x9f\xcb\x96\xf6\x6d\x0c\xb9\xe2\xfa\xbe\x13\x0c\xff\x08\x19\x4a\xf1\xff\x8d\xf9\xcf\xf7\xb3\x6c\xc2\x02\xef\xbe\xcf\x5c\x26\x57\xdc\xa3\x74\xc0\x3f\x42\x86\x52\xfc\x7f\x67\xfe\xf3\x8f\x7f\xf1\xe1\xfb\x84\x26\x81\x63\xe4\x8a\x7b\x8c\x0e\xf8\x47\xc8\x50\x8a\xff\x1f\xcc\x7f\x81\xec\x99\xfc\x22\x57\xdd\x18\xba\xa0\x5c\x71\x8f\xd3\x01\xff\x08\x19\x4a\xf1\xff\x93\xf9\x2f\x98\xd8\xcd\xda\x70\xeb\xba\xf4\xb5\xe5\x8a\x7b\x82\x0e\xf8\x47\xc8\x50\x8a\xff\x5f\xcc\x7f\xa1\xd9\x97\x2f\xac\x6d\x35\xa0\xce\x6b\xb9\xe2\x9e\xa4\x03\xfe\x11\x32\x94\xe2\xff\x37\xf3\x5f\xf8\xe0\xe1\xdb\x3f\x22\x3c\xd9\x7e\x48\xae\xb8\xa7\xe8\x80\x7f\x84\x0c\xa5\xf8\xff\xc3\xfc\x17\xe9\x13\x36\x4f\xa4\x2b\xb9\x0e\xf6\x90\x2b\xee\x69\x3a\xe0\x1f\x21\x43\x29\xfe\xff\x32\xff\x45\x3b\x16\x8a\xdd\xe0\xe4\x85\xf6\xf3\xe5\x8a\x7b\x86\x0e\xf8\x47\xc8\x50\x8a\xff\x7f\xcc\x7f\xb1\xab\x3f\x7e\xae\x73\x43\xc5\x4b\x27\x57\xdc\xb3\x74\xc0\x3f\x42\x86\xfa\xdf\xfe\x63\x84\x60\xfe\x03\x56\xec\x7f\x3e\x24\x70\xe6\xd7\xb0\x72\xc5\x3d\x47\x07\xfc\x23\x64\x28\xc5\x7f\x48\xe6\xbf\x78\x82\x5e\x91\x3a\xad\x2a\x33\x70\xa3\x5c\x71\xcf\xd3\x01\xff\x08\x19\x4a\xf1\x1f\x8a\xf9\x2f\x11\xb1\x58\xba\xe4\xfb\x2a\xdc\xcb\x2b\x57\xdc\x0b\x74\xc0\x3f\x42\x86\x52\xfc\x87\x66\xfe\x4b\x6e\x19\x76\xf2\x7a\x93\xb9\x2b\x27\xc8\x15\xd7\xf7\x4c\x20\xf8\x47\xc8\x50\x8a\xff\x30\xcc\x7f\xa9\x98\x25\x93\x96\x0f\x15\xae\xf8\x22\xb9\xe2\x5e\xa2\x03\xfe\x11\x32\x94\xe2\x3f\x2c\xf3\x5f\x7a\xcd\xa0\x03\xfb\xee\x5d\xc9\xe6\xc8\x15\xf7\x32\x1d\xf0\x8f\x90\xa1\x14\xff\xe1\x98\xff\x32\xfb\x77\x3f\x7c\x79\x38\xdb\x82\x3f\x72\xc5\xbd\x42\x07\xfc\x23\x64\x28\xc5\x7f\x78\xe6\xbf\x6c\xd8\x7e\xa1\xe3\x24\x7a\xf8\xa2\x94\x5c\x71\xaf\xd2\x01\xff\x08\x19\x4a\xf1\x1f\x81\xf9\x2f\xd7\xf9\xfe\xeb\x3b\x03\xfa\x84\x69\x21\x57\xdc\x6b\x74\xc0\x3f\x42\x86\x52\xfc\x47\x64\xfe\xcb\x9f\x8e\x13\x2d\xd3\x92\x55\x5d\x2e\xcb\x15\xd7\xf7\x4c\x70\xf8\x47\xc8\x50\x8a\xff\x48\xcc\x7f\x85\xfb\xc9\x32\xf5\x09\xd8\x5a\x7f\xab\x5c\x71\x6f\xd0\x01\xff\x08\x19\x4a\xf1\x1f\x99\xf9\xaf\xd8\xfc\xc9\xd9\x91\x33\x5b\xa4\x0b\x29\x57\xdc\x9b\x74\xc0\x3f\x42\x86\x52\xfc\x47\x61\xfe\x2b\xad\x38\xbe\x69\xe2\xf7\xdf\xc7\x32\xc9\x15\xf7\x16\x1d\xf0\x8f\x90\xa1\x14\xff\x51\x99\xff\xca\x09\x42\x56\x6d\x9a\x3c\xe3\xc6\xd9\x72\xc5\xbd\x4d\x07\xfc\x23\x64\x28\xc5\x7f\x34\xe6\xbf\x4a\xc4\x7c\x5d\x72\xe5\x39\x19\xbf\xab\x5c\x71\xef\xd0\x01\xff\x08\x19\x4a\xf1\x1f\x9d\xf9\xaf\xba\xe5\xcf\xc4\x23\x4f\xe2\xb5\x39\x26\x57\xdc\xbb\x74\xc0\x3f\x42\x86\x52\xfc\xc7\x60\xfe\xab\x5d\x88\xf6\xb4\xef\xb0\x41\x23\x9e\xcb\x15\xf7\x1e\x1d\xf0\x8f\x90\xa1\x14\xff\x31\x99\xff\xea\x6d\x4e\x84\x99\x50\xbb\xea\x87\xfa\x72\xc5\xbd\x4f\x07\xfc\x23\x64\x28\xc5\x7f\x2c\xe6\xbf\x46\xff\x8f\x29\x6e\xaf\x19\x95\xf7\xb7\x5c\x71\x1f\xd0\x01\xff\x08\x19\x4a\xf1\xef\xc7\xfc\xd7\x3c\x92\xfd\x78\xea\x1e\x75\xcb\x95\x96\x2b\xee\x43\x3a\xe0\x1f\x21\x43\x29\xfe\x1d\xe6\xbf\x56\x8b\xaf\xe9\x37\xfb\x1f\x5c\xd4\x52\xae\xb8\x8f\xe8\x80\x7f\x84\x0c\xa5\xf8\x77\x99\xff\xda\x77\x32\x9f\x2b\x72\xda\xef\xfa\x25\xb9\xe2\x06\xd3\x01\xff\x08\x19\x4a\xf1\xef\x31\xff\x75\x4e\x44\x7a\xe7\x5e\xfb\xdc\x27\x9f\x5c\x71\x1f\xd3\x01\xff\x08\x19\x4a\xf1\xef\xcf\xfc\xd7\xed\x72\x26\xea\xd3\x48\x29\xa3\x8e\x97\x2b\xee\x13\x3a\xe0\x1f\x21\x43\x29\xfe\x63\x33\xff\xf5\xc2\x75\x78\x94\xac\xcd\x9e\x07\x0b\xe5\x8a\xfb\x94\x0e\xf8\x47\xc8\x50\x8a\xff\x38\xcc\x7f\xfd\x3d\x2b\x43\x5c\x08\xea\x30\xdd\x95\x2b\xee\x33\x3a\xe0\x1f\x21\x43\x29\xfe\xe3\x32\xff\x0d\x56\x4e\x4e\x32\xb4\x72\xd7\x9d\x5d\xe4\x8a\xeb\xfb\x4c\x20\xfc\x23\x64\x28\xc5\x7f\x3c\xe6\xbf\x61\xac\x6a\x87\x7b\x8c\x5b\x74\xfe\xb8\x5c\x71\x5f\xd0\x01\xff\x08\x19\x4a\xf1\x1f\x9f\xf9\x6f\x14\x73\xfb\xc4\xb6\x6f\xf2\x25\x7d\x21\x57\xdc\x97\x74\xc0\x3f\x42\x86\x52\xfc\x27\x60\xfe\x1b\xaf\xe9\xdc\x65\x66\x96\x17\xd5\xea\xc9\x15\xf7\x15\x1d\xf0\x8f\x90\xa1\x14\xff\x09\x99\xff\x26\xfb\xcb\x56\x3d\x93\x3e\xda\xf7\x6d\x72\xc5\x7d\x4d\x07\xfc\x23\x64\x28\xc5\x7f\x22\xe6\xbf\x69\xd8\x71\x9b\x0a\xbd\xbf\xf3\x1f\xbf\xfe\x0f\xe1\xbe\xa1\x03\xfe\x11\x32\x94\xe2\x3f\x31\xf3\xdf\xac\xd4\xdd\x2f\xfd\x26\x96\x68\x9a\x51\xae\xb8\x6f\xe9\x80\x7f\x84\x0c\xa5\xf8\x4f\xc2\xfc\x37\xff\x18\xcf\x7f\x7c\xb9\xa9\xee\x1c\xb9\xe2\xbe\xa3\x03\xfe\x11\x32\x94\xe2\x3f\x29\xf3\xdf\xe2\x69\x92\x9c\xb7\xea\x4e\x2c\x1b\x53\xae\xb8\xef\xe9\x80\x7f\x84\x0c\xa5\xf8\x4f\xc6\xfc\xb7\xac\xf7\xec\x4a\x9a\x11\x45\x0b\x2c\x95\x2b\xee\x07\x3a\xe0\x1f\x21\x43\x29\xfe\x93\x33\xff\xad\xfe\xa6\x28\xb4\xe5\xd9\x8d\x0b\xa3\xe5\x8a\xfb\x91\x0e\xf8\x47\xc8\x50\x8a\xff\x14\xcc\x7f\xeb\x80\xe0\xbb\x85\xf3\x45\x5a\x5e\x48\xae\xb8\x9f\xe8\x80\x7f\x84\x0c\xa5\xf8\x4f\xc9\xfc\xb7\xa9\x74\xf3\xb7\x93\xf2\x4d\xa4\x6b\x72\xc5\xfd\x4c\x07\xfc\x23\x64\x28\xc5\x7f\x2a\xe6\xbf\xed\xcb\x44\x09\x9f\xfd\x2c\xd4\xb7\xa9\x5c\x71\xbf\xd0\x01\xff\x08\x19\x4a\xf1\x9f\x9a\xf9\x6f\x37\x7f\xef\x87\xa4\xb3\x97\x4d\x2a\x2f\x57\xdc\xaf\x74\xc0\x3f\x42\x86\x52\xfc\xa7\x61\xfe\xdb\x27\xef\xe3\x77\xb1\x44\x8f\x67\xdf\xe5\x8a\xfb\x8d\x0e\xf8\x47\xc8\x50\x8a\xff\xb4\xcc\x7f\x87\xcc\x45\xb2\x0e\x5b\xd4\xe6\xc4\x02\xb9\xe2\xfa\xfe\x37\x01\xfe\x11\x32\x94\xe2\x3f\x1d\xf3\xdf\x71\xf4\x88\x0b\xdd\xfb\xed\xd8\x97\x56\xae\xb8\x3f\xe8\x80\x7f\x84\x0c\xa5\xf8\x4f\xcf\xfc\x77\x2a\xb5\x6c\x6d\x87\x04\x49\xab\x86\x91\x2b\xee\x4f\x3a\xe0\x1f\x21\x43\x29\xfe\x33\x30\xff\x9d\x3f\x36\xad\x30\xef\xe0\xfb\x14\x9b\xe4\x8a\xfb\x8b\x0e\xf8\x47\xc8\x50\x8a\xff\x8c\xcc\x7f\x97\xa7\xb5\x3b\x9e\xbc\xe3\x3f\xaa\x96\x5c\x71\x7d\xef\x04\x84\x7f\x84\x0c\xa5\xf8\xcf\xc4\xfc\x77\xad\xb7\x60\x5c\xde\x10\x47\xff\xbd\x91\x2b\xee\x1f\x3a\xe0\x1f\x21\x43\x29\xfe\x33\x33\xff\xdd\x0a\xb5\xfb\x35\xb8\x51\xc3\x58\x87\xe5\x8a\xfb\x97\x0e\xf8\x47\xc8\x50\x8a\xff\x2c\xcc\x7f\xe0\xb0\xd5\x71\x3a\xef\x19\xd7\xac\xbb\x5c\x71\xff\xd1\x01\xff\x08\x19\x4a\xf1\x9f\x95\xf9\xef\x3e\x69\x62\xee\x14\xd3\xde\xcc\xb8\x2d\x57\x3c\xdf\x01\xff\x08\x19\x4a\xf1\x9f\x8d\xf9\xef\x91\xae\xc6\xad\x6b\xa5\x0b\x3d\xec\x20\x57\x3c\xfa\x6f\xe0\x1f\x21\x4b\x29\xfe\xb3\x33\xff\x3d\x47\x4d\xcd\x52\x2e\xcd\xb2\x28\x85\xe5\x8a\x17\x8a\x0e\xf8\x47\xc8\x50\x8a\xff\x1c\xcc\x7f\xaf\x6c\x55\x2e\xef\xff\xd2\xa3\xf7\x17\xb9\xe2\x85\xa6\x03\xfe\x11\x32\x94\xe2\x3f\x27\xf3\xdf\x3b\x55\xab\x8f\xaf\x9e\x4f\xbc\x16\x5f\xae\x78\xbe\xcf\x04\xc2\x3f\x42\x86\x52\xfc\xe7\x62\xfe\xfb\xcc\x5b\x1f\x23\x76\xf6\xa2\x0b\x57\xc9\x15\x2f\x2c\x1d\xf0\x8f\x90\xa1\x14\xff\xb9\x99\xff\xbe\x2f\xa2\xfc\xbb\x5b\xed\x46\xf9\x11\x72\xc5\x0b\x47\x07\xfc\x23\x64\x28\xc5\x7f\x1e\xe6\xbf\x5f\xd5\x53\x09\x32\x8e\x8c\x94\x2f\xab\x5c\xf1\xc2\xd3\x01\xff\x08\x19\x4a\xf1\x9f\x97\xf9\xef\x5f\xf2\x7d\xfe\xde\x1d\xfd\x9d\xea\x72\xc5\xf3\xfd\x3c\xfc\x23\x64\x28\xc5\x7f\x3e\xe6\x7f\xc0\x9f\x9c\xf7\x46\x6d\x39\xda\xe4\x81\x5c\xf1\x22\xd2\x01\xff\x08\x19\x4a\xf1\x9f\x9f\xf9\x1f\xe8\x7f\xa0\x79\x85\xcb\x0d\x27\x9c\x93\x2b\x5e\x24\x3a\xe0\x1f\x21\x43\x29\xfe\x0b\x30\xff\x83\xd6\x85\x1b\xb1\x37\xfa\xb8\x1f\x7d\xe4\x8a\x17\x99\x0e\xf8\x47\xc8\x50\x8a\xff\x82\xcc\xff\xe0\x9d\xf9\x97\xbf\x88\xd5\xa6\xfa\x64\xb9\xe2\x45\xa1\x03\xfe\x11\x32\x94\xe2\xbf\x10\xf3\x3f\x24\xf4\xcf\x80\xb8\xe7\x76\x24\x4b\x25\x57\xbc\xa8\x74\xc0\x3f\x42\x86\x52\xfc\x17\x66\xfe\x87\xfa\xbd\x6e\xbe\x76\x7d\xd2\x73\x11\xe5\x8a\x17\x8d\x0e\xf8\x47\xc8\x50\x8a\xff\x22\xcc\xff\xb0\x55\x69\x47\x34\xec\xf2\x7e\xc7\x1e\xb9\xe2\x45\xa7\x03\xfe\x11\x32\x94\xe2\xbf\x28\xf3\x3f\x7c\x6f\x8c\xe5\x91\x9b\x7f\x7e\x9a\x53\xae\x78\x31\xe8\x80\x7f\x84\x0c\xa5\xf8\x2f\xc6\xfc\x8f\x08\x7f\x2d\xe0\xfb\xce\x94\x13\x87\xc8\x15\x2f\x26\x1d\xf0\x8f\x90\xa1\x14\xff\x01\xcc\xff\xc8\x65\xce\x86\x26\x37\xf7\xf4\x5b\x27\x57\xbc\x58\x74\xc0\x3f\x42\x86\x52\xfc\x17\x67\xfe\x47\x25\xba\x54\x7e\x52\xd8\x0e\x91\x63\xcb\x15\xcf\x8f\x0e\xf8\x47\xc8\x50\x8a\xff\x12\xcc\xff\xe8\xc8\xcf\xdb\x1d\x8d\x3d\x6a\xc5\x07\xb9\xe2\x39\x74\xc0\x3f\x42\x86\x52\xfc\x97\x64\xfe\xc7\x6c\xca\x38\x3e\xe7\x91\xba\x17\x03\xe4\x8a\xe7\xd2\x01\xff\x08\x19\x4a\xf1\x5f\x8a\xf9\x1f\x7b\x74\x6c\xe3\x4f\x4b\x0f\xe6\x6f\x23\x57\x3c\xdf\x03\x80\xe1\x1f\x21\x43\x29\xfe\x4b\x33\xff\xe3\x06\x94\x19\x12\xa2\xa7\x5f\x99\xfb\x72\xc5\xf3\xa7\x03\xfe\x11\x32\x94\xe2\xbf\x0c\xf3\x3f\xbe\x6d\xa7\xc5\xd5\x16\x44\x6b\xbe\x43\xae\x78\xbe\x7f\x13\x84\x7f\x84\x0c\xa5\xf8\x2f\xcb\xfc\x4f\xb8\x18\x54\x78\x45\xb1\x3b\x7e\x51\xe5\x8a\x17\x87\x0e\xf8\x47\xc8\x50\x8a\xff\x72\xcc\xff\x44\xbf\xa9\xf9\xf7\x27\x2b\xf1\x37\x99\x5c\xf1\xe2\xd2\x01\xff\x08\x19\x4a\xf1\x5f\x9e\xf9\x9f\xb4\xaa\xca\xbd\x72\xff\xa6\x8e\x9c\x2e\x57\xbc\x78\x74\xc0\x3f\x42\x86\x52\xfc\x57\x60\xfe\x27\xef\x6d\xf5\x2f\xf6\xa3\xae\xc9\x07\xc8\x15\xcf\xf7\x4e\x00\xf8\x47\xc8\x50\x8a\xff\x8a\xcc\xff\x94\xf0\xeb\x13\xbc\x2a\xb8\xa8\xca\x29\xb9\xe2\x25\xa0\x03\xfe\x11\x32\x94\xe2\xbf\x12\xf3\x3f\xb5\x59\xfd\xb6\x55\x1b\xe4\xdb\xff\x58\xae\x78\x09\xe9\x80\x7f\x84\x0c\xa5\xf8\xaf\xcc\xfc\x4f\xbb\x37\x67\xd4\xc2\xc1\x2f\x4e\x56\x96\x2b\x5e\x22\x3a\xe0\x1f\x21\x43\x29\xfe\xab\x30\xff\xd3\x4f\x2d\x5a\xf9\xb9\x53\xb6\x50\xef\xe5\x8a\xe7\xfb\x19\xf8\x47\xc8\x50\x8a\xff\xaa\xcc\xff\x8c\x4e\x2d\xcb\x84\x5f\xfb\xb0\x5b\x71\xb9\xe2\x25\xa1\x03\xfe\x11\x32\x94\xe2\xbf\x1a\xf3\x3f\xf3\xd2\xb2\x45\xf3\xce\xf4\x99\xd5\x56\xae\x78\x49\xe9\x80\x7f\x84\x0c\xa5\xf8\xaf\xce\xfc\xcf\x6a\xd5\xb4\x58\x87\x18\xab\xde\xdd\x93\x2b\x9e\xef\x33\x41\xf0\x8f\x90\xa1\x14\xff\x35\x98\xff\xd9\x7d\x6b\x37\xc9\x1b\xb5\x42\xb1\x5c\x72\xc5\x4b\x4e\x07\xfc\x23\x64\x28\xc5\x7f\x4d\xe6\x7f\xce\xb1\x05\x03\x4f\x5e\x9c\x9b\x63\xb0\x5c\xf1\x52\xd0\x01\xff\x08\x19\x4a\xf1\x5f\x8b\xf9\x9f\xbb\xb9\x40\xc7\x28\x9b\xc2\xdd\x58\x2b\x57\xbc\x94\x74\xc0\x3f\x42\x86\x52\xfc\xd7\x66\xfe\xe7\x45\xf8\x35\xee\x5f\xfb\x2b\xeb\xe3\xc8\x15\xcf\xf7\x4e\x20\xf8\x47\xc8\x50\x8a\xff\x3a\xcc\xff\xfc\xf8\x07\xd7\xae\x19\x7d\x72\x50\x7f\xb9\xe2\xa5\xa6\x03\xfe\x11\x32\x94\xe2\xbf\x2e\xf3\xbf\x60\x79\xf8\x0a\xb5\x6a\xc4\xfb\x76\x5a\xae\x78\x69\xe8\x80\x7f\x84\x0c\xa5\xf8\xaf\xc7\xfc\x2f\x5c\xf6\x38\x41\x40\xce\x41\x71\x9f\xc8\x15\x2f\x2d\x1d\xf0\x8f\x90\xa1\x14\xff\xf5\x99\xff\x45\x89\x92\xfe\xdb\xfe\xb2\x6a\xbb\x4a\x72\xc5\x4b\x47\x07\xfc\x23\x64\x28\xc5\x7f\x03\xe6\x7f\x71\xe4\xd8\xf7\x82\xbf\x6d\x3d\xb0\x53\xae\x78\xe9\xe9\x80\x7f\x84\x0c\xa5\xf8\x6f\xc8\xfc\x2f\xd9\x74\x2f\x7f\x8c\x74\x2d\x82\xa2\xc8\x15\x2f\x03\x1d\xf0\x8f\x90\xa1\x14\xff\x8d\x98\xff\xa5\xbf\xc7\xf7\xac\x52\xf6\x77\xdd\xa4\x72\xc5\xcb\x48\x07\xfc\x23\x64\x28\xc5\x7f\x63\xe6\x7f\x59\x89\x52\xb3\x17\xcd\xc8\x98\x61\x86\x5c\xf1\x32\xd1\x01\xff\x08\x19\x4a\xf1\xdf\x84\xf9\x5f\x5e\xa5\xcb\xee\x2f\x03\xd3\x76\x4d\x20\x57\xbc\xcc\x74\xc0\x3f\x42\x86\x52\xfc\x37\x65\xfe\x57\x3c\xdf\x5a\x3b\x5c\xbd\xef\x61\x57\xca\x15\x2f\x0b\x1d\xf0\x8f\x90\xa1\x14\xff\xcd\x98\xff\x95\x65\xba\x6f\x9e\x9b\xbf\xc9\xf3\xe1\x72\xc5\xcb\x4a\x07\xfc\x23\x64\x28\xc5\x7f\x73\xe6\x7f\xd5\xfb\x8d\x95\x3a\x3e\xd8\x38\x3f\x9b\x5c\xf1\x7c\x7f\x06\xff\x08\x19\x4a\xf1\xdf\x82\xf9\x5f\xfd\x78\x74\xe7\x7c\x7f\x6a\x66\xbd\x25\x57\xbc\xec\x74\xc0\x3f\x42\x86\x52\xfc\xb7\x64\xfe\xd7\x34\x28\x37\xe5\x44\x92\x61\x01\x1d\xe5\x8a\x97\x83\x0e\xf8\x47\xc8\x50\x8a\xff\x56\xcc\xff\xda\xb4\x6f\xfb\x46\x2d\x92\x68\x55\x11\xb9\xe2\xe5\xa4\x03\xfe\x11\x32\x94\xe2\xbf\x35\xf3\xbf\x6e\x62\xea\xf9\x7f\xe7\x9d\xbd\xff\x59\xae\x78\xbe\x67\x82\xc1\x3f\x42\x86\x52\xfc\xb7\x61\xfe\xd7\x0f\x8d\xb5\x7f\x75\xef\x0b\xef\xa7\xc8\x15\x2f\x37\x1d\xf0\x8f\x90\xa1\x14\xff\x6d\x99\xff\x0d\x05\xaf\xd4\xaf\xbd\x3c\xd4\xf0\x94\x72\xc5\xcb\x43\x07\xfc\x23\x64\x28\xc5\x7f\x3b\xe6\x7f\xe3\xef\xaf\x49\x8a\x1c\x9b\xd9\x36\x82\x5c\xf1\xf2\xd2\x01\xff\x08\x19\x4a\xf1\xdf\x9e\xf9\xdf\x54\x22\xf3\xe1\xcd\x71\xcb\x24\xd8\x2b\x57\xbc\x7c\x74\xc0\x3f\x42\x86\x52\xfc\x77\x60\xfe\x37\x57\x89\xf4\xe8\x69\xf8\x75\x9b\xaa\xc9\x15\x2f\x3f\x1d\xf0\x8f\x90\xa1\x14\xff\x1d\x99\xff\x2d\xcf\xcf\x84\x70\x6f\x0f\x38\xfe\x50\xae\x78\x05\xe8\x80\x7f\x84\x0c\xa5\xf8\xef\xc4\xfc\x6f\x1d\x53\xa8\xfb\xba\xdd\x4f\xd2\x9e\x97\x2b\x5e\x41\x3a\xe0\x1f\x21\x43\x29\xfe\x3b\x33\xff\xdb\xb2\xfc\x98\xda\xa0\x65\xae\x7a\xbd\xe5\x8a\x57\x88\x0e\xf8\x47\xc8\x50\x8a\xff\x2e\xcc\x7f\x50\x8a\xc3\xdb\x22\xd5\xdd\x73\xba\xaf\x5c\xf1\x0a\xd3\x01\xff\x08\x19\x4a\xf1\xdf\x95\xf9\xdf\xbe\x20\x6c\xcd\x1f\x23\x3a\xec\x3d\x29\x57\x3c\xdf\x67\x82\xe1\x1f\x21\x43\x29\xfe\xbb\x31\xff\x3b\x0a\x1c\xdf\xd3\xf4\xd9\xe7\x4a\xcf\xe4\x8a\x57\x94\x0e\xf8\x47\xc8\x50\x8a\xff\x40\xe6\x7f\xe7\x88\x90\x0d\x26\xe6\x4b\x99\xb2\x8a\x5c\xf1\x8a\xd1\x01\xff\x08\x19\x4a\xf1\xdf\x9d\xf9\xdf\x35\x25\xdf\x80\x23\x29\x0f\x8e\xde\x2d\x57\xbc\x00\x3a\xe0\x1f\x21\x43\x29\xfe\x7b\x30\xff\xbb\xd3\xfc\x99\x97\xeb\xa7\xdf\xef\x68\x72\xc5\x2b\x4e\x07\xfc\x23\x64\x28\xc5\x7f\x4f\xe6\x7f\x4f\xfd\x86\x5d\x3e\xce\x1e\x15\x33\xb1\x5c\xf1\x4a\xd0\x01\xff\x08\x19\x4a\xf1\xdf\x8b\xf9\xdf\xfb\x6c\xd6\xc4\x90\x25\xea\xb6\x9c\x26\x57\x3c\x9f\x7b\xf8\x47\xc8\x50\x8a\xff\xde\xcc\xff\xbe\x4f\x4b\x36\x55\x5f\x54\xa2\xd4\x47\xb9\xe2\x95\xa2\x03\xfe\x11\x32\x94\xe2\xbf\x0f\xf3\xbf\xbf\x74\xf3\xaa\xcb\xfb\x4d\x2d\xf8\x1f\xc6\xbd\xd2\x74\xc0\x3f\x42\x86\x52\xfc\xf7\x65\xfe\x0f\xc4\x0a\xac\xf5\x29\x41\xb4\xcb\xad\xe5\x8a\x57\x86\x0e\xf8\x47\xc8\x50\x8a\xff\x7e\xcc\xff\xc1\x95\x5b\x76\x85\x38\x78\x67\xd9\x1d\xb9\xe2\x95\xa5\x03\xfe\x11\x32\x94\xe2\xbf\x3f\xf3\x7f\x68\xcf\xa8\x39\xd5\xee\xe4\x8b\x98\x43\xae\x78\xe5\xe8\x80\x7f\x84\x0c\xa5\xf8\x1f\xc0\xfc\x1f\x0e\x57\xb1\xd7\x8a\x10\x2f\xfe\xff\x3f\xfa\x7f\xf3\xca\xd3\x01\xff\x08\x19\x4a\xf1\x3f\x90\xf9\x3f\xb2\xf6\xea\x94\x1f\x8d\xba\x4e\x5e\x2f\x57\xbc\x0a\x74\xc0\x3f\x42\x86\x52\xfc\x0f\x62\xfe\x8f\x7a\x7e\x9d\x23\xed\x59\xf4\x38\x9e\x5c\xf1\x2a\xd2\x01\xff\x08\x19\x4a\xf1\x3f\x98\xf9\x3f\x16\x2a\x4d\xa5\x06\x6b\x96\xed\x9a\x24\x57\xbc\x4a\x74\xc0\x3f\x42\x86\x52\xfc\x0f\x61\xfe\x8f\xef\x78\xb7\x79\x5d\x8f\x1e\x67\x92\xcb\x15\xaf\x32\x1d\xf0\x8f\x90\xa1\x14\xff\x43\x99\xff\x13\x71\x33\xd4\xce\xe5\xff\x26\x49\x24\xb9\xe2\xf9\xbe\x13\x0c\xff\x08\x19\x4a\xf1\x3f\x8c\xf9\x3f\xb9\xf0\xd5\xee\x23\xa7\x0b\xd5\xdc\x2f\x57\xbc\xaa\x74\xc0\x3f\x42\x86\x52\xfc\x0f\x67\xfe\x4f\x6d\xbd\x38\x7b\xe2\xb5\x1b\xbf\x6a\xc8\x15\xcf\xf7\x4e\x00\xf8\x47\xc8\x50\x8a\xff\x11\xcc\xff\xe9\x68\xfe\x3d\x9b\x46\x8a\x34\x2e\x58\xae\x78\xd5\xe9\x80\x7f\x84\x0c\xa5\xf8\x1f\xc9\xfc\x9f\xe9\xbd\x6d\xc6\xf2\x36\x13\x1b\x9d\x95\x2b\x9e\xef\xff\x13\xc0\x3f\x42\x86\x52\xfc\x8f\x62\xfe\xcf\x1e\xe8\x1a\x58\x3d\xa8\xa8\xd7\x53\xae\x78\x35\xe9\x80\x7f\x84\x0c\xa5\xf8\x1f\xcd\xfc\x9f\xbb\x52\xba\x5a\xc8\xca\x0d\xf3\x24\x92\x2b\x5e\x2d\x3a\xe0\x1f\x21\x43\x29\xfe\xc7\x30\xff\xe7\x3b\x4c\x08\xfa\x38\x6e\x5c\xc5\xd5\x72\xc5\xab\x4d\x07\xfc\x23\x64\x28\xc5\xff\x58\xe6\xff\xc2\xda\x75\xa7\x5e\xbe\xf1\x5f\x3c\x54\xae\x78\x75\xe8\x80\x7f\x84\x0c\xa5\xf8\x1f\xc7\xfc\x5f\xf4\xda\xa6\x8e\x93\xe5\xe8\x95\x2c\x72\xc5\xab\x4b\x07\xfc\x23\x64\x28\xc5\xff\x78\xe6\xff\x52\xa8\xca\x11\xcb\xa7\x4f\xda\xf3\x86\x5c\xf1\xea\xd1\x01\xff\x08\x19\x4a\xf1\x3f\x81\xf9\xbf\xbc\x63\xc6\xab\x7d\xef\xdf\x47\x6b\x2f\x57\xbc\xfa\x74\xc0\x3f\x42\x86\x52\xfc\x4f\x64\xfe\xaf\xdc\x6e\x36\x2f\xdc\xc4\x36\xc1\xc5\xe4\x8a\xd7\x80\x0e\xf8\x47\xc8\x50\x8a\xff\x49\xcc\xff\xd5\xc6\x8b\x07\x7c\x29\xb7\x63\xda\x57\xb9\xe2\x35\xa4\x03\xfe\x11\x32\x94\xe2\x7f\x32\xf3\x7f\x2d\x70\x66\x83\x45\xfb\x9a\x34\xa8\x29\x57\xbc\x46\x74\xc0\x3f\x42\x86\x52\xfc\x4f\x61\xfe\xaf\x9f\x6f\xb0\xa7\x4a\x93\x8d\xa9\x1f\xc9\x15\xaf\x31\x1d\xf0\x8f\x90\xa1\x14\xff\x53\x99\xff\x1b\xed\xe7\xd6\x3c\x11\x2a\xed\xd1\x33\x72\xc5\x6b\x42\x07\xfc\x23\x64\x28\xc5\xff\x34\xe6\xff\xe6\xf5\x3a\xdb\xf2\xdd\xfb\xbe\xa5\x97\x5c\xf1\x9a\xd2\x01\xff\x08\x19\x4a\xf1\x3f\x9d\xf9\xbf\x75\xb8\xd1\xd4\x8e\x87\x13\x25\x9a\x28\x57\xbc\x66\x74\xc0\x3f\x42\x86\x52\xfc\xcf\x60\xfe\x6f\xf7\x5a\xde\x7d\x6e\xa2\xb3\xad\x53\xc8\x15\xaf\x39\x1d\xf0\x8f\x90\xa1\x14\xff\x33\x99\xff\x3b\x51\xc3\xcc\xaa\x3d\xa0\xe6\xd0\xc8\x72\xc5\x6b\x41\x07\xfc\x23\x64\x28\xc5\xff\x2c\xe6\xff\xee\xf6\x43\x7d\x56\x2f\x19\xf6\x71\x9f\x5c\xf1\x5a\xd2\x01\xff\x08\x19\x4a\xf1\x3f\x9b\xf9\xbf\xb7\xe4\x7b\x9d\xbf\x01\x33\xef\xde\x94\x2b\x5e\x2b\x3a\xe0\x1f\x21\x43\x29\xfe\xe7\x30\xff\xf7\xe3\x14\xdc\x11\x75\x66\x99\x35\xed\xe4\x8a\xe7\x7b\x27\x38\xfc\x23\x64\x28\xc5\xff\x5c\xe6\xff\x41\xdc\xbb\xaf\x62\x7e\xbf\x50\xa2\xa8\x5c\xf1\xda\xd0\x01\xff\x08\x19\x4a\xf1\x3f\x8f\xf9\x7f\xb8\x30\x5e\xc4\x47\xc9\x43\x65\xfe\x26\x57\xbc\xb6\x74\xc0\x3f\x42\x86\x52\xfc\xcf\x67\xfe\x1f\x6d\x4d\x92\x3a\x28\xcf\x93\xb9\x09\xe5\x8a\xe7\xfb\x3b\x01\xfc\x23\x64\x28\xc5\xff\x02\xe6\x3f\x38\xda\xb3\x53\xc5\x9f\xe4\x7a\xb9\x46\xae\x78\xbe\x67\x02\xc0\x3f\x42\x86\x52\xfc\x2f\x64\xfe\x1f\x17\xdb\x3e\x3e\xfc\xb0\x75\xe1\x87\xc9\x15\xaf\x03\x1d\xf0\x8f\x90\xa1\x14\xff\x8b\x98\xff\x27\x3f\x3a\xb7\xfb\x5c\x7b\x40\xe7\xcc\x72\xc5\xeb\x48\x07\xfc\x23\x64\x28\xc5\xff\x62\xe6\xff\xe9\x9b\xb2\xe5\x17\x56\xe8\x93\x69\x97\x5c\xf1\x3a\xd1\x01\xff\x08\x19\x4a\xf1\xbf\x84\xf9\x7f\x56\x73\xdc\x86\xaa\x93\x57\xd5\x8e\x2e\x57\xbc\xce\x74\xc0\x3f\x42\x86\x52\xfc\x2f\x65\xfe\x9f\x7f\xa9\x18\x70\xf2\x63\xb6\xad\x49\xe4\x8a\xd7\x85\x0e\xf8\x47\xc8\x50\x8a\xff\x65\xcc\xff\x8b\x8a\xa3\x96\xe7\xcd\xf8\xf0\xd0\x54\xb9\xe2\x75\xa5\x03\xfe\x11\x32\x94\xe2\x7f\x39\xf3\xff\xb2\xee\x96\x11\x1d\xb2\x85\xeb\xd0\x4f\xae\x78\xdd\xe8\x80\x7f\x84\x0c\xa5\xf8\x5f\xc1\xfc\xbf\x7a\x18\xd8\x7c\xde\xbb\x2b\xb1\x4f\xc8\x15\x2f\x90\x0e\xf8\x47\xc8\x50\x8a\xff\x95\xcc\xff\xeb\x69\xd7\x47\xd7\x9a\x50\xe1\xcb\x53\xb9\xe2\x75\xa7\x03\xfe\x11\x32\x94\xe2\x7f\x15\xf3\xff\x26\x53\xcc\x56\x6b\xaa\xce\x1d\x52\x55\xae\x78\x3d\xe8\x80\x7f\x84\x0c\xa5\xf8\x5f\xcd\xfc\xbf\xcd\x97\xae\xf4\xbf\xad\x83\xd6\x66\x97\x2b\x5e\x4f\x3a\xe0\x1f\x21\x43\x29\xfe\xd7\x30\xff\xef\x06\xbd\x59\x13\xa5\x55\xd5\x5b\x83\xe4\x8a\xe7\x7b\x26\x30\xfc\x23\x64\x28\xc5\xff\x5a\xe6\xff\x7d\xb1\xf3\xd7\x9d\x08\x27\x73\x6d\x90\x2b\x5e\x6f\x3a\xe0\x1f\x21\x43\x29\xfe\xd7\x31\xff\x1f\x7e\x44\xcc\xf1\xec\x4a\xbc\x22\x71\xe5\x8a\xd7\x87\x0e\xf8\x47\xc8\x50\x8a\xff\xf5\xcc\xff\xc7\x37\xd9\x9c\x2d\x27\x7f\xbf\xf9\x24\x57\xbc\xbe\x74\xc0\x3f\x42\x86\x52\xfc\x6f\x60\xfe\x3f\xd5\xfc\xf2\xb5\xb0\x9b\x71\x4e\x09\xb9\xe2\xf9\x3e\x13\x04\xff\x08\x19\x4a\xf1\xbf\x91\xf9\xff\x9c\x3d\xdc\xc0\xef\x81\x5b\xbb\xb7\x92\x2b\x5e\x7f\x3a\xe0\x1f\x21\x43\x29\xfe\x37\x31\xff\x5f\xc6\x1f\x68\x12\x79\x55\x8b\x10\x77\xe5\x8a\x37\x80\x0e\xf8\x47\xc8\x50\x8a\xff\xcd\xcc\xff\xd7\xd9\x3f\x8b\x35\x8c\xb2\xa4\x56\x33\xb9\xe2\x0d\xa4\x03\xfe\x11\x32\x94\xe2\x7f\x0b\xf3\xff\x2d\x71\xfe\x45\x6b\x2f\x74\xce\x78\x51\xae\x78\xbe\xcf\x04\xc0\x3f\x42\x86\x52\xfc\x6f\x65\xfe\xbf\x0f\xfe\x5b\x26\xe7\xc6\x57\x87\xff\xc9\x15\x6f\x30\x1d\xf0\x8f\x90\xa1\x14\xff\xdb\x98\xff\x1f\xb9\x73\xaf\x3c\xda\x2e\xcf\xb6\x32\x72\xc5\x1b\x42\x07\xfc\x23\x64\x28\xc5\x7f\x10\xf3\xff\x33\x7d\xa8\x51\x93\x3a\xdf\x8b\xb3\x44\xae\x78\x43\xe9\x80\x7f\x84\x0c\xa5\xf8\xdf\xce\xfc\xff\x9a\x7e\xa4\x6d\x93\x75\x51\x3a\x7a\x72\xc5\xf3\x3d\x13\x1c\xfe\x11\x32\x94\xe2\x7f\x07\xf3\xff\xfb\x51\x8b\xa1\x2b\xce\x4e\x1f\x9c\x5b\xae\x78\xc3\xe9\x80\x7f\x84\x0c\xa5\xf8\xdf\xc9\xfc\xff\xa9\xb5\xb0\x45\xb5\x98\x01\x9f\xc7\xc9\x15\x6f\x04\x1d\xf0\x8f\x90\xa1\x14\xff\xbb\x98\xff\xbf\xe5\x66\x97\x0c\xf1\xb5\xf6\xed\x97\x72\xc5\x1b\x49\x07\xfc\x23\x64\x28\xc5\xff\x6e\xe6\xff\xdf\xd7\x7a\xcb\x3e\xa5\x1d\xb3\xae\xa1\x5c\xf1\x46\xd1\x01\xff\x08\x19\x4a\xf1\xbf\xe7\xff\xfc\x7b\x21\x66\x17\x6c\x37\xbb\x4c\xcc\xc2\x9d\xe5\x8a\x37\x9a\x0e\xf8\x47\xc8\x50\x8a\xff\xbd\xcc\x7f\xc8\xc4\xdf\xc7\xb7\x9e\x7e\x38\xe7\x11\xb9\xe2\x8d\xa1\x03\xfe\x11\x32\x94\xe2\x7f\x1f\xf3\x1f\x2a\xfb\xa1\x0d\x05\xc6\x24\x9f\x9d\x41\xae\x78\x63\xe9\x80\x7f\x84\x0c\xa5\xf8\xdf\xcf\xfc\x87\x1e\x1f\xa6\xfc\xb9\x9a\x5f\x5f\xcf\x94\x2b\x9e\xef\x77\x02\xf0\x8f\x90\xa1\x14\xff\x07\x98\xff\x30\xf3\x63\xb5\xeb\x99\xab\x5d\xc8\x20\xb9\xe2\x8d\xa7\x03\xfe\x11\x32\x94\xe2\xff\x20\xf3\x1f\x36\xf9\x95\xf1\x63\x5e\xed\xeb\x11\x5a\xae\x78\x13\xe8\x80\x7f\x84\x0c\xa5\xf8\x3f\xc4\xfc\x87\xcb\xfc\x76\xc3\xfd\xdf\xbb\xd2\x8c\x92\x2b\xde\x44\x3a\xe0\x1f\x21\x43\x29\xfe\x0f\x33\xff\xe1\x47\xa7\x2e\x9f\x3e\x71\xab\x86\xf9\xe5\x8a\x37\x89\x0e\xf8\x47\xc8\x50\x8a\xff\x23\xcc\x7f\x84\xd4\x2f\x97\x07\x15\xfe\xb8\x39\x96\x5c\xf1\x26\xd3\x01\xff\x08\x19\x4a\xf1\x7f\x94\xf9\x8f\x38\x39\x7d\x40\xf1\xb9\x89\x8f\xac\x90\x2b\xde\x14\x3a\xe0\x1f\x21\x43\x29\xfe\x8f\x31\xff\x91\x86\x7b\xcd\x63\x0e\x3a\xde\xaa\x82\x5c\xf1\xa6\xd2\x01\xff\x08\x19\x4a\xf1\x7f\x9c\xf9\x8f\x9c\xff\xc2\x88\x47\xf5\xdd\x84\xbf\xe4\x8a\x37\x8d\x0e\xf8\x47\xc8\x50\x8a\xff\x13\xcc\x7f\x94\x52\x5d\x5a\xa5\x2a\x30\xe1\xd3\x55\xb9\xe2\x4d\xa7\x03\xfe\x11\x32\x94\xe2\xff\x24\xf3\x1f\xf5\xe3\xd6\xd1\x57\x1e\xd6\x1f\xd6\x48\xae\x78\x33\xe8\x80\x7f\x84\x0c\xa5\xf8\x3f\xc5\xfc\x47\x7b\x3a\x7e\xcd\xc0\x70\x85\x57\x87\x97\x2b\x9e\xef\x33\xc1\xf0\x8f\x90\xa1\x14\xff\xa7\x99\xff\xe8\xf5\x4a\x95\xee\x7a\x6b\xf2\x9d\xcd\x72\xc5\x9b\x45\x07\xfc\x23\x64\x28\xc5\xff\x19\xe6\x3f\xc6\xfc\x36\x39\xda\xee\x8a\x90\x65\xae\x5c\xf1\x66\xd3\x01\xff\x08\x19\x4a\xf1\x7f\x96\xf9\x8f\x99\x7c\xed\xf5\x99\x2d\x6e\x95\x4c\x23\x57\xbc\x39\x74\xc0\x3f\x42\x86\x52\xfc\x9f\x63\xfe\x63\x65\x9e\xfe\xf5\x4c\x9f\x02\xaf\x0e\xc8\x15\xcf\xf7\xff\x09\xe0\x1f\x21\x43\x29\xfe\xcf\x33\xff\x7e\xa3\x2b\x39\x85\x56\xbc\x9b\x17\x28\x57\xbc\x79\x74\xc0\x3f\x42\x86\x52\xfc\x5f\x60\xfe\x9d\x17\x4b\x9a\x8c\x38\x1e\xd8\xa9\xae\x5c\xf1\xe6\xd3\x01\xff\x08\x19\x4a\xf1\x7f\x91\xf9\x77\xab\x36\x1f\xd8\x2d\xde\x8a\x70\x6f\xe5\x8a\xb7\x80\x0e\xf8\x47\xc8\x50\x8a\xff\x4b\xcc\xbf\x57\xb2\xe1\xa2\xc4\x2f\xfa\x9d\xad\x28\x57\xbc\x85\x74\xc0\x3f\x42\x86\x52\xfc\x5f\x66\xfe\xfd\xff\xcc\x2a\x76\x39\xc7\x86\xdd\x3f\xe5\x8a\xb7\x88\x0e\xf8\x47\xc8\x50\x8a\xff\x2b\xcc\x7f\xec\x86\x75\x57\x96\xae\x9e\xa3\xc6\x15\xb9\xe2\x2d\xa6\x03\xfe\x11\x32\x94\xe2\xff\x2a\xf3\x1f\xe7\xc9\xbc\x32\xbb\x46\x3d\x4b\xdc\x58\xae\x78\xbe\x77\x82\xc3\x3f\x42\x86\x52\xfc\x5f\x63\xfe\xe3\x7e\x58\xd1\xf6\xed\xd4\x10\x63\x47\xca\x15\x6f\x29\x1d\xf0\x8f\x90\xa1\x14\xff\xd7\x99\xff\x78\x65\x1b\x8f\x4a\x50\xea\xd2\xcf\x02\x72\xc5\x5b\x46\x07\xfc\x23\x64\x28\xc5\xff\x0d\xe6\x3f\x7e\xa1\xc3\x2d\x6e\xa4\x2e\xe5\xef\x27\x57\xbc\xe5\x74\xc0\x3f\x42\x86\x52\xfc\xdf\x64\xfe\x13\x0c\x0b\x3b\x34\xdd\xe7\xd9\x8d\x97\xcb\x15\xcf\xf7\x4c\x40\xf8\x47\xc8\x50\x8a\xff\x5b\xcc\x7f\xc2\x49\x85\x96\x0d\xf0\x1b\x51\xe1\xa0\x5c\xf1\x56\xd2\x01\xff\x08\x19\x4a\xf1\x7f\x9b\xf9\x4f\x94\xee\x47\xc9\xb1\xe7\xab\xe7\xee\x26\x57\xbc\x55\x74\xc0\x3f\x42\x86\x52\xfc\xdf\x61\xfe\x13\xa7\x8e\xeb\x4c\xdc\x70\xfe\x6a\x1d\xb9\xe2\xad\xa6\x03\xfe\x11\x32\x94\xe2\xff\x2e\xf3\x9f\x64\xf2\x9d\xaf\x4d\xbb\x26\x58\xf2\x4e\xae\x78\x6b\xe8\x80\x7f\x84\x0c\xa5\xf8\xbf\xc7\xfc\x27\x1d\xfe\xf4\x7a\xae\x0e\x3f\xa3\x87\x93\x2b\xde\x5a\x3a\xe0\x1f\x21\x43\x29\xfe\xef\x33\xff\xc9\xf2\x27\xce\x71\x64\x73\xea\x5e\x5b\xe4\x8a\xb7\x8e\x0e\xf8\x47\xc8\x50\x8a\xff\x07\xcc\x7f\xf2\xce\x9d\x3a\x0f\xbf\xb4\x79\xea\x3c\xb9\xe2\xad\xa7\x03\xfe\x11\x32\x94\xe2\xff\x21\xf3\x9f\xe2\x74\xd0\x94\xc0\x68\x8d\x1e\xa5\x96\x2b\xde\x06\x3a\xe0\x1f\x21\x43\x29\xfe\x1f\x31\xff\x29\xef\x8f\xdd\x9c\x24\x4e\xb3\x3d\x8b\xe5\x8a\xb7\x91\x0e\xf8\x47\xc8\x50\x8a\xff\x60\xe6\x3f\x55\xf3\x32\x95\x2e\x1d\x0d\x3a\xe5\x2f\x57\xbc\x4d\x74\xc0\x3f\x42\x86\x52\xfc\x3f\x66\xfe\x53\x1f\x1f\xb9\xbb\xd4\xb2\xf4\xa9\xf2\xc8\x15\xcf\xf7\x4e\x10\xf8\x47\xc8\x50\x8a\xff\x27\xcc\x7f\x9a\x7e\x15\x6a\xef\xee\xf5\xb7\xf2\x58\xb9\xe2\xf9\x7e\x27\x00\xff\x08\x19\x4a\xf1\xff\x94\xf9\x4f\xdb\xba\x5b\xcf\x77\xcd\xe2\xfc\x69\x2e\x57\xbc\xad\x74\xc0\x3f\x42\x86\x52\xfc\x3f\x63\xfe\xd3\x5d\xde\x3c\x3b\xfe\x8e\xd3\x63\x2e\xc8\x15\x6f\x1b\x1d\xf0\x8f\x90\xa1\x14\xff\xcf\x99\xff\xf4\x2b\x62\x04\xde\xbc\x51\xb9\xc5\x5f\xb9\xe2\x05\xd1\x01\xff\x08\x19\x4a\xf1\xff\x82\xf9\xcf\x90\xe0\xda\x8c\xb4\x61\x86\xc4\x28\x2b\x57\xbc\xed\x74\xc0\x3f\x42\x86\x52\xfc\xbf\x64\xfe\x33\x46\x7c\x1d\xd4\x3f\x78\x7e\xa1\xf4\x72\xc5\xdb\x41\x07\xfc\x23\x64\x28\xc5\xff\x2b\xe6\x3f\xd3\x96\xb4\xd5\xc6\x15\x2a\x57\x7a\x96\x5c\xf1\x76\xd2\x01\xff\x08\x19\x4a\xf1\xff\x9a\xf9\xcf\xdc\x39\x42\xea\x69\x0d\xaf\x2d\xdd\x2e\x57\xbc\x5d\x74\xc0\x3f\x42\x86\x52\xfc\xbf\x61\xfe\xb3\x9c\x3e\x77\xaa\xc5\x90\x30\x97\x42\xc9\x15\x6f\x37\x1d\xf0\x8f\x90\xa1\x14\xff\x6f\x99\xff\xac\xf7\x3f\xbf\xca\x3a\x3f\xb8\xff\x2b\xb9\xe2\xed\xa1\x03\xfe\x11\x32\x94\xe2\xff\x1d\xf3\x9f\xad\x79\xd6\x88\x07\x8b\x66\x89\xd0\x40\xae\x78\x7b\xe9\x80\x7f\x84\x0c\xa5\xf8\x7f\xcf\xfc\x67\x0f\x77\x70\x40\xaf\xa4\x6b\x9e\x74\x92\x2b\xde\x3e\x3a\xe0\x1f\x21\x43\x29\xfe\x3f\x30\xff\x39\xf6\x84\x9f\x37\xfa\x6f\xaf\x29\x47\xe5\x8a\xb7\x9f\x0e\xf8\x47\xc8\x50\x8a\xff\x8f\xcc\x7f\xce\x95\x05\xf6\xdc\x3b\xf4\x31\xcc\x61\xb9\xe2\x1d\xa0\x03\xfe\x11\x32\x94\xe2\xff\x13\xf3\x9f\x2b\xd6\xaf\x06\x19\x12\x26\xee\xd2\x5d\xae\x78\xbe\x77\x82\xc0\x3f\x42\x86\x52\xfc\x7f\x66\xfe\x73\x6f\xcc\xb3\x6d\x7b\xff\x5d\x0b\x6a\xc9\x15\xef\x10\x1d\xf0\x8f\x90\xa1\x14\xff\x5f\x98\xff\x3c\x91\xfe\xd5\x0c\x58\xdc\xea\xc5\x1b\xb9\xe2\xf9\xfe\x4e\x00\xff\x08\x19\x4a\xf1\xff\x95\xf9\xcf\x9b\xf0\x68\xf7\x18\xfb\x27\x14\x0f\x23\x57\xbc\x23\x74\xc0\x3f\x42\x86\x52\xfc\x7f\x63\xfe\xf3\x2d\x0d\x3d\x35\xb8\x69\xfd\x6c\x9b\xe4\x8a\xe7\xfb\x9d\x00\xfc\x23\x64\x28\xc5\xff\x77\xe6\x3f\xff\x85\x45\x7d\x52\x86\x3e\x7e\x6f\x81\x5c\xf1\x8e\xd1\x01\xff\x08\x19\x4a\xf1\xff\x83\xf9\x2f\xd0\xa6\xe5\xac\xab\xf7\xdd\x95\x69\xe5\x8a\x77\x9c\x0e\xf8\x47\xc8\x50\x8a\xff\x9f\xcc\x7f\xc1\xfe\xf5\x77\x0c\xca\x1d\x61\x44\x79\xb9\xe2\x9d\xa0\x03\xfe\x11\x32\x94\xe2\xff\x17\xf3\x5f\xe8\xc8\x9c\x3a\x5d\x1e\xdf\xfa\xf0\x5d\xae\x78\x27\xe9\x80\x7f\x84\x0c\xa5\xf8\xff\xcd\xfc\x17\x5e\x30\xa6\x72\xaa\xa1\x85\xe3\x5f\x93\x2b\xde\x29\x3a\xe0\x1f\x21\x43\x29\xfe\xff\x30\xff\x45\x52\x94\xdf\x72\xa5\xd6\xe4\x36\x4d\xe5\x8a\x77\x9a\x0e\xf8\x47\xc8\x50\x8a\xff\xbf\xcc\x7f\xd1\x2c\x3d\x26\x0f\x2c\x1e\x78\x6c\xb4\x5c\xf1\xce\xd0\x01\xff\x08\x19\x4a\xf1\xff\x8f\xf9\x2f\x36\x66\x53\xa7\xae\xb3\x56\x6c\x2c\x24\x57\xbc\xb3\x74\xc0\x3f\x42\x86\xfa\xdf\xfe\x63\x86\x60\xfe\x03\xce\xf5\x4a\x7f\xe6\x47\x81\xfa\x31\xe5\x8a\x77\x8e\x0e\xf8\x47\xc8\x50\x8a\xff\x90\xcc\x7f\xf1\x6e\xfb\xcf\x15\x4a\xf1\x2e\xdd\x52\xb9\xe2\x9d\xa7\x03\xfe\x11\x32\x94\xe2\x3f\x14\xf3\x5f\xa2\xd1\xb0\x77\x6d\xb3\xbe\x0a\xcc\x28\x57\x3c\xdf\x3b\xc1\xe0\x1f\x21\x43\x29\xfe\x43\x33\xff\x25\x6f\x15\x8b\x3a\xf3\x6d\x9e\xd0\x73\xe4\x8a\x77\x91\x0e\xf8\x47\xc8\x50\x8a\xff\x30\xcc\x7f\xa9\x9e\x83\x9e\x86\x1a\xbf\xe4\xed\x36\xb9\xe2\x5d\xa2\x03\xfe\x11\x32\x94\xe2\x3f\x2c\xf3\x5f\xfa\x50\xc9\x30\x1f\xaa\x74\x9e\xf9\x1f\x2b\xde\x65\x3a\xe0\x1f\x21\x43\x29\xfe\xc3\x31\xff\x65\xae\xf5\x4b\xb1\xac\xe2\xf4\xec\x2f\xe4\x8a\x77\x85\x0e\xf8\x47\xc8\x50\x8a\xff\xf0\xcc\x7f\xd9\x76\xbb\x8f\xd7\x98\x12\x50\xb4\x9e\x5c\xf1\xae\xd2\x01\xff\x08\x19\x4a\xf1\x1f\x81\xf9\x2f\x17\x3b\x4e\xea\x29\x9f\xee\x6d\xe8\x22\x57\x3c\xdf\x77\x02\xe0\x1f\x21\x43\x29\xfe\x23\x32\xff\xe5\x17\xdf\x3f\xd5\x28\x53\x94\x9b\xc7\xe5\x8a\x77\x9d\x0e\xf8\x47\xc8\x50\x8a\xff\x48\xcc\x7f\x85\xa0\x27\xaf\xb2\x9f\x88\xf9\x75\xa1\x5c\xf1\x6e\xd0\x01\xff\x08\x19\x4a\xf1\x1f\x99\xf9\xaf\x18\x25\x59\xc4\xe3\xce\xe1\x81\xae\x5c\xf1\x6e\xd2\x01\xff\x08\x19\x4a\xf1\x1f\x85\xf9\xaf\x74\x2e\x64\xe0\xfd\x6e\xb5\xdb\xe7\x93\x2b\xde\x2d\x3a\xe0\x1f\x21\x43\x29\xfe\xa3\x32\xff\x95\xbb\x1d\x9f\x91\x7e\xe5\x98\x78\xe3\xe5\x8a\x77\x9b\x0e\xf8\x47\xc8\x50\x8a\xff\x68\xcc\x7f\x95\x46\x7f\x82\x7a\x6e\x6b\xb7\xbd\xa5\x5c\xf1\xee\xd0\x01\xff\x08\x19\x4a\xf1\x1f\x9d\xf9\xaf\x7a\x2b\x5f\xb5\x31\xad\xf7\x1d\xbc\x24\x57\xbc\xbb\x74\xc0\x3f\x42\x86\x52\xfc\xc7\x60\xfe\xab\xed\x3c\x91\x34\x5b\xc4\xe4\xe9\x7f\xcb\x15\xef\x1e\x1d\xf0\x8f\x90\xa1\x14\xff\x31\x99\xff\xea\xa1\xa3\x1d\x38\x70\xf5\x6b\x9d\xd2\x72\xc5\xbb\x4f\x07\xfc\x23\x64\x28\xc5\x7f\x2c\xe6\xbf\x86\x7f\xf6\x87\x53\x53\xa5\x9f\xf4\x5c\xae\x78\x0f\xe8\x80\x7f\x84\x0c\xa5\xf8\xf7\x63\xfe\x6b\xae\xfb\x18\xba\xe5\xaf\xbf\xcf\xea\xcb\x15\xef\x21\x1d\xf0\x8f\x90\xa1\x14\xff\x0e\xf3\x5f\x2b\x7a\xe6\xe7\x7f\xe6\x34\x8b\xd4\x55\xae\x78\x8f\xe8\x80\x7f\x84\x0c\xa5\xf8\x77\x99\xff\xda\xdb\xbe\x46\x8a\x56\x32\xa8\xef\x31\xb9\xe2\x05\xd3\x01\xff\x08\x19\x4a\xf1\xef\x31\xff\x75\x16\x9d\x49\x57\xa7\x4e\xe5\x0b\x99\xe4\x8a\xf7\x98\x0e\xf8\x47\xc8\x50\x8a\x7f\x7f\xe6\xbf\x6e\xbc\x48\x27\x57\x0d\x1f\xb2\x7c\xb6\x5c\xf1\x9e\xd0\x01\xff\x08\x19\x4a\xf1\x1f\x9b\xf9\xaf\xd7\x71\x65\xca\x76\x4f\xe3\x94\xdd\x2a\x57\xbc\xa7\x74\xc0\x3f\x42\x86\x52\xfc\xc7\x61\xfe\xeb\x5f\xed\x70\x64\x41\xde\xd3\x05\x42\xca\x15\xef\x19\x1d\xf0\x8f\x90\xa1\x14\xff\x71\x99\xff\x06\x07\xab\x3d\x39\x7d\xf7\x5a\xac\x16\x72\xc5\xf3\x7d\x26\x00\xfe\x11\x32\x94\xe2\x3f\x1e\xf3\xdf\xb0\xcf\xe4\xf0\xb9\x43\x86\x69\x76\x59\xae\x78\xbe\x67\x82\xc2\x3f\x42\x86\x52\xfc\xc7\x67\xfe\x1b\xf5\xec\x5c\x2d\x79\xe3\xf9\xa3\xfe\xc8\x15\xef\x25\x1d\xf0\x8f\x90\xa1\x14\xff\x09\x98\xff\xc6\x87\xb6\x07\x5d\xdf\x5b\xee\x5f\x29\xb9\xe2\xbd\xa2\x03\xfe\x11\x32\x94\xe2\x3f\x21\xf3\xdf\xe4\xda\xb8\x19\x43\x16\xae\xa9\xba\x48\xae\x78\xaf\xe9\x80\x7f\x84\x0c\xa5\xf8\x4f\xc4\xfc\x37\x6d\x57\x36\xb0\x53\xdf\x5e\x29\x1c\xb9\xe2\xbd\xa1\x03\xfe\x11\x32\x94\xe2\x3f\x31\xf3\xdf\x2c\x49\xbc\x2c\x59\xe3\x07\x9f\xc8\x2b\x57\xbc\xb7\x74\xc0\x3f\x42\x86\x52\xfc\x27\x61\xfe\x9b\xcf\xb9\x7b\xf9\xe0\x81\x2c\xfb\x26\xc8\x15\xef\x1d\x1d\xf0\x8f\x90\xa1\x14\xff\x49\x99\xff\x16\x13\x9e\x7d\x9c\x76\x3d\xc7\x83\xb0\x72\xc5\x7b\x4f\x07\xfc\x23\x64\x28\xc5\x7f\x32\xe6\xbf\x65\x8e\x24\x31\x5a\x44\x7e\x36\x7d\xa3\x5c\xf1\x3e\xd0\x01\xff\x08\x19\x4a\xf1\x9f\x9c\xf9\x6f\x35\x23\xf8\xd7\xef\xb6\xfd\xfa\xcc\x97\x2b\xde\x47\x3a\xe0\x1f\x21\x43\x29\xfe\x53\x30\xff\xad\x33\xa4\x88\x13\x7d\xfb\x86\xa8\xe9\xe4\x8a\xf7\x89\x0e\xf8\x47\xc8\x50\x8a\xff\x94\xcc\x7f\x9b\x3c\x89\x72\xd7\x5d\x5d\x6a\xd1\x21\xb9\xe2\x7d\xa6\x03\xfe\x11\x32\x94\xe2\x3f\x15\xf3\xdf\x76\xc8\xcd\x5b\x2b\xbb\xcf\xbe\xde\x43\xae\x78\x5f\xe8\x80\x7f\x84\x0c\xa5\xf8\x4f\xcd\xfc\xb7\xfb\xd6\x27\x47\x7b\x2f\x44\xde\xda\x72\xc5\xfb\x4a\x07\xfc\x23\x64\x28\xc5\x7f\x1a\xe6\xbf\x7d\xf9\xbd\xd7\xe7\x9f\xba\x54\xee\xb5\x5c\xf1\xbe\xd1\x01\xff\x08\x19\x4a\xf1\x9f\x96\xf9\xef\x50\x7b\xc4\xd7\x53\x19\xce\x37\x1d\x23\x57\xbc\xef\x74\xc0\x3f\x42\x86\x52\xfc\xa7\x63\xfe\x3b\x06\x17\x71\xf2\x7c\x48\xe0\x16\x94\x2b\xde\x0f\x3a\xe0\x1f\x21\x43\x29\xfe\xd3\x33\xff\x9d\x92\x34\x6d\x95\x64\xd2\x88\xef\x31\xe4\x8a\xf7\x93\x0e\xf8\x47\xc8\x50\x8a\xff\x0c\xcc\x7f\xe7\x39\xcb\x46\x5f\x2a\x5f\x7d\xfc\x32\xb9\xe2\xfd\xa2\x03\xfe\x11\x32\x94\xe2\x3f\x23\xf3\xdf\x65\xc2\x82\x35\xc3\x2b\x6d\x4e\x5a\x4e\xae\x78\xbe\x77\x02\xc3\x3f\x42\x86\x52\xfc\x67\x62\xfe\xbb\xe6\xa8\x5d\x3a\x70\x6c\xa3\x6a\x3f\xe4\x8a\xe7\x7b\x26\x18\xfc\x23\x64\x28\xc5\x7f\x66\xe6\xbf\x5b\x8d\xd5\x85\xce\xbe\xfe\xb9\xf3\xba\x5c\xf1\xfe\xd2\x01\xff\x08\x19\x4a\xf1\x9f\x85\xf9\x0f\x7c\xdd\xee\x6e\xc1\xcc\xa9\xcf\x37\x91\x2b\xde\x3f\x3a\xe0\x1f\x21\x43\x29\xfe\xb3\x32\xff\xdd\xbf\xd7\xf8\xdd\x26\xd6\xd5\x64\x3d\xe5\x8a\xbf\xef\x80\x7f\x84\x0c\xa5\xf8\xcf\xc6\xfc\xf7\x28\x3a\x31\xe1\xac\x73\xe1\xab\x9f\x95\x2b\xfe\xbe\x77\x02\xc1\x3f\x42\x86\x52\xfc\x67\x67\xfe\x7b\x3e\xa8\xf2\x25\xf4\xfa\x79\x3b\x82\xe5\x8a\x7f\x28\x3a\xe0\x1f\x21\x43\x29\xfe\x73\x30\xff\xbd\xea\x4c\xf5\x7f\xdf\xa5\xe2\xb9\x1a\x72\xc5\x3f\x34\x1d\xf0\x8f\x90\xa1\x14\xff\x39\x99\xff\xde\x15\xd6\xe7\x5c\xda\x71\x65\x93\xfd\x72\xc5\x3f\x0c\x1d\xf0\x8f\x90\xa1\x14\xff\xb9\x98\xff\x3e\x9f\x5b\x5d\xa9\xb9\xa5\xb7\x13\x49\xae\xf8\xfb\x9e\x09\x0a\xff\x08\x19\x4a\xf1\x9f\x9b\xf9\xef\x3b\xf0\x54\xbe\xc9\x97\x1f\xfc\x48\x2e\x57\xfc\xc3\xd1\x01\xff\x08\x19\x4a\xf1\x9f\x87\xf9\xef\x97\x37\xca\xcd\xc6\xd1\xb3\x4e\x98\x24\x57\xfc\xc3\xd3\x01\xff\x08\x19\x4a\xf1\x9f\x97\xf9\xef\x9f\x31\xe7\xf7\x1c\xcf\x33\x2d\xfc\x2a\x57\xfc\x7d\x3f\x0f\xff\x08\x19\x4a\xf1\x9f\x8f\xf9\x1f\x30\xf5\x7d\xdc\x63\xd9\xff\x5c\x2b\x26\x57\xfc\x23\xd2\x01\xff\x08\x19\x4a\xf1\x9f\x9f\xf9\x1f\xd8\x3f\xdc\xa2\x90\xd5\x5a\xe6\x6b\x2f\x57\xfc\x7d\xff\x26\x08\xff\x08\x19\x4a\xf1\x5f\x80\xf9\x1f\x74\xe4\x40\xb1\x8f\x23\xb7\x95\xbf\x21\x57\xfc\x23\xd3\x01\xff\x08\x19\x4a\xf1\x5f\x90\xf9\x1f\x7c\xe1\x67\x93\xe5\xd3\xaa\x3c\xcc\x22\x57\xfc\xa3\xd0\x01\xff\x08\x19\x4a\xf1\x5f\x88\xf9\x1f\xd2\x26\xff\xc0\xea\xa5\x07\xce\x18\x2a\x57\xfc\xa3\xd2\x01\xff\x08\x19\x4a\xf1\x5f\x98\xf9\x1f\xda\x3b\xed\xa2\xe0\x34\x71\x7b\xaf\x96\x2b\xfe\xd1\xe8\x80\x7f\x84\x0c\xa5\xf8\x2f\xc2\xfc\x0f\x3b\xf0\xba\x58\x8c\x2f\x27\xa2\x24\x92\x2b\xfe\xd1\xe9\x80\x7f\x84\x0c\xa5\xf8\x2f\xca\xfc\x0f\xbf\x72\xad\x49\xc0\xa3\x33\x55\xa6\xc9\x15\x7f\xdf\x33\x81\xe1\x1f\x21\x43\x29\xfe\x8b\x31\xff\x23\x3a\xc4\x18\xb8\xbd\x60\xc2\xe4\x89\xe5\x8a\x7f\x4c\x3a\xe0\x1f\x21\x43\x29\xfe\x03\x98\xff\x91\x67\x2e\xb5\xcd\xd0\x60\xe8\xc9\x68\x72\xc5\x3f\x16\x1d\xf0\x8f\x90\xa1\x14\xff\xc5\x99\xff\x51\xdd\x9d\x51\xf7\x06\xd7\xd8\xbf\x5b\xae\xf8\xfb\xd1\x01\xff\xff\x1f\x7b\xf7\x14\x6c\xd7\xc2\xf5\x7f\x3e\xb6\x35\xe7\x5c\xb1\x6d\xdb\xb6\x93\x1d\xdb\x76\x76\x6c\x67\xc7\xb6\x6d\xdb\xb6\x6d\xdb\x4e\xba\xba\x6b\xac\x7a\x47\xf5\x38\xf5\x8e\xea\xae\xff\xcd\xa8\xfa\x7d\xaf\x46\x9d\xca\xfe\xd5\x73\xf3\x39\x4f\x92\xb3\xd6\x9c\x08\x19\x4a\xf1\x5f\x82\xf9\x1f\xd5\x38\xc3\xf2\x51\xf3\x36\xc4\xac\x22\x57\x9c\x58\x74\xc0\x3f\x42\x86\x52\xfc\x97\x64\xfe\x47\x5f\x7f\x5e\xa6\x57\xd1\x26\xcd\x9e\xc9\x15\x27\x36\x1d\xf0\x8f\x90\xa1\x14\xff\xa5\x98\xff\x31\xab\xcb\x2c\xd9\x9d\xf4\xc7\x88\x13\x72\xc5\x89\x43\x07\xfc\x23\x64\x28\xc5\x7f\x69\xe6\x7f\x6c\x9c\x31\x25\x2b\xfe\x4b\xfb\xb7\x8f\x5c\x71\xfc\x0f\x00\x87\x7f\x84\x0c\xa5\xf8\x2f\xc3\xfc\x8f\x0b\xb1\xb5\x79\x5c\x37\xc7\x85\xb8\x72\xc5\x71\xe9\x80\x7f\x84\x0c\xa5\xf8\x2f\xcb\xfc\x8f\xdf\xde\x71\xc8\xf3\xc3\x8f\x97\xad\x95\x2b\x8e\x47\x07\xfc\x23\x64\x28\xc5\x7f\x39\xe6\x3f\xa8\x77\x95\xef\xef\x17\xf7\xfb\xbf\x7f\x4b\xf0\xff\xce\xf1\xd1\x01\xff\x08\x19\x4a\xf1\x5f\x9e\xf9\x9f\xb0\x7f\xb2\x2f\x64\xcf\xd5\xf9\xb2\xcb\x15\xc7\xff\x67\x02\xf8\x47\xc8\x50\x8a\xff\x0a\xcc\xff\xc4\xcb\x6b\xf3\xd6\x6c\x56\x36\xe8\xb6\x5c\x71\xe2\xd1\x01\xff\x08\x19\x4a\xf1\x5f\x91\xf9\x9f\xd4\xbe\xe5\x8d\xc5\x3b\x66\x3c\x6d\x25\x57\x9c\xf8\x74\xc0\x3f\x42\x86\x52\xfc\x57\x62\xfe\x27\x47\x9e\xb5\x2e\xde\x8d\x90\x11\xff\xc3\xb8\x93\x80\x0e\xf8\x47\xc8\x50\x8a\xff\xca\xcc\xff\x94\x6d\xf5\xca\xbf\x0b\x7d\xa1\xef\x47\xb9\xe2\xf8\x9f\x09\x00\xff\x08\x19\x4a\xf1\x5f\x85\xf9\x9f\xba\xa8\x45\xdb\x5d\xdf\x22\x6e\xad\x2a\x57\x1c\xff\xcf\xc0\x3f\x42\x86\x52\xfc\x57\x65\xfe\xa7\x79\x0b\xc6\x95\x4a\x7b\x63\xff\x53\xb9\xe2\x24\xa6\x03\xfe\x11\x32\x94\xe2\xbf\x1a\xf3\x3f\x7d\x57\x93\x66\x17\xcb\x16\x4d\x7f\x5c\xae\x38\x49\xe8\x80\x7f\x84\x0c\xa5\xf8\xaf\xce\xfc\xcf\x08\xbe\x64\x78\xe2\x69\x13\xea\xf4\x95\x2b\x4e\x52\x3a\xe0\x1f\x21\x43\x29\xfe\x6b\x30\xff\x33\x63\xcf\x5b\xda\x6d\x54\xf7\x6f\x93\xe5\x8a\xe3\x7f\x27\x30\xfc\x23\x64\x28\xc5\x7f\x4d\xe6\x7f\xd6\xba\xda\xc5\x86\xd5\x58\x3c\x30\xb1\x5c\x71\x92\xd3\x01\xff\x08\x19\x4a\xf1\x5f\x8b\xf9\x9f\x7d\xeb\xd7\xaa\xa2\x39\x0a\xb4\x8d\x2a\x57\x9c\x14\x74\xc0\x3f\x42\x86\x52\xfc\xd7\x66\xfe\xe7\x34\xca\x5f\x7a\xfd\xcb\xd7\xbe\x9d\x72\xc5\x49\x49\x07\xfc\x23\x64\x28\xc5\x7f\x00\xf3\x3f\xb7\x5b\xd8\x96\x8f\x23\x7f\xc8\x7e\x47\xae\x38\xa9\xe8\x80\x7f\x84\x0c\xa5\xf8\xaf\xc3\xfc\xcf\x3b\x77\x60\x94\x73\x21\x69\xd1\x96\x72\xc5\x49\x4d\x07\xfc\x23\x64\x28\xc5\x7f\x5d\xe6\x7f\xfe\xe9\x24\x37\x22\x6e\xd8\xb1\xb6\x84\x5c\x71\xd2\xd0\x01\xff\x08\x19\x4a\xf1\x5f\x8f\xf9\x5f\xd0\xfd\x71\xde\xef\xed\xda\x5c\xff\x24\x57\x9c\xb4\x74\xc0\x3f\x42\x86\x52\xfc\xd7\x67\xfe\x17\x36\xbe\xeb\x5b\xdd\x71\x4c\x57\x9f\x5c\x71\xd2\xd1\x01\xff\x08\x19\x4a\xf1\xdf\x80\xf9\x5f\x74\xdd\xfd\xde\x60\x75\xfd\x10\xeb\xe4\x8a\x93\x9e\x0e\xf8\x47\xc8\x50\x8a\xff\x86\xcc\xff\xe2\x29\xa5\x76\xc7\x3f\x7d\xf8\xdd\x40\xb9\xe2\x64\xa0\x03\xfe\x11\x32\x94\xe2\xbf\x11\xf3\xbf\x24\xe3\xb8\xfa\x6f\xa3\xc5\x99\x91\x4d\xae\x38\x19\xe9\x80\x7f\x84\x0c\xa5\xf8\x6f\xcc\xfc\x2f\xcd\xbb\xb9\xff\xce\xb0\x31\x8e\xed\x95\x2b\x4e\x26\x3a\xe0\x1f\x21\x43\x29\xfe\x9b\x30\xff\xcb\x06\x76\x9e\x53\xfa\xd6\xfe\x0d\x11\xe5\x8a\x93\x99\x0e\xf8\x47\xc8\x50\x8a\xff\xa6\xcc\xff\xf2\xa4\xeb\xbb\x5f\xda\x15\x50\x37\xb9\x5c\x71\xb2\xd0\x01\xff\x08\x19\x4a\xf1\xdf\x8c\xf9\x5f\x31\xa3\xfb\xe4\x44\x2d\x46\xa4\x09\x92\x2b\x4e\x56\x3a\xe0\x1f\x21\x43\x29\xfe\x9b\x33\xff\x2b\xc7\x96\xdb\xd2\xb5\x77\x87\x61\xbd\xe4\x8a\xe3\xff\x3b\x41\xf8\x47\xc8\x50\x8a\xff\x16\xcc\xff\xaa\x9c\xa3\x6a\x0e\x5f\xba\xe7\xfd\x69\xb9\xe2\xf8\xdf\x09\x04\xff\x08\x19\x4a\xf1\xdf\x92\xf9\x5f\x5d\x34\xd5\xf6\x22\x47\x53\xc6\x7f\x28\x57\x9c\x1c\x74\xc0\x3f\x42\x86\x52\xfc\xb7\x62\xfe\xd7\xfc\x78\x1b\xb0\xc1\xf7\xa5\x4d\x4d\xb9\xe2\xe4\xa4\x03\xfe\x11\x32\x94\xe2\xbf\x35\xf3\xbf\xf6\xcd\xe5\xc0\x27\x7f\x9e\x17\xcb\x24\x57\x9c\x5c\x74\xc0\x3f\x42\x86\x52\xfc\xb7\x61\xfe\xd7\xd5\x8c\x31\x23\x4e\xe2\x3c\x59\x86\xca\x15\x27\x37\x1d\xf0\x8f\x90\xa1\x14\xff\x6d\x99\xff\xf5\x53\x32\x3d\x89\x52\x78\xfe\xbd\x55\x72\xc5\xc9\x43\x07\xfc\x23\x64\x28\xc5\x7f\x3b\xe6\x7f\x43\xc6\xaf\x61\xff\xcc\xe9\xbc\x22\x81\x5c\x71\xf2\xd2\x01\xff\x08\x19\x4a\xf1\xdf\x9e\xf9\xdf\x98\xf7\x74\x8a\x15\x03\xa6\x84\xfe\x26\x57\x9c\x7c\x74\xc0\x3f\x42\x86\x52\xfc\x77\x60\xfe\x37\x0d\x8c\x70\x38\xa0\x6e\xc9\x2e\x45\xe4\x8a\x93\x9f\x0e\xf8\x47\xc8\x50\x8a\xff\x8e\xcc\xff\xe6\x87\x3f\x36\x3e\xcc\x77\x67\x6e\x5b\xb9\xe2\x14\xa0\x03\xfe\x11\x32\x94\xe2\xbf\x13\xf3\xbf\xa5\x56\xc1\x4a\xd1\xef\x47\x7d\x7e\x43\xae\x38\x05\xe9\x80\x7f\x84\x0c\xa5\xf8\xef\xcc\xfc\x6f\x2d\x17\xba\x53\xf1\xdb\x43\xfa\xdf\x93\x2b\x4e\x21\x3a\xe0\x1f\x21\x43\x29\xfe\xbb\x30\xff\xdb\xbe\x1e\x9a\xb4\x35\x58\x8d\xf0\xad\xe5\x8a\x53\x98\x0e\xf8\x47\xc8\x50\x8a\xff\xae\xcc\xff\xf6\x6a\xc1\x7b\xa6\x6b\x78\xfa\x71\x31\xb9\xe2\xf8\xff\x4e\x10\xfe\x11\x32\x94\xe2\xbf\x1b\xf3\xbf\xe3\xed\xb1\x99\xf7\x76\x27\x98\xf8\x41\xae\x38\x45\xe9\x80\x7f\x84\x0c\xa5\xf8\xef\xce\xfc\xef\xfc\xf9\x67\xd7\xe8\x05\x3f\x0a\xb8\x72\xc5\xf1\xff\x9e\x00\xfe\x11\x32\x94\xe2\xbf\x07\xf3\xbf\xab\x50\xde\xda\x3d\xfb\xa6\x2d\xb5\x46\xae\x38\xc5\xe9\x80\x7f\x84\x0c\xa5\xf8\xef\xc9\xfc\xef\xce\x36\x63\xeb\x9e\xf8\x1b\x96\x0c\x96\x2b\x8e\xff\x9d\x80\xf0\x8f\x90\xa1\x14\xff\xbd\x98\xff\x3d\xe3\x1a\x54\xab\x70\xa0\xc9\xa5\x1c\x72\xc5\xf1\xbb\x87\x7f\x84\x0c\xa5\xf8\xef\xcd\xfc\xef\x9d\xd9\xac\x9b\x2f\x45\xbf\xdf\x95\xe5\x8a\x53\x8a\x0e\xf8\x47\xc8\x50\x8a\xff\x40\xe6\x7f\x5f\xa2\x45\xd3\x5e\xfc\x5c\x3d\xea\xb1\x5c\x71\x4a\xd3\x01\xff\x08\x19\x4a\xf1\xdf\x87\xf9\xdf\x1f\xb8\x69\xf6\xee\x99\x39\x5a\x9c\x94\x2b\x4e\x19\x3a\xe0\x1f\x21\x43\x29\xfe\xfb\x32\xff\x07\x0e\x74\xeb\x57\xb1\xc4\xe3\xe8\xfd\xe5\x8a\x53\x96\x0e\xf8\x47\xc8\x50\x8a\xff\x7e\xcc\xff\xc1\x2b\x15\x1b\xc4\xad\x13\x72\xcf\x54\xb9\xe2\x94\xa3\x03\xfe\x11\x32\x94\xe2\xbf\x3f\xf3\x7f\xa8\xc3\xc8\x3d\xcf\x87\x5f\x38\x95\x54\xae\x38\xe5\xe9\x80\x7f\x84\x0c\xa5\xf8\x1f\xc0\xfc\x1f\x3e\x12\xb3\xe6\xd6\x67\x65\x53\x44\x96\x2b\x4e\x05\x3a\xe0\x1f\x21\x43\x29\xfe\x07\x32\xff\x47\xfa\x5f\xd9\x52\x3c\xef\x8c\x4a\xdb\xe5\x8a\x53\x91\x0e\xf8\x47\xc8\x50\x8a\xff\x41\xcc\xff\xd1\x36\xef\x26\x47\x4f\x37\x27\x4a\x16\xb9\xe2\x54\xa2\x03\xfe\x11\x32\x94\xe2\x7f\x30\xf3\x7f\xec\x42\xea\xee\x0f\xdf\x57\xec\x39\x5c\xae\x38\xfe\xcf\x04\xc1\x3f\x42\x86\x52\xfc\x0f\x61\xfe\x8f\x77\x79\x35\xa7\x67\xd0\x95\x29\x2b\xe4\x8a\x53\x85\x0e\xf8\x47\xc8\x50\x8a\xff\xa1\xcc\xff\x89\x13\xe9\xfb\x8f\x2e\x17\xf6\x51\x3c\xb9\xe2\x54\xa5\x03\xfe\x11\x32\x94\xe2\x7f\x18\xf3\x7f\xf2\x8e\x53\xff\x5e\xe5\xfb\x15\xbf\xc8\x15\xa7\x1a\x1d\xf0\x8f\x90\xa1\x14\xff\xc3\x99\xff\x53\x2d\x2e\xec\x4e\x37\x36\x4b\xee\x42\x72\xc5\xa9\x4e\x07\xfc\x23\x64\x28\xc5\xff\x08\xe6\xff\x74\xcc\x2e\x55\x5f\xbc\x59\x7e\xb9\xbd\x5c\x71\x6a\xd0\x01\xff\x08\x19\x4a\xf1\x3f\x92\xf9\x3f\xb3\x62\xcb\x06\x5f\xe6\xde\x0b\x6f\xc9\x15\xa7\x26\x1d\xf0\x8f\x90\xa1\x14\xff\xa3\x98\xff\xb3\x7b\xc6\x07\x55\xb8\xda\x62\xec\x6e\xb9\xe2\xd4\xa2\x03\xfe\x11\x32\x94\xe2\x7f\x34\xf3\x7f\x2e\x6c\xe9\xce\x7b\x22\x6c\xf9\x15\x5e\xae\x38\xb5\xe9\x80\x7f\x84\x0c\xa5\xf8\x1f\xc3\xfc\x9f\x3f\xd2\x26\xca\x92\xd6\x19\xe3\xa4\x94\x2b\x4e\x00\x1d\xf0\x8f\x90\xa1\x14\xff\x63\x99\xff\x0b\xfd\xd7\xbc\xae\xb1\xf5\x4f\xc3\x89\x72\xc5\xa9\x43\x07\xfc\x23\x64\x28\xc5\xff\x38\xe6\xff\x62\x9b\x69\x67\x42\xac\xf2\x9d\x0e\x94\x2b\x4e\x5d\x3a\xe0\x1f\x21\x43\x29\xfe\xc7\x33\xff\x97\x2e\x54\xce\xf8\xa1\xc7\xf1\x9d\x67\xe5\x8a\x53\x8f\x0e\xf8\x47\xc8\x50\x8a\xff\x20\xe6\xff\xf2\xc6\x85\xb5\x4b\x3b\x55\x6a\xde\x97\x2b\x4e\x7d\x3a\xe0\x1f\x21\x43\x29\xfe\x27\x30\xff\x57\xc2\x35\xdd\xb5\xf3\xd4\x80\xc4\xd5\xe5\x8a\xd3\x80\x0e\xf8\x47\xc8\x50\x8a\xff\x89\xcc\xff\xd5\x78\xf5\x67\xbe\xcd\x1d\xf0\xf2\xb3\x5c\x71\x1a\xd2\x01\xff\x08\x19\x4a\xf1\x3f\x89\xf9\xbf\xb6\x74\x7a\xcf\xf8\x4f\x46\xcc\x2e\x2c\x57\x9c\x46\x74\xc0\x3f\x42\x86\x52\xfc\x4f\x66\xfe\xaf\x87\x0a\x98\x34\x7c\x68\x8c\x4e\x1d\xe4\x8a\xd3\x98\x0e\xf8\x47\xc8\x50\x8a\xff\x29\xcc\xff\x8d\xbd\xb3\x3b\x75\xad\xbd\x3f\xec\x4d\xb9\xe2\x34\xa1\x03\xfe\x11\x32\x94\xe2\x7f\x2a\xf3\x7f\x73\xe5\xd2\x4a\x89\x8a\xa5\x5c\x95\x55\xae\x38\x4d\xe9\x80\x7f\x84\x0c\xa5\xf8\x9f\xc6\xfc\xdf\x8a\xd6\x70\xe3\xa5\xe9\x5f\xee\x0c\x93\x2b\x4e\x33\x3a\xe0\x1f\x21\x43\x29\xfe\xa7\x33\xff\xb7\x9b\x1e\xac\x17\xe7\x7b\x87\x4c\xcb\xe5\x8a\xd3\x9c\x0e\xf8\x47\xc8\x50\x8a\xff\x19\xcc\xff\x9d\xbb\xa1\xf6\x3d\x49\xb6\xa7\x44\x7c\xb9\xe2\xb4\xa0\x03\xfe\x11\x32\x94\xe2\x7f\x26\xf3\x7f\xf7\x64\x81\xb9\x1b\x0e\xcd\x6f\xd5\x5b\xae\x38\x2d\xe9\x80\x7f\x84\x0c\xa5\xf8\x9f\xc5\xfc\xdf\xeb\xf8\xbd\x4f\x91\x84\x9d\x13\x9e\x93\x2b\x4e\x2b\x3a\xe0\x1f\x21\x43\x29\xfe\x67\x33\xff\xf7\xbb\xc4\xcd\x58\xbf\xff\xf3\x8f\x0f\xe4\x8a\xd3\x9a\x0e\xf8\x47\xc8\x50\x8a\xff\x39\xcc\xff\x83\x13\x77\xce\xac\x59\x94\x67\x48\x35\xb9\xe2\xb4\xa1\x03\xfe\x11\x32\x94\xe2\x7f\x2e\xf3\xff\xf0\xce\xb3\xd7\x3f\xf6\xde\x49\xb5\x47\xae\x38\x6d\xe9\x80\x7f\x84\x0c\xa5\xf8\x9f\xc7\xfc\x3f\x6a\x91\x38\x4a\x84\xc6\x51\xeb\x87\x93\x2b\x4e\x3b\x3a\xe0\x1f\x21\x43\x29\xfe\xe7\x33\xff\x8f\xd3\x74\x2a\x53\x2a\xc4\x94\x4d\x29\xe4\x8a\xe3\x7f\x27\x00\xfc\x23\x64\x28\xc5\xff\x02\xe6\xff\x49\xd0\xb6\xe5\xbb\xee\x96\x3c\x32\x49\xae\x38\xfe\xef\x04\xc1\x3f\x42\x86\x52\xfc\x2f\x64\xfe\x9f\x0e\x19\x3b\xf2\xdd\x89\xa2\xb3\x3c\xb9\xe2\x74\xa4\x03\xfe\x11\x32\x94\xe2\x7f\x11\xf3\xff\xac\x40\xd9\x36\xf1\x62\x4f\x78\xb3\x5a\xae\x38\x9d\xe8\x80\x7f\x84\x0c\xa5\xf8\x5f\xcc\xfc\x3f\x9f\x3d\x72\xc0\xb0\x6e\x11\x83\x0d\x92\x2b\x4e\x67\x3a\xe0\x1f\x21\x43\x29\xfe\x97\x30\xff\x2f\x52\x54\x6c\xdc\x6d\xc5\x8d\xee\x39\xe5\x8a\xd3\x85\x0e\xf8\x47\xc8\x50\x8a\xff\xa5\xcc\xff\xcb\x2c\xdd\x8a\x26\xde\x5c\xe0\xe6\x5d\xb9\xe2\x74\xa5\x03\xfe\x11\x32\x94\xe2\x7f\x19\xf3\xff\x6a\xc4\xa6\x05\x17\x5b\xbe\x5e\xdd\x46\xae\x38\xdd\xe8\x80\x7f\x84\x0c\xa5\xf8\x5f\xce\xfc\xbf\xfe\x1d\xbd\x82\x13\xae\x7b\xe1\xe2\x72\xc5\xe9\x4e\x07\xfc\x23\x64\x28\xc5\xff\x0a\xe6\xff\x4d\x89\x6b\xab\x1f\x5f\x5e\x9c\xf3\xbd\x5c\x71\x7a\xd0\x01\xff\x08\x19\x4a\xf1\xbf\x92\xf9\x7f\x5b\xe5\xcd\xd8\xf5\x59\x77\xb8\xd3\xe4\x8a\xd3\x93\x0e\xf8\x47\xc8\x50\x8a\xff\x55\xcc\xff\xbb\xe7\x69\x3b\x14\x7d\xd7\xa6\x7d\x12\xb9\xe2\xf4\xa2\x03\xfe\x11\x32\x94\xe2\x7f\x35\xf3\xff\x3e\x4d\xf8\x98\x75\xc6\x7f\x18\x1c\x49\xae\x38\xfe\x67\x02\xc1\x3f\x42\x86\x52\xfc\xaf\x61\xfe\x3f\x04\x9d\xfb\xb0\xbc\x6a\xd2\x2f\x3b\xe4\x8a\xe3\x7f\x27\x38\xfc\x23\x64\x28\xc5\xff\x5a\xe6\xff\xe3\x90\x2f\xe7\x7f\x57\x38\x5c\xbb\x92\x5c\x71\xfa\xd0\x01\xff\x08\x19\x4a\xf1\xbf\x8e\xf9\xff\x54\x20\x6b\x96\xa8\x13\xe3\x64\x7c\x22\x57\x9c\xbe\x74\xc0\x3f\x42\x86\x52\xfc\xaf\x67\xfe\x3f\xd7\xdb\x5f\x6c\xdb\xc7\x31\x07\x4f\xc9\x15\xa7\x1f\x1d\xf0\x8f\x90\xa1\x14\xff\x1b\x98\xff\x2f\xcf\xc2\x2c\x2d\x96\xa1\xfe\xe6\x7e\x72\xc5\xe9\x4f\x07\xfc\x23\x64\x28\xc5\xff\x46\xe6\xff\xeb\xa7\x7c\xc3\xa3\x8d\x9e\xf5\xfa\x98\x5c\x71\x06\xd0\x01\xff\x08\x19\x4a\xf1\xbf\x89\xf9\xff\x56\xfa\x67\xb3\x47\x35\x4b\xcf\xec\x2c\x57\x9c\x81\x74\xc0\x3f\x42\x86\x52\xfc\x6f\x66\xfe\xbf\xbf\xca\x35\xae\x57\xce\x4b\x3d\xea\xca\x15\xc7\xff\x4c\x00\xf8\x47\xc8\x50\x8a\xff\x2d\xcc\xff\x8f\xca\x7f\xdb\x8e\x7a\x15\x3c\xf8\x0b\xb9\xe2\x0c\xa6\x03\xfe\x11\x32\x94\xe2\x7f\x2b\xf3\xff\xb3\xf8\xe1\xf2\x77\xbf\x3e\x5d\xf3\x1f\x2b\xce\x10\x3a\xe0\x1f\x21\x43\x29\xfe\xb7\x31\xff\xbf\xfe\x85\x58\x97\x3e\x4d\xb6\x5b\x5b\xe4\x8a\x33\x94\x0e\xf8\x47\xc8\x50\x8a\xff\xed\xcc\xff\xef\xd1\xf3\x0b\x3d\x2f\xb3\x36\xc7\x2c\xb9\xe2\x0c\xa3\x03\xfe\x11\x32\x94\xe2\x7f\x07\xf3\xff\x27\x73\xf3\x85\x71\xa7\xf6\x29\x94\x41\xae\x38\xc3\xe9\x80\x7f\x84\x0c\xa5\xf8\xdf\xc9\xfc\xff\x4d\x5e\x77\x70\xc5\x4e\x8d\x3a\x94\x96\x2b\xce\x08\x3a\xe0\x1f\x21\x43\x29\xfe\x77\x31\xff\xff\xe6\xcd\x6c\xb4\x7b\xcd\x26\xef\xb7\x5c\x71\x46\xd2\x01\xff\x08\x19\x4a\xf1\xbf\xfb\x7f\xfc\x3b\xc1\xf6\x66\x0a\x7f\xf7\x4c\xea\xcf\x17\xe5\x8a\x33\x8a\x0e\xf8\x47\xc8\x50\x8a\xff\x3d\xcc\x7f\xf0\x50\x5f\x5f\xa5\x8f\xfe\x6b\x50\x0b\xb9\xe2\x8c\xa6\x03\xfe\x11\x32\x94\xe2\x7f\x2f\xf3\x1f\x22\xda\xe9\x93\xbd\x22\xc5\xcb\x30\x4e\xae\x38\x63\xe8\x80\x7f\x84\x0c\xa5\xf8\xdf\xc7\xfc\x87\x5c\x19\x21\xd5\xa8\xf3\x67\x6b\xe5\x95\x2b\xce\x58\x3a\xe0\x1f\x21\x43\x29\xfe\xf7\x33\xff\xa1\x76\xc6\x0b\x9f\x6f\x7d\xb5\x2d\xb1\xe5\x8a\xe3\xff\x3d\x01\xfc\x23\x64\x28\xc5\xff\x01\xe6\x3f\x74\xb0\x9b\xaf\xce\xb5\x1d\x76\x68\xbe\x5c\x71\xc6\xd3\x01\xff\x08\x19\x4a\xf1\x7f\x90\xf9\x0f\x13\xeb\xfe\xc9\x59\x81\x83\xe6\xa4\x91\x2b\x4e\x10\x1d\xf0\x8f\x90\xa1\x14\xff\x87\x98\xff\xb0\x6b\x53\xa4\x6a\xb9\xac\xd2\xab\x79\x72\xc5\x99\x40\x07\xfc\x23\x64\x28\xc5\xff\x61\xe6\x3f\x5c\xa4\xc7\x87\x3e\x1e\x3b\x19\x66\x83\x5c\x71\x26\xd2\x01\xff\x08\x19\x4a\xf1\x7f\x84\xf9\x0f\xbf\x35\x49\xe2\xe0\x71\xdd\x8e\xa1\xe4\x8a\x33\x89\x0e\xf8\x47\xc8\x50\x8a\xff\xa3\xcc\x7f\x84\x85\x6e\xb0\xea\x61\xfe\xdd\x7e\x23\x57\x9c\xc9\x74\xc0\x3f\x42\x86\x52\xfc\x1f\x63\xfe\x23\xba\x77\x1f\x2e\xbd\x99\x7e\x65\x2d\xb9\xe2\x4c\xa1\x03\xfe\x11\x32\x94\xe2\xff\x38\xf3\x1f\xa9\x6d\x9f\xc8\x4d\x76\x6e\x2b\xd9\x5d\xae\x38\x53\xe9\x80\x7f\x84\x0c\xa5\xf8\x3f\xc1\xfc\x47\xbe\xba\xf3\x5d\x50\xf3\x66\x99\x0f\xc9\x15\xc7\xff\x4e\xf0\xff\x6f\xfe\xa3\xfd\xff\xfa\x9f\x8c\x10\xfa\x3f\x94\xe2\xff\x24\xf3\x1f\xe5\xe0\x80\xb3\x87\x07\xf6\x4c\xb0\x58\xae\x38\xd3\xe9\xc0\xff\xff\x23\x64\x28\xc5\xff\x29\xe6\x3f\x6a\xcf\x12\xe9\x72\xd6\x5b\xd9\x32\xba\x5c\x71\x66\xd0\x01\xff\x08\x19\x4a\xf1\x7f\x9a\xf9\x8f\xb6\xb3\x69\xa5\x8c\xf9\x33\x0d\x2d\x28\x57\x9c\x99\x74\xc0\x3f\x42\x86\x52\xfc\x9f\x61\xfe\xa3\x07\x5b\xb8\xf1\xf6\x83\x87\x9f\x46\xc9\x15\xc7\xff\x4c\x50\xf8\x47\xc8\x50\x8a\xff\xb3\xcc\x7f\x8c\x58\xd3\x27\x8d\xf8\x1d\xba\x41\x13\xb9\xe2\xcc\xa6\x03\xfe\x11\x32\x94\xe2\xff\x1c\xf3\x1f\x73\x6d\xfd\x4e\x81\x89\xae\xa5\xbe\x2a\x57\x9c\x39\x74\xc0\x3f\x42\x86\x52\xfc\x9f\x67\xfe\x63\x9d\x59\x13\xf6\x50\xa1\xf2\x87\xbf\xcb\x15\x67\x2e\x1d\xf0\x8f\x90\xa1\x14\xff\x17\x98\xff\xd8\x3d\xda\x3c\xc9\x34\x7b\xde\xc6\xf2\x72\xc5\xf1\x7f\x27\x10\xfe\x11\x32\x94\xe2\xff\x22\xf3\x1f\xa7\x49\xe5\xc3\x4d\xdb\x17\xef\xf5\x5a\xae\x38\xfe\x67\x82\xc0\x3f\x42\x86\x52\xfc\x5f\x62\xfe\x9d\x1b\xd3\x52\x4c\xdb\x38\x2d\x6a\x6d\xb9\xe2\x2c\xa0\x03\xfe\x11\x32\x94\xe2\xff\x32\xf3\xef\x06\x56\x3f\x13\xf9\x62\xe4\x87\x3d\xe4\x8a\xb3\x90\x0e\xf8\x47\xc8\x50\x8a\xff\x2b\xcc\xbf\x77\x60\x52\xc6\xbf\x51\xee\x4d\x3e\x28\x57\x9c\x45\x74\xc0\x3f\x42\x86\x52\xfc\x5f\x65\xfe\x7d\x57\x56\x44\x59\x19\x33\x57\xae\xb4\x72\xc5\xf1\x7f\x27\x00\xfe\x11\x32\x94\xe2\xff\x1a\xf3\x1f\xb7\x43\x87\xd7\xb5\xcf\xbd\xac\x30\x57\xae\x38\x4b\xe8\x80\x7f\x84\x0c\xa5\xf8\xbf\xce\xfc\xc7\x8b\x7b\x26\xe4\xec\x75\x1d\x17\xad\x97\x2b\xce\x52\x3a\xe0\x1f\x21\x43\x29\xfe\x6f\x30\xff\xf1\x17\x44\x7c\xd0\xa1\xcb\xc2\x2b\xa1\xe5\x8a\xb3\x8c\x0e\xf8\x47\xc8\x50\x8a\xff\x9b\xcc\x7f\x82\x2d\x99\xf7\xe7\x9d\xbc\xef\x67\x63\xb9\xe2\x2c\xa7\x03\xfe\x11\x32\x94\xe2\xff\x16\xf3\x9f\x30\xea\xb7\x24\xc7\x4b\xb5\x1b\x73\x4d\xae\x38\x2b\xe8\x80\x7f\x84\x0c\xa5\xf8\xbf\xcd\xfc\x27\x8a\x14\xab\xd3\xe5\x54\xdf\x1a\xfd\x90\x2b\xce\x4a\x3a\xe0\x1f\x21\x43\x29\xfe\xef\x30\xff\x89\xb7\x5e\x9c\x94\xf2\x73\x72\xa7\x9c\x5c\x71\x56\xd1\x01\xff\x08\x19\x4a\xf1\x7f\x97\xf9\x4f\xb2\xf0\xf9\xc6\x2e\x2f\x0e\xee\x5a\x22\x57\x9c\xd5\x74\xc0\x3f\x42\x86\x52\xfc\xdf\x63\xfe\x93\xba\x19\x2a\x0d\xc8\x1e\xed\xcc\x7f\x3c\xb5\xd7\x59\x43\x07\xfc\x23\x64\x28\xc5\xff\x7d\xe6\x3f\x59\xf5\x7e\xb1\x0e\x56\x1f\x95\xa8\x80\x5c\x71\xd6\xd2\x01\xff\x08\x19\x4a\xf1\xff\x80\xf9\x4f\xfe\x6e\xfb\xd7\xcc\x23\x6b\xd5\x18\x2d\x57\x9c\x75\x74\xc0\x3f\x42\x86\x52\xfc\x3f\x64\xfe\x53\xfc\x1a\x74\xad\xd9\xdc\xba\xe1\x82\xcb\x15\xc7\xff\x99\x40\xf8\x47\xc8\x50\x8a\xff\x47\xcc\x7f\xca\xc2\xc5\xb2\x4f\x2d\x32\xae\xdf\x66\xb9\xe2\xf8\xdf\x09\x0e\xff\x08\x19\x4a\xf1\xff\x98\xf9\x4f\xf5\x68\xd8\xdd\x48\x49\x62\x4d\x9a\x29\x57\x9c\x8d\x74\xc0\x3f\x42\x86\x52\xfc\x3f\x61\xfe\x53\xd7\x2e\x94\xef\xdf\xdf\xa3\x4f\x32\xca\x15\x67\x13\x1d\xf0\x8f\x90\xa1\x14\xff\x4f\x99\xff\x34\xe5\x7b\xc7\x5f\xf5\x28\x71\xe9\xa3\x72\xc5\xf1\xff\x99\x00\xfe\x11\x32\x94\xe2\xff\x19\xf3\x9f\xf6\xdb\xee\x7f\xb5\x0a\x7e\x2a\xd8\x45\xae\x38\x5b\xe8\x80\x7f\x84\x0c\xa5\xf8\x7f\xce\xfc\xa7\x1b\x9c\x20\xda\x9c\x06\xad\x2e\xd6\x93\x2b\xce\x56\x3a\xe0\x1f\x21\x43\x29\xfe\x5f\x30\xff\xe9\x73\x5f\xff\xd8\x7e\xf0\xae\xc5\xcf\xe5\x8a\xb3\x8d\x0e\xf8\x47\xc8\x50\x8a\xff\x97\xcc\x7f\x86\xf4\x0f\x2f\xe5\x69\xba\x74\xf4\x78\xb9\xe2\x6c\xa7\x03\xfe\x11\x32\x94\xe2\xff\x15\xf3\x9f\x71\x5a\xb2\xcc\x27\xb6\x77\xfd\x93\x47\xae\x38\x3b\xe8\x80\x7f\x84\x0c\xa5\xf8\x7f\xcd\xfc\x67\xaa\x1e\xa6\xfc\x85\xeb\x6f\xa3\xc5\x92\x2b\xce\x4e\x3a\xe0\x1f\x21\x43\x29\xfe\xdf\x30\xff\x99\xdf\xed\x5f\x97\x24\x54\xbe\xe6\x0b\xe4\x8a\xb3\x8b\x0e\xf8\x47\xc8\x50\x8a\xff\xb7\xcc\x7f\x96\x5f\x3f\xc7\x75\xf7\x6e\x9d\x2c\x25\x57\x9c\xdd\x74\xc0\x3f\x42\x86\x52\xfc\xbf\x63\xfe\xb3\x16\xce\xd7\x76\xe8\x91\xf0\xbb\xff\xc8\x15\x67\x0f\x1d\xf0\x8f\x90\xa1\x14\xff\xef\x99\xff\x6c\x49\xce\xf9\xf2\x2f\x99\x54\xf9\x92\x5c\x71\xf6\xd2\x01\xff\x08\x19\x4a\xf1\xff\x81\xf9\xcf\x3e\x3d\xfc\xf7\xb3\xbd\x0a\xa7\x6c\x2e\x57\x9c\x7d\x74\xc0\x3f\x42\x86\x52\xfc\x7f\x64\xfe\x73\x8c\xc9\x7a\x63\x66\xf1\x93\xeb\x1b\xca\x15\x67\x3f\x1d\xf0\x8f\x90\xa1\x14\xff\x9f\x98\xff\x9c\x39\xbe\xe4\x6d\x35\xc3\x3d\x7a\x45\xae\x38\x07\xe8\x80\x7f\x84\x0c\xa5\xf8\xff\xcc\xfc\xe7\x9a\x9c\xf3\xfc\xa7\x1f\x83\xd2\xfe\x92\x2b\x8e\xff\x9d\xe0\xf0\x8f\x90\xa1\x14\xff\x5f\x98\xff\xdc\x19\x3e\x64\x09\x96\xbc\x52\xbd\x0a\x72\xc5\x39\x44\x07\xfc\x23\x64\x28\xc5\xff\x57\xe6\x3f\x4f\x9e\x53\x31\xab\xe5\xda\xf6\x61\x99\x5c\x71\x0e\xd3\x01\xff\x08\x19\x4a\xf1\xff\x8d\xf9\xcf\x3b\x20\xf2\x87\x65\x8f\x9b\x0d\x8f\x21\x57\x9c\x23\x74\xc0\x3f\x42\x86\x52\xfc\x7f\x67\xfe\xf3\x7d\x5e\x97\xa0\xf1\x90\x7f\xad\xf3\xc9\x15\xc7\xff\x4c\x20\xf8\x47\xc8\x50\x8a\xff\x1f\xcc\x7f\xfe\x0a\xad\x7e\x4f\xa8\x95\x3e\xde\x48\xb9\xe2\x1c\xa3\x03\xfe\x11\x32\x94\xe2\xff\x27\xf3\x5f\x20\xa0\xea\x9d\x23\xfb\x32\x65\x7d\x2b\x57\x9c\xe3\x74\xc0\x3f\x42\x86\x52\xfc\xff\x62\xfe\x0b\xde\x9f\x52\x30\x47\x93\x87\xc5\xeb\xc8\x15\xe7\x04\x1d\xf0\x8f\x90\xa1\x14\xff\xbf\x99\xff\x42\xbb\x86\x66\x6b\x12\xb2\xe7\xf2\x6e\x72\xc5\x39\x49\x07\xfc\x23\x64\x28\xc5\xff\x1f\xe6\xbf\x70\xf0\xa2\x57\x83\xee\xad\xbc\xbb\x5f\xae\x38\xa7\xe8\x80\x7f\x84\x0c\xa5\xf8\xff\xcb\xfc\x17\x89\xdd\xeb\xdb\xe1\x83\xe5\x3b\xa7\x96\x2b\xce\x69\x3a\xe0\x1f\x21\x43\x29\xfe\xff\x31\xff\x45\xd7\xed\x8b\x9d\x33\xc1\xbc\x50\xb3\xe5\x8a\x73\x86\x0e\xf8\x47\xc8\x50\xff\xbb\xff\x18\xc1\x98\xff\x62\xef\x16\x25\x89\xd8\x2f\xf4\x8b\x8d\x72\xc5\x39\x4b\x07\xfc\x23\x64\x28\xc5\x7f\x70\xe6\xbf\x78\xf5\x66\xfb\xbf\x2f\xbc\x36\x2f\xac\x5c\x71\xce\xd1\x01\xff\x08\x19\x4a\xf1\x1f\x82\xf9\x2f\x51\xb8\xc1\x83\xd5\x5b\x2e\x1d\x18\x2b\x57\x9c\xf3\x74\xc0\x3f\x42\x86\x52\xfc\x87\x64\xfe\x4b\xfe\x9a\x11\xb2\x41\xab\xe0\xdb\x72\xc9\x15\xe7\x02\x1d\xf0\x8f\x90\xa1\x14\xff\xa1\x98\xff\x52\xb5\xeb\x3c\x3f\x12\x7e\x56\x40\x1c\xb9\xe2\x5c\xa4\x03\xfe\x11\x32\x94\xe2\x3f\x34\xf3\x5f\xfa\xd1\x9c\x08\x39\xae\x94\x4e\xb7\x48\xae\x38\xfe\x67\x82\xc2\x3f\x42\x86\x52\xfc\x87\x61\xfe\xcb\x7c\x5b\x96\xb6\xf1\xf1\xb5\x03\xca\xc8\x15\xe7\x32\x1d\xf0\x8f\x90\xa1\x14\xff\x61\x99\xff\xb2\xe5\x1b\x9d\x98\x10\xab\xcf\xd7\x7f\x72\xc5\xf1\x3f\x13\x10\xfe\x11\x32\x94\xe2\x3f\x1c\xf3\x5f\x2e\xf7\xa1\x14\xd5\xba\x3e\x8d\x7b\x41\xae\x38\x57\xe9\x80\x7f\x84\x0c\xa5\xf8\x0f\xcf\xfc\x97\x1f\x1c\xfa\xf0\xb2\xe5\xd9\xda\x35\x95\x2b\xce\x35\x3a\xe0\x1f\x21\x43\x29\xfe\x23\x30\xff\x15\xa6\x15\x7c\xf2\xa9\x62\xea\x22\x21\xe5\x8a\x73\x9d\x0e\xf8\x47\xc8\x50\x8a\xff\x88\xcc\x7f\xc5\xf4\x3f\xc2\x06\x9b\xf4\x2b\xdb\x56\xb9\xe2\xdc\xa0\x03\xfe\x11\x32\x94\xe2\x3f\x12\xf3\x5f\xe9\xdd\xad\x40\xf7\x53\xa3\x1b\xd3\xe5\x8a\x73\x93\x0e\xf8\x47\xc8\x50\x8a\xff\xc8\xcc\x7f\xe5\xea\xf1\x67\xbc\xca\xb8\x69\x5d\x7a\xb9\xe2\xdc\xa2\x03\xfe\x11\x32\x94\xe2\x3f\x0a\xf3\x5f\xa5\x70\xca\xed\xfb\xb2\x54\x0b\x79\x58\xae\x38\xb7\xe9\x80\x7f\x84\x0c\xa5\xf8\x8f\xca\xfc\x57\xfd\xf5\x20\xa0\xdc\xdb\x61\xdd\x3a\xc9\x15\xe7\x0e\x1d\xf0\x8f\x90\xa1\x14\xff\xd1\x98\xff\x6a\xd3\x63\xa4\xfb\x3c\x2e\xde\xf4\x06\x72\xc5\xb9\x4b\x07\xfc\x23\x64\x28\xc5\x7f\x74\xe6\xbf\x7a\x92\xcb\x67\xc3\x56\x39\xfb\xf6\xa5\x5c\x71\xee\xd1\x01\xff\x08\x19\x4a\xf1\x1f\x83\xf9\xaf\x91\xe3\xed\xbb\xaa\xf3\x63\x25\x2f\x2b\x57\x9c\xfb\x74\xc0\x3f\x42\x86\x52\xfc\xc7\x64\xfe\x6b\x8e\x49\x15\x79\x7e\x9f\xa3\x55\xff\xca\x15\xe7\x01\x1d\xf0\x8f\x90\xa1\x14\xff\xb1\x98\xff\x5a\x19\x5e\x3e\xcd\x13\xaf\xee\xde\xf3\x72\xc5\x79\x48\x07\xfc\x23\x64\x28\xc5\x7f\x6c\xe6\xbf\xf6\xe4\x74\xa1\x4e\xec\x1f\x77\xbc\x99\x5c\x71\x1e\xd1\x01\xff\x08\x19\x4a\xf1\x1f\x87\xf9\x0f\x18\x10\x27\xf9\x9c\x3b\xad\x9a\x8e\x91\x2b\xce\x63\x3a\xe0\x1f\x21\x43\x29\xfe\x1d\xe6\xbf\x4e\x9e\xf3\xc7\xda\x07\xdf\x15\x23\xb7\x5c\x71\x9e\xd0\x01\xff\x08\x19\x4a\xf1\xef\x32\xff\x75\x2b\x74\x4e\xb5\xaa\x51\xe2\x7f\x8e\x5c\x71\x9e\xd2\x01\xff\x08\x19\x4a\xf1\xef\x31\xff\xf5\x3e\x6f\x3e\x59\x6b\xcf\xa7\x91\x0b\xe5\x8a\xf3\x8c\x0e\xf8\x47\xc8\x50\x8a\x7f\x1f\xf3\x5f\xff\xfe\xb8\x57\x91\x02\xde\x2e\x3d\x22\x57\x9c\xe7\x74\xc0\x3f\x42\x86\x52\xfc\xc7\x65\xfe\x1b\x04\x94\x0a\xff\x6f\x58\xbe\xf3\x1d\xe5\x8a\xf3\x82\x0e\xf8\x47\xc8\x50\x8a\xff\x78\xcc\x7f\xc3\xda\xab\x02\x1e\x3d\x5d\x9a\xbf\xbe\x5c\x71\xfc\x9f\x09\x86\x7f\x84\x0c\xa5\xf8\x8f\xcf\xfc\x37\x7a\xd4\x6e\x7b\xb4\x3c\x5d\xcb\xbe\x92\x2b\x8e\xff\x9f\xc1\x3f\x42\x86\x52\xfc\x27\x60\xfe\x1b\x7f\xab\x39\xa3\x58\xca\x49\xcf\x42\xc8\x15\xe7\x35\x1d\xf0\x8f\x90\xa1\x14\xff\x09\x99\xff\x26\xe5\x27\x04\x6e\xfb\x55\x78\xc2\x36\xb9\xe2\xbc\xa1\x03\xfe\x11\x32\x94\xe2\x3f\x11\xf3\xdf\x34\xd8\x81\x82\x5f\x66\xdd\xea\x33\x43\xae\x38\x6f\xe9\x80\x7f\x84\x0c\xa5\xf8\x4f\xcc\xfc\x37\xdb\x19\xf6\x4e\x98\x92\xe1\x23\xa4\x93\x2b\xce\x3b\x3a\xe0\x1f\x21\x43\x29\xfe\x93\x30\xff\xcd\xd7\xe6\xff\x5d\xa5\x52\xe4\x6a\x4b\xe5\x8a\xf3\x9e\x0e\xf8\x47\xc8\x50\x8a\xff\xa4\xcc\x7f\x8b\x58\xbf\x12\x2c\x18\x73\x2f\x49\x4c\xb9\xe2\x7c\xa0\x03\xfe\x11\x32\x94\xe2\x3f\x19\xf3\xdf\x72\x6b\xee\x2f\x79\x5f\x17\x3f\x97\x5f\xae\x38\x1f\xe9\x80\x7f\x84\x0c\xa5\xf8\x4f\xce\xfc\xb7\x8a\xf4\xcf\x39\x9e\x69\xda\x8e\x11\x72\xc5\xf9\x44\x07\xfc\x23\x64\x28\xc5\x7f\x0a\xe6\xbf\xb5\x7b\x24\xc7\xec\xf4\x1d\x63\x37\x92\x2b\xce\x67\x3a\xe0\x1f\x21\x43\x29\xfe\x53\x32\xff\x6d\x16\x86\xbc\xdc\xe1\xc3\xc2\x26\x97\xe5\x8a\xf3\x85\x0e\xf8\x47\xc8\x50\x8a\xff\x54\xcc\x7f\xdb\xab\x0b\xf2\xae\x9c\x90\x6b\xdc\x4f\xb9\xe2\x7c\xa5\x03\xfe\x11\x32\x94\xe2\x3f\x35\xf3\xdf\xae\x6d\x8b\x1b\xb5\xcb\xbf\xfc\x5e\x51\xae\x38\xdf\xe8\x80\x7f\x84\x0c\xa5\xf8\x4f\xc3\xfc\xb7\xef\x59\xef\x7b\xe4\x95\xdf\xae\xa5\x92\x2b\xce\x77\x3a\xe0\x1f\x21\x43\x29\xfe\xd3\x32\xff\x1d\x0e\xce\xf2\xfd\xed\x9e\x7c\xc1\x1c\xb9\xe2\xfc\xa0\x03\xfe\x11\x32\x94\xe2\x3f\x1d\xf3\xdf\x31\xd8\x8e\xe6\x4f\xe3\xec\x2b\xb7\x49\xae\x38\xfe\xbf\x13\x80\x7f\x84\x0c\xa5\xf8\x4f\xcf\xfc\x77\xda\xd9\x7f\x48\xec\x93\xed\xf2\x84\x91\x2b\xce\x2f\x3a\xe0\x1f\x21\x43\x29\xfe\x33\x30\xff\x9d\xd7\x16\x5f\x52\xf8\xda\xa8\xa9\xef\xe4\x8a\xf3\x9b\x0e\xf8\x47\xc8\x50\x8a\xff\x8c\xcc\x7f\x97\x58\x83\x4b\x6e\x8c\x58\xeb\x7e\x80\x5c\x71\xfe\xd0\x01\xff\x08\x19\x4a\xf1\x9f\x89\xf9\xef\xda\xa3\x63\xe6\x08\x6d\x0e\x46\xee\x2a\x57\x1c\xff\x3b\x41\xe1\x1f\x21\x43\x29\xfe\x33\x33\xff\xdd\xce\x6c\xbd\xf4\x63\x5b\xb4\xc0\x03\x72\xc5\xf9\x47\x07\xfc\x23\x64\x28\xc5\x7f\x16\xe6\xbf\xfb\x8d\x31\x1f\xd7\x2c\x2b\x70\xe2\xae\x5c\x71\xfd\x07\xfc\x23\x64\x28\xc5\x7f\x56\xe6\xbf\x47\x93\x32\xd1\xea\x07\xbe\xde\xd7\x46\xae\xb8\xf4\x6b\xe0\x1f\x21\x4b\x29\xfe\xb3\x31\xff\x3d\x0f\x8c\xf8\x75\x38\x6e\xf7\x2a\xc5\xe5\x8a\xeb\x7f\x26\x30\xfc\x23\x64\x28\xc5\x7f\x76\xe6\xbf\x57\x60\x05\x2f\xe7\xb1\xc5\xc9\xde\xcb\x15\x37\x24\x1d\xf0\x8f\x90\xa1\x14\xff\x39\x98\xff\xde\x1d\xba\xe6\x6a\x72\xb3\xe8\x08\x4f\xae\xb8\xa1\xe8\x80\x7f\x84\x0c\xa5\xf8\xcf\xc9\xfc\x07\x5e\xd9\x78\x33\x28\xcc\x84\xbf\xab\xe5\x8a\x1b\x9a\x0e\xf8\x47\xc8\x50\x8a\xff\x5c\xcc\x7f\x9f\x05\xd1\xb2\x57\x6f\x1e\x31\xe6\x20\xb9\xe2\xfa\x3f\x13\x0c\xff\x08\x19\x4a\xf1\x9f\x9b\xf9\xef\x1b\xf7\xea\xb5\xa5\x3b\x6f\x34\xcb\x29\x57\xdc\xb0\x74\xc0\x3f\x42\x86\x52\xfc\xe7\x61\xfe\xfb\x45\x7d\xfd\xf5\x63\xbd\xc3\x65\x2a\xc9\x15\xd7\xff\xf3\xf0\x8f\x90\xa1\x14\xff\x79\x99\xff\xfe\x5b\xd2\xc4\x0a\x3e\x30\x4e\xbe\x27\x72\xc5\x0d\x4f\x07\xfc\x23\x64\x28\xc5\x7f\x3e\xe6\x7f\x40\x83\xdb\xeb\x8e\x3e\x18\x73\xe1\x94\x5c\x71\x23\xd0\x01\xff\x08\x19\x4a\xf1\x9f\x9f\xf9\x1f\xf8\xc4\x57\x3e\x7b\xfe\xfa\xcb\xfa\xc9\x15\x37\x22\x1d\xf0\x8f\x90\xa1\x14\xff\x05\x98\xff\x41\x1f\x12\xb5\x6d\x94\x68\x47\xc4\x69\x72\xc5\x8d\x44\x07\xfc\x23\x64\x28\xc5\x7f\x41\xe6\x7f\x70\xd9\xa7\xe3\x26\xfe\x6e\xd3\x37\x89\x5c\x71\x23\xd3\x01\xff\x08\x19\x4a\xf1\x5f\x88\xf9\x1f\x52\xe7\xfd\xba\x64\xb3\x3f\x04\x45\x92\x2b\x6e\x14\x3a\xe0\x1f\x21\x43\x29\xfe\x0b\x33\xff\x43\x1f\xe4\x28\x7f\xad\x50\xd2\xa7\x3b\xe4\x8a\x1b\x95\x0e\xf8\x47\xc8\x50\x8a\xff\x22\xcc\xff\xb0\x2f\x91\xda\x0e\xae\x99\x72\x7b\x56\xb9\xe2\x46\xa3\x03\xfe\x11\x32\x94\xe2\xbf\x28\xf3\x3f\xbc\xe2\xc9\x71\x1d\x47\x7f\x39\x3b\x4c\xae\xb8\xd1\xe9\x80\x7f\x84\x0c\xa5\xf8\x2f\xc6\xfc\x8f\x78\x13\xae\xd9\xcb\x57\x1d\x92\x2e\x97\x2b\x6e\x0c\x3a\xe0\x1f\x21\x43\x29\xfe\x8b\x33\xff\x23\x6b\x9e\x1d\xee\xe5\xdc\x53\x3d\xbe\x5c\x71\x63\xd2\x01\xff\x08\x19\x4a\xf1\x5f\x82\xf9\x1f\x55\xf4\xf3\xd2\xf2\x69\x02\x7e\x7c\x96\x2b\x6e\x2c\x3a\xe0\x1f\x21\x43\x29\xfe\x4b\x32\xff\xa3\x7f\x64\x29\xb6\xf7\xeb\x88\xf1\x85\xe5\x8a\x1b\x9b\x0e\xf8\x47\xc8\x50\x8a\xff\x52\xcc\xff\x98\xb1\x41\xab\x02\xa7\xc6\x68\xdc\x41\xae\xb8\x71\xe8\x80\x7f\x84\x0c\xa5\xf8\x2f\xcd\xfc\x8f\xcd\x59\xa3\xf4\x88\x32\xfb\x63\xdd\x94\x2b\xae\x43\x07\xfc\x23\x64\x28\xc5\x7f\x19\xe6\x7f\x5c\xd2\xb6\x2d\x6f\xaf\xb9\x93\x77\x8f\x5c\x71\xfd\x2f\x00\x80\x7f\x84\x0c\xa5\xf8\x2f\xcb\xfc\x8f\x9f\xb1\x72\x54\xc6\x4e\x51\xcb\x87\x93\x2b\xae\xff\x99\xa0\xf0\x8f\x90\xa1\x14\xff\xe5\x98\xff\xa0\x3a\x23\xbe\xe6\x8c\x3e\x65\x7e\x0a\xb9\xe2\xfa\xe8\x80\x7f\x84\x0c\xa5\xf8\x2f\xcf\xfc\x4f\x78\x50\x21\xd6\xe1\x33\x25\xaf\x4e\x92\x2b\x6e\x5c\x3a\xe0\x1f\x21\x43\x29\xfe\x2b\x30\xff\x13\xbf\x74\xcd\x1e\x74\x7e\x7e\xef\xde\x72\xc5\x8d\x47\x07\xfc\x23\x64\x28\xc5\x7f\x45\xe6\x7f\x52\xc5\x8d\xd7\x9a\x44\xea\x1c\xe9\x9c\x5c\x71\xfd\x9f\x09\x84\x7f\x84\x0c\xa5\xf8\xaf\xc4\xfc\x4f\x4e\x57\x78\xc1\xad\xb6\xcf\x1f\x3c\x90\x2b\x6e\x02\x3a\xe0\x1f\x21\x43\x29\xfe\x2b\x33\xff\x53\xa6\x0e\x2f\x9a\x6a\x7d\x9e\x69\xd5\xe4\x8a\x9b\x90\x0e\xf8\x47\xc8\x50\x8a\xff\x2a\xcc\xff\xd4\x41\x7b\x1a\xf7\x29\x72\xbf\xee\x17\xb9\xe2\xfa\x7f\x06\xfe\x11\x32\x94\xe2\xbf\x2a\xf3\x3f\x2d\x57\xe0\x80\xf1\x73\xb3\xa4\x29\x24\x57\xdc\xc4\x74\xc0\x3f\x42\x86\x52\xfc\x57\x63\xfe\xa7\xcf\xdc\xd1\x26\xf6\xdf\xe5\xc7\xda\xcb\x15\xd7\xff\x4c\x50\xf8\x47\xc8\x50\x8a\xff\xea\xcc\xff\x8c\x44\xfd\x47\x3e\x4d\xd2\x7b\xc3\x2d\xb9\xe2\x26\xa5\x03\xfe\x11\x32\x94\xe2\xbf\x06\xf3\x3f\x33\x5b\xf1\xe5\x1b\x0b\xce\x89\x9f\x45\xae\xb8\xc9\xe8\x80\x7f\x84\x0c\xa5\xf8\xaf\xc9\xfc\xcf\x1a\x37\xb8\x4c\xe1\x47\x15\xdb\x0c\x97\x2b\x6e\x72\x3a\xe0\x1f\x21\x43\x29\xfe\x6b\x31\xff\xb3\x7f\x26\x5e\x32\x64\xf0\x95\x61\x2b\xe4\x8a\xeb\xff\x4e\x00\xfc\x23\x64\x28\xc5\x7f\x6d\xe6\x7f\x4e\xa1\x67\x25\x7b\x34\x08\xfb\x3e\x9e\x5c\x71\x53\xd2\x01\xff\x08\x19\x4a\xf1\x1f\xc0\xfc\xcf\xad\x76\xa7\x79\xd2\xed\xbe\x7b\x81\x72\xc5\x4d\x45\x07\xfc\x23\x64\x28\xc5\x7f\x1d\xe6\x7f\xde\xdb\xb8\x43\xce\x37\x3d\xbe\xe2\xac\x5c\x71\x53\xd3\x01\xff\x08\x19\x4a\xf1\x5f\x97\xf9\x9f\xff\xe6\xfb\xb5\xd3\xa1\xaa\x14\xbb\x2f\x57\xdc\x34\x74\xc0\x3f\x42\x86\x52\xfc\xd7\x63\xfe\x17\xd4\x2c\x90\xbd\xe0\xf5\x01\x59\xaa\xcb\x15\x37\x2d\x1d\xf0\x8f\x90\xa1\x14\xff\xf5\x99\xff\x85\x45\x43\xc5\x6a\x73\xa4\xc5\xdc\xdd\x72\xc5\x4d\x47\x07\xfc\x23\x64\x28\xc5\x7f\x03\xe6\x7f\xd1\x8f\x83\x5f\xa7\x7b\x5b\x9e\x87\x97\x2b\x6e\x7a\x3a\xe0\x1f\x21\x43\x29\xfe\x1b\x32\xff\x8b\x37\x4f\xdc\x78\xb3\x57\xc6\xd0\x29\xe5\x8a\x9b\x81\x0e\xf8\x47\xc8\x50\x8a\xff\x46\xcc\xff\x92\x28\xd5\x2a\xa5\x5e\xf2\xa7\xcb\x44\xb9\xe2\x66\xa4\x03\xfe\x11\x32\x94\xe2\xbf\x31\xf3\xbf\xd4\xd7\xbe\x53\xdf\x8d\x3f\xd2\xbb\x72\xc5\xcd\x44\x07\xfc\x23\x64\x28\xc5\x7f\x13\xe6\x7f\xd9\xfc\xe5\x93\xc6\xb5\x4f\x5b\x67\x8d\x5c\x71\x33\xd3\x01\xff\x08\x19\x4a\xf1\xdf\x94\xf9\x5f\x1e\xa2\x75\xcf\x58\x51\x36\x6c\x1d\x2c\x57\x5c\xff\x77\x02\xe1\x1f\x21\x43\x29\xfe\x9b\x31\xff\x2b\xb6\xaf\x9e\xf9\xec\x62\x93\xfd\x39\xe4\x8a\x9b\x95\x0e\xf8\x47\xc8\x50\x8a\xff\xe6\xcc\xff\xca\xd5\x53\x77\x6d\x3a\x37\xa4\xed\x3d\xb9\xe2\x66\xa3\x03\xfe\x11\x32\x94\xe2\xbf\x05\xf3\xbf\x2a\x4e\xa5\xda\x85\x62\xd6\xf0\xb5\x96\x2b\x6e\x76\x3a\xe0\x1f\x21\x43\x29\xfe\x5b\x32\xff\xab\x1b\x7f\xdc\x3a\xb4\xcb\xe9\x6f\xc5\xe4\x8a\xeb\xff\x33\x01\xfc\x23\x64\x28\xc5\x7f\x2b\xe6\x7f\xcd\xf5\x6c\xd5\xba\xaf\x4b\x30\xf0\x83\x5c\x71\x73\xd2\x01\xff\x08\x19\x4a\xf1\xdf\x9a\xf9\x5f\x7b\x3a\x4a\xb7\x24\xa5\x42\xae\x9d\x2a\x57\xdc\x5c\x74\xc0\x3f\x42\x86\x52\xfc\xb7\x61\xfe\xd7\x75\x3f\x3e\xed\xc2\xe4\x0b\xd7\x93\xca\x15\x37\x37\x1d\xf0\x8f\x90\xa1\x14\xff\x6d\x99\xff\xf5\x9b\x5f\xbe\x3a\xf1\xb9\x6c\xf6\xc8\x72\xc5\xcd\x43\x07\xfc\x23\x64\x28\xc5\x7f\x3b\xe6\x7f\x43\x94\x74\xe1\xf3\xa4\x9a\x51\x74\xbb\x5c\x71\xf3\xd2\x01\xff\x08\x19\x4a\xf1\xdf\x9e\xf9\xdf\xe8\x8b\x93\xaa\x7d\xf6\x7e\xef\x2a\xcb\x15\x37\x1f\x1d\xf0\x8f\x90\xa1\x14\xff\x1d\x98\xff\x4d\xf3\xcf\x9f\x9c\xf3\x62\xf5\x8c\xc7\x72\xc5\xcd\x4f\x07\xfc\x23\x64\x28\xc5\x7f\x47\xe6\x7f\xf3\xa1\xa4\xbb\x93\x8f\xcc\xd1\xf5\xa4\x5c\x71\x0b\xd0\x01\xff\x08\x19\x4a\xf1\xdf\x89\xf9\xdf\xd2\xeb\x49\xfd\xab\xd5\x1f\x87\xe8\x2f\x57\xdc\x82\x74\xc0\x3f\x42\x86\x52\xfc\x77\x66\xfe\xb7\xb6\xbb\xd7\x7f\x50\xab\x0e\x53\x7a\xc9\x15\xd7\xff\x4e\x70\xf8\x47\xc8\x50\x8a\xff\x2e\xcc\xff\xb6\x6b\xde\x9c\x4e\x5b\xf6\x3c\x3a\x2d\x57\xdc\xc2\x74\xc0\x3f\x42\x86\x52\xfc\x77\x65\xfe\xb7\x77\xbb\xd5\xfd\xd5\x95\x94\x51\x1e\xca\x15\xb7\x08\x1d\xf0\x8f\x90\xa1\x14\xff\xdd\x98\xff\x1d\xe7\xe2\x4f\x76\xc3\x7f\xe9\x59\x53\xae\xb8\x45\xe9\x80\x7f\x84\x0c\xa5\xf8\xef\xce\xfc\xef\xbc\x95\x72\x4b\xb9\x58\x31\x2e\xef\x95\x2b\xae\xff\x3b\x81\xf0\x8f\x90\xa1\x14\xff\x3d\x98\xff\x5d\x8d\x1e\xd4\xdc\x77\x7c\xff\xc2\x88\x72\xc5\x2d\x4e\x07\xfc\x23\x64\x28\xc5\x7f\x4f\xe6\x7f\x77\xec\xa2\xdb\x7b\x2f\x0f\xa8\x98\x5c\xae\xb8\x25\xe8\x80\x7f\x84\x0c\xa5\xf8\xef\xc5\xfc\xef\x59\x37\x34\x60\x64\xd7\x11\xb9\x83\xe4\x8a\xeb\x77\x0f\xff\x08\x19\x4a\xf1\xdf\x9b\xf9\xdf\xbb\x6b\x5f\xe0\x9d\x49\x53\xe2\x7c\x93\x2b\x6e\x29\x3a\xe0\x1f\x21\x43\x29\xfe\x03\x99\xff\x7d\xc1\x7b\xcd\xc8\x50\xb1\x64\xc3\x22\x72\xc5\x2d\x4d\x07\xfc\x23\x64\x28\xc5\x7f\x1f\xe6\x7f\x7f\x40\xab\x89\x81\x19\xef\x8c\x6d\x2b\x57\xdc\x32\x74\xc0\x3f\x42\x86\x52\xfc\xf7\x65\xfe\x0f\xdc\x5f\xd7\x71\xc4\xa7\xa8\xbf\x6e\xc8\x15\xb7\x2c\x1d\xf0\x8f\x90\xa1\x14\xff\xfd\x98\xff\x83\x9f\xa7\x54\xbe\xfd\xf6\x79\xcd\x4c\x72\xc5\x2d\x47\x07\xfc\x23\x64\x28\xc5\x7f\x7f\xe6\xff\x50\x85\xaa\x9b\x32\x66\xc9\x93\x78\xa8\x5c\x71\xcb\xd3\x01\xff\x08\x19\x4a\xf1\x3f\x80\xf9\x3f\xfc\xf8\x44\xed\x4e\x55\xe6\x9f\x5e\x25\x57\xdc\x0a\x74\xc0\x3f\x42\x86\x52\xfc\x0f\x64\xfe\x8f\xd4\x8f\xba\x6b\xd0\xb8\xce\x3b\x13\xc8\x15\xb7\x22\x1d\xf0\x8f\x90\xa1\x14\xff\x83\x98\xff\xa3\x65\xb2\xcf\xbc\x3a\xa3\xfb\xe3\xc9\x72\xc5\xad\x44\x07\xfc\x23\x64\x28\xc5\xff\x60\xe6\xff\xd8\xfb\x4f\x3d\x93\x17\x5f\x3c\x31\xb1\x5c\x71\xfd\xcf\x04\x85\x7f\x84\x0c\xa5\xf8\x1f\xc2\xfc\x1f\xaf\x92\x79\xd2\xbe\xe4\x05\xfa\x47\x95\x2b\x6e\x15\x3a\xe0\x1f\x21\x43\x29\xfe\x87\x32\xff\x27\x9e\x7f\xeb\x54\xee\xc7\xeb\xf0\x3b\xe5\x8a\x5b\x95\x0e\xf8\x47\xc8\x50\x8a\xff\x61\xcc\xff\xc9\xdf\x67\x2a\xb9\x8f\x23\x2e\xa9\x2a\x57\xdc\x6a\x74\xc0\x3f\x42\x86\x52\xfc\x0f\x67\xfe\x4f\x95\x88\xb8\xf1\x55\xae\x1b\x97\x9e\xca\x15\xb7\x3a\x1d\xf0\x8f\x90\xa1\x14\xff\x23\x98\xff\xd3\x59\x56\xd4\xcb\x50\xab\x68\x81\xe3\x72\xc5\xad\x41\x07\xfc\x23\x64\x28\xc5\xff\x48\xe6\xff\xcc\x88\x0e\xfb\xee\x0c\x99\x50\xaa\xaf\x5c\x71\xfd\xcf\x04\x84\x7f\x84\x0c\xa5\xf8\x1f\xc5\xfc\x9f\x9d\x5d\x7d\xee\xc8\x26\x63\x5a\xf8\xe4\x8a\x5b\x8b\x0e\xf8\x47\xc8\x50\x8a\xff\xd1\xcc\xff\xb9\x14\x93\xfa\xf4\xde\x57\x3f\xfa\x3a\xb9\xe2\xd6\xa6\x03\xfe\x11\x32\x94\xe2\x7f\x0c\xf3\x7f\xfe\xf1\x86\x60\x8d\xef\x1d\xfe\x3d\x50\xae\xb8\x01\x74\xc0\x3f\x42\x86\x52\xfc\x8f\x65\xfe\x2f\xd4\xef\xf1\x70\x42\xc8\x38\xa3\xb2\xc9\x15\xb7\x0e\x1d\xf0\x8f\x90\xa1\x14\xff\xe3\x98\xff\x8b\x65\xca\x1f\x3a\x92\xe0\x43\x8a\x3b\x72\xc5\xad\x4b\x07\xfc\x23\x64\x28\xc5\xff\x78\xe6\xff\xd2\xfb\xd1\x89\x73\x1c\x4c\x5a\xa9\xa5\x5c\x71\xeb\xd1\x01\xff\x08\x19\x4a\xf1\x1f\xc4\xfc\x5f\x9e\xd4\xb3\xe6\xb8\x85\x3b\xf6\x94\x90\x2b\x6e\x7d\x3a\xe0\x1f\x21\x43\x29\xfe\x27\x30\xff\x57\x52\xef\xdd\xd2\xb7\x5f\x9b\x53\x9f\xe4\x8a\xdb\x80\x0e\xf8\x47\xc8\x50\x8a\xff\x89\xcc\xff\xd5\xfc\x43\x26\xa7\x1e\xb3\x21\x58\x15\xb9\xe2\x36\xa4\x03\xfe\x11\x32\x94\xe2\x7f\x12\xf3\x7f\x6d\x78\x91\xee\x37\x2b\x35\xe9\xfe\x4c\xae\xb8\x8d\xe8\x80\x7f\x84\x0c\xa5\xf8\x9f\xcc\xfc\x5f\x4f\x3e\x60\x4e\xa1\x4c\x3f\x66\x9d\x90\x2b\x6e\x63\x3a\xe0\x1f\x21\x43\x29\xfe\xa7\x30\xff\x37\xe6\x95\xe8\xbf\xe9\x75\xda\x37\x7d\xe4\x8a\xdb\x84\x0e\xf8\x47\xc8\x50\x8a\xff\xa9\xcc\xff\xcd\xd1\x7d\xea\x3f\xfb\x70\xba\xf0\x14\xb9\xe2\x36\xa5\x03\xfe\x11\x32\x94\xe2\x7f\x1a\xf3\x7f\x2b\xf3\xce\xdd\xb1\xd2\x27\xc8\x99\x48\xae\xb8\xcd\xe8\x80\x7f\x84\x0c\xa5\xf8\x9f\xce\xfc\xdf\x2e\xee\x56\xbd\x50\x7e\xc8\xcd\x28\x72\xc5\x6d\x4e\x07\xfc\x23\x64\x28\xc5\xff\x0c\xe6\xff\xce\xbf\xbb\x1b\x92\x4c\xa8\xb1\x7a\x97\x5c\x71\x5b\xd0\x01\xff\x08\x19\x4a\xf1\x3f\x93\xf9\xbf\xfb\xea\x71\x50\xf7\xee\x65\x07\xdf\x96\x2b\xae\xff\x33\xc1\xf0\x8f\x90\xa1\x14\xff\xb3\x98\xff\x7b\x95\x93\x74\x1e\xba\x72\xc6\x97\x56\x72\xc5\xf5\xff\x33\xf8\x47\xc8\x50\x8a\xff\xd9\xcc\xff\xfd\x2a\x07\x12\xcf\x38\x19\xd2\xfd\x0f\xe3\x6e\x6b\x3a\xe0\x1f\x21\x43\x29\xfe\xe7\x30\xff\x0f\x9e\x87\x3d\xd4\x3a\xce\x85\xf6\x1f\xe5\x8a\xdb\x86\x0e\xf8\x47\xc8\x50\x8a\xff\xb9\xcc\xff\xc3\xdf\xf9\x1f\x16\x88\x98\xe3\x60\x5c\xb9\xe2\xb6\xa5\x03\xfe\x11\x32\x94\xe2\x7f\x1e\xf3\xff\xa8\xc4\xaf\x60\x67\xae\x3d\xde\xbc\x56\xae\xb8\xed\xe8\x80\x7f\x84\x0c\xa5\xf8\x9f\xcf\xfc\x3f\x8e\xb8\xaa\xd8\xf8\x6d\xfd\x6a\x0f\x90\x2b\x6e\x7b\x3a\xe0\x1f\x21\x43\x29\xfe\x17\x30\xff\x4f\x36\xb4\x5b\xda\xa7\xcd\xea\x8c\xd9\xe5\x8a\xdb\x81\x0e\xf8\x47\xc8\x50\x8a\xff\x85\xcc\xff\xd3\x25\x35\x87\xa7\xea\xb3\xbc\xd3\x3e\xb9\xe2\x76\xa4\x03\xfe\x11\x32\x94\xe2\x7f\x11\xf3\xff\x2c\xe1\x84\x66\xb7\xe6\xf7\x0e\x1b\x41\xae\xb8\x9d\xe8\x80\x7f\x84\x0c\xa5\xf8\x5f\xcc\xfc\x3f\xdf\x53\x75\x5c\xe1\xfd\xf7\x5f\x26\x93\x2b\x6e\x67\x3a\xe0\x1f\x21\x43\x29\xfe\x97\x30\xff\x2f\xc2\x4e\x69\xbb\x31\x5e\x96\xd9\x13\xe4\x8a\xdb\x85\x0e\xf8\x47\xc8\x50\x8a\xff\xa5\xcc\xff\xcb\x98\xeb\xca\x3f\x0d\x7e\x25\x53\x4f\xb9\xe2\x76\xa5\x03\xfe\x11\x32\x94\xe2\x7f\x19\xf3\xff\x6a\x45\xab\x75\xb1\xef\x84\x2d\x71\x46\xae\xb8\xdd\xe8\x80\x7f\x84\x0c\xa5\xf8\x5f\xce\xfc\xbf\xbe\x73\xaa\xd0\xf9\x3d\x73\x56\x3d\x92\x2b\x6e\x77\x3a\xe0\x1f\x21\x43\x29\xfe\x57\x30\xff\x6f\x5a\x44\x5e\x98\xb4\x51\xc5\x3b\x35\xe4\x8a\xdb\x83\x0e\xf8\x47\xc8\x50\x8a\xff\x95\xcc\xff\xdb\x2e\x39\x07\xf7\x18\x56\xe5\x63\x66\xb9\xe2\xfa\xff\x4e\x00\xfe\x11\x32\x94\xe2\x7f\x15\xf3\xff\xee\xc4\x87\x46\x43\x02\x06\x0c\x19\x22\x57\xdc\x5e\x74\xc0\x3f\x42\x86\x52\xfc\xaf\x66\xfe\xdf\x47\xbc\x14\x7f\x76\x1e\x5f\xab\x95\x72\xc5\xed\x4d\x07\xfc\x23\x64\x28\xc5\xff\x1a\xe6\xff\xc3\x86\xd8\xff\x3a\x3c\x3d\x9e\x30\xa1\x5c\x71\x03\xe9\x80\x7f\x84\x0c\xa5\xf8\x5f\xcb\xfc\x7f\x5c\x92\xf1\x6e\xde\x5f\x19\x37\x7d\x95\x2b\xae\xff\x9d\x20\xf0\x8f\x90\xa1\x14\xff\xeb\x98\xff\x4f\x09\x5f\xe4\x3b\x9e\xf2\xcf\x91\xa2\x72\xc5\xed\x4b\x07\xfc\x23\x64\x28\xc5\xff\x7a\xe6\xff\x73\x1f\x5f\x99\x8e\x25\x5b\xa4\x6a\x27\x57\xdc\x7e\x74\xc0\x3f\x42\x86\x52\xfc\x6f\x60\xfe\xbf\x1c\xbd\xbd\x7c\xf0\xac\x2d\xf5\xaf\xcb\x15\xb7\x3f\x1d\xf0\x8f\x90\xa1\x14\xff\x1b\x99\xff\xaf\x17\x9f\x8e\xbc\x56\xa0\x63\x98\x46\x72\xc5\xf5\x3f\x13\x08\xfe\x11\x32\x94\xe2\x7f\x13\xf3\xff\xad\x65\xa2\x36\xc9\x1e\x2e\xec\x78\x59\xae\xb8\x03\xe9\x80\x7f\x84\x0c\xa5\xf8\xdf\xcc\xfc\x7f\x3f\xf9\x70\xc0\xde\x41\xb9\xe6\xfc\x94\x2b\xee\x20\x3a\xe0\x1f\x21\x43\x29\xfe\xb7\x30\xff\x3f\x3a\x26\x6b\x5c\xbe\xfe\xcb\x57\x15\xe5\x8a\x3b\x98\x0e\xf8\x47\xc8\x50\x8a\xff\xad\xcc\xff\xcf\xa6\x09\x8a\x7a\x45\x23\x97\x5c\x2a\x57\x5c\xff\x67\x82\xe1\x1f\x21\x43\x29\xfe\xb7\x31\xff\xbf\xee\x5e\x5f\xf0\x72\xde\xbd\xcc\x31\xe5\x8a\x3b\x94\x0e\xf8\x47\xc8\x50\x8a\xff\xed\xcc\xff\xef\x95\xbd\x2b\x64\xfc\x57\xfc\x76\x7e\xb9\xe2\x0e\xa3\x03\xfe\x11\x32\x94\xe2\x7f\x07\xf3\xff\x27\xda\xee\xd5\xb7\x93\x4e\x5b\x39\x42\xae\xb8\xc3\xe9\x80\x7f\x84\x0c\xa5\xf8\xdf\xc9\xfc\xff\x0d\x35\x6c\xec\x88\xc3\xa3\x86\xbe\x93\x2b\xae\xff\xdf\x09\xf0\x8f\x90\xa1\x14\xff\xbb\x98\xff\x7f\x7b\x0b\x75\x08\x74\x6b\x7d\x0a\x90\x2b\xee\x48\x3a\xe0\x1f\x21\x43\x29\xfe\x77\xff\x8f\x7f\x37\xd8\x92\xfb\xcd\x5b\xf5\x3c\x98\xa0\xab\x5c\x71\x47\xd1\x01\xff\x08\x19\x4a\xf1\xbf\x87\xf9\x0f\x9e\x30\xc5\x90\x99\x8b\xa3\xb5\x3c\x20\x57\xdc\xd1\x74\xc0\x3f\x42\x86\x52\xfc\xef\x65\xfe\x43\x44\x8c\xb7\xe4\xec\x8e\x6f\x87\x53\xc9\x15\x77\x0c\x1d\xf0\x8f\x90\xa1\x14\xff\xfb\x98\xff\x90\x1b\x6e\x96\xcc\xdf\x2c\xf9\xc6\x39\x72\xc5\x1d\x4b\x07\xfc\x23\x64\x28\xc5\xff\x7e\xe6\x3f\xd4\x82\xd3\xcd\x47\x87\xde\xd7\x60\x93\x5c\x71\xc7\xd1\x01\xff\x08\x19\x4a\xf1\x7f\x80\xf9\x0f\x1d\x37\xc2\x90\x9e\x37\xda\xa5\x0e\x23\x57\xdc\xf1\x74\xc0\x3f\x42\x86\x52\xfc\x1f\x64\xfe\xc3\x44\xcd\xb4\x24\xdd\xd9\x56\x3d\xc6\xc8\x15\x37\x88\x0e\xf8\x47\xc8\x50\x8a\xff\x43\xcc\x7f\xd8\x2d\x5f\x4b\xde\x8b\xb1\x2b\x78\x6e\xb9\xe2\xfa\xdf\x09\x0c\xff\x08\x19\x4a\xf1\x7f\x98\xf9\x0f\xe7\x64\x5b\x5d\xbc\x73\xe2\xd7\x8e\x5c\x71\x27\xd2\x01\xff\x08\x19\x4a\xf1\x7f\x84\xf9\x0f\xbf\xe6\x63\x85\xad\x6b\x3f\xcd\x5c\x28\x57\xdc\x49\x74\xc0\x3f\x42\x86\x52\xfc\x1f\x65\xfe\x23\xec\x38\xde\xe1\xe1\xa6\x58\x39\xca\xca\x15\x77\x32\x1d\xf0\x8f\x90\xa1\x14\xff\xc7\x98\xff\x88\x21\xa3\x8c\x8d\xde\xe1\x68\xa1\xbf\x72\xc5\x9d\x42\x07\xfc\x23\x64\x28\xc5\xff\x71\xe6\x3f\x52\x8f\xd5\x8d\x2f\x47\xad\xbb\xe6\xbc\x5c\x71\xa7\xd2\x01\xff\x08\x19\x4a\xf1\x7f\x82\xf9\x8f\x7c\xa6\xf5\x80\x94\x97\xc6\xdd\x6a\x26\x57\xdc\x69\x74\xc0\x3f\x42\x86\x52\xfc\x9f\x64\xfe\xa3\xdc\xa8\xb4\xa0\x4b\xb6\x49\x9f\x43\xc8\x15\x77\x3a\x1d\xf0\x8f\x90\xa1\x14\xff\xa7\x98\xff\xa8\x4d\xa6\x16\x1d\xf0\xbc\xf0\xa0\x6d\x72\xc5\x9d\x41\x07\xfc\x23\x64\x28\xc5\xff\x69\xe6\x3f\xda\x82\xcd\x05\xa7\x8f\xb8\xd5\x61\x86\x5c\x71\x67\xd2\x01\xff\x08\x19\x4a\xf1\x7f\x86\xf9\x8f\x1e\xb7\xf3\x9d\x36\xd5\xc2\x7b\xe9\xe4\x8a\x3b\x8b\x0e\xf8\x47\xc8\x50\x8a\xff\xb3\xcc\x7f\x8c\xa8\xa5\x7e\x17\x2c\xfd\x76\xcb\x11\xb9\xe2\xce\xa6\x03\xfe\x11\x32\x94\xe2\xff\x1c\xf3\x1f\x73\xcb\xb8\x04\xa7\xa7\xe4\x3b\xd4\x51\xae\xb8\xfe\x67\x02\xc0\x3f\x42\x86\x52\xfc\x9f\x67\xfe\x63\x5d\xed\xdb\xb2\xeb\x97\xa5\x19\xea\xcb\x15\x77\x2e\x1d\xf0\x8f\x90\xa1\x14\xff\x17\x98\xff\xd8\x6d\x77\x8d\x1a\x9e\xba\x6b\xad\x57\x72\xc5\x9d\x47\x07\xfc\x23\x64\x28\xc5\xff\x45\xe6\x3f\x4e\xcf\x81\xab\x2e\xdd\x5a\x3b\xa9\x8c\x5c\x71\xe7\xd3\x01\xff\x08\x19\x4a\xf1\x7f\x89\xf9\x77\x0e\x96\x2c\x9d\x28\x6c\x9f\x27\xff\xe4\x8a\xbb\x80\x0e\xf8\x47\xc8\x50\x8a\xff\xcb\xcc\xbf\xdb\x70\xe8\xc2\x9d\x2d\x9e\x86\xbb\x20\x57\x5c\xff\x77\x82\xe1\x1f\x21\x43\x29\xfe\xaf\x30\xff\xde\xcd\xa2\x85\x4a\xef\xca\xd6\xaf\xa9\x5c\x71\x17\xd1\x01\xff\x08\x19\x4a\xf1\x7f\x95\xf9\xf7\x9d\xed\xd5\x28\xfe\xd2\x4b\x17\xc7\xca\x15\x77\x31\x1d\xf0\x8f\x90\xa1\x14\xff\xd7\x98\xff\xb8\x5d\xf7\x0d\x7e\xdb\x3b\xf8\xe2\x5c\x72\xc5\x5d\x42\x07\xfc\x23\x64\x28\xc5\xff\x75\xe6\x3f\x5e\xb0\xf8\x6d\xd3\xfa\x66\x95\x8e\x23\x57\xdc\xa5\x74\xc0\x3f\x42\x86\x52\xfc\xdf\x60\xfe\xe3\xef\xbc\x35\xee\xfa\xd1\xd2\x05\x17\xc9\x15\x77\x19\x1d\xf0\x8f\x90\xa1\x14\xff\x37\x99\xff\x04\x6b\x1f\xac\x1b\x93\xb8\x5a\xb4\xc3\x72\xc5\x5d\x4e\x07\xfc\x23\x64\x28\xc5\xff\x2d\xe6\x3f\x61\xac\x94\xe5\xfb\xff\x19\xd6\xbc\x93\x5c\x71\x57\xd0\x01\xff\x08\x19\x4a\xf1\x7f\x9b\xf9\x4f\xe4\x1c\x4e\xd0\x64\x4e\xbc\xd1\x0d\xe4\x8a\xbb\x92\x0e\xf8\x47\xc8\x50\x8a\xff\x3b\xcc\x7f\xe2\x35\x21\x7e\x07\x15\x3e\xfb\xe7\xa5\x5c\x71\x57\xd1\x01\xff\x08\x19\x4a\xf1\x7f\x97\xf9\x4f\xb2\x23\xd7\x9d\xc3\x75\x53\x57\x0e\x29\x57\xdc\xd5\x74\xc0\x3f\x42\x86\x52\xfc\xdf\x63\xfe\x93\x86\xfc\x5b\x30\xe7\x80\x5f\x29\xb7\xca\x15\x77\x0d\x1d\xf0\x8f\x90\xa1\x14\xff\xf7\x99\xff\x64\x15\xd6\x06\x76\xbb\xdf\xe8\xe4\x74\xb9\xe2\xae\xa5\x03\xfe\x11\x32\x94\xe2\xff\x01\xf3\x9f\xfc\x73\xcb\x19\xc3\xf2\x6d\xda\x9d\x5e\xae\xb8\xeb\xe8\x80\x7f\x84\x0c\xa5\xf8\x7f\xc8\xfc\xa7\xb8\x5f\x65\xfb\xc5\xb4\xdb\x1e\x2e\x93\x2b\xee\x7a\x3a\xe0\x1f\x21\x43\x29\xfe\x1f\x31\xff\x29\x03\x26\x07\x24\xfe\xd6\x6c\x72\x0c\xb9\xe2\x6e\xa0\x03\xfe\x11\x32\x94\xe2\xff\x31\xf3\x9f\xea\x7b\x8d\x0d\xbb\xa6\xfd\xeb\x95\x4f\xae\xb8\x1b\xe9\x80\x7f\x84\x0c\xa5\xf8\x7f\xc2\xfc\xa7\x2e\x12\x54\xb5\x54\xd9\xf4\x51\x47\xca\x15\x77\x13\x1d\xf0\x8f\x90\xa1\x14\xff\x4f\x99\xff\x34\x35\x56\x76\x8e\x57\xe3\xe4\xa2\x86\x72\xc5\xdd\x4c\x07\xfc\x23\x64\x28\xc5\xff\x33\xe6\x3f\xed\xeb\xb6\x41\xef\x46\xb9\x57\xae\xc8\x15\x77\x0b\x1d\xf0\x8f\x90\xa1\x14\xff\xcf\x99\xff\x74\xd3\xcf\xf6\x4f\xf3\x72\x50\xae\x5f\x72\xc5\xf5\x7f\x26\x08\xfe\x11\x32\x94\xe2\xff\x05\xf3\x9f\x3e\x49\xb8\x39\x37\x72\x54\xaa\x50\x41\xae\xb8\xfe\x77\x02\xc3\x3f\x42\x86\x52\xfc\xbf\x64\xfe\x33\xe4\xc8\xb2\x7b\xec\x85\xf2\x8d\x52\xcb\x15\x77\x3b\x1d\xf0\x8f\x90\xa1\x14\xff\xaf\x98\xff\x8c\x63\x3e\xd7\xef\x17\x79\x9e\x33\x5b\xae\xb8\x3b\xe8\x80\x7f\x84\x0c\xa5\xf8\x7f\xcd\xfc\x67\xaa\x70\x35\x49\xf3\x76\xa1\x7f\x6e\x94\x2b\xee\x4e\x3a\xe0\x1f\x21\x43\x29\xfe\xdf\x30\xff\x99\x3f\x47\xdb\x3f\x65\xc3\xb5\x31\x61\xe5\x8a\xbb\x8b\x0e\xf8\x47\xc8\x50\x8a\xff\xb7\xcc\x7f\x96\xfb\x69\x1e\x1c\x58\x9d\x29\xd1\x5b\xb9\xe2\xee\xa6\x03\xfe\x11\x32\x94\xe2\xff\x1d\xf3\x9f\x35\xe0\x75\xc8\x2c\x1d\x1f\xd6\xa8\x23\x57\xdc\x3d\x74\xc0\x3f\x42\x86\x52\xfc\xbf\x67\xfe\xb3\xe5\x4e\xd8\x6d\x54\xb4\x9e\xbb\xba\xc9\x15\x77\x2f\x1d\xf0\x8f\x90\xa1\x14\xff\x1f\x98\xff\xec\x83\x6f\x4c\xeb\x75\x7a\xe5\x99\xfd\x72\xc5\xdd\x47\x07\xfc\x23\x64\x28\xc5\xff\x47\xe6\x3f\xc7\xb4\x47\x5b\xd3\xbf\x4f\x1c\x70\x54\xae\xb8\xfe\x7f\x27\xc0\x3f\x42\x86\x52\xfc\x7f\x62\xfe\x73\xa6\x4f\x5e\xed\x6e\xba\x4f\xe9\xba\xc8\x15\xf7\x00\x1d\xf0\x8f\x90\xa1\x14\xff\x9f\x99\xff\x5c\xe3\x9f\xed\x2b\x56\xae\xd5\x81\x7a\x72\xc5\x3d\x48\x07\xfc\x23\x64\x28\xc5\xff\x17\xe6\x3f\x77\xf6\xc4\xf5\xb6\x05\xed\xda\xf6\x5c\xae\xb8\x87\xe8\x80\x7f\x84\x0c\xa5\xf8\xff\xca\xfc\xe7\x49\x1c\xb7\xcf\xa3\xb1\x75\xe3\x06\x97\x2b\xae\xff\x9d\x80\xf0\x8f\x90\xa1\x14\xff\xdf\x98\xff\xbc\xb3\xee\xcc\x8d\x56\x79\x5c\xbb\xcd\x72\xc5\x3d\x42\x07\xfc\x23\x64\x28\xc5\xff\x77\xe6\x3f\xdf\xbb\xfe\x9d\xae\x64\x8e\x35\x60\xa6\x5c\x71\xfd\xff\x4d\x00\xfe\x11\x32\x94\xe2\xff\x07\xf3\x9f\xbf\xfa\x8e\x49\x29\xde\x1c\xfd\x9a\x51\xae\xb8\xc7\xe8\x80\x7f\x84\x0c\xa5\xf8\xff\xc9\xfc\x17\x28\x3c\x78\x63\xe7\x08\xb7\x6e\x94\x92\x2b\xee\x71\x3a\xe0\x1f\x21\x43\x29\xfe\x7f\x31\xff\x05\x7f\x15\xaf\x34\xf0\x6a\xf8\x75\x7f\xe4\x8a\x7b\x82\x0e\xf8\x47\xc8\x50\x8a\xff\xdf\xcc\x7f\xa1\xf9\xd5\xeb\x5c\xde\x3a\xa9\xc8\x25\xb9\xe2\x9e\xa4\x03\xfe\x11\x32\x94\xe2\xff\x0f\xf3\x5f\xd8\x37\x69\x47\xca\xd6\x85\xb3\x35\x97\x2b\xee\x29\x3a\xe0\x1f\x21\x43\x29\xfe\xff\x32\xff\x45\xa2\xac\x98\xde\xa5\xc7\xd2\xe9\xe3\xe5\x8a\x7b\x9a\x0e\xf8\x47\xc8\x50\x8a\xff\x7f\xcc\x7f\xd1\xcd\x1d\x7a\x0f\x58\xd5\xf5\x6d\x1e\xb9\xe2\x9e\xa1\x03\xfe\x11\x32\xd4\xff\xee\x3f\x66\x30\xe6\xbf\xd8\x87\x65\x29\x0a\x9e\x7a\x1b\x32\x96\x5c\x71\xcf\xd2\x01\xff\x08\x19\x4a\xf1\x1f\x9c\xf9\x2f\x5e\xb6\xd1\xe1\xd3\x4e\xbe\x6e\x0b\xe4\x8a\x7b\x8e\x0e\xf8\x47\xc8\x50\x8a\xff\x10\xcc\x7f\x89\x06\x75\x9e\x4c\x0f\x96\x2b\x6d\x5a\xb9\xe2\x9e\xa7\x03\xfe\x11\x32\x94\xe2\x3f\x24\xf3\x5f\xf2\xc9\x9c\xb0\x6d\x6e\xbf\xac\x37\x57\xae\xb8\x17\xe8\x80\x7f\x84\x0c\xa5\xf8\x0f\xc5\xfc\x97\x2a\xd9\xe0\xf5\x87\xdd\x1d\xd7\xaf\x97\x2b\xee\x45\x3a\xe0\x1f\x21\x43\x29\xfe\x43\x33\xff\xa5\xff\xcc\x88\x12\xa2\xe1\xc2\xa3\xa1\xe5\x8a\xeb\xff\x4c\x10\xfc\x23\x64\x28\xc5\x7f\x18\xe6\xbf\xcc\x8b\x45\x19\x6b\xf4\x2d\xde\xfa\xb5\x5c\x71\x2f\xd3\x01\xff\x08\x19\x4a\xf1\x1f\x96\xf9\x2f\x5b\xb5\xd9\x99\x25\x0b\xa6\xc5\xab\x2d\x57\xdc\x2b\x74\xc0\x3f\x42\x86\x52\xfc\x87\x63\xfe\xcb\xa5\x3c\x96\xa4\xe1\x81\xc8\x1f\x7a\xc8\x15\xf7\x2a\x1d\xf0\x8f\x90\xa1\x14\xff\xe1\x99\xff\xf2\x73\x82\xef\x9f\x14\xff\xde\xf0\x83\x72\xc5\xbd\x46\x07\xfc\x23\x64\x28\xc5\x7f\x04\xe6\xbf\xc2\xc8\xbc\x0f\x8e\xfd\x3c\xb8\x7c\x89\x5c\x71\xaf\xd3\x01\xff\x08\x19\x4a\xf1\x1f\x91\xf9\xaf\x98\xf5\x4f\xc8\x6c\x29\xa2\xdd\x8d\x26\x57\xdc\x1b\x74\xc0\x3f\x42\x86\x52\xfc\x47\x62\xfe\x2b\x7d\xb8\xd7\x3f\x5d\x89\x51\x59\x0b\xc8\x15\xf7\x26\x1d\xf0\x8f\x90\xa1\x14\xff\x91\x99\xff\xca\x65\xbd\x39\xf7\x66\xd6\x2a\x3e\x5a\xae\xb8\xb7\xe8\x80\x7f\x84\x0c\xa5\xf8\x8f\xc2\xfc\x57\x69\x90\x74\xf7\xe8\xe1\xfb\x5e\x34\x96\x2b\xee\x6d\x3a\xe0\x1f\x21\x43\x29\xfe\xa3\x32\xff\x55\x9f\x3c\xa9\xdf\xb3\x4e\xbb\x79\xd7\xe4\x8a\x7b\x87\x0e\xf8\x47\xc8\x50\x8a\xff\x68\xcc\x7f\xb5\x61\x71\x52\xed\xcf\xfb\xad\xf3\x0f\xb9\xe2\xde\xa5\x03\xfe\x11\x32\x94\xe2\x3f\x3a\xf3\x5f\x3d\xdf\xf9\x93\x59\x9f\x25\x0f\x55\x4e\xae\xb8\xf7\xe8\x80\x7f\x84\x0c\xa5\xf8\x8f\xc1\xfc\xd7\x48\xf5\xf2\x55\x8b\xd8\xff\xce\xbd\x91\x2b\xee\x7d\x3a\xe0\x1f\x21\x43\x29\xfe\x63\x32\xff\x35\x27\xa6\x0b\x3f\xf9\x44\xfa\x1d\xb5\xe4\x8a\xfb\x80\x0e\xf8\x47\xc8\x50\x8a\xff\x58\xcc\x7f\xad\x4c\x6f\x1f\x46\x59\xb1\xad\x5a\x77\xb9\xe2\x3e\xa4\x03\xfe\x11\x32\x94\xe2\x3f\x36\xf3\x5f\x7b\x54\xaa\x60\x7f\xba\x35\x4b\x72\x48\xae\xb8\x8f\xe8\x80\x7f\x84\x0c\xa5\xf8\x8f\xc3\xfc\x07\xcc\x8d\x91\x78\x45\xcb\x41\xe3\xd2\xc8\x15\xf7\x31\x1d\xf0\x8f\x90\xa1\x14\xff\x0e\xf3\x5f\x27\xd9\xe5\x43\x01\x9b\x2b\x7d\x9f\x27\x57\xdc\x27\x74\xc0\x3f\x42\x86\x52\xfc\xbb\xcc\x7f\xdd\x4a\xdd\xd3\xcd\xbb\x7c\x32\xf6\x06\xb9\xe2\x3e\xa5\x03\xfe\x11\x32\x94\xe2\xdf\x63\xfe\xeb\xbd\x5c\x7f\xb6\x6d\x38\xb7\x49\x28\xb9\xe2\x3e\xa3\x03\xfe\x11\x32\x94\xe2\xdf\xc7\xfc\xd7\xff\x3b\xea\x5d\xae\x77\xa1\xcb\x35\x91\x2b\xee\x73\x3a\xe0\x1f\x21\x43\x29\xfe\xe3\x32\xff\x0d\x8a\x95\x8b\x7c\x2a\xeb\xb5\x3c\x57\xe5\x8a\xfb\x82\x0e\xf8\x47\xc8\x50\x8a\xff\x78\xcc\x7f\xc3\x92\xeb\xea\x5f\xab\x5a\xfe\xda\x77\xb9\xe2\xbe\xa4\x03\xfe\x11\x32\x94\xe2\x3f\x3e\xf3\xdf\xe8\x4f\xab\xdd\xc9\xc6\xcf\x5b\x50\x5e\xae\xb8\xaf\xe8\x80\x7f\x84\x0c\xa5\xf8\x4f\xc0\xfc\x37\x7e\x51\x75\x4e\xc7\x89\x3d\x23\x2f\x96\x2b\xae\xff\x9d\x00\xf0\x8f\x90\xa1\x14\xff\x09\x99\xff\x26\x55\xa7\xf4\x1f\x5c\x61\x65\x60\x74\xb9\xe2\xfa\xbf\x13\x04\xff\x08\x19\x4a\xf1\x9f\x88\xf9\x6f\x9a\xe0\x48\xde\x03\x19\x32\x4d\x2d\x28\x57\xdc\xb7\x74\xc0\x3f\x42\x86\x52\xfc\x27\x66\xfe\x9b\x2d\x0e\x79\x23\xcb\xc7\x87\xf7\x47\xc9\x15\xf7\x1d\x1d\xf0\x8f\x90\xa1\x14\xff\x49\x98\xff\xe6\xeb\x73\x7f\x6f\xfe\xe4\xe9\xde\xff\x58\x71\xdf\xd3\x01\xff\x08\x19\x4a\xf1\x9f\x94\xf9\x6f\x11\xe1\x9f\x6f\x4a\xee\x6c\xc7\xb7\xc8\x15\xf7\x03\x1d\xf0\x8f\x90\xa1\x14\xff\xc9\x98\xff\x96\xcb\xf3\x7f\x88\x5a\x7b\x6d\xf2\x59\x72\xc5\xfd\x48\x07\xfc\x23\x64\x28\xc5\x7f\x72\xe6\xbf\x55\x8c\x5f\x31\x7f\x0f\xed\x53\x35\x83\x5c\x71\x3f\xd1\x01\xff\x08\x19\x4a\xf1\x9f\x82\xf9\x6f\x1d\xe6\x40\x96\xe5\xd3\x67\xfd\x3b\x26\x57\xdc\xcf\x74\xc0\x3f\x42\x86\x52\xfc\xa7\x64\xfe\xdb\xec\x0e\x7b\xbe\x4e\xb1\xd2\x23\x3b\xcb\x15\xf7\x0b\x1d\xf0\x8f\x90\xa1\x14\xff\xa9\x98\xff\xb6\xc7\x97\x14\x9c\x9b\xec\x52\xd3\xba\x72\xc5\xfd\x4a\x07\xfc\x23\x64\x28\xc5\x7f\x6a\xe6\xbf\x5d\xe7\x26\x77\xda\x7d\x0f\x1e\xe3\x85\x5c\x71\xbf\xd1\x01\xff\x08\x19\x4a\xf1\x9f\x86\xf9\x6f\xdf\xbc\xf6\xef\xdc\x09\xe3\xe5\x1f\x27\x57\x5c\xff\x77\x02\xe1\x1f\x21\x43\x29\xfe\xd3\x32\xff\x1d\x6e\xcf\x4b\x70\xf2\xd0\xd9\xb2\x79\xe5\x8a\xeb\x7f\x27\x18\xfc\x23\x64\x28\xc5\x7f\x3a\xe6\xbf\x63\x82\x3d\x8d\x2f\x2e\xaa\xb6\x34\xb6\x5c\x71\x7f\xd2\x01\xff\x08\x19\x4a\xf1\x9f\x9e\xf9\xef\xb4\x38\x70\x40\xe2\xfe\xc3\xce\xcf\x97\x2b\xee\x2f\x3a\xe0\x1f\x21\x43\x29\xfe\x33\x30\xff\x9d\xd7\x17\x5e\xd0\xad\x71\xa3\x3e\xa5\xe5\x8a\xfb\x9b\x0e\xf8\x47\xc8\x50\x8a\xff\x8c\xcc\x7f\x97\x08\xc3\x8b\x0e\xdb\xbb\x29\xc2\x6f\xb9\xe2\xfe\xa1\x03\xfe\x11\x32\x94\xe2\x3f\x13\xf3\xdf\xb5\x55\xd7\xec\x05\xee\xa6\x7e\x76\x51\xae\xb8\x7f\xe9\x80\x7f\x84\x0c\xa5\xf8\xcf\xcc\xfc\x77\xbb\xb4\xf1\xda\x99\x10\xbf\x26\xb4\x90\x2b\xee\x3f\x3a\xe0\x1f\x21\x43\x29\xfe\xb3\x30\xff\xdd\x8f\x8d\xf8\x3a\x23\x51\x98\xbe\x7d\xe5\x8a\xe7\x3f\xe0\x1f\x21\x43\x29\xfe\xb3\x32\xff\x3d\xfa\x56\x88\xd5\xfa\xf7\xe5\x88\xc7\xe5\x8a\x47\xbf\x06\xfe\x11\xb2\x94\xe2\x3f\x1b\xf3\xdf\xf3\xde\x98\x7f\xef\x67\x57\x78\xfa\x54\xae\x78\x21\xe8\x80\x7f\x84\x0c\xa5\xf8\xcf\xce\xfc\xf7\x6a\x56\x26\x7e\xc8\x42\xb3\x83\xaa\xca\x15\x2f\x24\x1d\xf0\x8f\x90\xa1\x14\xff\x39\x98\xff\xde\x9d\x3a\xe6\xab\x59\x2f\x30\xdf\x4e\xb9\xe2\xf9\xdf\x09\x0a\xff\x08\x19\x4a\xf1\x9f\x93\xf9\x0f\x3c\xb5\xf5\xee\xe2\x81\x2b\xca\x44\x95\x2b\x5e\x68\x3a\xe0\x1f\x21\x43\x29\xfe\x73\x31\xff\x7d\xf6\xc5\xca\xdc\xe8\x41\xd6\x65\x89\xe5\x8a\x17\x86\x0e\xf8\x47\xc8\x50\x8a\xff\xdc\xcc\x7f\xdf\xd0\x17\x2f\x4d\xcc\xff\xe0\xc2\x64\xb9\xe2\x85\xa5\x03\xfe\x11\x32\x94\xe2\x3f\x0f\xf3\xdf\x2f\xfa\xf3\x8f\x47\x6f\xfe\xfe\xfb\x49\xae\x78\xfe\x9f\x87\x7f\x84\x0c\xa5\xf8\xcf\xcb\xfc\xf7\x5f\x95\x21\x5a\xf6\x30\x19\x46\x94\x90\x2b\x5e\x78\x3a\xe0\x1f\x21\x43\x29\xfe\xf3\x31\xff\x03\x0a\x5f\x5f\xf5\xb1\xf9\xe6\x66\x2d\xe5\x8a\x17\x81\x0e\xf8\x47\xc8\x50\x8a\xff\xfc\xcc\xff\xc0\x5f\x09\x4a\x07\xdf\xd9\x3c\xe6\x1d\xb9\xe2\x45\xa4\x03\xfe\x11\x32\x94\xe2\xbf\x00\xf3\x3f\xe8\x5d\xb2\x96\xd5\x97\x0d\xdc\x97\x4d\xae\x78\x91\xe8\x80\x7f\x84\x0c\xa5\xf8\x2f\xc8\xfc\x0f\xae\xfe\x70\xd4\xd2\xc0\xaa\x27\x06\xca\x15\x2f\x32\x1d\xf0\x8f\x90\xa1\x14\xff\x85\x98\xff\x21\xc5\x3f\xaf\x8a\x16\xf7\x44\xb2\x75\x72\xc5\x8b\x42\x07\xfc\x23\x64\x28\xc5\x7f\x61\xe6\x7f\xe8\xbf\x2c\xa5\x1f\x1d\x8b\x5b\xc5\x27\x57\x3c\xff\x67\x02\xe1\x1f\x21\x43\x29\xfe\x8b\x30\xff\xc3\x5e\x85\x6b\xb9\xed\x7c\xc2\x48\x41\x72\xc5\x8b\x46\x07\xfc\x23\x64\x28\xc5\x7f\x51\xe6\x7f\x78\xe5\xb3\xa3\x8a\x45\x3a\xd3\x3b\xb9\x5c\xf1\xa2\xd3\x01\xff\x08\x19\x4a\xf1\x5f\x8c\xf9\x1f\xf1\x29\x52\xa3\xbb\x6d\x6b\x4e\x8b\x28\x57\xbc\x18\x74\xc0\x3f\x42\x86\x52\xfc\x17\x67\xfe\x47\x96\x3e\x39\x38\xfd\xfa\xa1\x0f\xf6\xca\x15\x2f\x26\x1d\xf0\x8f\x90\xa1\x14\xff\x25\x98\xff\x51\xf5\xde\x2f\xec\xb5\xa6\x71\xf9\x9a\x72\xc5\x8b\x45\x07\xfc\x23\x64\x28\xc5\x7f\x49\xe6\x7f\xf4\xb3\x1c\x85\x46\x75\x5a\x9f\xf7\xa1\x5c\xf1\xfc\xef\x04\x83\x7f\x84\x0c\xa5\xf8\x2f\xc5\xfc\x8f\x99\x34\x79\x5d\xc5\xe8\x69\xae\x9e\x96\x2b\x5e\x1c\x3a\xe0\x1f\x21\x43\x29\xfe\x4b\x33\xff\x63\x53\x57\x29\xbf\xfb\xcc\xf7\xf9\xbd\xe4\x8a\xe7\xd0\x01\xff\x08\x19\x4a\xf1\x5f\x86\xf9\x1f\x97\xbf\x65\xdb\xe7\x69\x9e\x8c\x4f\x20\x57\x3c\x97\x0e\xf8\x47\xc8\x50\x8a\xff\xb2\xcc\xff\xf8\xe1\x6b\xc7\xc5\xfd\x9a\xf3\xc7\x2a\xb9\xe2\xf9\x5f\x00\x02\xff\x08\x19\x4a\xf1\x5f\x8e\xf9\x0f\x2a\x3e\xe6\x63\xc8\xa9\x6b\x62\x0d\x95\x2b\x9e\xff\x33\xc1\xf0\x8f\x90\xa1\x14\xff\xe5\x99\xff\x09\xff\xca\x44\x7b\x5f\xa6\x7f\xe3\x4c\x72\xc5\x8b\x4b\x07\xfc\x23\x64\x28\xc5\x7f\x05\xe6\x7f\xe2\xab\x8e\x99\x17\xd7\x9c\x7e\xf6\x86\x5c\xf1\xe2\xd1\x01\xff\x08\x19\x4a\xf1\x5f\x91\xf9\x9f\x54\x79\xeb\xa5\x9a\xa3\xcb\x6c\x6f\x2b\x57\xbc\xf8\x74\xc0\x3f\x42\x86\x52\xfc\x57\x62\xfe\x27\x67\x29\xbe\xe4\xdd\xab\xf3\xd5\x8b\xc8\x15\xcf\xff\xdf\x04\xe0\x1f\x21\x43\x29\xfe\x2b\x33\xff\x53\x46\x0c\x2e\x19\x2f\x67\x88\xa4\xdf\xe4\x8a\x97\x90\x0e\xf8\x47\xc8\x50\x8a\xff\x2a\xcc\xff\xd4\xd9\x3b\x9a\x97\x3a\x72\xfd\x79\x0d\xb9\xe2\xf9\x7f\x06\xfe\x11\x32\x94\xe2\xbf\x2a\xf3\x3f\x2d\x45\xff\x21\xbb\xbc\x08\x73\x1f\xc9\x15\xcf\xff\x4e\x30\xf8\x47\xc8\x50\x8a\xff\x6a\xcc\xff\xf4\x21\x7b\x3a\x24\xee\x15\xd4\xe5\x8c\x5c\xf1\x92\xd0\x01\xff\x08\x19\x4a\xf1\x5f\x9d\xf9\x9f\x51\x20\x70\xec\xc5\x25\x45\x42\xf7\x94\x2b\x5e\x52\x3a\xe0\x1f\x21\x43\x29\xfe\x6b\x30\xff\x33\xd3\x14\x5e\x3d\x6c\xfb\x92\x15\x13\xe4\x8a\x97\x8c\x0e\xf8\x47\xc8\x50\x8a\xff\x9a\xcc\xff\xac\xa0\xe1\x15\xba\x35\xed\x71\x2f\x99\x5c\xf1\xfc\xcf\x04\x84\x7f\x84\x0c\xa5\xf8\xaf\xc5\xfc\xcf\x7e\x9c\x7c\xc1\xfa\x50\x6f\xb2\x44\x90\x2b\x5e\x0a\x3a\xe0\x1f\x21\x43\x29\xfe\x6b\x33\xff\x73\xea\x3f\x2a\x5a\xf4\x7a\xc1\x62\xfb\xe4\x8a\x97\x92\x0e\xf8\x47\xc8\x50\x8a\xff\x00\xe6\x7f\x6e\x99\x1b\x8d\x9d\x82\x49\xda\x5c\x97\x2b\x5e\x2a\x3a\xe0\x1f\x21\x43\x29\xfe\xeb\x30\xff\xf3\xde\x27\x1c\xf0\xf8\xd1\xfb\xf8\xed\xe4\x8a\x97\x9a\x0e\xf8\x47\xc8\x50\x8a\xff\xba\xcc\xff\xfc\x4f\xbf\x2f\x7d\x1f\xdc\xfa\x7d\x51\xb9\xe2\xa5\xa1\x03\xfe\x11\x32\x94\xe2\xbf\x1e\xf3\xbf\xa0\x74\x9e\xcc\x11\x1b\x6c\x1f\xf6\x55\xae\x78\x69\xe9\x80\x7f\x84\x0c\xa5\xf8\xaf\xcf\xfc\x2f\xac\x17\x2c\x5a\x83\x22\x0d\xd2\x24\x94\x2b\x5e\x3a\x3a\xe0\x1f\x21\x43\x29\xfe\x1b\x30\xff\x8b\x9e\x1d\xfd\xb8\x7a\xee\xd8\xba\x2b\xe5\x8a\x97\x9e\x0e\xf8\x47\xc8\x50\x8a\xff\x86\xcc\xff\xe2\x95\x53\xb7\xbe\xfd\xeb\x6c\x18\x22\x57\xbc\x0c\x74\xc0\x3f\x42\x86\x52\xfc\x37\x62\xfe\x97\x44\xab\x54\x2d\x7e\x92\x23\xc7\x32\xcb\x15\x2f\x23\x1d\xf0\x8f\x90\xa1\x14\xff\x8d\x99\xff\xa5\xa1\x5a\x77\x2b\x9d\xfd\xc0\x8c\x5d\x72\xc5\xf3\x3f\x13\x14\xfe\x11\x32\x94\xe2\xbf\x09\xf3\xbf\x6c\xef\xea\x69\x3b\x5f\xc4\x7c\x17\x45\xae\x78\xfe\xdf\x13\xc0\x3f\x42\x86\x52\xfc\x37\x65\xfe\x97\xc7\x6b\xdf\x27\xd1\xc8\x91\x21\x12\xc9\x15\x2f\x0b\x1d\xf0\x8f\x90\xa1\x14\xff\xcd\x98\xff\x15\x4b\x97\xcf\xbd\x54\xbd\x4e\xd7\x29\x72\xc5\xcb\x4a\x07\xfc\x23\x64\x28\xc5\x7f\x73\xe6\x7f\xe5\xc6\x89\xfb\x86\x97\xda\x7d\xbd\x8f\x5c\xf1\xb2\xd1\x01\xff\x08\x19\x4a\xf1\xdf\x82\xf9\x5f\x15\xae\x5a\xbd\xae\x93\xdb\xaf\x3d\x21\x57\xbc\xec\x74\xc0\x3f\x42\x86\x52\xfc\xb7\x64\xfe\x57\xf7\xf9\xba\x71\xc3\xe7\xcf\x45\x9f\xc9\x15\x2f\x07\x1d\xf0\x8f\x90\xa1\x14\xff\xad\x98\xff\x35\x47\x33\x55\x2a\x92\x2a\x45\xf6\x2a\x72\xc5\xcb\x49\x07\xfc\x23\x64\x28\xc5\x7f\x6b\xe6\x7f\xed\xc5\x08\x9d\xe2\x9c\xcb\xeb\xcb\x2e\x57\xbc\x5c\x74\xc0\x3f\x42\x86\x52\xfc\xb7\x61\xfe\xd7\xb5\x3c\x3d\xe9\x49\xcc\x17\x6d\x07\xc8\x15\x2f\x37\x1d\xf0\x8f\x90\xa1\x14\xff\x6d\x99\xff\xf5\x2b\xdf\xbe\xfb\xd3\xa5\xcb\xc0\xb5\x72\xc5\xcb\x43\x07\xfc\x23\x64\x28\xc5\x7f\x3b\xe6\x7f\x43\xb4\x54\x91\xa3\xac\x5b\xf0\x2d\xae\x5c\xf1\xf2\xd2\x01\xff\x08\x19\x4a\xf1\xdf\x9e\xf9\xdf\x18\x2a\x46\xba\x80\x8d\x25\xea\x7c\x94\x2b\x5e\x3e\x3a\xe0\x1f\x21\x43\x29\xfe\x3b\x30\xff\x9b\xf6\x5e\x3e\xbb\xa2\xfd\xe4\xf4\xff\x61\xdc\xcb\x4f\x07\xfc\x23\x64\x28\xc5\x7f\x47\xe6\x7f\xf3\x9d\x94\xdb\xa3\x47\x89\xb2\xbf\x95\x5c\xf1\x0a\xd0\x01\xff\x08\x19\x4a\xf1\xdf\x89\xf9\xdf\xd2\xe2\x41\xc0\xc3\x8b\xb7\xb7\xde\x96\x2b\x5e\x41\x3a\xe0\x1f\x21\x43\x29\xfe\x3b\x33\xff\x5b\xbb\xdc\x0a\xdc\xfa\xb6\x66\xe2\x9b\x72\xc5\x2b\x44\x07\xfc\x23\x64\x28\xc5\x7f\x17\xe6\x7f\xdb\x89\xf8\x33\x8a\x67\x19\x5a\xb3\x83\x5c\xf1\x0a\xd3\x01\xff\x08\x19\x4a\xf1\xdf\x95\xf9\xdf\xde\xe6\x5e\xe7\x7b\x55\x12\xee\x2c\x2c\x57\xbc\x22\x74\xc0\x3f\x42\x86\x52\xfc\x77\x63\xfe\x77\x5c\xf0\x82\xd2\x8d\x3b\x73\xfa\xb3\x5c\xf1\xfc\xef\x04\x81\x7f\x84\x0c\xa5\xf8\xef\xce\xfc\xef\x3c\x92\x74\x43\xcf\x49\x69\x1a\xc6\x97\x2b\x5e\x31\x3a\xe0\x1f\x21\x43\x29\xfe\x7b\x30\xff\xbb\xfa\x3f\xa9\x3a\xba\xe2\xf7\x38\xcb\xe5\x8a\x57\x9c\x0e\xf8\x47\xc8\x50\x8a\xff\x9e\xcc\xff\xee\x88\x25\x77\x57\xc8\xd8\xf8\xd7\x30\xb9\xe2\x95\xa0\x03\xfe\x11\x32\x94\xe2\xbf\x17\xf3\xbf\x67\xc3\xc0\xfa\x7b\x3e\xad\x1f\x9b\x55\xae\x78\x7e\xf7\xf0\x8f\x90\xa1\x14\xff\xbd\x99\xff\xbd\x4b\x76\xf5\x7f\x11\x6b\xcd\xc2\x6a\x72\xc5\x2b\x45\x07\xfc\x23\x64\x28\xc5\x7f\x20\xf3\xbf\x2f\x61\xdf\x39\xbe\xe3\xfd\x2f\x3f\x90\x2b\x5e\x69\x3a\xe0\x1f\x21\x43\x29\xfe\xfb\x30\xff\xfb\x8b\xb5\x9b\x5a\x71\xf9\x93\xdc\xe7\xe4\x8a\x57\x86\x0e\xf8\x47\xc8\x50\x8a\xff\xbe\xcc\xff\x81\xbf\xab\xba\xee\xee\x9a\xb3\x62\x6f\xb9\xe2\x95\xa5\x03\xfe\x11\x32\x94\xe2\xbf\x1f\xf3\x7f\xf0\xe5\x84\xea\xcf\x5b\x9d\x7f\x34\x49\xae\x78\xe5\xe8\x80\x7f\x84\x0c\xa5\xf8\xef\xcf\xfc\x1f\xaa\x54\x73\x5b\xdc\x2d\x21\xa6\xa4\x90\x2b\x5e\x79\x3a\xe0\x1f\x21\x43\x29\xfe\x07\x30\xff\x87\x7f\x9e\xa9\x57\xfc\xca\xf4\x9e\xe1\xe4\x8a\x57\x81\x0e\xf8\x47\xc8\x50\x8a\xff\x81\xcc\xff\x91\x42\x11\xf7\x6d\x0d\x5f\x26\xca\x1e\xb9\xe2\x55\xa4\x03\xfe\x11\x32\x94\xe2\x7f\x10\xf3\x7f\xb4\x5a\xe6\xb9\x0f\x13\x54\xa8\x94\x53\xae\x78\x95\xe8\x80\x7f\x84\x0c\xa5\xf8\x1f\xcc\xfc\x1f\x7b\xfb\xad\x4f\xf4\x83\xb3\x53\x0c\x92\x2b\x5e\x65\x3a\xe0\x1f\x21\x43\x29\xfe\x87\x30\xff\xc7\xcb\x65\x9f\x36\x7a\x61\x98\x53\xab\xe5\x8a\xe7\x7f\x27\x18\xfc\x23\x64\x28\xc5\xff\x50\xe6\xff\xc4\xd7\x4f\xdd\x7a\xf6\xbb\xbc\xc7\x93\x2b\x5e\x55\x3a\xe0\x1f\x21\x43\x29\xfe\x87\x31\xff\x27\x1f\x9e\xa8\x96\xae\x49\xd6\xe8\xef\xe5\x8a\xe7\xff\x4e\x00\xfc\x23\x64\x28\xc5\xff\x70\xe6\xff\x54\xad\xa8\x5b\xef\xed\x7b\xd0\xa2\xb8\x5c\xf1\xaa\xd3\x01\xff\x08\x19\x4a\xf1\x3f\x82\xf9\x3f\x9d\x6e\x4d\x6d\xdf\xbd\xc0\x51\x6d\xe4\x8a\x57\x83\x0e\xf8\x47\xc8\x50\x8a\xff\x91\xcc\xff\x99\xa9\x6d\x76\xbd\x08\xb9\xe2\xf7\x5d\xb9\xe2\xd5\xa4\x03\xfe\x11\x32\x94\xe2\x7f\x14\xf3\x7f\x76\x50\xe5\x99\x7b\x1e\x6f\xbe\xb4\x43\xae\x78\xb5\xe8\x80\x7f\x84\x0c\xa5\xf8\x1f\xcd\xfc\x9f\xcb\x35\xad\x67\x85\x5c\xcd\x97\x44\x92\x2b\x5e\x6d\x3a\xe0\x1f\x21\x43\x29\xfe\xc7\x30\xff\xe7\x7f\x6e\x09\x55\xa3\xd6\xef\x52\x49\xe4\x8a\x17\x40\x07\xfc\x23\x64\x28\xc5\xff\x58\xe6\xff\x42\xa1\x2e\x4f\x97\x0c\xc9\x50\x60\x9a\x5c\xf1\xea\xd0\x01\xff\x08\x19\x4a\xf1\x3f\x8e\xf9\xbf\x58\xad\xf4\xb1\x0f\x33\x4e\x4c\xec\x27\x57\xbc\xba\x74\xc0\x3f\x42\x86\x52\xfc\x8f\x67\xfe\x2f\xbd\x1d\x9f\x3c\x44\xf1\xb8\x8f\x4f\xc9\x15\xaf\x1e\x1d\xf0\x8f\x90\xa1\x14\xff\x41\xcc\xff\xe5\xb1\x7d\xaa\xee\x4c\x3e\x30\xfc\x13\xb9\xe2\xd5\xa7\x03\xfe\x11\x32\x94\xe2\x7f\x02\xf3\x7f\x25\xe7\xce\x0d\xa5\x7f\x54\xed\x5f\x49\xae\x78\x0d\xe8\x80\x7f\x84\x0c\xa5\xf8\x9f\xc8\xfc\x5f\x4d\x3a\x20\x28\x7e\xc4\x91\x9b\x3f\xc8\x15\xaf\x21\x1d\xf0\x8f\x90\xa1\x14\xff\x93\x98\xff\x6b\x33\x4a\x74\x7e\x7b\xad\xce\xc1\x62\x72\xc5\x6b\x44\x07\xfc\x23\x64\x28\xc5\xff\x64\xe6\xff\x7a\xde\x21\x33\xba\x6e\x3b\x90\xb1\xb5\x5c\xf1\x1a\xd3\x01\xff\x08\x19\x4a\xf1\x3f\x85\xf9\xbf\x31\xb0\x48\xe0\xf0\x36\x31\x6b\xdf\x93\x2b\x5e\x13\x3a\xe0\x1f\x21\x43\x29\xfe\xa7\x32\xff\x37\xa7\xf4\x0c\xb8\xd4\xfd\xf3\x97\x1c\x72\xc5\x6b\x4a\x07\xfc\x23\x64\x28\xc5\xff\x34\xe6\xff\x56\xc6\xbd\xdb\x13\xad\x4c\x31\x78\xb0\x5c\xf1\x9a\xd1\x01\xff\x08\x19\x4a\xf1\x3f\x9d\xf9\xbf\x5d\x27\x5e\xcd\x27\x27\x77\xb7\x5f\x23\x57\xbc\xe6\x74\xc0\x3f\x42\x86\x52\xfc\xcf\x60\xfe\xef\x3c\xb8\xb9\x25\x4e\x9c\xf6\xae\x2b\x57\xbc\x16\x74\xc0\x3f\x42\x86\x52\xfc\xcf\x64\xfe\xef\x7e\xb9\x3f\xb9\xc8\x87\x2e\x39\xfb\xcb\x15\xaf\x25\x1d\xf0\x8f\x90\xa1\x14\xff\xb3\x98\xff\x7b\x15\x53\x74\xdf\x90\x7e\x41\xe1\x93\x72\xc5\x6b\x45\x07\xfc\x23\x64\x28\xc5\xff\x6c\xe6\xff\x7e\xb9\x23\xc9\xd7\x94\xcf\xbb\xfa\xb1\x5c\xf1\xfc\x9f\x09\x80\x7f\x84\x0c\xa5\xf8\x9f\xc3\xfc\x3f\xf8\x1a\xf2\x58\xfd\x09\x2f\x6e\x56\x96\x2b\x9e\xff\x99\xa0\xf0\x8f\x90\xa1\x14\xff\x73\x99\xff\x87\x0f\x73\x3f\x8d\x30\x26\x4a\xf7\xed\x72\xc5\x6b\x4b\x07\xfc\x23\x64\x28\xc5\xff\x3c\xe6\xff\x51\xad\x7f\xa1\x7e\x54\xba\x1d\x2c\xb2\x5c\xf1\xda\xd1\x01\xff\x08\x19\x4a\xf1\x3f\x9f\xf9\x7f\x1c\x7b\x5d\xa1\x5d\x99\x4a\xbc\x49\x2a\x57\xbc\xf6\x74\xc0\x3f\x42\x86\x52\xfc\x2f\x60\xfe\x9f\xac\x6b\xb5\xb0\xd4\xeb\xc9\xb3\xa6\xca\x15\xaf\x03\x1d\xf0\x8f\x90\xa1\x14\xff\x0b\x99\xff\xa7\xbb\xaa\x0e\x8e\xf7\x2b\xe8\x48\x3c\xb9\xf2\xff\x6c\x04\x83\x7f\x84\x6c\xa5\xf8\x5f\xc4\xfc\x3f\x0b\x3e\xa5\xd1\xbb\x94\x45\x36\xad\x90\x2b\x5e\x27\x3a\xe0\x1f\x21\x43\x29\xfe\x17\x33\xff\xcf\x17\xd5\x1c\xd5\xad\xe4\xf5\xfa\xc3\xe5\x8a\xd7\x99\x0e\xf8\x47\xc8\x50\x8a\xff\x25\xcc\xff\x0b\x6f\x42\xcb\x61\xb3\x22\xa4\xca\x22\x57\xbc\x2e\x74\xc0\x3f\x42\x86\x52\xfc\x2f\x65\xfe\x5f\x46\x5e\x55\xfa\xe2\xb0\x37\x43\x6e\xc9\x15\xaf\x2b\x1d\xf0\x8f\x90\xa1\x14\xff\xcb\x98\xff\x57\xdb\xda\xad\x4a\x1c\x50\xf0\x63\x7b\xb9\xe2\x75\xa3\x03\xfe\x11\x32\x94\xe2\x7f\x39\xf3\xff\xfa\xd0\xb9\x62\x8f\xf3\x2c\x49\x58\x48\xae\x78\xdd\xe9\x80\x7f\x84\x0c\xa5\xf8\x5f\xc1\xfc\xbf\xe9\x15\x7e\xa9\xf3\xb4\x47\xab\x2f\x72\xc5\xeb\x41\x07\xfc\x23\x64\x28\xc5\xff\x4a\xe6\xff\x6d\xbb\xac\xc3\x8b\x06\x6f\x5d\x62\xa2\x5c\xf1\x7a\xd2\x01\xff\x08\x19\x4a\xf1\xbf\x8a\xf9\x7f\x77\xed\x4b\xb3\xf5\x77\xb6\x67\x4a\x29\x57\xbc\x5e\x74\xc0\x3f\x42\x86\x52\xfc\xaf\x66\xfe\xdf\xc7\xbe\xe6\x2d\xdf\x93\xe4\x4e\x78\xb9\xe2\xf5\xa6\x03\xfe\x11\x32\x94\xe2\x7f\x0d\xf3\xff\x61\x5d\xf4\x5f\x75\x1a\xbd\x5f\xb5\x5b\xae\x78\x81\x74\xc0\x3f\x42\x86\x52\xfc\xaf\x65\xfe\x3f\xee\x4a\x7b\x33\x6a\x1f\x27\x6c\x75\xb9\xe2\xf5\xa1\x03\xfe\x11\x32\x94\xe2\x7f\x1d\xf3\xff\x29\xf8\x9b\x5c\xbf\xe7\x1f\xe9\x74\x5f\xae\x78\x7d\xe9\x80\x7f\x84\x0c\xa5\xf8\x5f\xcf\xfc\x7f\x6e\x9c\xa0\x42\xb1\xfd\x0d\x66\x9f\x95\x2b\x5e\x3f\x3a\xe0\x1f\x21\x43\x29\xfe\x37\x30\xff\x5f\xae\x5f\x5f\xbd\x2d\xde\xd8\x97\x81\x72\xc5\xf3\x3f\x13\x1c\xfe\x11\x32\x94\xe2\x7f\x23\xf3\xff\xf5\xf4\xc3\xb1\x8f\x76\x94\xda\x78\x50\xae\x78\x03\xe8\x80\x7f\x84\x0c\xa5\xf8\xdf\xc4\xfc\x7f\xeb\x9e\xac\x43\xb4\x66\x33\x0f\xf7\x90\x2b\xde\x40\x3a\xe0\x1f\x21\x43\x29\xfe\x37\x33\xff\xdf\x2f\x3f\x1d\x32\x2a\x74\xb0\xd4\xb5\xe5\x8a\x37\x88\x0e\xf8\x47\xc8\x50\x8a\xff\x2d\xcc\xff\x8f\xf6\x89\x9a\xf7\xba\x71\xb1\xc1\x6b\xb9\xe2\xf9\xdf\x09\x0c\xff\x08\x19\x4a\xf1\xbf\x95\xf9\xff\xd9\xdb\x57\x32\xfd\xe1\xec\x9f\x42\xcb\x15\x6f\x08\x1d\xf0\x8f\x90\xa1\x14\xff\xdb\x98\xff\x5f\xfb\x6f\x2f\xb9\xeb\x3e\x1b\xba\x5e\xae\x78\x43\xe9\x80\x7f\x84\x0c\xa5\xf8\xdf\xce\xfc\xff\xde\xdc\xaf\x4c\xdc\x9e\x7d\x5b\xce\x95\x2b\xde\x30\x3a\xe0\x1f\x21\x43\x29\xfe\x77\x30\xff\x7f\xa2\x6c\x5f\xfe\x7c\xf1\xba\x04\x69\xe5\x8a\xe7\x7f\x26\x28\xfc\x23\x64\x28\xc5\xff\x4e\xe6\xff\xaf\x6f\xd0\xc8\xdd\x45\x37\x66\x2e\x27\x57\xbc\x11\x74\xc0\x3f\x42\x86\x52\xfc\xef\x62\xfe\xff\xcd\x2f\xd6\xa6\xe2\xbc\x86\x25\x7f\xc8\x15\x6f\x24\x1d\xf0\x8f\x90\xa1\x14\xff\xbb\xff\xc7\xbf\x17\x6c\xe0\xdb\x90\xe9\xff\xfd\x5c\x79\x4d\xae\x78\xa3\xe8\x80\x7f\x84\x0c\xa5\xf8\xdf\xc3\xfc\x07\xcf\x9b\xea\xc1\xdd\xa4\xa9\x6e\x37\x96\x2b\xde\x68\x3a\xe0\x1f\x21\x43\x29\xfe\xf7\x32\xff\x21\x32\xc6\xd8\x3f\xaa\xc0\xb9\x8e\xa3\xe5\x8a\x37\x86\x0e\xf8\x47\xc8\x50\x8a\xff\x7d\xcc\x7f\xc8\x29\x97\x93\xf4\x7a\x18\x3f\x4c\x01\xb9\xe2\x8d\xa5\x03\xfe\x11\x32\x94\xe2\x7f\x3f\xf3\x1f\x6a\xe8\xc1\x90\xe7\x06\x0d\x7f\x15\x4d\xae\x78\xe3\xe8\x80\x7f\x84\x0c\xa5\xf8\x3f\xc0\xfc\x87\x2e\x18\xea\x41\xbe\xfa\xd5\xe7\x2c\x91\x2b\xde\x78\x3a\xe0\x1f\x21\x43\x29\xfe\x0f\x32\xff\x61\xd2\x16\xd8\xdf\xb2\x74\xe5\x43\x19\xe5\x8a\x17\x44\x07\xfc\x23\x64\x28\xc5\xff\x21\xe6\x3f\xec\x84\xef\x49\x66\x4d\x19\xbc\x65\xa6\x5c\xf1\x26\xd0\x01\xff\x08\x19\x4a\xf1\x7f\x98\xf9\x0f\x97\x35\xcf\x89\xe0\x5f\xbc\x5a\x9b\xe5\x8a\xe7\x7f\x27\x10\xfc\x23\x64\x28\xc5\xff\x11\xe6\x3f\xfc\xc8\xdf\x69\x3f\xa6\x3e\x95\x21\xb8\x5c\xf1\x26\xd1\x01\xff\x08\x19\x4a\xf1\x7f\x94\xf9\x8f\x30\xe7\x68\x84\xa5\xd9\xd2\x0d\x7a\x2e\x57\xbc\xc9\x74\xc0\x3f\x42\x86\x52\xfc\x1f\x63\xfe\x23\xa6\x0c\xf6\xbc\xfa\xf3\xbf\x9f\xeb\xc9\x15\x6f\x0a\x1d\xf0\x8f\x90\xa1\x14\xff\xc7\x99\xff\x48\x55\x17\x86\x0d\x1a\xd1\xd4\xeb\x22\x57\xbc\xa9\x74\xc0\x3f\x42\x86\x52\xfc\x9f\x60\xfe\x23\xbf\x68\xfa\xa4\x49\xb5\xad\x1d\x8e\xca\x15\x6f\x1a\x1d\xf0\x8f\x90\xa1\x14\xff\x27\x99\xff\x28\x7f\xea\x1f\xce\xb9\x69\x55\xa1\x05\x72\xc5\x9b\x4e\x07\xfc\x23\x64\x28\xc5\xff\x29\xe6\x3f\x6a\xc9\xe9\x29\x0e\x77\xe8\x95\x23\x96\x5c\xf1\x66\xd0\x01\xff\x08\x19\x4a\xf1\x7f\x9a\xf9\x8f\x36\x74\x67\xc0\xed\xa8\x8f\x6e\xe5\x91\x2b\x9e\xff\x33\x41\xf0\x8f\x90\xa1\x14\xff\x67\x98\xff\xe8\x05\xfb\x6c\xcf\x78\x29\xf3\x9a\xf1\x72\xc5\x9b\x45\x07\xfc\x23\x64\x28\xc5\xff\x59\xe6\x3f\x46\xda\x12\x33\x02\xcf\x5e\x0d\xde\x5c\xae\x78\xb3\xe9\x80\x7f\x84\x0c\xa5\xf8\x3f\xc7\xfc\xc7\x9c\x30\x20\x70\x44\x8c\x50\x3d\x2e\xc9\x15\x6f\x0e\x1d\xf0\x8f\x90\xa1\x14\xff\xe7\x99\xff\x58\x1f\xbb\x44\xce\xd4\x79\xee\xcc\x3f\x72\xc5\xf3\xbf\x13\x00\xfe\x11\x32\x94\xe2\xff\x02\xf3\x1f\xbb\xd4\x96\x77\x87\xd6\x96\x7b\x5d\x4a\xae\x78\xf3\xe8\x80\x7f\x84\x0c\xa5\xf8\xbf\xc8\xfc\xc7\xa9\x3b\xfe\xec\xb4\xba\x53\x53\xbe\x90\x2b\xde\x7c\x3a\xe0\x1f\x21\x43\x29\xfe\x2f\x31\xff\xce\xd3\xd2\xe9\x9a\x0e\x28\x56\xb9\xae\x5c\xf1\xfc\x9f\x09\x82\x7f\x84\x0c\xa5\xf8\xbf\xcc\xfc\xbb\xc5\x46\x1f\xfb\x7b\xff\xee\xee\xce\x72\xc5\x5b\x48\x07\xfc\x23\x64\x28\xc5\xff\x15\xe6\xdf\xfb\x5b\x3e\x79\xe4\x7c\x91\x4e\x1e\x93\x2b\xde\x22\x3a\xe0\x1f\x21\x43\x29\xfe\xaf\x32\xff\xbe\x97\x3d\x42\xd5\x4e\xfc\xaa\x79\x06\xb9\xe2\x2d\xa6\x03\xfe\x11\x32\x94\xe2\xff\x1a\xf3\x1f\xb7\xd2\x86\xa7\x2b\xff\xe4\x8e\x36\x4b\xae\x78\xfe\x67\x02\xc3\x3f\x42\x86\x52\xfc\x5f\x67\xfe\xe3\x25\x8b\x19\xbe\xc3\x9c\x45\x7f\xb6\xc8\x15\x6f\x29\x1d\xf0\x8f\x90\xa1\x14\xff\x37\x98\xff\xf8\x73\xaf\xbc\x9a\x5d\xb8\xd3\x7f\xbc\xfe\x2b\x98\xb7\x8c\x0e\xf8\x47\xc8\x50\x8a\xff\x9b\xcc\x7f\x82\x51\xef\x4e\x1e\x5f\xda\x76\x71\x0b\xb9\xe2\x2d\xa7\x03\xfe\x11\x32\x94\xe2\xff\x16\xf3\x9f\x30\x53\xea\x54\x79\x7b\xef\xbd\x78\x51\xae\x78\x2b\xe8\x80\x7f\x84\x0c\xa5\xf8\xbf\xcd\xfc\x27\xca\x7a\x32\x30\xa5\x2f\x59\xc1\xdf\x72\xc5\x5b\x49\x07\xfc\x23\x64\x28\xc5\xff\x1d\xe6\x3f\xf1\xc8\x48\x33\x2e\x1f\xfd\x5a\xba\xb4\x5c\xf1\x56\xd1\x01\xff\x08\x19\x4a\xf1\x7f\x97\xf9\x4f\x32\x27\xc7\xf6\x01\xb7\xa2\x3f\x99\x2f\x57\xbc\xd5\x74\xc0\x3f\x42\x86\x52\xfc\xdf\x63\xfe\x93\xa6\x7c\x1f\xd0\x25\xec\xa1\x49\xb1\xe5\x8a\xb7\x86\x0e\xf8\x47\xc8\x50\x8a\xff\xfb\xcc\x7f\xb2\xd6\xf3\x13\x64\x6e\x51\xbb\x5f\x5e\xb9\xe2\xad\xa5\x03\xfe\x11\x32\x94\xe2\xff\x01\xf3\x9f\xfc\x7c\xf3\xdf\x07\x77\x8d\x0e\x37\x4e\xae\x78\xeb\xe8\x80\x7f\x84\x0c\xa5\xf8\x7f\xc8\xfc\xa7\x38\x5c\xf7\xce\xd4\xd5\xe3\x6b\x84\x92\x2b\xde\x7a\x3a\xe0\x1f\x21\x43\x29\xfe\x1f\x31\xff\x29\xfb\xcd\x2c\xd8\xac\x63\xbd\x44\x1b\xe4\x8a\xe7\xff\x67\xf0\x8f\x90\xa1\x14\xff\x8f\x99\xff\x54\xb7\x6b\x5d\xfe\x17\xed\xd8\x99\x79\x72\xc5\xdb\x48\x07\xfc\x23\x64\x28\xc5\xff\x13\xe6\x3f\x75\xf3\xb9\x39\x22\x9d\x8e\xbd\x2b\x8d\x5c\xf1\x36\xd1\x01\xff\x08\x19\x4a\xf1\xff\x94\xf9\x4f\xd3\x79\xb1\x53\xeb\xc2\x47\xe7\x90\x5c\xf1\x36\xd3\x01\xff\x08\x19\x4a\xf1\xff\x8c\xf9\x4f\x7b\xbc\xf1\x97\x55\x91\x13\x35\xea\x2e\x57\x3c\xff\x77\x82\xe1\x1f\x21\x43\x29\xfe\x9f\x33\xff\xe9\x76\xef\xf7\xb5\x6f\xb7\x73\x4c\x2d\xb9\xe2\x6d\xa5\x03\xfe\x11\x32\x94\xe2\xff\x05\xf3\x9f\x3e\x4c\x98\xef\x73\x36\xb4\xfc\xf9\x46\xae\x78\xdb\xe8\x80\x7f\x84\x0c\xa5\xf8\x7f\xc9\xfc\x67\x88\x91\xef\xc6\x89\x1a\xdd\xae\x8c\x92\x2b\xde\x76\x3a\xe0\x1f\x21\x43\x29\xfe\x5f\x31\xff\x19\x97\xff\xcc\x9b\x67\xd4\xb2\x45\x05\xe5\x8a\xb7\x83\x0e\xf8\x47\xc8\x50\x8a\xff\xd7\xcc\x7f\xa6\xd6\xd7\x4b\x26\x79\x99\xbf\x42\x74\xb9\xe2\xed\xa4\x03\xfe\x11\x32\x94\xe2\xff\x0d\xf3\x9f\xf9\x7c\x82\x25\x17\x72\xbc\xcb\xb5\x58\xae\x78\xbb\xe8\x80\x7f\x84\x0c\xa5\xf8\x7f\xcb\xfc\x67\x39\x9c\x6c\xc8\xd0\xb4\xe1\x26\x97\x97\x2b\xde\x6e\x3a\xe0\x1f\x21\x43\x29\xfe\xdf\x31\xff\x59\xfb\x3d\x6c\xde\xfd\xdb\xcd\x87\xdf\xe5\x8a\xb7\x87\x0e\xf8\x47\xc8\x50\x8a\xff\xf7\xcc\x7f\xb6\xf8\xd1\xa3\x9d\x9d\x56\x28\xea\x55\xb9\xe2\xed\xa5\x03\xfe\x11\x32\x94\xe2\xff\x03\xf3\x9f\x7d\xd9\xb5\x8f\xf9\xcb\x4e\xec\xd5\x44\xae\x78\xfb\xe8\x80\x7f\x84\x0c\xa5\xf8\xff\xc8\xfc\xe7\xd8\xf4\xe6\x52\xab\x1e\xde\xdb\x66\x72\xc5\xdb\x4f\x07\xfc\x23\x64\x28\xc5\xff\x27\xe6\x3f\x67\xf8\xb4\x99\x67\xae\x3a\x35\xfd\xbc\x5c\xf1\x0e\xd0\x01\xff\x08\x19\x4a\xf1\xff\x99\xf9\xcf\xb5\xea\xc5\xcd\x60\xa7\x2a\x77\xfb\x2b\x57\xbc\x83\x74\xc0\x3f\x42\x86\x52\xfc\x7f\x61\xfe\x73\x47\xcf\x98\xeb\x93\x33\x38\x64\x59\xb9\xe2\xf9\xbf\x13\x0c\xff\x08\x19\x4a\xf1\xff\x95\xf9\xcf\x13\x3a\xb6\xb7\x2c\x42\xd3\x75\x0b\xe5\x8a\x77\x98\x0e\xf8\x47\xc8\x50\x8a\xff\x6f\xcc\x7f\xde\x7d\x97\x7e\x55\xbb\xba\xf5\x86\x23\x57\xbc\x23\x74\xc0\x3f\x42\x86\x52\xfc\x7f\x67\xfe\xf3\x9d\xea\x14\x6b\xc2\xd6\x74\xd9\x72\xcb\x15\xef\x28\x1d\xf0\x8f\x90\xa1\x14\xff\x3f\x98\xff\xfc\x9d\xb6\x7d\x6d\xdc\xfa\x6f\x91\x31\x72\xc5\x3b\x46\x07\xfc\x23\x64\x28\xc5\xff\x4f\xe6\xbf\x40\xb3\xb1\xd7\x72\x8c\x7d\xd4\xee\x95\x5c\xf1\x8e\xd3\x01\xff\x08\x19\x4a\xf1\xff\x8b\xf9\x2f\x78\xaf\x6c\xf6\x23\x95\x33\xc7\xad\x2f\x57\xbc\x13\x74\xc0\x3f\x42\x86\x52\xfc\xff\x66\xfe\x0b\x0d\xa9\x53\x20\x28\xf3\xaa\xaf\x1d\xe5\x8a\x77\x92\x0e\xf8\x47\xc8\x50\x8a\xff\x3f\xcc\x7f\xe1\x02\x73\x6e\x37\x79\xd3\x6b\xc0\x11\xb9\xe2\x9d\xa2\x03\xfe\x11\x32\x94\xe2\xff\x2f\xf3\x5f\x24\xcd\xb2\x3f\x39\xdf\xcf\x4d\x97\x4e\xae\x78\xa7\xe9\x80\x7f\x84\x0c\xa5\xf8\xff\xc7\xfc\x17\x0d\x6a\x94\xf0\x70\xba\x72\x01\x33\xe4\x8a\x77\x86\x0e\xf8\x47\xc8\x50\xff\xbb\xff\x58\xc1\x98\xff\x62\xb7\xae\xfc\xfb\x5b\xee\xea\xb6\x6d\x72\xc5\x3b\x4b\x07\xfc\x23\x64\x28\xc5\x7f\x70\xe6\xbf\x78\xa3\x98\xf1\x23\x07\x85\x3a\x10\x42\xae\x78\xe7\xe8\x80\x7f\x84\x0c\xa5\xf8\x0f\xc1\xfc\x97\xe8\x96\x3a\x5f\xed\xe1\xc1\xe6\x8d\x90\x2b\x9e\xff\x3b\xc1\xf0\x8f\x90\xa1\x14\xff\x21\x99\xff\x92\xe7\xde\xdd\x5d\x59\xe7\xe2\x8b\xfc\x72\xc5\xbb\x40\x07\xfc\x23\x64\x28\xc5\x7f\x28\xe6\xbf\x54\xbb\xf4\xd9\x33\xe5\x2d\x15\x2a\xa6\x5c\xf1\x2e\xd2\x01\xff\x08\x19\x4a\xf1\x1f\x9a\xf9\x2f\x7d\xed\xd5\xb5\x43\xcf\x66\x76\x5e\x2a\x57\xbc\x4b\x74\xc0\x3f\x42\x86\x52\xfc\x87\x61\xfe\xcb\x1c\xba\xf0\x75\xda\xcf\xbe\x77\x2b\xca\x15\xef\x32\x1d\xf0\x8f\x90\xa1\x14\xff\x61\x99\xff\xb2\xbd\x9c\x58\x4d\x53\xac\x5b\xfe\x53\xae\x78\x57\xe8\x80\x7f\x84\x0c\xa5\xf8\x0f\xc7\xfc\x97\x8b\xbc\xe5\xd7\x82\x12\xd9\x8b\x5f\x96\x2b\x9e\xff\x9d\x00\xf0\x8f\x90\xa1\x14\xff\xe1\x99\xff\xf2\xdb\xba\x78\x55\x66\x3e\xcb\xda\x48\xae\x78\xd7\xe8\x80\x7f\x84\x0c\xa5\xf8\x8f\xc0\xfc\x57\x58\x54\x3a\x57\x98\xbe\x3f\xe3\x85\x91\x2b\xde\x75\x3a\xe0\x1f\x21\x43\x29\xfe\x23\x32\xff\x15\xbd\xf1\x37\xbf\x2c\x48\xd5\x7a\x93\x5c\xf1\x6e\xd0\x01\xff\x08\x19\x4a\xf1\x1f\x89\xf9\xaf\x74\x6b\xcd\xd2\x37\x07\x36\x0e\x9f\x23\x57\xbc\x9b\x74\xc0\x3f\x42\x86\x52\xfc\x47\x66\xfe\x2b\x37\x6a\x53\x2c\x41\xfc\x86\x1f\x52\xc9\x15\xef\x16\x1d\xf0\x8f\x90\xa1\x14\xff\x51\x98\xff\x2a\xdd\x2a\x37\x2b\x13\x6c\x78\xbd\x03\x72\xc5\xbb\x4d\x07\xfc\x23\x64\x28\xc5\x7f\x54\xe6\xbf\xea\xb9\x69\xc3\x77\xdc\xae\x9e\xb6\xab\x5c\xf1\xee\xd0\x01\xff\x08\x19\x4a\xf1\x1f\x8d\xf9\xaf\xb6\xba\xe9\x87\xe0\xbb\xcf\x1d\x0d\x90\x2b\xde\x5d\x3a\xe0\x1f\x21\x43\x29\xfe\xa3\x33\xff\xd5\xe3\x2c\x8c\xf9\xb1\x61\xfc\xf5\xef\xe4\x8a\x77\x8f\x0e\xf8\x47\xc8\x50\x8a\xff\x18\xcc\x7f\x8d\x10\xd3\xb3\x2c\x9d\x78\x2c\xb0\x82\x5c\xf1\xee\xd3\x01\xff\x08\x19\x4a\xf1\x1f\x93\xf9\xaf\xb9\xbd\xfe\xf9\xea\x15\x62\x47\xfe\x25\x57\xbc\x07\x74\xc0\x3f\x42\x86\x52\xfc\xc7\x62\xfe\x6b\xf9\x66\xe7\x3d\x97\x61\xfc\xfd\x2b\x72\xc5\x7b\x48\x07\xfc\x23\x64\x28\xc5\x7f\x6c\xe6\xbf\xf6\xfc\x80\x1b\xf9\x3e\xd6\x9b\xda\x50\xae\x78\x8f\xe8\x80\x7f\x84\x0c\xa5\xf8\x8f\xc3\xfc\x07\x6c\x6e\xf8\xbd\xe5\xbb\x9d\x79\x46\xca\x15\xef\x31\x1d\xf0\x8f\x90\xa1\x14\xff\x0e\xf3\x5f\x27\xca\x52\xdf\xac\xac\x2d\xcb\xe5\x93\x2b\xde\x13\x3a\xe0\x1f\x21\x43\x29\xfe\x5d\xe6\xbf\x6e\xef\x50\x5f\xea\x57\xfd\xb8\x20\x86\x5c\xf1\x9e\xd2\x01\xff\x08\x19\x4a\xf1\xef\x31\xff\xf5\xf6\x1f\x74\xd6\x8c\x4f\x74\x6d\x99\x5c\xf1\x9e\xd1\x01\xff\x08\x19\x4a\xf1\xef\x63\xfe\xeb\x5f\xfe\x9e\xe3\x47\xcb\xfc\xdf\xf7\xcb\x15\xef\x39\x1d\xf0\x8f\x90\xa1\x14\xff\x71\x99\xff\x06\xed\x0b\x5c\x8e\xb0\xf9\xdd\xb8\x6e\x72\xc5\x7b\x41\x07\xfc\x23\x64\x28\xc5\x7f\x3c\xe6\xbf\x61\xbb\x3b\xc3\xe3\x5c\xee\xd6\xa4\x8e\x5c\xf1\x5e\xd2\x01\xff\x08\x19\x4a\xf1\x1f\x9f\xf9\x6f\x74\x2d\x6e\xb3\x27\xe1\x96\xc5\x7e\x2b\x57\xbc\x57\x74\xc0\x3f\x42\x86\x52\xfc\x27\x60\xfe\x1b\x1f\x4a\x5c\x6c\x43\xec\x42\x3b\xc2\xca\x15\xef\x35\x1d\xf0\x8f\x90\xa1\x14\xff\x09\x99\xff\x26\xbd\x9e\x2d\x2d\x72\x62\xe2\xb9\x8d\x72\xc5\x7b\x43\x07\xfc\x23\x64\x28\xc5\x7f\x22\xe6\xbf\x69\xb6\x6d\x0f\x83\xad\x08\x97\x64\xb6\x5c\xf1\xfc\x7f\x26\x80\x7f\x84\x0c\xa5\xf8\x4f\xcc\xfc\x37\x1b\xd7\x29\xd8\xa7\x6e\x37\xab\xa5\x96\x2b\x9e\xff\x99\x00\xf0\x8f\x90\xa1\x14\xff\x49\x98\xff\xe6\x33\xcb\x26\x5e\xd6\xf8\x6e\x84\x45\x72\xc5\x7b\x4f\x07\xfc\x23\x64\x28\xc5\x7f\x52\xe6\xbf\x45\xa2\xb1\x87\xaa\xed\x8d\xd4\x27\x8e\x5c\xf1\x3e\xd0\x01\xff\x08\x19\x4a\xf1\x9f\x8c\xf9\x6f\x39\xa8\x62\xaa\xb3\x77\xa7\x4e\xc8\x25\x57\xbc\x8f\x74\xc0\x3f\x42\x86\x52\xfc\x27\x67\xfe\x5b\xe5\x1a\x79\x32\x7f\x88\x62\xcf\xc6\xca\x15\xef\x13\x1d\xf0\x8f\x90\xa1\x14\xff\x29\x98\xff\xd6\xe9\x36\xbd\x6a\x95\x70\x51\xd9\xa6\x72\xc5\xfb\x4c\x07\xfc\x23\x64\x28\xc5\x7f\x4a\xe6\xbf\xcd\xd4\x6e\xe1\x67\x1e\xea\x94\xff\x82\x5c\xf1\xbe\xd0\x01\xff\x08\x19\x4a\xf1\x9f\x8a\xf9\x6f\xfb\xf0\xda\xd3\x06\x8b\x5e\x9d\xff\x27\x57\xbc\xaf\x74\xc0\x3f\x42\x86\x52\xfc\xa7\x66\xfe\xdb\xd5\x8a\x1e\x6a\x75\xff\xdc\x4b\xcb\xc8\x15\xef\x1b\x1d\xf0\x8f\x90\xa1\x14\xff\x69\x98\xff\xf6\xe5\xd2\x26\xff\x3e\x3d\xd9\xc8\xf4\x72\xc5\xfb\x4e\x07\xfc\x23\x64\x28\xc5\x7f\x5a\xe6\xbf\xc3\xd7\x37\xc7\x22\x16\xfb\xfa\x6f\xba\x5c\xf1\x7e\xd0\x01\xff\x08\x19\x4a\xf1\x9f\x8e\xf9\xef\x98\xed\xdc\xae\x98\xc9\xda\xc6\xd8\x2a\x57\xbc\x9f\x74\xc0\x3f\x42\x86\x52\xfc\xa7\x67\xfe\x3b\x8d\x0b\x5f\xfb\xfe\xf7\xbd\x4d\x43\xca\x15\xcf\xff\x4e\x20\xf8\x47\xc8\x50\x8a\xff\x0c\xcc\x7f\xe7\x99\x59\x7b\x6e\x7e\x52\xfb\xf8\x4b\xb9\xe2\xfd\xa6\x03\xfe\x11\x32\x94\xe2\x3f\x23\xf3\xdf\x25\xd1\x97\x99\x25\x73\x8f\xde\xdb\x40\xae\x78\x7f\xe8\x80\x7f\x84\x0c\xa5\xf8\xcf\xc4\xfc\x77\x2d\x1a\xe6\xf5\xbf\xda\xd1\xab\x76\x92\x2b\xde\x5f\x3a\xe0\x1f\x21\x43\x29\xfe\x33\x33\xff\xdd\x7e\xec\x8f\x12\x69\xe8\xa1\xe4\x87\xe5\x8a\xe7\xff\x4c\x10\xfc\x23\x64\x28\xc5\x7f\x16\xe6\xbf\xfb\x9b\x9f\x19\x6b\xad\x5e\x74\xb5\x95\x5c\xf1\xf9\x0f\xf8\x47\xc8\x50\x8a\xff\xac\xcc\x7f\x8f\x9a\xf9\xce\xac\xea\xd8\x69\xfe\x6d\xb9\xe2\xa3\x5f\x03\xff\x08\x59\x4a\xf1\x9f\x8d\xf9\xef\xf9\xe5\x6f\x8a\xcc\xd1\x5e\x95\xff\x28\x57\x7c\x21\xe8\x80\x7f\x84\x0c\xa5\xf8\xcf\xce\xfc\xf7\xaa\x98\xeb\xf0\xc1\xd3\xb9\xf3\xfe\x87\x71\x9f\xff\x33\x01\xf0\x8f\x90\xa1\x14\xff\x39\x98\xff\xde\x75\x42\x3c\x99\x7a\xe1\xee\xb4\xb5\x72\xc5\x17\x8a\x0e\xf8\x47\xc8\x50\x8a\xff\x9c\xcc\x7f\xe0\x83\xc3\x61\x9b\x45\x8e\xf4\x20\xae\x5c\xf1\x85\xa6\x03\xfe\x11\x32\x94\xe2\x3f\x17\xf3\xdf\x67\x4a\xf3\xe7\xf3\xdb\x4d\x8d\x94\x5d\xae\xf8\xc2\xd0\x01\xff\x08\x19\x4a\xf1\x9f\x9b\xf9\xef\x9b\x71\x7e\x84\xaa\x1b\x8a\xf5\x1e\x20\x57\x7c\xfe\x77\x82\xc1\x3f\x42\x86\x52\xfc\xe7\x61\xfe\xfb\xe5\x9d\x99\x36\x6c\x8d\xda\xd5\x9f\xc9\x15\x9f\xff\xe7\xe1\x1f\x21\x43\x29\xfe\xf3\x32\xff\xfd\x07\xd6\x3d\xf1\x79\xd4\xe8\xa4\x55\xe4\x8a\x2f\x3c\x1d\xf0\x8f\x90\xa1\x14\xff\xf9\x98\xff\x01\x6d\x56\x76\xce\xfa\x32\xfa\xd9\x3e\x72\xc5\x17\x81\x0e\xf8\x47\xc8\x50\x8a\xff\xfc\xcc\xff\xc0\x0b\x6d\x83\xf6\xe7\x38\xb4\xfd\x84\x5c\xf1\x45\xa4\x03\xfe\x11\x32\x94\xe2\xbf\x00\xf3\x3f\xe8\x48\x8d\x0d\x93\xd3\x26\x8b\x95\x48\xae\xf8\x22\xd1\x01\xff\x08\x19\x4a\xf1\x5f\x90\xf9\x1f\xdc\x3f\xa8\x6a\x8b\x6f\x5f\x1b\x4f\x91\x2b\xbe\xc8\x74\xc0\x3f\x42\x86\x52\xfc\x17\x62\xfe\x87\x74\x18\xd6\xf9\xc2\xb4\xb6\xe3\x77\xc9\x15\x5f\x14\x3a\xe0\x1f\x21\x43\x29\xfe\x0b\x33\xff\x43\xaf\x14\x0a\x4a\x52\x76\xef\x8f\x28\x72\xc5\x17\x95\x0e\xf8\x47\xc8\x50\x8a\xff\x22\xcc\xff\xb0\x03\xbd\x37\x74\xaf\xbb\x73\xd9\x10\xb9\xe2\x8b\x46\x07\xfc\x23\x64\x28\xc5\x7f\x51\xe6\x7f\x78\xe0\xee\xaa\x43\x07\xb4\xbc\x90\x59\xae\xf8\xa2\xd3\x01\xff\x08\x19\x4a\xf1\x5f\x8c\xf9\x1f\x71\xa3\xdf\xf6\x84\xf7\x3f\xe6\x4b\x28\x57\x7c\x31\xe8\x80\x7f\x84\x0c\xa5\xf8\x2f\xce\xfc\x8f\x6c\xb2\x3d\xe0\x75\xbe\x44\x65\x56\xca\x15\x5f\x4c\x3a\xe0\x1f\x21\x43\x29\xfe\x4b\x30\xff\xa3\x7a\x0c\x0a\xdc\x9e\xf8\xd8\xd3\xa2\x72\xc5\x17\x8b\x0e\xf8\x47\xc8\x50\x8a\xff\x92\xcc\xff\xe8\x33\xc5\x66\x94\xfd\x13\x3b\xe8\xab\x5c\xf1\xc5\xa6\x03\xfe\x11\x32\x94\xe2\xbf\x14\xf3\x3f\x66\xc7\xd3\xee\xe3\xe6\x8c\xef\x7b\x5d\xae\xf8\xe2\xd0\x01\xff\x08\x19\x4a\xf1\x5f\x9a\xf9\x1f\x1b\x32\xd1\xe4\xbe\x85\xeb\x45\x6c\x27\x57\x7c\x0e\x1d\xf0\x8f\x90\xa1\x14\xff\x65\x98\xff\x71\x8e\x6f\x4b\xea\xa5\x85\x92\x45\x90\x2b\x3e\x97\x0e\xf8\x47\xc8\x50\x8a\xff\xb2\xcc\xff\xf8\x35\xb7\x6b\xde\xec\x3d\xb1\xca\x3e\xb9\xe2\xf3\xe8\x80\x7f\x84\x0c\xa5\xf8\x2f\xc7\xfc\x07\x75\xf8\x9b\xf6\xa0\x2f\xdc\xbe\x09\x72\xc5\xe7\x7f\x01\x10\xfc\x23\x64\x28\xc5\x7f\x79\xe6\x7f\xc2\x95\x5c\x27\x32\x1f\xbd\x79\x22\x99\x5c\xf1\xf9\x9f\x09\x0c\xff\x08\x19\x4a\xf1\x5f\x81\xf9\x9f\x78\x20\xc4\xf3\x66\xb7\xf2\x37\x3b\x23\x57\x7c\xf1\xe8\x80\x7f\x84\x0c\xa5\xf8\xaf\xc8\xfc\x4f\x0a\x3c\x1c\x61\x6a\xd8\x77\x31\x7b\xca\x15\x5f\x7c\x3a\xe0\x1f\x21\x43\x29\xfe\x2b\x31\xff\x93\xdd\x9c\x7d\x32\xb4\xe8\xf6\xb7\x86\x5c\xf1\x25\xa0\x03\xfe\x11\x32\x94\xe2\xbf\x32\xf3\x3f\x65\xe1\x87\xb9\x77\x76\x2d\x1b\xf1\x48\xae\xf8\xfc\xdf\x09\x82\x7f\x84\x0c\xa5\xf8\xaf\xc2\xfc\x4f\xdd\x7a\x6a\xdf\xc8\xd2\x7d\x8b\x16\x91\x2b\x3e\xff\xcf\xc0\x3f\x42\x86\x52\xfc\x57\x65\xfe\xa7\x45\x8a\x5c\xaf\xf7\x94\x75\xd9\xbf\xc9\x15\x5f\x62\x3a\xe0\x1f\x21\x43\x29\xfe\xab\x31\xff\xd3\xd7\x9e\xdb\x7a\xff\x4b\xf6\xeb\x37\xe4\x8a\x2f\x09\x1d\xf0\x8f\x90\xa1\x14\xff\xd5\x99\xff\x19\xb1\xc2\x57\x8b\x99\xfa\xd9\xda\xb6\x72\xc5\x97\x94\x0e\xf8\x47\xc8\x50\x8a\xff\x1a\xcc\xff\xcc\x60\x59\xbb\x95\xcc\x16\x2c\xc4\x50\xb9\xe2\xf3\x7f\x26\x08\xfe\x11\x32\x94\xe2\xbf\x26\xf3\x3f\x6b\xe7\x97\x69\x9b\x9f\x5f\xec\x9a\x49\xae\xf8\x92\xd3\x01\xff\x08\x19\x4a\xf1\x5f\x8b\xf9\x9f\x7d\xb6\x66\xcf\x4e\x23\x4a\xcd\x48\x20\x57\x7c\x29\xe8\x80\x7f\x84\x0c\xa5\xf8\xaf\xcd\xfc\xcf\xe9\x3a\x61\xe6\xa0\x6a\x33\xdf\xad\x92\x2b\xbe\x94\x74\xc0\x3f\x42\x86\x52\xfc\x07\x30\xff\x73\x1b\xae\xda\x75\x75\xd3\xf0\xfd\xa7\xe5\x8a\x2f\x15\x1d\xf0\x8f\x90\xa1\x14\xff\x75\x98\xff\x79\x37\xdb\xd5\x4e\xde\xa1\xfa\xd6\x5e\x72\xc5\x97\x9a\x0e\xf8\x47\xc8\x50\x8a\xff\xba\xcc\xff\xfc\x1b\xe3\x22\xe4\x8e\x7a\xae\x4e\x4d\xb9\xe2\x4b\x43\x07\xfc\x23\x64\x28\xc5\x7f\x3d\xe6\x7f\x41\x93\x52\xcf\x4f\x5e\x8a\x9f\xfe\xa1\x5c\xf1\xa5\xa5\x03\xfe\x11\x32\x94\xe2\xbf\x3e\xf3\xbf\xb0\x47\xe7\x13\x73\xcf\xfe\x1c\x18\x51\xae\xf8\xd2\xd1\x01\xff\x08\x19\x4a\xf1\xdf\x80\xf9\x5f\x74\x66\x73\xda\x76\x31\x52\x7d\xdb\x2b\x57\x7c\xe9\xe9\x80\x7f\x84\x0c\xa5\xf8\x6f\xc8\xfc\x2f\x1e\xf0\xb8\x43\xc6\xce\x1b\x7d\x41\x72\xc5\x97\x81\x0e\xf8\x47\xc8\x50\x8a\xff\x46\xcc\xff\x92\x3c\x49\xc6\xde\x5e\xdb\xb0\x6d\x72\xb9\xe2\xcb\x48\x07\xfc\x23\x64\x28\xc5\x7f\x63\xe6\x7f\x69\x06\x77\xf5\x88\x1d\x4d\xb3\xac\x93\x2b\x3e\xff\x67\x82\xe1\x1f\x21\x43\x29\xfe\x9b\x30\xff\xcb\x26\xdf\xad\x10\xd8\x6c\x6b\x31\x9f\x5c\xf1\x65\xa6\x03\xfe\x11\x32\x94\xe2\xbf\x29\xf3\xbf\x3c\x47\xbc\x25\x0f\x42\xa7\x5b\x91\x4d\xae\xf8\xb2\xd0\x01\xff\x08\x19\x4a\xf1\xdf\x8c\xf9\x5f\x31\xe6\x66\xc9\x18\x37\xfe\xde\x1b\x28\x57\x7c\x59\xe9\x80\x7f\x84\x0c\xa5\xf8\x6f\xce\xfc\xaf\x9c\x7e\xbf\x79\x89\xc3\x5e\x97\x96\x72\xc5\xe7\xff\x3d\x01\xfc\x23\x64\x28\xc5\x7f\x0b\xe6\x7f\x55\x92\x14\x43\xb6\xb8\xa7\x42\xdf\x91\x2b\xbe\xec\x74\xc0\x3f\x42\x86\x52\xfc\xb7\x64\xfe\x57\xd7\x18\xd2\xa6\x63\xcf\xca\xcf\x3f\xc9\x15\x5f\x0e\x3a\xe0\x1f\x21\x43\x29\xfe\x5b\x31\xff\x6b\x5e\x17\x19\x39\x78\xf1\xe0\xb9\x25\xe4\x8a\x2f\x27\x1d\xf0\x8f\x90\xa1\x14\xff\xad\x99\xff\xb5\xdf\x7b\x2e\xbf\x56\x74\xee\x86\xc4\x72\xc5\x97\x8b\x0e\xf8\x47\xc8\x50\x8a\xff\x36\xcc\xff\xba\x22\x7b\xcb\x24\x9b\x57\xee\xd8\x64\xb9\xe2\xcb\x4d\x07\xfc\x23\x64\x28\xc5\x7f\x5b\xe6\x7f\xfd\x80\xd9\x39\xf2\xfd\xbb\x9a\x66\xa7\x5c\xf1\xe5\xa1\x03\xfe\x11\x32\x94\xe2\xbf\x1d\xf3\xbf\x21\x4f\xc0\xe5\x73\x49\x43\xd5\x8d\x2a\x57\x7c\x79\xe9\x80\x7f\x84\x0c\xa5\xf8\x6f\xcf\xfc\x6f\xcc\xd0\xf0\xcb\xac\x02\x8f\xde\x3f\x95\x2b\xbe\x7c\x74\xc0\x3f\x42\x86\x52\xfc\x77\x60\xfe\x37\x4d\x5e\xea\xb4\x7c\x98\x79\x58\x55\xb9\xe2\xcb\x4f\x07\xfc\x23\x64\x28\xc5\x7f\x47\xe6\x7f\xf3\xb7\xea\x8d\xce\x0f\x5a\xd5\xa6\xaf\x5c\xf1\x15\xa0\x03\xfe\x11\x32\x94\xe2\xbf\x13\xf3\xbf\xa5\xfc\xa4\xc1\x49\xeb\xf7\x8a\x7f\x5c\xae\xf8\x0a\xd2\x01\xff\x08\x19\x4a\xf1\xdf\x99\xf9\xdf\x5a\x7b\xc5\xc2\x1e\x8d\x3f\x8e\x3a\x2b\x57\x7c\x85\xe8\x80\x7f\x84\x0c\xa5\xf8\xef\xc2\xfc\x6f\x7b\xd4\xa1\xd0\x90\xbd\x89\x7e\x07\xca\x15\x5f\x61\x3a\xe0\x1f\x21\x43\x29\xfe\xbb\x32\xff\xdb\x0b\xaf\x59\x95\xe0\xee\xce\xe8\xd5\xe5\x8a\xaf\x08\x1d\xf0\x8f\x90\xa1\x14\xff\xdd\x98\xff\x1d\xbf\xda\x94\x7e\x13\xa2\x65\x8b\xfb\x72\xc5\x57\x94\x0e\xf8\x47\xc8\x50\x8a\xff\xee\xcc\xff\xce\x77\x95\x5b\xee\x48\x38\xfe\x54\x78\xb9\xe2\x2b\x46\x07\xfc\x23\x64\x28\xc5\x7f\x0f\xe6\x7f\x57\xf5\x69\xa3\xca\x1c\xaa\xb7\x67\xb7\x5c\xf1\x15\xa7\x03\xfe\x11\x32\x94\xe2\xbf\x27\xf3\xbf\x3b\x71\xf6\x66\xe3\x17\x1d\xab\x34\x51\xae\xf8\xfc\xdf\x09\x86\x7f\x84\x0c\xa5\xf8\xef\xc5\xfc\xef\x99\xf5\x69\x78\x9f\xfe\xb1\x53\xa4\x94\x2b\x3e\xbf\x7b\xf8\x47\xc8\x50\x8a\xff\xde\xcc\xff\xde\xf1\x27\x96\xa6\x9a\x1e\x2e\x7c\x21\xb9\xe2\x2b\x45\x07\xfc\x23\x64\x28\xc5\x7f\x20\xf3\xbf\x2f\x7b\xd4\x62\xb7\x8a\xdd\xec\xff\x45\xae\xf8\x4a\xd3\x01\xff\x08\x19\x4a\xf1\xdf\x87\xf9\xdf\xdf\x3e\x61\xc5\x71\xc9\x0a\x4d\xbc\x25\x57\x7c\x65\xe8\x80\x7f\x84\x0c\xa5\xf8\xef\xcb\xfc\x1f\xb8\x7c\x63\x4d\xdf\xef\x13\x1f\xb7\x97\x2b\xbe\xb2\x74\xc0\x3f\x42\x86\x52\xfc\xf7\x63\xfe\x0f\xee\x7f\x34\x26\xf5\x93\x6e\xa5\x86\xcb\x15\x5f\x39\x3a\xe0\x1f\x21\x43\x29\xfe\xfb\x33\xff\x87\x7a\xff\x5f\xec\xdd\x53\x90\x5d\x8d\xf2\xf7\xf1\xd8\x76\xd6\x5a\x3b\x98\xd8\xb6\x6d\xdb\x9e\xd8\xb6\x6d\xdb\xb6\x93\x89\x6d\xdb\xb6\x6d\xbd\x37\xbd\xeb\xdf\x55\xfd\xd4\xe9\x9b\xf7\xa6\xab\x7e\xdf\xab\xae\xd4\x33\xbf\x3a\x37\x9f\x3a\x99\xc9\xec\xb5\x92\xb5\xbb\x99\x6b\x79\xfe\xcc\x72\xc5\x29\x47\x07\xfc\x23\x64\x28\xc5\xff\x00\xe6\xff\xf0\xf9\x7d\x43\x86\xd4\xca\x77\xc9\x93\x2b\x4e\x79\x3a\xe0\x1f\x21\x43\x29\xfe\x07\x32\xff\x47\x5a\xf5\x0c\xec\x3e\xf4\xdd\xd2\x95\x72\xc5\xa9\x40\x07\xfc\x23\x64\x28\xc5\xff\x20\xe6\xff\x68\xbf\x22\x25\x92\x4c\x7a\xf5\x2b\x89\x5c\x71\x2a\xd2\x01\xff\x08\x19\x4a\xf1\x3f\x98\xf9\x3f\x76\x78\xe8\xd2\xf3\xe5\x73\x8d\x9d\x26\x57\x9c\x4a\x74\xc0\x3f\x42\x86\x52\xfc\x0f\x61\xfe\x8f\x07\x96\x28\x5f\x3a\xfd\xe2\x86\x41\x72\xc5\xa9\x4c\x07\xfc\x23\x64\x28\xc5\xff\x50\xe6\xff\xc4\xed\x81\x6b\x76\x7c\xec\x18\x27\xb2\x5c\x71\xfc\xcf\x04\x86\x7f\x84\x0c\xa5\xf8\x1f\xc6\xfc\x9f\x3c\xbe\x6b\xec\x9b\x77\xd3\x76\x3e\x96\x2b\x4e\x55\x3a\xe0\x1f\x21\x43\x29\xfe\x87\x33\xff\xa7\x3a\xf5\x6d\x9f\x20\x4b\xd1\xd3\x95\xe4\x8a\xe3\x7f\x26\x18\xfc\x23\x64\x28\xc5\xff\x08\xe6\xff\x74\x98\x7b\x03\x6e\x55\xb9\x9b\xb8\xbf\x5c\x71\xaa\xd3\x01\xff\x08\x19\x4a\xf1\x3f\x92\xf9\x3f\xb3\x3b\x7e\xe3\x94\xe3\x23\xd5\x38\x29\x57\x9c\x1a\x74\xc0\x3f\x42\x86\x52\xfc\x8f\x62\xfe\xcf\xae\x48\x52\xa4\x4f\x8b\xe8\x3d\xd6\xca\x15\xa7\x26\x1d\xf0\x8f\x90\xa1\x14\xff\xa3\x99\xff\x73\x31\x9e\x2c\x1c\xbf\xe5\x50\x94\x78\x72\xc5\xa9\x45\x07\xfc\x23\x64\x28\xc5\xff\x18\xe6\xff\xfc\xf9\x63\x77\xa6\x5f\xae\xf5\x28\xbb\x5c\x71\x6a\xd3\x01\xff\x08\x19\x4a\xf1\x3f\x96\xf9\xbf\xd0\x2a\x78\x81\xa6\xe1\x46\x4f\x1d\x2c\x57\x9c\x3a\x74\xc0\x3f\x42\x86\x52\xfc\x8f\x63\xfe\x2f\xf6\xcb\x93\x20\x63\xec\x36\xb9\x5a\xc9\x15\xa7\x2e\x1d\xf0\x8f\x90\xa1\x14\xff\xe3\x99\xff\x4b\x87\xff\xfc\x3e\x74\x62\x6f\x85\x7b\x72\xc5\xa9\x47\x07\xfc\x23\x64\x28\xc5\xff\x04\xe6\xff\xf2\xf2\x28\xa3\x7a\xaf\x4c\xba\xe8\x83\x5c\x71\xea\xd3\x01\xff\x08\x19\x4a\xf1\x3f\x91\xf9\xbf\xe2\x3b\xde\x62\x44\xd7\xaf\x97\x8b\xca\x15\xa7\x01\x1d\xf0\x8f\x90\xa1\x14\xff\x93\x98\xff\xab\xe1\x3f\x96\xba\x3d\x3c\x6d\xc2\x27\x72\xc5\x69\x48\x07\xfc\x23\x64\x28\xc5\xff\x64\xe6\xff\xda\xe6\xac\xab\x33\xd4\xf9\xdb\xb2\xa2\x5c\x71\x1a\xd1\x01\xff\x08\x19\x4a\xf1\x3f\x85\xf9\xbf\x1e\xfd\x6b\xc1\xad\x79\x9a\x0e\xe9\x27\x57\x9c\xc6\x74\xc0\x3f\x42\x86\x52\xfc\x4f\x65\xfe\x6f\xac\xce\xb8\xa8\xf8\xb3\x6d\x1f\x4f\xc9\x15\xa7\x09\x1d\xf0\x8f\x90\xa1\x14\xff\xd3\x98\xff\x9b\xfb\x22\x0c\x8e\xf1\xb3\x52\xfd\x00\xb9\xe2\x34\xa5\x03\xfe\x11\x32\x94\xe2\x7f\x3a\xf3\x7f\x2b\xf4\xe9\x46\x0f\x92\x0f\x4e\x39\x5d\xae\x38\xcd\xe8\x80\x7f\x84\x0c\xa5\xf8\x9f\xc1\xfc\xdf\xee\xd8\x6e\x5c\xd2\xe2\xf1\x8f\xec\x90\x2b\x4e\x20\x1d\xf0\x8f\x90\xa1\x14\xff\x33\x99\xff\x3b\xa7\x56\xb4\xb9\x36\xeb\xd4\xe6\x48\x72\xc5\x69\x4e\x07\xfc\x23\x64\x28\xc5\xff\x2c\xe6\xff\xee\xbd\x49\xe5\x06\xf7\xbd\x3a\xa7\xb5\x5c\x71\x5a\xd0\x01\xff\x08\x19\x4a\xf1\x3f\x9b\xf9\xbf\xd7\xac\xea\xfa\x0e\x0b\x43\xbd\xbc\x2b\x57\x9c\x96\x74\xc0\x3f\x42\x86\x52\xfc\xcf\x61\xfe\xef\x07\x6e\xff\xdd\xe6\xc0\xbc\xb0\xef\xe5\x8a\xe3\xff\x4c\x20\xfc\x23\x64\x28\xc5\xff\x5c\xe6\xff\xc1\xed\x8e\x09\xe6\xfb\xca\x76\x2c\x26\x57\x1c\xff\xf7\x04\xf0\x8f\x90\xa1\x14\xff\xf3\x98\xff\x87\xc7\xcb\x14\x38\x15\x6c\xf5\x9d\x35\x72\xc5\x69\x43\x07\xfc\x23\x64\x28\xc5\xff\x7c\xe6\xff\x51\xa7\xb1\x77\x72\xde\xee\xb9\x3a\xbe\x5c\x71\xda\xd2\x01\xff\x08\x19\x4a\xf1\xbf\x80\xf9\x7f\x5c\xe0\xce\xcc\x5e\xbb\x1f\x15\xcf\x21\x57\x9c\x76\x74\xc0\x3f\x42\x86\x52\xfc\x2f\x64\xfe\x9f\x0c\x75\x7b\x8f\x6c\x98\x29\xe3\x20\xb9\xe2\xb4\xa7\x03\xfe\x11\x32\x94\xe2\x7f\x11\xf3\xff\x74\x62\xe2\xda\x77\xba\x67\x6b\x17\x4e\xae\x38\x1d\xe8\x80\x7f\x84\x0c\xa5\xf8\x5f\xcc\xfc\x3f\x4b\xf3\x2c\x28\xfd\xea\x67\xf1\xf6\xc8\x15\xa7\x23\x1d\xf0\x8f\x90\xa1\x14\xff\x4b\x98\xff\xe7\x23\x93\x55\xd9\x72\xaa\xef\x97\xc9\x72\xc5\xe9\x44\x07\xfc\x23\x64\x28\xc5\xff\x52\xe6\xff\x45\x96\x47\x1b\x4b\xc4\x5d\x3f\x38\xb9\x5c\x71\x3a\xd3\x01\xff\x08\x19\x4a\xf1\xbf\x8c\xf9\x7f\x99\xe2\xc6\x84\x98\x11\x4a\x66\x38\x27\x57\x9c\x2e\x74\xc0\x3f\x42\x86\x52\xfc\x2f\x67\xfe\x5f\xcd\x4d\xd8\xe9\xfe\xd5\x59\xb5\x7a\xc9\x15\xa7\x2b\x1d\xf0\x8f\x90\xa1\x14\xff\x2b\x98\xff\xd7\x2f\xf6\xcc\x4d\xb6\x2d\xd8\x96\xaa\x72\xc5\xe9\x46\x07\xfc\x23\x64\x28\xc5\xff\x4a\xe6\xff\x4d\x95\xde\xfd\xaf\xb6\xba\x78\xf0\x81\x5c\x71\xba\xd3\x01\xff\x08\x19\x4a\xf1\xbf\x8a\xf9\x7f\x5b\xa2\x50\xfd\x41\x63\xcf\xbd\x19\x26\x57\x9c\x1e\x74\xc0\x3f\x42\x86\x52\xfc\xaf\x66\xfe\xdf\xfd\x19\xbe\xbb\x63\x25\xdf\xec\x2c\x72\xc5\xe9\x49\x07\xfc\x23\x64\x28\xc5\xff\x1a\xe6\xff\x7d\x81\xa5\xfb\x5b\x66\x1a\xde\xcd\x27\x57\x1c\xff\xcf\x04\xe1\x1f\x21\x43\x29\xfe\xd7\x32\xff\x1f\x86\x36\x09\x98\xf5\xa6\x5a\xb0\x15\x72\xc5\xe9\x4d\x07\xfc\x23\x64\x28\xc5\xff\x3a\xe6\xff\xe3\xc4\x5a\x21\xcf\xbe\xdf\xb4\xa6\x90\x5c\x71\xfa\xd0\x01\xff\x08\x19\x4a\xf1\xbf\x9e\xf9\xff\x94\x66\xfe\x83\x7c\x69\x1b\xde\xfc\x2c\x57\x9c\xbe\x74\xc0\x3f\x42\x86\x52\xfc\x6f\x60\xfe\x3f\x97\x6c\x33\x7d\x68\xd9\x9f\x39\x6e\xca\x15\xc7\xff\x4e\x40\xf8\x47\xc8\x50\x8a\xff\x8d\xcc\xff\x97\x8f\xab\xba\x76\x9b\x90\xb2\x50\x7b\xb9\xe2\xf4\xa7\x03\xfe\x11\x32\x94\xe2\x7f\x13\xf3\xff\xf5\xe9\x84\xaa\x01\xd9\xde\xc4\xbf\x2a\x57\x9c\x01\x74\xc0\x3f\x42\x86\x52\xfc\x6f\x66\xfe\xbf\xd5\xad\xbe\xed\xc2\x8b\x02\xed\x9b\xc8\x15\x67\x20\x1d\xf0\x8f\x90\xa1\x14\xff\x5b\x98\xff\xef\x7f\xa7\xd4\x2b\x33\x72\xe9\xa0\x72\x72\xc5\xf1\x3f\x13\x0c\xfe\x11\x32\x94\xe2\x7f\x2b\xf3\xff\xa3\x68\xe5\x7d\x41\xd5\xba\x7f\xfe\x2e\x57\x9c\xc1\x74\xc0\x3f\x42\x86\x52\xfc\x6f\x63\xfe\x7f\x56\x6c\x31\xef\x75\xc9\x09\x35\xa3\xcb\x15\x67\x08\x1d\xf0\x8f\x90\xa1\x14\xff\xdb\x99\xff\x5f\x2f\xd7\xf5\x49\x38\xa5\x70\xfa\x25\x72\xc5\x19\x4a\x07\xfc\x23\x64\x28\xc5\x7f\x10\xf3\xff\x7b\x5e\xa4\xc9\x37\x3f\x5f\x3f\x34\x4a\xae\x38\xfe\xcf\x04\xc2\x3f\x42\x86\x52\xfc\xef\x60\xfe\xff\x24\x3d\xd9\x31\x55\xca\x08\x5b\x0b\xc8\x15\x67\x38\x1d\xf0\x8f\x90\xa1\x14\xff\x3b\x99\xff\xbf\x19\xdf\x57\xec\x7b\x2e\xee\xac\x9a\x72\xc5\x19\x41\x07\xfc\x23\x64\x28\xc5\xff\x2e\xe6\xff\xdf\xa8\xec\x9b\xc6\xc5\x3c\xf2\xfa\x8d\x5c\x71\x46\xd2\x01\xff\x08\x19\x4a\xf1\xbf\xfb\xff\xfc\x3b\xc1\x9e\x56\xed\xfd\xac\x73\x83\xe0\x87\xe4\x8a\xe3\xff\x99\x00\xfc\x23\x64\x28\xc5\xff\x1e\xe6\x3f\x78\xdd\x49\x33\x63\xad\x1f\xdb\xbd\x9b\x5c\x71\x46\xd3\x01\xff\x08\x19\x4a\xf1\xbf\x97\xf9\x0f\x51\x72\x45\x50\xc1\x4d\xad\x6e\xcd\x97\x2b\xce\x18\x3a\xe0\x1f\x21\x43\x29\xfe\xf7\x31\xff\x21\x3f\xb6\xab\xbd\xb9\x5d\xd0\xda\xd4\x72\xc5\x19\x4b\x07\xfc\x23\x64\x28\xc5\xff\x7e\xe6\x3f\xd4\xc3\x1e\xbd\x43\x47\x09\x28\x18\x4a\xae\x38\xe3\xe8\x80\x7f\x84\x0c\xa5\xf8\x3f\xc0\xfc\x87\xae\xb9\x77\xe6\xd7\x8b\xef\xb3\x6f\x94\x2b\xce\x78\x3a\xe0\x1f\x21\x43\x29\xfe\x0f\x32\xff\x61\xca\x0e\x09\x5a\x74\xe4\x73\x8b\x3c\x72\xc5\x99\x40\x07\xfc\x23\x64\x28\xc5\xff\x21\xe6\x3f\xec\xd7\xc2\xb5\x2b\xc5\x4f\x9e\x60\x9c\x5c\x71\x26\xd2\x01\xff\x08\x19\x4a\xf1\x7f\x98\xf9\x0f\x57\x75\xc0\xc6\x53\x3d\x77\x7f\x5a\x20\x57\x9c\x49\x74\xc0\x3f\x42\x86\x52\xfc\x1f\x61\xfe\xc3\xbf\x2d\x5e\x25\xe7\xd2\x76\x43\x63\xcb\x15\x67\x32\x1d\xf0\x8f\x90\xa1\x14\xff\x47\x99\xff\x08\x3f\xfb\x74\x6a\x13\x34\x32\xd5\x6f\xb9\xe2\x4c\xa1\x03\xfe\x11\x32\x94\xe2\xff\x18\xf3\x1f\xb1\xe0\xce\x09\xf3\x9b\xd6\x69\x50\x4a\xae\x38\x53\xe9\x80\x7f\x84\x0c\xa5\xf8\x3f\xce\xfc\x47\xca\x1a\xaf\x7f\xed\x50\x07\x36\x35\x97\x2b\xce\x34\x3a\xe0\x1f\x21\x43\x29\xfe\x4f\x30\xff\x91\xc7\xdd\x9d\xbb\xf2\x7a\xcc\xc3\x17\xe5\x8a\x33\x9d\x0e\xf8\x47\xc8\x50\x8a\xff\x93\xcc\x7f\x94\x59\x8f\x77\xff\x29\x10\xe5\xd5\x56\xb9\xe2\xcc\xa0\x03\xfe\x11\x32\x94\xe2\xff\x14\xf3\x1f\x35\x51\x40\xfd\x28\x8f\x6e\xcf\xfd\x8f\x15\x67\x26\x1d\xf0\x8f\x90\xa1\x14\xff\xa7\x99\xff\x68\x0f\x83\x05\xc4\x19\x5c\xbc\x43\x7a\xb9\xe2\xcc\xa2\x03\xfe\x11\x32\x94\xe2\xff\x0c\xf3\x1f\xbd\xe6\xd1\xfd\x4f\x1a\x4c\x09\x33\x5b\xae\x38\xfe\x3f\x83\x7f\x84\x0c\xa5\xf8\x3f\xcb\xfc\xc7\x28\xfb\xfb\xc1\xc6\xc2\x9d\x57\x75\x92\x2b\xce\x1c\x3a\xe0\x1f\x21\x43\x29\xfe\xcf\x31\xff\x31\xbf\xe6\x0e\x59\x78\xde\xc2\xdb\xc7\xe4\x8a\xe3\xff\xa1\x00\xfc\x23\x64\x28\xc5\xff\x79\xe6\x3f\xd6\xd4\x13\x5d\x7f\xfe\xcd\x93\xe9\x85\x5c\x71\xe6\xd1\x01\xff\x08\x19\x4a\xf1\x7f\x81\xf9\x8f\x9d\x21\xea\xf4\xf0\x01\x2f\x4a\xd4\x95\x2b\x8e\xff\x99\x60\xf0\x8f\x90\xa1\x14\xff\x17\x99\xff\x38\x79\xb2\x6d\xab\x77\x3e\xcb\x98\x3f\x72\xc5\xf1\x7f\x26\x10\xfe\x11\x32\x94\xe2\xff\x12\xf3\x1f\x77\xe0\xa7\xaa\xeb\x22\x3d\xf8\x59\x52\xae\x38\x0b\xe9\x80\x7f\x84\x0c\xa5\xf8\xbf\xcc\xfc\xc7\x4b\x92\x69\x5f\xd6\x36\xbd\xe3\x06\xca\x15\x67\x11\x1d\xf0\x8f\x90\xa1\x14\xff\x57\x98\xff\xf8\x33\xbf\xd5\x3b\xb6\x61\x65\xa3\x4b\x72\xc5\x59\x4c\x07\xfc\x23\x64\x28\xc5\xff\x55\xe6\xdf\x19\x7b\xa6\xcf\xe4\xb5\xe5\xcf\xe4\x96\x2b\x8e\xff\x9d\xe0\xf0\x8f\x90\xa1\x14\xff\xd7\x98\x7f\x37\x47\xc4\x79\x0d\x3b\xce\xd9\x35\x5e\xae\x38\x4b\xe9\x80\x7f\x84\x0c\xa5\xf8\xbf\xce\xfc\x7b\x45\x56\x76\x5c\x1a\x3d\x4c\xf5\x85\x72\xc5\x59\x46\x07\xfc\x23\x64\x28\xc5\xff\x0d\xe6\xdf\xf7\xa3\xfd\xe4\xea\x67\x2e\x27\x8a\x25\x57\x9c\xe5\x74\xc0\x3f\x42\x86\x52\xfc\xdf\x64\xfe\x13\xbc\xa9\xb6\x29\x44\xea\x13\x51\x3b\xcb\x15\x67\x05\x1d\xf0\x8f\x90\xa1\x14\xff\xb7\x98\xff\x84\x35\x26\x57\xfc\xf0\xd5\xed\x79\x54\xae\x38\x2b\xe9\x80\x7f\x84\x0c\xa5\xf8\xbf\xcd\xfc\x27\xaa\xda\x21\xe4\x9b\x69\x03\xa7\x3c\x97\x2b\xce\x2a\x3a\xe0\x1f\x21\x43\x29\xfe\xef\x30\xff\x89\xdf\x6e\x7b\x90\xa0\x74\x95\x87\xf5\xe4\x8a\xb3\x9a\x0e\xf8\x47\xc8\x50\x8a\xff\xbb\xcc\x7f\xc0\xcf\x31\xfb\x4b\xd7\xd8\x52\x7e\x8b\x5c\x71\xd6\xd0\x01\xff\x08\x19\x4a\xf1\x7f\x8f\xf9\x4f\x52\xb0\x74\xc0\x8e\xd1\x81\x39\x83\xcb\x15\x67\x2d\x1d\xf0\x8f\x90\xa1\x14\xff\xf7\x99\xff\xa4\x91\x9d\xc0\x5f\xaf\x7e\x5f\xc9\x20\x57\x9c\x75\x74\xc0\x3f\x42\x86\x52\xfc\x3f\x60\xfe\x93\x6d\xbf\x3d\x24\x5c\x8e\xf4\x8b\x67\xc9\x15\x67\x3d\x1d\xf0\x8f\x90\xa1\x14\xff\x0f\x99\xff\xe4\x8b\x9f\x2e\xad\x9b\x28\xf5\x9f\x68\x72\xc5\xd9\x40\x07\xfc\x23\x64\x28\xc5\xff\x23\xe6\x3f\x45\xfc\x44\x25\xd6\xff\xfe\x3e\x7a\xa9\x5c\x71\x36\xd2\x01\xff\x08\x19\x4a\xf1\xff\x98\xf9\x4f\xb9\xeb\xe1\x9a\x6c\x73\x1a\x07\x8e\x96\x2b\xce\x26\x3a\xe0\x1f\x21\x43\x29\xfe\x9f\x30\xff\xa9\x82\x27\x2d\x7f\xb4\xe0\x86\x68\xf9\xe5\x8a\xb3\x99\x0e\xf8\x47\xc8\x50\x8a\xff\xa7\xcc\x7f\xea\xd8\x09\xda\x4f\xaa\x57\x63\xf7\x35\xb9\xe2\xf8\x7f\x27\x00\xfe\x11\x32\x94\xe2\xff\x19\xf3\x9f\x66\xfd\xf5\xb1\x8d\x06\x0e\x3d\xd9\x58\xae\x38\xfe\x77\x82\xc2\x3f\x42\x86\x52\xfc\x3f\x67\xfe\xd3\xde\xea\xd5\x78\xc9\x83\x84\x29\xca\xca\x15\x67\x1b\x1d\xf0\x8f\x90\xa1\x14\xff\x2f\x98\xff\x74\x8d\x76\x0f\xa8\x91\xef\x4c\xa5\x1f\x72\xc5\xd9\x4e\x07\xfc\x23\x64\x28\xc5\xff\x4b\xe6\x3f\x7d\xd7\x61\x0b\x43\xde\x3c\xdf\x6f\x9e\x5c\x71\x82\xe8\x80\x7f\x84\x0c\xa5\xf8\x7f\xc5\xfc\x67\x38\x57\xb0\xc8\xfb\x30\x21\xc2\xa5\x91\x2b\xce\x0e\x3a\xe0\x1f\x21\x43\x29\xfe\x5f\x33\xff\x19\x23\x37\x2e\xf0\x3c\x70\xc6\x93\xd0\x72\xc5\xd9\x49\x07\xfc\x23\x64\x28\xc5\xff\x1b\xe6\x3f\xd3\xf6\x25\x77\xdc\x9d\xa5\x27\x6f\x90\x2b\xce\x2e\x3a\xe0\x1f\x21\x43\x29\xfe\xdf\x32\xff\x99\x17\xcf\xfb\x5d\x61\xf9\xda\x02\xb5\xe4\x8a\xb3\x9b\x0e\xf8\x47\xc8\x50\x8a\xff\x77\xcc\x7f\x96\xf8\x35\x13\xec\xee\xdd\xbf\xd4\x6b\xb9\xe2\xec\xa1\x03\xfe\x11\x32\x94\xe2\xff\x3d\xf3\x9f\xb5\xd7\xea\x16\xa1\xdc\x27\x4b\x0e\xca\x15\x67\x2f\x1d\xf0\x8f\x90\xa1\x14\xff\x1f\x98\xff\x6c\xfb\xdb\x8e\xfa\x76\x2c\xc7\xc5\xee\x72\xc5\xd9\x47\x07\xfc\x23\x64\x28\xc5\xff\x47\xe6\x3f\xfb\xe5\x1a\xab\x17\xff\xda\x5d\xac\xa3\x5c\x71\xf6\xd3\x01\xff\x08\x19\x4a\xf1\xff\x89\xf9\xcf\xd1\x6e\x62\xa9\x8a\x29\xda\x65\x39\x2c\x57\x9c\x03\x74\xc0\x3f\x42\x86\x52\xfc\x7f\x66\xfe\x73\x9e\xae\xb2\xe8\x64\x89\xcf\x77\x5f\xca\x15\xc7\xff\x33\x01\xf8\x47\xc8\x50\x8a\xff\x2f\xcc\x7f\xae\x6e\x53\x0b\xe6\x9a\x9d\x7c\x45\x03\xb9\xe2\x1c\xa2\x03\xfe\x11\x32\x94\xe2\xff\x2b\xf3\x9f\xbb\xf1\xfa\x46\x6d\x87\x1d\x08\xb5\x4d\xae\x38\xfe\xef\x09\xe0\x1f\x21\x43\x29\xfe\xbf\x31\xff\x79\xae\xb7\x1c\x3c\xaf\x76\xcc\x4e\x21\xe5\x8a\x73\x84\x0e\xf8\x47\xc8\x50\x8a\xff\xef\xcc\x7f\xde\x35\xa7\xda\xd4\xc9\x3d\x72\x7e\x3a\xb9\xe2\xf8\xdf\x09\x0a\xff\x08\x19\x4a\xf1\xff\x83\xf9\xcf\x17\x27\xf2\xb8\x15\x4f\xeb\xbc\x98\x21\x57\x9c\x63\x74\xc0\x3f\x42\x86\x52\xfc\xff\x64\xfe\xf3\x87\xc8\xb1\xfe\x77\xf0\xe2\x47\xff\xc9\x15\xe7\x38\x1d\xf0\x8f\x90\xa1\x14\xff\xbf\x98\xff\x02\x41\x1f\xca\x45\xbd\x33\x65\x43\x69\xb9\xe2\x9c\xa0\x03\xfe\x11\x32\x94\xe2\xff\x37\xf3\x5f\xf0\xd1\x83\xe2\xb5\xf7\x44\xa9\xd7\x54\xae\x38\x27\xe9\x80\x7f\x84\x0c\xa5\xf8\xff\xc3\xfc\x17\xaa\x95\x62\xc9\xca\x46\xb7\xd3\x5c\x90\x2b\xce\x29\x3a\xe0\x1f\x21\x43\x29\xfe\xff\x32\xff\x85\xcb\xf9\x86\xfe\xe9\x93\x67\x78\x4e\xb9\xe2\x9c\xa6\x03\xfe\x11\x32\x94\xe2\xff\x1f\xf3\x5f\xe4\xdb\xad\xe6\x51\x16\xbc\xf8\x30\x56\xae\x38\x67\xe8\x80\x7f\x84\x0c\xf5\xbf\xfd\xc7\x0e\xc6\xfc\x17\xdd\x14\x33\xcf\xc6\xfd\x9d\xbd\xc5\x72\xc5\x39\x4b\x07\xfc\x23\x64\x28\xc5\x7f\x70\xe6\xbf\x58\xb8\x2b\x37\x0a\x7b\x0b\x5b\xc5\x91\x2b\xce\x39\x3a\xe0\x1f\x21\x43\x29\xfe\x43\x30\xff\xc5\xbd\x77\xdf\xe3\x44\x5c\x9a\x75\x8e\x5c\x71\xce\xd3\x01\xff\x08\x19\x4a\xf1\x1f\x92\xf9\x2f\xb1\x2c\x95\xf3\xe4\x5a\xf7\xc2\xa9\xe4\x8a\xe3\xff\x37\x01\xf8\x47\xc8\x50\x8a\xff\x50\xcc\x7f\xc9\x50\xaf\x3e\xf4\xdf\xfe\x66\x7d\x58\xb9\xe2\x5c\xa4\x03\xfe\x11\x32\x94\xe2\x3f\x34\xf3\x5f\x6a\x6f\xba\x98\x63\x5a\x17\xb8\xb1\x49\xae\x38\x97\xe8\x80\x7f\x84\x0c\xa5\xf8\x0f\xc3\xfc\x97\x5e\x15\x37\xf3\xf5\x6e\xd7\xbb\xd6\x91\x2b\xce\x65\x3a\xe0\x1f\x21\x43\x29\xfe\xc3\x32\xff\x65\xa2\x5d\x38\x9f\x66\x55\x84\x90\x6f\xe5\x8a\x73\x85\x0e\xf8\x47\xc8\x50\x8a\xff\x70\xcc\x7f\xd9\xa6\x9d\x0b\xbc\x3d\x39\xe1\xed\x7e\xb9\xe2\x5c\xa5\x03\xfe\x11\x32\x94\xe2\x3f\x3c\xf3\x5f\xee\xee\xd6\x3b\xbe\x38\x85\x67\x74\x95\x2b\xce\x35\x3a\xe0\x1f\x21\x43\x29\xfe\x23\x30\xff\xe5\x4f\x8e\xff\x5d\xea\x43\x83\xed\x31\xe4\x8a\x73\x9d\x0e\xf8\x47\xc8\x50\x8a\xff\x88\xcc\x7f\x85\x0e\xa5\x12\xec\x4c\x37\xf6\xc0\x72\xb9\xe2\xdc\xa0\x03\xfe\x11\x32\x94\xe2\x3f\x12\xf3\x5f\x71\x53\xeb\xc6\x8b\xca\xc5\x4d\x3b\x52\xae\x38\x37\xe9\x80\x7f\x84\x0c\xa5\xf8\x8f\xcc\xfc\x57\x0a\xb7\x76\x40\xa5\x89\x47\x6a\xe7\x95\x2b\xce\x2d\x3a\xe0\x1f\x21\x43\x29\xfe\xa3\x30\xff\x95\xbd\xe9\x0b\x43\x8f\x09\xf8\x7a\x45\xae\x38\xb7\xe9\x80\x7f\x84\x0c\xa5\xf8\x8f\xca\xfc\x57\x59\x56\xa9\xc8\xd7\x8a\xef\x07\x34\x94\x2b\xce\x1d\x3a\xe0\x1f\x21\x43\x29\xfe\xa3\x31\xff\x55\x8f\x2c\xca\x56\x3e\x63\xab\xb6\xe5\xe5\x8a\x73\x97\x0e\xf8\x47\xc8\x50\x8a\xff\xe8\xcc\x7f\xb5\xfe\x4d\xaf\xed\x79\x1d\xe4\xfe\x92\x2b\xce\x3d\x3a\xe0\x1f\x21\x43\x29\xfe\x63\x30\xff\xd5\x5b\xd7\xff\xfa\x22\x41\xe3\xf3\xb5\xe5\x8a\x73\x9f\x0e\xf8\x47\xc8\x50\x8a\xff\x98\xcc\x7f\x8d\x0b\x33\x62\x39\x07\x37\x2c\x7b\x27\x57\x9c\x07\x74\xc0\x3f\x42\x86\x52\xfc\xc7\x62\xfe\x6b\x76\xae\xfd\x6f\xc0\xa2\xd4\x65\x0e\xc8\x15\xe7\x21\x1d\xf0\x8f\x90\xa1\x14\xff\xb1\x99\xff\x5a\x27\xe6\xf8\x3a\xf7\xfb\x9e\xaf\x8b\x5c\x71\x1e\xd1\x01\xff\x08\x19\x4a\xf1\x1f\x87\xf9\xaf\x7d\x67\x59\xde\x14\x4d\x12\x4e\x9c\x2b\x57\x9c\xc7\x74\xc0\x3f\x42\x86\x52\xfc\xc7\x65\xfe\xeb\x34\x6f\x78\xf7\xf2\xbe\x33\xcf\x52\xca\x15\xe7\x09\x1d\xf0\x8f\x90\xa1\x14\xff\xf1\x98\xff\xba\x31\x0f\x66\x8a\x7e\xaf\x46\x84\x30\x72\xc5\x79\x4a\x07\xfc\x23\x64\x28\xc5\x7f\x7c\xe6\xbf\xde\xca\x50\x97\x1e\x86\x1c\xda\x67\xb3\x5c\x71\x9e\xd1\x01\xff\x08\x19\x4a\xf1\xef\x30\xff\xf5\xf7\xe4\xff\xb8\xed\xf1\x8c\x2a\x97\xe5\x8a\xf3\x9c\x0e\xf8\x47\xc8\x50\x8a\x7f\x97\xf9\x6f\x10\xf6\x7b\xb4\x62\x39\x4b\x27\x6b\x24\x57\x9c\x17\x74\xc0\x3f\x42\x86\x52\xfc\x7b\xcc\x7f\xc3\x50\x6e\x91\x5a\x35\xcf\x1f\xaf\x20\x57\x9c\x97\x74\xc0\x3f\x42\x86\x52\xfc\xfb\x98\xff\x46\x7b\xef\x2c\x5c\x35\x24\xc4\xde\x9f\x72\xc5\x79\x45\x07\xfc\x23\x64\x28\xc5\x7f\x02\xe6\xbf\xf1\xaa\x67\x03\xfe\xce\x7c\x12\x23\xa6\x5c\x71\x5e\xd3\x01\xff\x08\x19\x4a\xf1\x9f\x90\xf9\x6f\x12\x2d\x71\xe3\xc8\xc5\x72\x34\x5d\x26\x57\x9c\x37\x74\xc0\x3f\x42\x86\x52\xfc\x27\x62\xfe\x9b\xd6\xeb\x98\xbc\x42\xb2\xb5\x23\x47\xc8\x15\xc7\xff\x4e\x10\xf8\x47\xc8\x50\x8a\xff\xc4\xcc\x7f\xb3\x67\xdb\x0f\xef\xfe\xd1\xff\x5f\x3e\xb9\xe2\xf8\x3f\x13\x08\xff\x08\x19\x4a\xf1\x1f\xc0\xfc\x07\x7e\x1a\xfb\xe4\xf9\xdb\xde\x0b\xb7\xcb\x15\xe7\x3d\x1d\xf0\x8f\x90\xa1\x14\xff\x49\x98\xff\xe6\xa5\xca\x84\x75\x33\xaf\xbc\x16\x42\xae\x38\x1f\xe8\x80\x7f\x84\x0c\xa5\xf8\x4f\xca\xfc\xb7\x78\x35\xf2\xf5\xc0\xca\x59\x72\xa7\x95\x2b\xce\x47\x3a\xe0\x1f\x21\x43\x29\xfe\x93\x31\xff\x2d\x2b\x55\x88\xd2\x69\xdc\x83\xb2\x33\xe5\x8a\xf3\x89\x0e\xf8\x47\xc8\x50\x8a\xff\xe4\xcc\x7f\xab\x62\x5d\x33\x24\x9f\x1c\xe6\x7e\x07\xb9\xe2\x7c\xa6\x03\xfe\x11\x32\x94\xe2\x3f\x05\xf3\xdf\xfa\xdf\xe6\x33\x57\x2a\x5c\x9e\x76\x44\xae\x38\x5f\xe8\x80\x7f\x84\x0c\xa5\xf8\x4f\xc9\xfc\xb7\x19\x1d\x3d\x20\x5a\x86\xf2\xbd\x5f\xc9\x15\xe7\x2b\x1d\xf0\x8f\x90\xa1\x14\xff\xa9\x98\xff\xb6\x99\xae\xed\x7f\xf4\x69\x4e\xe4\xfa\x72\xc5\xf9\x46\x07\xfc\x23\x64\x28\xc5\x7f\x6a\xe6\xbf\x5d\xb2\x37\x0f\xb6\xc7\x1a\x18\x90\x4b\xae\x38\xdf\xe9\x80\x7f\x84\x0c\xa5\xf8\x4f\xc3\xfc\xb7\x9f\x9f\x26\x64\xd1\xe3\x55\xaa\x8e\x91\x2b\xce\x0f\x3a\xe0\x1f\x21\x43\x29\xfe\xd3\x32\xff\x1d\xea\x85\xef\x5f\x77\xc5\x89\x1d\x8b\xe4\x8a\xe3\xff\x4c\x30\xfc\x23\x64\x28\xc5\x7f\x3a\xe6\xbf\xe3\xb3\x73\x73\xd7\x77\x71\xcf\xc5\x95\x2b\x8e\xff\x9d\x80\xf0\x8f\x90\xa1\x14\xff\xe9\x99\xff\x4e\x9f\xbe\xec\xfe\xd5\xf2\x77\x93\xbf\x72\xc5\xf9\x4d\x07\xfc\x23\x64\x28\xc5\x7f\x06\xe6\xbf\x73\xa9\x2c\xf5\xc3\x6d\x4d\x1f\xbb\x8c\x5c\x71\xfe\xd0\x01\xff\x08\x19\x4a\xf1\x9f\x91\xf9\xef\x92\x7a\x7f\xca\x0d\x57\xb6\x7c\x6f\x26\x57\x1c\xff\xdf\x09\xe0\x1f\x21\x43\x29\xfe\x33\x31\xff\x5d\x27\x84\x39\x59\x24\x7c\xe0\xb8\xf3\x72\xc5\xf9\x47\x07\xfc\x23\x64\x28\xc5\x7f\x66\xe6\xbf\xdb\x90\xbc\xaf\xe2\xa6\x99\xdd\xf8\xa4\x5c\x71\xfd\x07\xfc\x23\x64\x28\xc5\x7f\x16\xe6\xbf\x7b\xfe\x9f\xe1\x1f\x7f\x2b\x15\xab\xbf\x5c\x71\xe9\xbf\x81\x7f\x84\x2c\xa5\xf8\xcf\xca\xfc\xf7\x98\x93\xf3\x61\xbf\xe9\x97\x7e\x54\x92\x2b\xae\xff\x99\x20\xf0\x8f\x90\xa1\x14\xff\xd9\x98\xff\x9e\xc9\xff\x06\x1b\x5b\x26\xf8\xf8\xc7\x72\xc5\x0d\x49\x07\xfc\x23\x64\x28\xc5\x7f\x76\xe6\xbf\x57\xe6\xc3\x89\x6f\x54\x7f\x9a\x24\xb2\x5c\x71\x43\xd1\x01\xff\x08\x19\x4a\xf1\x9f\x83\xf9\xef\x3d\x22\xc4\xa1\xd4\xa3\xb2\x56\x0b\x92\x2b\x6e\x68\x3a\xe0\x1f\x21\x43\x29\xfe\x73\x32\xff\x7d\x7e\x2f\x48\xfb\xee\xe5\xba\xa0\x69\x72\xc5\x0d\x43\x07\xfc\x23\x64\x28\xc5\x7f\x2e\xe6\xbf\x6f\xf1\xc0\xb3\x5e\xf6\x3e\x67\x93\xc8\x15\x37\x2c\x1d\xf0\x8f\x90\xa1\x14\xff\xb9\x99\xff\x7e\x95\xeb\xbe\x2b\x79\xa1\xd1\x83\xa2\x72\xc5\xf5\x7f\x3d\xfc\x23\x64\x28\xc5\x7f\x1e\xe6\xbf\xff\xf3\x59\x91\x77\x45\xde\x3c\xfd\x83\x5c\x71\xc3\xd3\x01\xff\x08\x19\x4a\xf1\x9f\x97\xf9\x1f\x10\xa2\xcd\xb6\x3e\x6d\x53\xf5\xba\x27\x57\xdc\x08\x74\xc0\x3f\x42\x86\x52\xfc\xe7\x63\xfe\x07\x06\xad\xaa\x3a\x7e\xe3\xaf\x48\xad\xe4\x8a\x1b\x91\x0e\xf8\x47\xc8\x50\x8a\xff\xfc\xcc\xff\xa0\x35\x13\xba\xde\x5a\xe3\x2d\x18\x2c\x57\xdc\x48\x74\xc0\x3f\x42\x86\x52\xfc\x17\x60\xfe\x07\xc7\xa9\x3e\x3d\x65\x87\xb3\x57\xb3\xcb\x15\xd7\xff\x3b\x41\xf0\x8f\x90\xa1\x14\xff\x05\x99\xff\x21\x61\x0a\x6e\x9b\x17\xad\x6a\x9e\x78\x72\xc5\x8d\x42\x07\xfc\x23\x64\x28\xc5\x7f\x21\xe6\x7f\xe8\xee\x61\x55\xdb\x9e\x1e\x56\x6e\xad\x5c\x71\xa3\xd2\x01\xff\x08\x19\x4a\xf1\x5f\x98\xf9\x1f\xb6\x62\x77\xd7\x5c\xb7\x06\xc5\x4c\x21\x57\xdc\x68\x74\xc0\x3f\x42\x86\x52\xfc\x17\x61\xfe\x87\xc7\xe8\x35\xfd\x64\xd8\x8a\xcd\x26\xc9\x15\x37\x3a\x1d\xf0\x8f\x90\xa1\x14\xff\x45\x99\xff\x11\x1b\x82\xfa\x54\x6c\x7e\x72\xc4\x6e\xb9\xe2\xc6\xa0\x03\xfe\x11\x32\x94\xe2\xbf\x18\xf3\x3f\x32\x42\xbf\x79\x8b\x77\xc5\xfb\x1b\x5e\xae\xb8\x31\xe9\x80\x7f\x84\x0c\xa5\xf8\x2f\xce\xfc\x8f\x4a\x50\x74\xdf\xb7\x65\xff\x2a\xdf\x97\x2b\x6e\x2c\x3a\xe0\x1f\x21\x43\x29\xfe\x4b\x30\xff\xa3\x97\x0c\xaa\x17\xaa\x57\xba\xa4\xd5\xe4\x8a\x1b\x9b\x0e\xf8\x47\xc8\x50\x8a\xff\x92\xcc\xff\x98\xf3\x89\x36\x1d\x70\xb6\x9f\xe8\x2d\x57\xdc\x38\x74\xc0\x3f\x42\x86\x52\xfc\x97\x62\xfe\xc7\xb6\x7a\x5a\x31\xf3\xd1\x66\xfb\xce\xca\x15\xd7\xff\x4e\x40\xf8\x47\xc8\x50\x8a\xff\xd2\xcc\xff\xb8\x7e\xb7\x3b\x06\x26\xee\x31\x61\xa5\x5c\x71\xfd\xbf\x13\x08\xff\x08\x19\x4a\xf1\x5f\x86\xf9\x1f\x7f\xd8\x99\x3c\xf5\xcf\xaa\xa7\x9e\x5c\x71\xe3\xd3\x01\xff\x08\x19\x4a\xf1\x5f\x96\xf9\x9f\x10\x26\xe7\xbb\xb1\x73\x33\x46\xcc\x2c\x57\x5c\x87\x0e\xf8\x47\xc8\x50\x8a\xff\x72\xcc\xff\xc4\xdd\x7f\x23\xf7\x2b\xf4\xb0\xef\x70\xb9\xe2\xfa\x5f\x00\x06\xff\x08\x19\x4a\xf1\x5f\x9e\xf9\x9f\xb4\xe2\x70\xda\xd4\x75\x43\x5f\x68\x27\x57\x5c\xff\xf7\x04\xf0\x8f\x90\xa1\x14\xff\x15\x98\xff\xc9\x31\x42\x9c\xbd\x31\xe0\xda\xf2\x5b\x72\xc5\xf5\xd1\x01\xff\x08\x19\x4a\xf1\x5f\x91\xf9\x9f\xd2\xf1\x43\x50\xa3\xfb\xe5\x4a\x7f\x91\x2b\x6e\x02\x3a\xe0\x1f\x21\x43\x29\xfe\x2b\x31\xff\x53\x4f\xe5\xa8\x3d\x29\xef\xfc\xbc\x05\xe5\x8a\x9b\x90\x0e\xf8\x47\xc8\x50\x8a\xff\xca\xcc\xff\xb4\x7b\x91\x7b\x1f\x3d\x5b\xec\xdb\x03\xb9\xe2\xfa\xbf\x06\xfe\x11\x32\x94\xe2\xbf\x0a\xf3\x3f\xbd\xd9\xa9\x99\xd9\x62\x4c\x1f\x58\x55\xae\xb8\x89\xe9\x80\x7f\x84\x0c\xa5\xf8\xaf\xca\xfc\xcf\x38\x16\xbe\xd3\xfa\x4e\x91\xdb\xf4\x92\x2b\x6e\x00\x1d\xf0\x8f\x90\xa1\x14\xff\xd5\x98\xff\x99\x7d\xcf\x4d\xa8\xbb\xee\x9e\x73\x4e\xae\xb8\xfe\x77\x02\xc2\x3f\x42\x86\x52\xfc\x57\x67\xfe\x67\xb5\xfc\xb2\x31\xdc\xe6\x9c\xdb\x92\xcb\x15\x37\x29\x1d\xf0\x8f\x90\xa1\x14\xff\x35\x98\xff\xd9\x97\xb2\x54\xf9\xd5\xfe\xe5\xfe\xc9\x72\xc5\x4d\x46\x07\xfc\x23\x64\x28\xc5\x7f\x4d\xe6\x7f\xce\xf2\x89\xbb\xf3\x47\xed\x90\x6e\x8f\x5c\x71\xfd\x7f\x27\x80\x7f\x84\x0c\xa5\xf8\xaf\xc5\xfc\xcf\xf5\xd5\xa8\x7f\xe6\xd2\xa2\x3a\xe1\xe4\x8a\xeb\x7f\x26\x38\xfc\x23\x64\x28\xc5\x7f\x6d\xe6\x7f\x5e\xf8\xb6\xfd\x67\x66\xdd\xd7\xa5\xbd\x5c\x71\x53\xd2\x01\xff\x08\x19\x4a\xf1\x5f\x87\xf9\x9f\xbf\x79\xf5\xdc\x56\xcf\xdb\x86\xb8\x29\x57\xdc\x54\x74\xc0\x3f\x42\x86\x52\xfc\xd7\x65\xfe\x17\x6c\x28\x79\xb6\xdb\x88\x6f\xef\x3e\xcb\x15\x37\x35\x1d\xf0\x8f\x90\xa1\x14\xff\xf5\x98\xff\x85\x11\xc6\xa5\x1d\x5a\x35\xd9\xcc\x42\x72\xc5\x4d\x43\x07\xfc\x23\x64\x28\xc5\x7f\x7d\xe6\x7f\x51\x82\x2d\x91\x2f\x94\x3a\x98\x6d\x85\x5c\x71\xd3\xd2\x01\xff\x08\x19\x4a\xf1\xdf\x80\xf9\x5f\xbc\xa4\xd3\xbb\x80\xa9\xd1\x8a\xf8\xe4\x8a\x9b\x8e\x0e\xf8\x47\xc8\x50\x8a\xff\x86\xcc\xff\x92\x17\x01\xab\x1b\x7e\x19\xb5\x2e\x8b\x5c\x71\xd3\xd3\x01\xff\x08\x19\x4a\xf1\xdf\x88\xf9\x5f\x5a\xe5\x71\xa9\xc9\xa9\x6a\x5e\x1f\x26\x57\xdc\x0c\x74\xc0\x3f\x42\x86\x52\xfc\x37\x66\xfe\x97\x95\xb8\xdb\xe2\x58\xfe\xba\xc3\x22\xc9\x15\x37\x23\x1d\xf0\x8f\x90\xa1\x14\xff\x4d\x98\xff\xe5\x7f\xe2\x8d\xca\xfa\x70\xdc\xfb\x1d\x72\xc5\xcd\x44\x07\xfc\x23\x64\x28\xc5\x7f\x53\xe6\x7f\x45\x83\x9b\x8d\xd6\x0d\x8a\xe5\x9b\x2e\x57\x5c\xff\x3b\x01\xe0\x1f\x21\x43\x29\xfe\x9b\x31\xff\x2b\x9f\x78\x83\xeb\xd5\x3f\xda\x3a\x40\xae\xb8\xfe\x9f\x09\xc2\x3f\x42\x86\x52\xfc\x07\x32\xff\xab\x3e\x24\x5f\x14\xbe\x48\xe2\x63\xa7\xe4\x8a\x9b\x95\x0e\xf8\x47\xc8\x50\x8a\xff\xe6\xcc\xff\xea\x32\xf7\x0b\xfe\x9c\xff\x69\x63\x3f\xb9\xe2\x66\xa3\x03\xfe\x11\x32\x94\xe2\xbf\x05\xf3\xbf\xa6\x40\xe1\xf5\x05\xfe\xb5\xac\x5b\x51\xae\xb8\xd9\xe9\x80\x7f\x84\x0c\xa5\xf8\x6f\xc9\xfc\xaf\x1d\x3a\xa4\xdc\xe9\x24\xbb\x52\x3f\x91\x2b\x6e\x0e\x3a\xe0\x1f\x21\x43\x29\xfe\x5b\x31\xff\xeb\x26\xee\x6d\x33\xe3\xf0\xb2\xd0\x83\xe4\x8a\x9b\x93\x0e\xf8\x47\xc8\x50\x8a\xff\xd6\xcc\xff\xfa\x34\x3d\xc6\xb5\x8e\xd7\xa5\x73\x0e\xb9\xe2\xe6\xa2\x03\xfe\x11\x32\x94\xe2\xbf\x0d\xf3\xbf\xe1\x45\xed\x8f\x9d\x7b\xbc\x9d\x17\x5f\xae\xb8\xb9\xe9\x80\x7f\x84\x0c\xa5\xf8\x6f\xcb\xfc\x6f\xac\x32\x27\xda\x80\x25\x79\x9f\xaf\x91\x2b\x6e\x1e\x3a\xe0\x1f\x21\x43\x29\xfe\xdb\x31\xff\x9b\x4a\x2c\xcb\x74\x79\xc7\xad\xa2\xc5\xe4\x8a\x9b\x97\x0e\xf8\x47\xc8\x50\x8a\xff\xf6\xcc\xff\xe6\x3f\x0d\x2f\xa5\x68\x16\x3e\xf3\x7b\xb9\xe2\xe6\xa3\x03\xfe\x11\x32\x94\xe2\xbf\x03\xf3\xbf\x65\xde\xe4\xa5\xf3\x43\x4f\xbe\x77\x57\xae\xb8\xf9\xe9\x80\x7f\x84\x0c\xa5\xf8\xef\xc8\xfc\x6f\x4d\x5a\xad\x44\x9b\x1b\x85\x56\xb6\x96\x2b\x6e\x01\x3a\xe0\x1f\x21\x43\x29\xfe\x3b\x31\xff\xdb\x32\xb6\x0f\xcc\xf9\xe4\x64\xfe\xb6\x72\xc5\x2d\x48\x07\xfc\x23\x64\x28\xc5\x7f\x67\xe6\x7f\xfb\xa8\x95\x43\x4e\xe5\x8a\x57\xf2\xba\x5c\x71\xfd\xcf\x04\x86\x7f\x84\x0c\xa5\xf8\xef\xc2\xfc\x07\xa5\x6c\xdd\xbe\x52\xad\x41\x4b\xbf\xca\x15\xb7\x30\x1d\xf0\x8f\x90\xa1\x14\xff\x5d\x99\xff\x1d\x93\xd6\x8e\x5d\x34\xb4\xe2\xa5\x22\x72\xc5\xf5\xff\x19\xfc\x23\x64\x28\xc5\x7f\x37\xe6\x7f\xe7\xb0\xe9\x6b\xbe\xce\xd8\xde\x7f\x95\x5c\x71\x8b\xd2\x01\xff\x08\x19\x4a\xf1\xdf\x9d\xf9\xdf\x95\xb7\x52\xf9\xd0\x45\x9b\x85\x4f\x28\x57\x5c\xff\xef\x04\xc1\x3f\x42\x86\x52\xfc\xf7\x60\xfe\x77\x97\xfc\xb4\x70\x7f\xd2\x7f\x8f\x33\xc9\x15\xb7\x38\x1d\xf0\x8f\x90\xa1\x14\xff\x3d\x99\xff\x3d\x1f\xb3\x15\xc9\xf2\x3d\xdd\xa4\x21\x72\xc5\xf5\xbb\x87\x7f\x84\x0c\xa5\xf8\xef\xc5\xfc\xef\x7d\x1a\xb5\x71\xf3\x84\x19\xf7\x3c\x92\x2b\x6e\x49\x3a\xe0\x1f\x21\x43\x29\xfe\x7b\x33\xff\xfb\xea\x9e\x18\x30\xe5\xd0\xc3\x53\xd5\xe5\x8a\x5b\x8a\x0e\xf8\x47\xc8\x50\x8a\xff\x3e\xcc\xff\xfe\xb0\x37\x46\x1f\x58\xdc\x23\x79\x0f\xb9\xe2\x96\xa6\x03\xfe\x11\x32\x94\xe2\xbf\x2f\xf3\x7f\x60\x4f\xc2\x96\x99\xfb\xaf\xaa\x78\x46\xae\xb8\x65\xe8\x80\x7f\x84\x0c\xa5\xf8\xef\xc7\xfc\x1f\x5c\x99\xac\x64\x60\xe3\x72\xbf\x93\xca\x15\xb7\x2c\x1d\xf0\x8f\x90\xa1\x14\xff\xfd\x99\xff\x43\x31\x1f\xad\x9a\xba\x77\xfe\xa8\x89\x72\xc5\x2d\x47\x07\xfc\x23\x64\x28\xc5\xff\x00\xe6\xff\xf0\x8e\x9e\x05\x4f\xdd\x0d\xdd\x7c\x9f\x5c\x71\xcb\xd3\x01\xff\x08\x19\x4a\xf1\x3f\x90\xf9\x3f\x12\x72\xdf\xa2\x9c\x21\xae\x45\x8f\x20\x57\xdc\x0a\x74\xc0\x3f\x42\x86\x52\xfc\x0f\x62\xfe\x8f\xc6\x1d\x3a\xb8\x4d\xec\x4b\x15\x06\xc8\x15\xd7\xff\x4e\x20\xf8\x47\xc8\x50\x8a\xff\xc1\xcc\xff\xb1\xb5\x45\x1a\xcd\x3f\x11\x3c\x57\x36\xb9\xe2\x56\xa2\x03\xfe\x11\x32\x94\xe2\x7f\x08\xf3\x7f\x3c\xea\xc0\x51\xa1\x57\xce\xbe\xec\xca\x15\xb7\x32\x1d\xf0\x8f\x90\xa1\x14\xff\x43\x99\xff\x13\x5b\x4b\xb4\xf8\xda\xb5\xd4\xa2\x75\x72\xc5\xad\x42\x07\xfc\x23\x64\x28\xc5\xff\x30\xe6\xff\xe4\xc2\xbe\xa5\x16\xb5\x58\x17\xe5\x3f\x8c\xbb\x55\xe9\x80\x7f\x84\x0c\xa5\xf8\x1f\xce\xfc\x9f\x72\x77\xad\xae\xb4\xa5\x4f\x8f\x8f\x72\xc5\xad\x46\x07\xfc\x23\x64\x28\xc5\xff\x08\xe6\xff\x74\xfb\xf8\x45\xa7\x5c\x7e\x3a\xf5\xb6\x5c\x71\xfd\x9f\x09\x82\x7f\x84\x0c\xa5\xf8\x1f\xc9\xfc\x9f\xb9\x72\x6f\x59\xf3\x70\x59\x1f\xb5\x94\x2b\x6e\x0d\x3a\xe0\x1f\x21\x43\x29\xfe\x47\x31\xff\x67\x0f\x3c\x19\x9e\xe5\x5d\xaa\xd3\x51\xe4\x8a\x5b\x93\x0e\xf8\x47\xc8\x50\x8a\xff\xd1\xcc\xff\xb9\xde\x49\x9a\xed\xcf\xf2\x6b\xe7\x2e\xb9\xe2\xd6\xa2\x03\xfe\x11\x32\x94\xe2\x7f\x0c\xf3\x7f\x7e\x47\xf0\xf8\xd7\xab\x34\xaa\x31\x55\xae\xb8\xb5\xe9\x80\x7f\x84\x0c\xa5\xf8\x1f\xcb\xfc\x5f\x08\x79\xec\x57\x9a\xf1\x9b\x13\x27\x92\x2b\x6e\x1d\x3a\xe0\x1f\x21\x43\x29\xfe\xc7\x31\xff\x17\xe3\xfe\xb9\xd9\x7f\x52\xd5\xb1\x27\xe4\x8a\x5b\x97\x0e\xf8\x47\xc8\x50\x8a\xff\xf1\xcc\xff\xa5\xb5\x79\x72\x8e\x29\x3f\xec\x57\x1f\xb9\xe2\xd6\xa3\x03\xfe\x11\x32\x94\xe2\x7f\x02\xf3\x7f\xf9\xec\xf1\xf2\x59\xd3\x7b\x71\x2a\xcb\x15\xb7\x3e\x1d\xf0\x8f\x90\xa1\x14\xff\x13\x99\xff\x2b\x5d\xa2\xac\x39\xf6\xf1\x6c\xc3\x67\x72\xc5\x6d\x40\x07\xfc\x23\x64\x28\xc5\xff\x24\xe6\xff\x6a\xc3\xac\x63\x27\x07\x8b\xb5\xba\xb8\x5c\x71\x1b\xd2\x01\xff\x08\x19\x4a\xf1\x3f\x99\xf9\xbf\x76\xf3\x63\xfb\x86\xb7\x8f\xde\xf9\x24\x57\xdc\x46\x74\xc0\x3f\x42\x86\x52\xfc\x4f\x61\xfe\xaf\xf7\xc8\x38\xe4\xe7\xee\xba\x19\xef\xc8\x15\xb7\x31\x1d\xf0\x8f\x90\xa1\x14\xff\x53\x99\xff\x1b\x07\xbf\x06\x86\x6f\x38\xae\x78\x0b\xb9\xe2\x36\xa1\x03\xfe\x11\x32\x94\xe2\x7f\x1a\xf3\x7f\xf3\xea\xe9\x12\xf5\xfa\xb6\x7c\x39\x50\xae\xb8\x4d\xe9\x80\x7f\x84\x0c\xa5\xf8\x9f\xce\xfc\xdf\x6a\x13\x61\xe9\xba\x85\xbb\xe6\x64\x95\x2b\x6e\x33\x3a\xe0\x1f\x21\x43\x29\xfe\x67\x30\xff\xb7\xe3\xad\x28\xdd\xfa\x40\xe2\x8e\x8e\x5c\x71\x03\xe9\x80\x7f\x84\x0c\xa5\xf8\x9f\xc9\xfc\xdf\x59\xd4\x6e\xc5\x0c\xdf\xa7\xb0\xeb\xe5\x8a\xdb\x9c\x0e\xf8\x47\xc8\x50\x8a\xff\x59\xcc\xff\xdd\x6d\x55\x47\x9e\xfe\xf9\x36\xe5\x71\xb9\xe2\xfa\x7f\x26\x08\xff\x08\x19\x4a\xf1\x3f\x9b\xf9\xbf\x17\x69\x52\xeb\x02\xc9\xf3\xd6\xef\x2b\x57\x5c\xff\x33\x81\xe0\x1f\x21\x43\x29\xfe\xe7\x30\xff\xf7\xa3\x76\xcc\x99\xa4\xf8\xb2\xcd\x55\xe4\x8a\xdb\x8a\x0e\xf8\x47\xc8\x50\x8a\xff\xb9\xcc\xff\x83\xad\xdb\x6f\x9e\x9f\xd5\xe5\xc8\x53\xb9\xe2\xb6\xa6\x03\xfe\x11\x32\x94\xe2\x7f\x1e\xf3\xff\x70\xe1\xd8\x5f\x43\x86\x4f\x6e\x19\x55\xae\xb8\x6d\xe8\x80\x7f\x84\x0c\xa5\xf8\x9f\xcf\xfc\x3f\x72\xcb\xc4\xef\x5e\xa7\x50\xc2\x9d\x72\xc5\x6d\x4b\x07\xfc\x23\x64\x28\xc5\xff\x02\xe6\xff\x71\x75\xb7\x5e\xb6\x3c\xb7\x3e\x4e\x91\x2b\x6e\x3b\x3a\xe0\x1f\x21\x43\x29\xfe\x17\x32\xff\x4f\x5e\xdf\xd9\x77\xf4\x59\xf8\x21\x89\xe5\x8a\xdb\x9e\x0e\xf8\x47\xc8\x50\x8a\xff\x45\xcc\xff\xd3\xef\xcf\xe6\x4d\x7a\x1f\xf9\xe6\x6a\xb9\xe2\x76\xa0\x03\xfe\x11\x32\x94\xe2\x7f\x31\xf3\xff\xac\x70\xe2\x3e\x8d\xd2\xde\x5b\x93\x40\xae\xb8\x1d\xe9\x80\x7f\x84\x0c\xa5\xf8\x5f\xc2\xfc\x3f\xbf\xff\x68\xfa\xaf\xb2\xc5\x0a\x65\x94\x2b\x6e\x27\x3a\xe0\x1f\x21\x43\x29\xfe\x97\x32\xff\x2f\x6a\x27\xeb\x1a\x6e\xc2\xf4\x1c\x43\xe5\x8a\xdb\x99\x0e\xf8\x47\xc8\x50\x8a\xff\x65\xcc\xff\xcb\xf2\x09\xab\xd6\x1d\xdb\x61\x76\x1b\xb9\xe2\x76\xa1\x03\xfe\x11\x32\x94\xe2\x7f\x39\xf3\xff\xea\xf3\x8d\x6d\xeb\x2b\x2d\x7a\x73\x43\xae\xb8\x5d\xe9\x80\x7f\x84\x0c\xa5\xf8\x5f\xc1\xfc\xbf\x1e\xd0\xbb\x56\xab\x4c\x39\x83\x7d\x93\x2b\x6e\x37\x3a\xe0\x1f\x21\x43\x29\xfe\x57\x32\xff\x6f\x72\xef\xd9\x35\xf3\xcd\xcb\x6e\x85\xe5\x8a\xdb\x9d\x0e\xf8\x47\xc8\x50\x8a\xff\x55\xcc\xff\xdb\xf4\xc3\x67\x9d\x89\xf0\xad\x56\x32\xb9\xe2\xf6\xa0\x03\xfe\x11\x32\x94\xe2\x7f\x35\xf3\xff\x6e\x4a\xa1\x1e\xf9\xaf\x26\xcb\x30\x41\xae\xb8\x3d\xe9\x80\x7f\x84\x0c\xa5\xf8\x5f\xc3\xfc\xbf\xaf\xde\x24\x54\xf2\x6d\xfb\x0e\xee\x95\x2b\x6e\x2f\x3a\xe0\x1f\x21\x43\x29\xfe\xd7\x32\xff\x1f\x5e\x2f\x7d\x7a\xa5\x55\xdb\x2d\x11\xe5\x8a\xdb\x9b\x0e\xf8\x47\xc8\x50\x8a\xff\x75\xcc\xff\xc7\xef\xf3\x8f\x0d\xec\x3e\x2a\xde\x43\xb9\xe2\xfa\xdf\x09\x0e\xff\x08\x19\x4a\xf1\xbf\x9e\xf9\xff\x54\xb8\x56\xb2\x4e\xab\x6b\xb6\xab\x21\x57\x5c\xff\x33\x01\xe1\x1f\x21\x43\x29\xfe\x37\x30\xff\x9f\x13\xaf\xaa\x72\xf2\xd4\xc1\xc1\x3d\xe5\x8a\xdb\x8f\x0e\xf8\x47\xc8\x50\x8a\xff\x8d\xcc\xff\x97\xd9\x6d\x36\xe6\x8a\x1b\xed\xcb\x69\xb9\xe2\xf6\xa7\x03\xfe\x11\x32\x94\xe2\x7f\x13\xf3\xff\x75\x7c\xf5\x09\x6d\x37\x5d\x59\xdb\x55\xae\xb8\x03\xe8\x80\x7f\x84\x0c\xa5\xf8\xdf\xcc\xfc\x7f\xcb\x36\xa1\xd3\xbc\x76\x61\x6f\xed\x97\x2b\xae\xff\x9d\xa0\xf0\x8f\x90\xa1\x14\xff\x5b\x98\xff\xef\xd3\x2b\xcf\x0c\x15\x65\x6e\xf6\xb7\x72\xc5\x1d\x44\x07\xfc\x23\x64\x28\xc5\xff\x56\xe6\xff\x47\xba\x29\xbd\xbf\x5d\xac\x50\xb0\x8e\x5c\x71\x07\xd3\x01\xff\x08\x19\x4a\xf1\xbf\x8d\xf9\xff\x99\x6b\x5d\xed\xc5\xe7\x56\xbc\xde\x24\x57\xdc\x21\x74\xc0\x3f\x42\x86\x52\xfc\x6f\x67\xfe\x7f\x0d\x6e\x11\x54\x31\x66\xaf\x59\x61\xe5\x8a\xeb\x7f\x26\x10\xfc\x23\x64\x28\xc5\x7f\x10\xf3\xff\xfb\xdb\xc9\x1a\x53\x3b\xdf\xef\x9e\x4a\xae\xb8\xc3\xe8\x80\x7f\x84\x0c\xa5\xf8\xdf\xc1\xfc\xff\x29\x17\x69\x6b\xe0\xfa\xcc\xc1\xe7\xc8\x15\x77\x38\x1d\xf0\x8f\x90\xa1\x14\xff\x3b\x99\xff\xbf\xb5\xb2\x4f\xc9\x5c\x32\x43\xfa\x5f\x72\xc5\x1d\x41\x07\xfc\x23\x64\x28\xc5\xff\x2e\xe6\xff\xdf\xa3\xf7\xdd\x0e\x4c\xf9\x53\xb3\xbc\x5c\x71\x47\xd2\x01\xff\x08\x19\x4a\xf1\xbf\xfb\xff\xfc\xbb\xc1\x0e\xd6\x4e\xb0\xf8\x73\xf3\xad\x0d\xe5\x8a\x3b\x8a\x0e\xf8\x47\xc8\x50\x8a\xff\x3d\xcc\x7f\xf0\x1e\x73\x7e\x57\x4c\xb9\xf5\xd0\x15\xb9\xe2\x8e\xa6\x03\xfe\x11\x32\x94\xe2\x7f\x2f\xf3\x1f\xa2\xcd\xb2\x3b\xa1\xb2\x55\x6e\x9f\x57\xae\xb8\x63\xe8\x80\x7f\x84\x0c\xa5\xf8\xdf\xc7\xfc\x87\xbc\xda\xb0\xc0\xb7\x17\x03\xe2\x8f\x94\x2b\xee\x58\x3a\xe0\x1f\x21\x43\x29\xfe\xf7\x33\xff\xa1\x8e\x76\x4b\x50\x68\xa4\xf3\x79\xb9\x5c\x71\xc7\xd1\x01\xff\x08\x19\x4a\xf1\x7f\x80\xf9\x0f\xdd\x67\xc3\xef\x4d\xd5\x8e\x0f\x8a\x21\x57\xdc\xf1\x74\xc0\x3f\x42\x86\x52\xfc\x1f\x64\xfe\xc3\xb4\x18\x75\xe7\x69\xe1\xd3\xb7\x67\xc8\x15\xd7\xff\x4c\x70\xf8\x47\xc8\x50\x8a\xff\x43\xcc\x7f\xd8\x8b\x65\x0b\xc4\x9e\x97\x60\x55\x3a\xb9\xe2\x4e\xa4\x03\xfe\x11\x32\x94\xe2\xff\x30\xf3\x1f\xae\xc3\xb8\xcb\xe3\xff\x0e\x29\x11\x52\xae\xb8\x93\xe8\x80\x7f\x84\x0c\xa5\xf8\x3f\xc2\xfc\x87\x3f\x59\x32\x7b\x9f\x80\xea\x99\xb6\xc9\x15\x77\x32\x1d\xf0\x8f\x90\xa1\x14\xff\x47\x99\xff\x08\x77\x3b\xc5\x4d\x59\x60\xe3\xdc\x06\x72\xc5\x9d\x42\x07\xfc\x23\x64\x28\xc5\xff\x31\xe6\x3f\x62\xd3\x2d\x5f\x6e\x3d\x6a\xf2\xea\xa5\x5c\x71\xa7\xd2\x01\xff\x08\x19\x4a\xf1\x7f\x9c\xf9\x8f\x14\x2d\x8e\x93\x60\xf0\x8f\x30\x87\xe5\x8a\x3b\x8d\x0e\xf8\x47\xc8\x50\x8a\xff\x13\xcc\x7f\xe4\x55\xe7\xbf\xbf\x69\x90\xa6\x43\x47\xb9\xe2\x4e\xa7\x03\xfe\x11\x32\x94\xe2\xff\x24\xf3\x1f\x65\xef\xcb\x1b\x3b\x82\xb2\x37\x88\x23\x57\x5c\xff\xef\x04\xc0\x3f\x42\x86\x52\xfc\x9f\x62\xfe\xa3\x86\x4a\x9b\xa7\x74\xd3\xc7\xa9\x16\xcb\x15\x77\x26\x1d\xf0\x8f\x90\xa1\x14\xff\xa7\x99\xff\x68\x47\xa3\x94\xa8\x1c\xaa\xdf\xe1\xb1\x72\xc5\x9d\x45\x07\xfc\x23\x64\x28\xc5\xff\x19\xe6\x3f\x7a\x9f\xe3\x4b\x17\x5e\x5f\xb3\x29\xa7\x5c\x71\x67\xd3\x01\xff\x08\x19\x4a\xf1\x7f\x96\xf9\x8f\xd1\xe2\xe3\x90\x2f\x47\xca\x24\xb8\x20\x57\x5c\xff\x33\x41\xe1\x1f\x21\x43\x29\xfe\xcf\x31\xff\x31\x2f\x66\x0d\x0c\x13\x7f\x66\x8b\xa6\x72\xc5\x9d\x4b\x07\xfc\x23\x64\x28\xc5\xff\x79\xe6\x3f\xd6\xc6\x63\xd1\xf6\xf6\x0c\x39\xb4\xb4\x5c\x71\xe7\xd1\x01\xff\x08\x19\x4a\xf1\x7f\x81\xf9\x8f\x1d\x31\xf8\xc7\x72\x4b\x2f\x7c\xfa\x27\x57\xdc\xf9\x74\xc0\x3f\x42\x86\x52\xfc\x5f\x64\xfe\xe3\x24\xcc\x73\x29\x7e\x8d\x88\x39\xeb\xcb\x15\x77\x01\x1d\xf0\x8f\x90\xa1\x14\xff\x97\x98\xff\xb8\x4b\xff\x64\x7a\x39\xfa\x46\xf9\x57\x72\xc5\x5d\x48\x07\xfc\x23\x64\x28\xc5\xff\x65\xe6\x3f\x5e\xd8\x02\x37\x3b\xbc\x2a\xb2\xf8\x88\x5c\x71\x17\xd1\x01\xff\x08\x19\x4a\xf1\x7f\x85\xf9\x8f\xbf\xe7\x47\xce\xc1\x39\x26\x5e\xe9\x20\x57\x5c\xff\xef\x04\xc2\x3f\x42\x86\x52\xfc\x5f\x65\xfe\x9d\x95\x87\xe2\x5f\x4b\xdd\xad\xe7\x4c\xb9\xe2\x2e\xa1\x03\xfe\x11\x32\x94\xe2\xff\x1a\xf3\xef\xc6\x0c\xfd\x2b\xe9\xd7\x25\x51\xd3\xca\x15\x77\x29\x1d\xf0\x8f\x90\xa1\x14\xff\xd7\x99\x7f\xaf\xf9\xf2\x58\x0f\xa6\xe5\x7f\x18\x42\xae\xb8\xcb\xe8\x80\x7f\x84\x0c\xa5\xf8\xbf\xc1\xfc\xfb\xee\x34\xfa\x1a\xa3\xf4\xeb\x29\xdb\xe5\x8a\xeb\x7f\x27\x08\xfc\x23\x64\x28\xc5\xff\x4d\xe6\x3f\xc1\x89\x3a\xd7\x8a\xaf\xfd\xb0\xeb\xbc\x5c\x71\x57\xd0\x01\xff\x08\x19\x4a\xf1\x7f\x8b\xf9\x4f\xd8\x79\x6e\xb6\xad\x1d\x93\x9c\x69\x26\x57\xdc\x95\x74\xc0\x3f\x42\x86\x52\xfc\xdf\x66\xfe\x13\x75\xe8\x17\xb8\x32\xfa\x8e\x44\x65\xe4\x8a\xbb\x8a\x0e\xf8\x47\xc8\x50\x8a\xff\x3b\xcc\x7f\xe2\x93\x41\x43\x6a\x9f\x69\x5d\xfd\xaf\x5c\x71\x57\xd3\x01\xff\x08\x19\x4a\xf1\x7f\x97\xf9\x0f\xb8\x3b\x68\x69\x94\xf3\x63\x7e\xc6\x95\x2b\xee\x1a\x3a\xe0\x1f\x21\x43\x29\xfe\xef\x31\xff\x49\x9a\x16\x2d\xf1\x27\x52\xfd\x31\x8b\xe4\x8a\xbb\x96\x0e\xf8\x47\xc8\x50\x8a\xff\xfb\xcc\x7f\xd2\x54\xb1\x42\xee\x6b\x73\xb8\xd1\x18\xb9\xe2\xae\xa3\x03\xfe\x11\x32\x94\xe2\xff\x01\xf3\x9f\x6c\xf2\xc5\x07\x65\x37\xc4\x89\x9b\x4b\xae\xb8\xeb\xe9\x80\x7f\x84\x0c\xa5\xf8\x7f\xc8\xfc\x27\x1f\xfe\x7c\x7f\xbc\xe5\x31\x4a\x6d\x96\x2b\xee\x06\x3a\xe0\x1f\x21\x43\x29\xfe\x1f\x31\xff\x29\xf2\xa5\x0f\x78\xd5\x7b\x7f\x81\x30\x72\xc5\xdd\x48\x07\xfc\x23\x64\x28\xc5\xff\x63\xe6\x3f\xe5\xfc\xd7\x27\x3a\xba\xb5\x2f\xa6\x94\x2b\xee\x26\x3a\xe0\x1f\x21\x43\x29\xfe\x9f\x30\xff\xa9\x92\xa5\x4e\x33\xe8\xd8\x88\x25\x73\xe5\x8a\xeb\xff\x9e\x00\xfe\x11\x32\x94\xe2\xff\x29\xf3\x9f\x3a\x53\xb4\x08\x57\x6f\xb6\x0f\xd7\x45\xae\xb8\x5b\xe8\x80\x7f\x84\x0c\xa5\xf8\x7f\xc6\xfc\xa7\x19\x7d\xf5\x79\xb2\x30\x7b\xfa\x1d\x90\x2b\xee\x56\x3a\xe0\x1f\x21\x43\x29\xfe\x9f\x33\xff\x69\xff\x75\x09\x7b\x3f\x30\xc5\xe4\x77\x72\xc5\xdd\x46\x07\xfc\x23\x64\x28\xc5\xff\x0b\xe6\x3f\x5d\xb1\x4d\x4f\x62\xee\xfc\xf2\xa4\xb6\x5c\x71\xfd\xcf\x04\x80\x7f\x84\x0c\xa5\xf8\x7f\xc9\xfc\xa7\xaf\x34\xe2\x70\x89\x7a\xcf\x4f\xe6\x93\x2b\x6e\x10\x1d\xf0\x8f\x90\xa1\x14\xff\xaf\x98\xff\x0c\xaf\xca\x27\xdf\x32\x30\xf7\xee\x11\x72\xc5\xdd\x41\x07\xfc\x23\x64\x28\xc5\xff\x6b\xe6\x3f\x63\xaa\x36\xb5\xd7\x3c\x58\x50\x69\x99\x5c\x71\x77\xd2\x01\xff\x08\x19\x4a\xf1\xff\x86\xf9\xcf\x34\x79\x55\x50\x83\x7c\x9d\x52\xc4\x94\x2b\xee\x2e\x3a\xe0\x1f\x21\x43\x29\xfe\xdf\x32\xff\x99\x87\x4f\x98\x19\x31\xd1\xd4\xd1\x3f\xe5\x8a\xbb\x9b\x0e\xf8\x47\xc8\x50\x8a\xff\x77\xcc\x7f\x96\x7c\xd5\x7b\x7f\xff\x5d\xe2\x4f\x05\xb9\xe2\xee\xa1\x03\xfe\x11\x32\x94\xe2\xff\x3d\xf3\x9f\xb5\xfe\xd2\xc8\x05\xe7\xdc\x89\xd6\x48\xae\xb8\x7b\xe9\x80\x7f\x84\x0c\xa5\xf8\xff\xc0\xfc\x67\x7b\xdc\xe4\xdd\xe6\x82\x51\x03\x2f\xcb\x15\x77\x1f\x1d\xf0\x8f\x90\xa1\x14\xff\x1f\x99\xff\xec\xef\x6b\x9d\x7d\xd6\x67\xc8\x87\x8b\x72\xc5\xdd\x4f\x07\xfc\x23\x64\x28\xc5\xff\x27\xe6\x3f\x47\xe9\xf9\x69\x63\x2d\xa8\x3e\xbc\xb9\x5c\x71\xfd\x9f\x09\x80\x7f\x84\x0c\xa5\xf8\xff\xcc\xfc\xe7\x7c\x5e\xef\xd8\xb8\xfd\xa7\x5b\x95\x92\x2b\xee\x41\x3a\xe0\x1f\x21\x43\x29\xfe\xbf\x30\xff\xb9\x2a\xcf\x4e\xd6\xd7\x4b\xe0\xfd\x96\x2b\xee\x21\x3a\xe0\x1f\x21\x43\x29\xfe\xbf\x32\xff\xb9\x8b\x2f\x0c\x95\x2a\xf8\x8f\x0d\xb1\xe5\x8a\x7b\x98\x0e\xf8\x47\xc8\x50\x8a\xff\x6f\xcc\x7f\x9e\xdf\xcd\x9f\xde\xbc\x93\xe6\xe8\x02\xb9\xe2\x1e\xa1\x03\xfe\x11\x32\x94\xe2\xff\x3b\xf3\x9f\x77\xc4\x91\xf0\x09\xf7\x6c\x4c\x33\x4e\xae\xb8\x47\xe9\x80\x7f\x84\x0c\xa5\xf8\xff\xc1\xfc\xe7\xcb\x1c\xf2\xd5\xeb\x46\x4d\xea\xe5\x91\x2b\xee\x31\x3a\xe0\x1f\x21\x43\x29\xfe\x7f\x32\xff\xf9\x93\xe7\x3a\x19\x34\xac\x5f\xa7\xba\x72\xc5\x3d\x4e\x07\xfc\x23\x64\x28\xc5\xff\x2f\xe6\xbf\xc0\x9c\x7f\x29\xcb\xd4\x5e\x13\xea\x85\x5c\x71\x4f\xd0\x01\xff\x08\x19\x4a\xf1\xff\x9b\xf9\x2f\x78\xec\x5d\x92\x04\xb9\xb3\xbf\x38\x26\x57\xdc\x93\x74\xc0\x3f\x42\x86\x52\xfc\xff\x61\xfe\x0b\xf5\x4d\x75\xe0\xcd\xd3\xc7\xf3\x3b\xc9\x15\xf7\x14\x1d\xf0\x8f\x90\xa1\x14\xff\x7f\x99\xff\xc2\x2d\x63\xde\xdf\xf1\x2b\x64\x96\xd9\x72\xc5\x3d\x4d\x07\xfc\x23\x64\x28\xc5\xff\x3f\xe6\xbf\xc8\xa5\x2b\x21\x4a\xa7\xb8\x50\x2c\xbd\x5c\x71\xcf\xd0\x01\xff\x08\x19\xea\x7f\xfb\x8f\x13\x8c\xf9\x2f\x3a\xf9\x44\xb6\x6e\x25\xca\xac\xf8\x8f\x15\xf7\x2c\x1d\xf0\x8f\x90\xa1\x14\xff\xc1\x99\xff\x62\xa9\xa2\x5e\x1b\x3a\x7b\xe6\xdd\xad\x72\xc5\x3d\x47\x07\xfc\x23\x64\x28\xc5\x7f\x08\xe6\xbf\x78\xbe\x6c\x5f\x2f\x8c\x99\x3b\xa0\x80\x5c\x71\xcf\xd3\x01\xff\x08\x19\x4a\xf1\x1f\x92\xf9\x2f\x31\xfc\x53\xac\x80\x8a\x15\xbe\x8e\x92\x2b\xee\x05\x3a\xe0\x1f\x21\x43\x29\xfe\x43\x31\xff\x25\x93\x65\xfa\x17\x94\xf1\x8a\xbb\x44\xae\xb8\xfe\x67\x02\xc1\x3f\x42\x86\x52\xfc\x87\x66\xfe\x4b\xcd\xff\xe6\x2b\xf3\x3a\x6c\xdb\xe8\x72\xc5\xbd\x44\x07\xfc\x23\x64\x28\xc5\x7f\x18\xe6\xbf\xf4\xe8\x33\x79\x13\x7e\xb8\x7f\xe0\xbb\x5c\x71\xfd\xcf\x04\x85\x7f\x84\x0c\xa5\xf8\x0f\xcb\xfc\x97\xc9\x14\xf1\xee\xeb\x74\x99\xb7\x97\x93\x2b\xee\x15\x3a\xe0\x1f\x21\x43\x29\xfe\xc3\x31\xff\x65\x8b\xad\xcc\x94\xaa\xdc\x8a\xda\x4d\xe4\x8a\x7b\x95\x0e\xf8\x47\xc8\x50\x8a\xff\xf0\xcc\x7f\xb9\x7f\xed\x2f\xdd\x9c\xd8\x2b\xed\x55\xb9\xe2\x5e\xa3\x03\xfe\x11\x32\x94\xe2\x3f\x02\xf3\x5f\xfe\x55\xb5\x8f\xe3\xba\x35\x0f\xb9\x51\xae\xb8\xd7\xe9\x80\x7f\x84\x0c\xa5\xf8\x8f\xc8\xfc\x57\xa8\x34\x39\x5a\xdf\x55\x5b\xbb\x86\x92\x2b\xee\x0d\x3a\xe0\x1f\x21\x43\x29\xfe\x23\x31\xff\x15\x27\x6f\x6c\xd3\xec\x64\x86\x19\xa9\xe5\x8a\x7b\x93\x0e\xf8\x47\xc8\x50\x8a\xff\xc8\xcc\x7f\xa5\x54\xdd\xc7\x4d\x8b\xf3\xe7\xed\x7c\xb9\xe2\xde\xa2\x03\xfe\x11\x32\x94\xe2\x3f\x0a\xf3\x5f\x39\x5f\xb9\xf5\x07\x23\x3a\x85\xbb\xc9\x15\xf7\x36\x1d\xf0\x8f\x90\xa1\x14\xff\x51\x99\xff\x2a\xc3\x47\x97\xcb\x74\xed\x78\xd6\x43\x72\xc5\xbd\x43\x07\xfc\x23\x64\x28\xc5\x7f\x34\xe6\xbf\xea\xe3\x1e\x79\x46\x6e\xaf\x7c\xe3\x8d\x5c\x71\xef\xd2\x01\xff\x08\x19\x4a\xf1\x1f\x9d\xf9\xaf\x56\x7f\xef\x8d\x5e\xad\x07\xac\xaf\x29\x57\xdc\x7b\x74\xc0\x3f\x42\x86\x52\xfc\xc7\x60\xfe\xab\x97\x1e\xf2\x3d\xfd\xcc\xda\x4d\x7f\xc8\x15\xf7\x3e\x1d\xf0\x8f\x90\xa1\x14\xff\x31\x99\xff\x1a\xef\x0b\x3b\x77\x8a\x8d\x88\x51\x56\xae\xb8\x0f\xe8\x80\x7f\x84\x0c\xa5\xf8\x8f\xc5\xfc\xd7\xac\x3c\xe0\x43\x89\x64\x31\xfe\x35\x96\x2b\xee\x43\x3a\xe0\x1f\x21\x43\x29\xfe\x63\x33\xff\xb5\x9e\x17\x8f\xb9\xe5\xc7\xfe\x91\xd7\xe4\x8a\xfb\x88\x0e\xf8\x47\xc8\x50\x8a\xff\x38\xcc\x7f\xed\xdf\x7d\x32\xdf\x7f\x9c\x22\x59\x7e\xb9\xe2\x3e\xa6\x03\xfe\x11\x32\x94\xe2\x3f\x2e\xf3\x5f\xa7\xf8\xce\xf3\x31\x73\x7e\xa9\x32\x5a\xae\xb8\x4f\xe8\x80\x7f\x84\x0c\xa5\xf8\x8f\xc7\xfc\xd7\xcd\x1c\xaf\xc0\xd5\x9a\xed\xf7\x2e\x95\x2b\xee\x53\x3a\xe0\x1f\x21\x43\x29\xfe\xe3\x33\xff\xf5\x46\xdc\xbd\x93\x6c\xc8\x9e\xe3\xd1\xe4\x8a\xfb\x8c\x0e\xf8\x47\xc8\x50\x8a\x7f\x87\xf9\xaf\x3f\xe7\xf1\xef\x8e\x4d\x16\x3c\xeb\x2e\x57\xdc\xe7\x74\xc0\x3f\x42\x86\x52\xfc\xbb\xcc\x7f\x83\xe4\x01\x09\x06\xed\xeb\x34\xf1\xa0\x5c\x71\x5f\xd0\x01\xff\x08\x19\x4a\xf1\xef\x31\xff\x0d\x93\x1d\x28\x37\xef\xde\xf3\x3e\xaf\xe5\x8a\xfb\x92\x0e\xf8\x47\xc8\x50\x8a\x7f\x1f\xf3\xdf\x68\x7e\xd8\xf5\x6d\x43\xe6\x8e\x50\x4b\xae\xb8\xaf\xe8\x80\x7f\x84\x0c\xa5\xf8\x4f\xc0\xfc\x37\x1e\x9d\x6f\x5c\xae\x04\x77\x96\x6d\x90\x2b\xae\xff\xef\x04\xf0\x8f\x90\xa1\x14\xff\x09\x99\xff\x26\x99\x7e\xb5\x39\x79\x30\xea\xf9\xd0\x72\xc5\xf5\x7f\x26\x18\xfe\x11\x32\x94\xe2\x3f\x11\xf3\xdf\xb4\xcf\xea\x94\x23\x16\x4d\xcd\x97\x46\xae\xb8\x6f\xe9\x80\x7f\x84\x0c\xa5\xf8\x4f\xcc\xfc\x37\x3b\xda\xf6\x64\xef\x7e\x25\xca\xcc\x93\x2b\xee\x3b\x3a\xe0\x1f\x21\x43\x29\xfe\x03\x98\xff\xc0\x8b\x35\x5e\x65\x68\x59\x24\x76\x2c\xb9\xe2\xbe\xa7\x03\xfe\x11\x32\x94\xe2\x3f\x09\xf3\xdf\xbc\xc5\xc4\xf0\xb7\xb7\x4e\x6c\xb2\x50\xae\xb8\x1f\xe8\x80\x7f\x84\x0c\xa5\xf8\x4f\xca\xfc\xb7\x38\x59\xe5\x61\xf1\x2b\x11\xc7\x8d\x97\x2b\xee\x47\x3a\xe0\x1f\x21\x43\x29\xfe\x93\x31\xff\x2d\x3b\x4c\x0d\xb6\x35\xfc\x8d\xef\xb9\xe5\x8a\xfb\x89\x0e\xf8\x47\xc8\x50\x8a\xff\xe4\xcc\x7f\xab\xa6\xeb\x13\x3f\x88\x95\xbf\xea\x25\xb9\xe2\x7e\xa6\x03\xfe\x11\x32\x94\xe2\x3f\x05\xf3\xdf\xfa\x6e\xcb\x43\x31\x8e\xbf\x0e\x08\x94\x2b\xee\x17\x3a\xe0\x1f\x21\x43\x29\xfe\x53\x32\xff\x6d\x56\x9d\x4a\x7b\x6d\x45\xb7\x73\x25\xe5\x8a\xfb\x95\x0e\xf8\x47\xc8\x50\x8a\xff\x54\xcc\x7f\xdb\x68\x91\xcf\x26\xed\xb2\x64\xc7\x1f\xb9\xe2\x7e\xa3\x03\xfe\x11\x32\x94\xe2\x3f\x35\xf3\xdf\x2e\x54\x8e\x77\x1d\x26\xef\x98\x36\x4b\xae\xb8\xdf\xe9\x80\x7f\x84\x0c\xa5\xf8\x4f\xc3\xfc\xb7\xdf\xfb\x21\xf2\xe0\x0a\xad\xef\x67\x90\x2b\xae\xff\x9d\x20\xf0\x8f\x90\xa1\x14\xff\x69\x99\xff\x0e\x7d\x2e\x75\x9c\x9d\xe1\x43\xe4\xe0\x72\xc5\xfd\x49\x07\xfc\x23\x64\x28\xc5\x7f\x3a\xe6\xbf\xe3\xd1\xd8\x93\x5b\x7c\x4a\xd2\x7b\x8b\x5c\x71\x7f\xd1\x01\xff\x08\x19\x4a\xf1\x9f\x9e\xf9\xef\x74\x31\xc3\xa6\xbc\x6f\x0f\x5f\xab\x27\x57\xdc\xdf\x74\xc0\x3f\x42\x86\x52\xfc\x67\x60\xfe\x3b\xb7\x78\x51\xf1\x5c\xe6\x38\x0b\x9f\xcb\x15\xd7\xff\x6f\x02\xf0\x8f\x90\xa1\x14\xff\x19\x99\xff\x2e\x11\x9d\xe4\xdd\x2b\x8f\x29\x7b\x54\xae\xb8\x7f\xe9\x80\x7f\x84\x0c\xa5\xf8\xcf\xc4\xfc\x77\xdd\x78\xfb\xf0\x90\x71\xf5\x73\x77\x96\x2b\xee\x3f\x3a\xe0\x1f\x21\x43\x29\xfe\x33\x33\xff\xdd\x96\x3e\x7d\x72\x7e\x43\xa8\xaf\xff\xf1\xfc\x3f\xcf\x7f\xc0\x3f\x42\x86\x52\xfc\x67\x61\xfe\xbb\x27\x4c\x14\x36\x49\x9b\xab\x03\xfe\xe3\xf9\x7f\x9e\xff\xdf\x04\xe1\x1f\x21\x43\x29\xfe\xb3\x32\xff\x3d\xf6\x3c\x7c\xbd\x23\x52\xd9\xb6\xff\xf1\xfc\x3f\x2f\x04\x1d\xf0\x8f\x90\xa1\x14\xff\xd9\x98\xff\x9e\x61\x93\x46\x29\x7d\x7e\x9e\xfb\x1f\xcf\xff\xf3\x42\xd2\x01\xff\x08\x19\x4a\xf1\x9f\x9d\xf9\xef\x15\x33\x41\x86\x04\x67\x7a\x6e\xff\x8f\xf7\xff\x79\xa1\xe8\x80\x7f\x84\x0c\xa5\xf8\xcf\xc1\xfc\xf7\x5e\x79\xfd\xcc\x9b\xe8\xab\x0f\xfc\xc7\xfb\xff\x3c\xff\xcf\x04\xe0\x1f\x21\x43\x29\xfe\x73\x32\xff\x7d\xee\xf4\x0a\x48\xd9\x31\x53\xda\xff\x78\xff\x9f\x17\x86\x0e\xf8\x47\xc8\x50\x8a\xff\x5c\xcc\x7f\xdf\xe6\xbb\xf7\xdf\x5a\xfb\xa8\xf6\x7f\xbc\xff\xcf\x0b\x4b\x07\xfc\x23\x64\x28\xc5\x7f\x6e\xe6\xbf\x5f\xe7\x61\x0f\xc6\x97\xfe\xdb\x35\xbf\x5c\xf1\xfc\x5f\x0f\xff\x08\x19\x4a\xf1\x9f\x87\xf9\xef\x7f\xa2\x60\xc8\x3e\xd3\xd2\x86\x1c\x2d\x57\xbc\xf0\x74\xc0\x3f\x42\x86\x52\xfc\xe7\x65\xfe\x07\x24\xd9\x16\xb4\xeb\xeb\xb6\xb7\x4b\xe5\x8a\x17\x81\x0e\xf8\x47\xc8\x50\x8a\xff\x7c\xcc\xff\xc0\x99\x1d\x6a\x97\x4c\xdd\x74\x46\x34\xb9\xe2\x45\xa4\x03\xfe\x11\x32\x94\xe2\x3f\x3f\xf3\x3f\x68\x6c\xe9\xde\x5e\x8e\xc1\x59\x7f\xc8\x15\x2f\x12\x1d\xf0\x8f\x90\xa1\x14\xff\x05\x98\xff\xc1\x39\xc6\xcc\x7c\xf7\xaa\x52\xe1\xb2\x72\xc5\x8b\x4c\x07\xfc\x23\x64\x28\xc5\x7f\x41\xe6\x7f\x48\x8a\x59\x41\xb5\x46\x9f\x5a\xdf\x58\xae\x78\x51\xe8\x80\x7f\x84\x0c\xa5\xf8\x2f\xc4\xfc\x0f\x9d\x5b\xb7\xf6\xaa\x1a\xf1\x6f\x5c\x93\x2b\x5e\x54\x3a\xe0\x1f\x21\x43\x29\xfe\x0b\x33\xff\xc3\x46\x06\xf6\xfe\x5b\xd0\x37\xfc\x3f\x9e\xff\xe7\xf9\x7f\x26\x08\xff\x08\x19\x4a\xf1\x5f\x84\xf9\x1f\x9e\x65\xc1\xcc\xc8\x73\xce\x7d\xf8\x8f\xe7\xff\x79\xd1\xe9\x80\x7f\x84\x0c\xa5\xf8\x2f\xca\xfc\x8f\x98\xd8\xb8\xd3\xf4\xdf\xd5\xbc\xff\x78\xfe\x9f\x17\x83\x0e\xf8\x47\xc8\x50\x8a\xff\x62\xcc\xff\xc8\x34\x4b\x26\x34\x4d\x34\xbc\xd5\x7f\x3c\xff\xcf\x8b\x49\x07\xfc\x23\x64\x28\xc5\x7f\x71\xe6\x7f\x54\x81\x79\x1b\x33\xe6\x6b\x78\xf4\x3f\xde\xff\xe7\xc5\xa2\x03\xfe\x11\x32\x94\xe2\xbf\x04\xf3\x3f\x7a\x68\xcd\x2a\x87\x1e\x6c\xda\xf0\x1f\xef\xff\xf3\x62\xd3\x01\xff\x08\x19\x4a\xf1\x5f\x92\xf9\x1f\xf3\xe1\xe7\xee\x30\x03\x53\xd6\xfb\x8f\xf7\xff\x79\x71\xe8\x80\x7f\x84\x0c\xa5\xf8\x2f\xc5\xfc\x8f\x2d\x93\xb7\xfe\x97\x7a\x3f\xd3\xfc\xc7\xfb\xff\xbc\xb8\x74\xc0\x3f\x42\x86\x52\xfc\x97\x66\xfe\xc7\x35\x08\xd3\x7f\xe1\xce\x67\xa1\x2e\xc9\x15\x2f\x1e\x1d\xf0\x8f\x90\xa1\x14\xff\x65\x98\xff\xf1\x4f\xf6\xcf\xad\x1c\x98\xad\x53\xa0\x5c\xf1\xe2\xd3\x01\xff\x08\x19\x4a\xf1\x5f\x96\xf9\x9f\x90\xe2\xe1\x83\xd2\x61\xd6\xcf\x2f\x29\x57\x3c\x87\x0e\xf8\x47\xc8\x50\x8a\xff\x72\xcc\xff\xc4\xb9\x49\x43\xee\xb8\xd9\xf7\xc5\x1f\xb9\xe2\xb9\x74\xc0\x3f\x42\x86\x52\xfc\x97\x67\xfe\x27\x8d\x4c\x10\xf0\xe6\xd8\xac\x62\xb1\xe4\x8a\xe7\x7f\x01\x20\xfc\x23\x64\x28\xc5\x7f\x05\xe6\x7f\x72\x96\xeb\xfb\x13\xb8\x25\xb3\x2c\x94\x2b\x9e\x8f\x0e\xf8\x47\xc8\x50\x8a\xff\x8a\xcc\xff\x94\x8a\x69\xb6\x2d\xeb\x7d\xf1\xee\x78\xb9\xe2\x25\xa0\x03\xfe\x11\x32\x94\xe2\xbf\x12\xf3\x3f\xf5\xe5\x9b\xaa\xd5\x96\x07\x5b\x91\x5b\xae\x78\x09\xe9\x80\x7f\x84\x0c\xa5\xf8\xaf\xcc\xfc\x4f\xfb\x7b\xad\x6b\xf0\x6a\x37\x9b\xcc\x96\x2b\x9e\xff\x6b\xe0\x1f\x21\x43\x29\xfe\xab\x30\xff\xd3\x8b\x46\x9f\xfe\x71\x64\xb8\xd8\xe9\xe5\x8a\x97\x98\x0e\xf8\x47\xc8\x50\x8a\xff\xaa\xcc\xff\x8c\xa7\x97\xfa\xb4\x78\x31\xe9\xfb\x7f\xac\x78\x01\x74\xc0\x3f\x42\x86\x52\xfc\x57\x63\xfe\x67\xd6\x8d\x3d\x6f\x76\xb6\x82\xe3\xb6\xca\x15\x2f\x09\x1d\xf0\x8f\x90\xa1\x14\xff\xd5\x99\xff\x59\x25\x33\xec\x3b\x97\x72\x79\x40\x5d\xb9\xe2\x25\xa5\x03\xfe\x11\x32\x94\xe2\xbf\x06\xf3\x3f\xfb\xe3\x8b\x7a\x79\x3f\x77\xad\xfa\x42\xae\x78\xc9\xe8\x80\x7f\x84\x0c\xa5\xf8\xaf\xc9\xfc\xcf\x19\x56\x66\xd3\x8f\x29\xef\x76\x1c\x93\x2b\x5e\x72\x3a\xe0\x1f\x21\x43\x29\xfe\x6b\x31\xff\x73\xf3\x8e\xad\x18\xa1\x64\xbe\x73\x9d\xe4\x8a\x97\x82\x0e\xf8\x47\xc8\x50\x8a\xff\xda\xcc\xff\xbc\x94\xdb\x3b\xd6\x5f\x9f\xe8\x7e\x6c\xb9\xe2\xa5\xa4\x03\xfe\x11\x32\x94\xe2\xbf\x0e\xf3\x3f\x7f\x52\xc7\xc9\x6b\x3b\x7f\x9c\xb6\x40\xae\x78\xa9\xe8\x80\x7f\x84\x0c\xa5\xf8\xaf\xcb\xfc\x2f\x98\x38\x69\xff\xc6\x98\x2d\x7a\x8f\x93\x2b\x5e\x6a\x3a\xfe\xd3\xff\xbf\x7f\xff\xfe\xfd\xff\xfd\x5f\x8d\x10\xfa\xff\x91\xe2\xbf\x1e\xf3\xbf\x30\x4d\xd5\x80\xc2\xe7\x76\x46\xce\x23\x57\xbc\x34\x74\xe0\xff\xff\x11\x32\x94\xe2\xbf\x3e\xf3\xbf\xa8\x40\xbb\x90\x71\x2e\xd6\x5b\x78\x51\xae\x78\x69\xe9\x80\x7f\x84\x0c\xa5\xf8\x6f\xc0\xfc\x2f\x1e\xba\xe2\xc1\x93\x28\xe3\xaf\x35\x97\x2b\x5e\x3a\x3a\xe0\x1f\x21\x43\x29\xfe\x1b\x32\xff\x4b\x8e\x7f\x5f\xba\xbc\x5d\xec\xdc\xa5\xe4\x8a\xe7\xff\x4c\x10\xfc\x23\x64\x28\xc5\x7f\x23\xe6\x7f\x69\xa7\xfc\x25\xaa\x6e\x3a\x56\xf6\xb7\x5c\xf1\xfc\xef\x04\x82\x7f\x84\x0c\xa5\xf8\x6f\xcc\xfc\x2f\x0b\x0c\x15\x18\x6c\xe9\xa1\x18\xdd\xe4\x8a\x97\x91\x0e\xf8\x47\xc8\x50\x8a\xff\x26\xcc\xff\xf2\xdb\x07\x87\x7c\xea\x19\xbd\xe9\x21\xb9\xe2\x65\xa2\x03\xfe\x11\x32\x94\xe2\xbf\x29\xf3\xbf\xa2\x5f\xb0\xf6\x2d\xe3\x8f\x1e\xf9\x46\xae\x78\x99\xe9\x80\x7f\x84\x0c\xa5\xf8\x6f\xc6\xfc\xaf\x3c\x7c\x74\xec\xac\x23\xb5\xfe\xd5\x94\x2b\x5e\x16\x3a\xe0\x1f\x21\x43\x29\xfe\x03\x99\xff\x55\xe7\x7f\xaf\x39\x7b\x7d\x6f\x95\x8d\x72\xc5\xcb\x4a\x07\xfc\x23\x64\x28\xc5\x7f\x73\xe6\x7f\x75\xab\xdc\xe5\xf3\x85\x6a\x93\x2c\x94\x5c\xf1\xb2\xd1\x01\xff\x08\x19\x4a\xf1\xdf\x82\xf9\x5f\x93\x60\xc6\xc2\xef\x4d\xbf\x1e\x4f\x2d\x57\xbc\xec\x74\xc0\x3f\x42\x86\x52\xfc\xb7\x64\xfe\xd7\x2e\xa9\x5f\x24\x62\x50\xd2\xbd\xf3\xe5\x8a\x97\x83\x0e\xf8\x47\xc8\x50\x8a\xff\x56\xcc\xff\xba\x0d\x4d\x1b\x37\x68\x90\x6b\xe2\x7f\x3c\x00\xd8\xcb\x49\x07\xfc\x23\x64\x28\xc5\x7f\x6b\xe6\x7f\x7d\x84\x45\x03\xd6\x0c\x7e\xf5\xac\x9c\x5c\xf1\x72\xd1\x01\xff\x08\x19\x4a\xf1\xdf\x86\xf9\xdf\x70\x7c\xc0\xef\x2d\x8f\x3a\x46\x68\x22\x57\x3c\xff\x3b\xc1\xe0\x1f\x21\x43\x29\xfe\xdb\x32\xff\x1b\x3b\x15\x4f\x50\xa2\xc0\xe2\x3e\x57\xe5\x8a\xe7\x7f\x26\x00\xfc\x23\x64\x28\xc5\x7f\x3b\xe6\x7f\x53\x60\x9f\x02\x31\x03\x8a\x9e\x2f\x20\x57\xbc\xbc\x74\xc0\x3f\x42\x86\x52\xfc\xb7\x67\xfe\x37\xdf\xde\x79\xe7\xfe\xdf\x69\xcb\x46\xc9\x15\x2f\x1f\x1d\xf0\x8f\x90\xa1\x14\xff\x1d\x98\xff\x2d\xfb\x4a\xad\xae\x39\x2f\x52\x99\x25\x72\xc5\xcb\x4f\x07\xfc\x23\x64\x28\xc5\x7f\x47\xe6\x7f\x6b\xe8\xf1\xa5\x56\x17\xbe\x9b\x2f\xba\x5c\xf1\xfc\xdf\x13\xc0\x3f\x42\x86\x52\xfc\x77\x62\xfe\xb7\x45\xdf\xda\xe2\x5f\xbf\x6a\xab\xe2\xca\x15\xaf\x20\x1d\xf0\x8f\x90\xa1\x14\xff\x9d\x99\xff\xed\xab\x3b\x8f\x8a\xb4\x68\xf8\xed\x45\x72\xc5\x2b\x44\x07\xfc\x23\x64\x28\xc5\x7f\x17\xe6\x3f\x28\xfc\xc6\x46\xd3\x0e\xfa\x32\x8d\x91\x2b\x5e\x61\x3a\xe0\x1f\x21\x43\x29\xfe\xbb\x32\xff\x3b\x36\x77\x1f\xdc\x2c\xc1\xb9\x12\xb9\xe4\x8a\x57\x84\x0e\xf8\x47\xc8\x50\x8a\xff\x6e\xcc\xff\xce\xe5\xe5\x16\x65\x0a\x99\xf2\xd5\x79\xb9\xe2\x15\xa5\x03\xfe\x11\x32\x94\xe2\xbf\x3b\xf3\xbf\xcb\x37\xba\xe0\xc1\x7b\x3f\xe7\x36\x93\x2b\x5e\x31\x3a\xe0\x1f\x21\x43\x29\xfe\x7b\x30\xff\xbb\x5b\xa6\x5a\x1f\x76\x5f\xc3\x0e\x65\xe4\x8a\x57\x9c\x0e\xf8\x47\xc8\x50\x8a\xff\x9e\xcc\xff\x9e\x4b\xef\xca\x7d\x6e\xb2\x29\xcc\x5f\xb9\xe2\xf9\xdd\xc3\x3f\x42\x86\x52\xfc\xf7\x62\xfe\xf7\x1e\xbb\xd2\x66\xc1\x90\xf5\xa9\x66\xca\x15\xaf\x24\x1d\xf0\x8f\x90\xa1\x14\xff\xbd\x99\xff\x7d\x7d\x63\x8e\xab\x52\xb3\x6f\x83\xb4\x72\xc5\xf3\xbf\x13\x0c\xfe\x11\x32\x94\xe2\xbf\x0f\xf3\xbf\x3f\x79\xc8\xa1\x61\x72\x3e\xdb\x14\x42\xae\x78\xa5\xe9\x80\x7f\x84\x0c\xa5\xf8\xef\xcb\xfc\x1f\x98\x73\xa4\xf9\x97\xc7\xd9\x0e\x6f\x97\x2b\x9e\xff\x67\x82\xf0\x8f\x90\xa1\x14\xff\xfd\x98\xff\x83\x23\xfe\x15\x5f\xf8\xe3\x62\x8b\xfa\x72\xc5\x2b\x4b\x07\xfc\x23\x64\x28\xc5\x7f\x7f\xe6\xff\x50\xe6\x5c\x4b\x2a\x27\x0b\x96\xe0\x95\x5c\xf1\xfc\xcf\x04\x84\x7f\x84\x0c\xa5\xf8\x1f\xc0\xfc\x1f\x9e\xb1\xb8\x7c\xa4\x62\xb3\x3e\x1d\x91\x2b\x5e\x79\x3a\xe0\x1f\x21\x43\x29\xfe\x07\x32\xff\x47\x02\x9a\xad\xf9\x37\xb3\xe4\xd0\x0e\x72\xc5\xab\x40\x07\xfc\x23\x64\x28\xc5\xff\x20\xe6\xff\x68\xf6\x06\x63\x57\x8f\x2b\x7b\xeb\xa7\x5c\xf1\x2a\xd2\x01\xff\x08\x19\x4a\xf1\x3f\x98\xf9\x3f\x36\x66\x66\xfb\x9a\x95\xe7\xad\xad\x20\x57\xbc\x4a\x74\xc0\x3f\x42\x86\x52\xfc\x0f\x61\xfe\x8f\xa7\xaf\x33\xe4\x60\xe6\x50\x05\x1b\xc9\x15\xaf\x32\x1d\xf0\x8f\x90\xa1\x14\xff\x43\x99\xff\x13\x53\xe6\x06\x66\x7a\x7b\x35\xfb\x65\xb9\xe2\x55\xa1\x03\xfe\x11\x32\x94\xe2\x7f\x18\xf3\x7f\x72\xc0\xf2\x12\xcd\x3e\x65\x9a\x95\x4f\xae\x78\x55\xe9\x80\x7f\x84\x0c\xa5\xf8\x1f\xce\xfc\x9f\xca\xdd\x68\xe9\xb4\x0c\x8f\x5e\x8f\x90\x2b\x5e\x35\x3a\xe0\x1f\x21\x43\x29\xfe\x47\x30\xff\xa7\xcb\x1f\x2a\x5d\xa5\x42\xcf\xe0\xcb\xe4\x8a\x57\x9d\x0e\xf8\x47\xc8\x50\x8a\xff\x91\xcc\xff\x99\xcf\xa1\x57\x2c\x98\xbc\xba\x7b\x4c\xb9\xe2\xd5\xa0\x03\xfe\x11\x32\x94\xe2\x7f\x14\xf3\x7f\xf6\x7e\x81\x91\x9f\xbb\x6c\xab\xd9\x45\xae\x78\x35\xe9\x80\x7f\x84\x0c\xa5\xf8\x1f\xcd\xfc\x9f\xab\xfd\xa3\x75\xd8\x15\x4d\xd3\x1f\x90\x2b\x5e\x2d\x3a\xe0\x1f\x21\x43\x29\xfe\xc7\x30\xff\xe7\x67\xdc\x8a\x9b\xf0\xf8\xdf\x43\xef\xe4\x8a\x57\x9b\x0e\xf8\x47\xc8\x50\x8a\xff\xb1\xcc\xff\x85\x00\xdf\x97\xd7\xb1\xd2\x6e\xad\x2d\x57\xbc\x3a\x74\xc0\x3f\x42\x86\x52\xfc\x8f\x63\xfe\x2f\x66\x4f\x71\x39\x28\xfc\xa9\xf8\x9b\xe5\x8a\x57\x97\x0e\xf8\x47\xc8\x50\x8a\xff\xf1\xcc\xff\xa5\x31\x0f\xb2\x97\xb9\x12\xbf\x7d\x18\xb9\xe2\xd5\xa3\x03\xfe\x11\x32\x94\xe2\x7f\x02\xf3\x7f\xf9\x5d\x8c\x82\x9f\xb6\x0e\x1e\x94\x52\xae\x78\xfe\x67\x02\xc1\x3f\x42\x86\x52\xfc\x4f\x64\xfe\xaf\x54\xbb\xbc\x28\x58\xcb\x4a\x9f\xe7\xca\x15\xaf\x01\x1d\xf0\x8f\x90\xa1\x14\xff\x93\x98\xff\xab\x85\xde\x0e\xae\x3a\x7b\x74\x81\xbc\x72\xc5\x6b\x48\x07\xfc\x23\x64\x28\xc5\xff\x64\xe6\xff\xda\xaf\x94\x8d\x96\x97\xa8\x55\x6a\xa4\x5c\xf1\xfc\x9f\x09\x86\x7f\x84\x0c\xa5\xf8\x9f\xc2\xfc\x5f\xaf\xf5\x72\x54\xbe\x14\x87\x96\x2c\x97\x2b\x5e\x63\x3a\xe0\x1f\x21\x43\x29\xfe\xa7\x32\xff\x37\x1e\xa5\x6d\x71\xf6\x57\xf4\x8b\x31\xe4\x8a\xd7\x84\x0e\xf8\x47\xc8\x50\x8a\xff\x69\xcc\xff\xcd\x6f\x71\x4a\xcd\x7a\xfa\xb5\xdf\x2f\xb9\xe2\x35\xa5\x03\xfe\x11\x32\x94\xe2\x7f\x3a\xf3\x7f\xab\xdc\xf9\xd5\x2d\x73\x27\x0d\x57\x5e\xae\x78\xcd\xe8\x80\x7f\x84\x0c\xa5\xf8\x9f\xc1\xfc\xdf\xce\xd5\xa9\xe8\x9a\xda\x7b\x9f\x34\x94\x2b\x5e\x20\x1d\xf0\x8f\x90\xa1\x14\xff\x33\x99\xff\x3b\x83\xb7\x2c\x6b\x30\xac\xcd\xe4\x2b\x72\xc5\x6b\x4e\x07\xfc\x23\x64\x28\xc5\xff\x2c\xe6\xff\xee\xf4\x71\xc3\x23\x36\xea\xb8\x7b\x93\x5c\xf1\x5a\xd0\x01\xff\x08\x19\x4a\xf1\x3f\x9b\xf9\xbf\x97\xae\x64\xb3\xef\x7b\x16\x9f\x0c\x2b\x57\xbc\x96\x74\xc0\x3f\x42\x86\x52\xfc\xcf\x61\xfe\xef\xa7\x5f\x9d\xfd\xf1\x9d\x5c\x29\x52\xc9\x15\xaf\x15\x1d\xf0\x8f\x90\xa1\x14\xff\x73\x99\xff\x07\x53\xda\x5e\x8e\x1b\xfc\x55\xa5\x39\x72\xc5\x6b\x4d\x07\xfc\x23\x64\x28\xc5\xff\x3c\xe6\xff\xe1\x80\x1a\x5f\x8a\x78\x91\xfe\x74\x95\x2b\x5e\x1b\x3a\xe0\x1f\x21\x43\x29\xfe\xe7\x33\xff\x8f\x72\x4f\x8c\xbb\x61\xff\xdd\xd1\xfb\xe5\x8a\xd7\x96\x0e\xf8\x47\xc8\x50\x8a\xff\x05\xcc\xff\xe3\xee\x07\xaa\x7c\x5c\x50\x34\xf0\xad\x5c\xf1\xda\xd1\x01\xff\x08\x19\x4a\xf1\xbf\x90\xf9\x7f\x72\x26\xec\xc6\xe0\x7d\xa6\x45\xab\x23\x57\xbc\xf6\x74\xc0\x3f\x42\x86\x52\xfc\x2f\x62\xfe\x9f\xde\xc8\x37\xa1\x5a\xeb\x49\xe5\x2f\xc8\x15\xaf\x03\x1d\xf0\x8f\x90\xa1\x14\xff\x8b\x99\xff\x67\x4d\x7e\x75\x5a\xb6\xbd\x60\xce\xa6\x72\xc5\xeb\x48\x07\xfc\x23\x64\x28\xc5\xff\x12\xe6\xff\xf9\x81\x5c\x33\xf3\x5e\xbb\x79\xa5\xb4\x5c\xf1\x3a\xd1\x01\xff\x08\x19\x4a\xf1\xbf\x94\xf9\x7f\xd1\xfb\x5f\xef\x73\x11\xc3\x2d\xfe\x27\x57\xbc\xce\x74\xc0\x3f\x42\x86\x52\xfc\x2f\x63\xfe\x5f\xb6\x3f\x52\x7b\x76\x9c\x77\x51\xe3\xc8\x15\xcf\xff\x4e\x40\xf8\x47\xc8\x50\x8a\xff\xe5\xcc\xff\xab\x2b\x21\x83\x5a\x9c\xcc\xd7\x73\xb1\x5c\xf1\xfc\xbf\x13\x04\xff\x08\x19\x4a\xf1\xbf\x82\xf9\x7f\xbd\x70\x61\x8d\xb5\xab\x96\x4f\x19\x2b\x57\xbc\x6e\x74\xc0\x3f\x42\x86\x52\xfc\xaf\x64\xfe\xdf\xb8\xcd\xb7\xd6\xef\xd6\xf5\x61\x4e\xb9\xe2\x75\xa7\x03\xfe\x11\x32\x94\xe2\x7f\x15\xf3\xff\x36\x6a\xbd\x29\x11\x26\xb6\x38\xd3\x40\xae\x78\x3d\xe8\x80\x7f\x84\x0c\xa5\xf8\x5f\xcd\xfc\xbf\xdb\x3a\xbb\xdb\x8f\x72\x3b\x77\xbd\x94\x2b\x5e\x4f\x3a\xe0\x1f\x21\x43\x29\xfe\xd7\x30\xff\xef\xbb\xef\x88\xf0\x20\x5d\xa2\xea\x87\xe5\x8a\xd7\x8b\x0e\xf8\x47\xc8\x50\x8a\xff\xb5\xcc\xff\x87\x33\xfd\x9f\xc7\xf8\xf0\x31\x51\x47\xb9\xe2\xf5\xa6\x03\xfe\x11\x32\x94\xe2\x7f\x1d\xf3\xff\xf1\x46\xb1\x13\xc5\x5f\xc7\x1e\x33\x43\xae\x78\x7d\xe8\x80\x7f\x84\x0c\xa5\xf8\x5f\xcf\xfc\x7f\x6a\x32\x38\xcd\xd6\x8c\xc7\x7e\xa6\x93\x2b\x5e\x5f\x3a\xe0\x1f\x21\x43\x29\xfe\x37\x30\xff\x9f\x83\x75\xa8\x17\xb9\x62\xbd\xb8\x21\xe5\x8a\xd7\x8f\x0e\xf8\x47\xc8\x50\x8a\xff\x8d\xcc\xff\x97\x9d\xdb\xf6\xfd\x1d\x33\xbe\xd1\x36\xb9\xe2\xf5\xa7\x03\xfe\x11\x32\x94\xe2\x7f\x13\xf3\xff\x75\xdd\x98\x79\xab\x52\x95\xce\x15\x55\xae\x78\x03\xe8\x80\x7f\x84\x0c\xa5\xf8\xdf\xcc\xfc\x7f\x8b\x55\xba\x4f\xad\x2f\x33\x2a\xec\x94\x2b\xde\x40\x3a\xe0\x1f\x21\x43\x29\xfe\xb7\x30\xff\xdf\xb7\x8d\x98\x7e\x68\x6a\x88\x45\x53\xe4\x8a\x37\x88\x0e\xf8\x47\xc8\x50\x8a\xff\xad\xcc\xff\x8f\x48\xe5\xbb\x66\x2c\x75\xfe\x72\x62\xb9\xe2\x0d\xa6\x03\xfe\x11\x32\x94\xe2\x7f\x1b\xf3\xff\x33\x5e\x97\xaa\x4d\xab\xe6\xe8\x71\x5c\xae\x78\x43\xe8\x80\x7f\x84\x0c\xa5\xf8\xdf\xce\xfc\xff\x5a\xb4\x69\xdb\xf4\x11\x4f\xa2\xf4\x95\x2b\xde\x50\x3a\xe0\x1f\x21\x43\x29\xfe\x83\x98\xff\xdf\x57\xa3\xd5\xaa\xfc\xbc\xff\xa3\x2a\x72\xc5\x1b\x46\x07\xfc\x23\x64\x28\xc5\xff\x0e\xe6\xff\x4f\x9b\xab\xbb\x16\x66\x5d\x3b\xf5\xa9\x5c\xf1\x86\xd3\x01\xff\x08\x19\x4a\xf1\xbf\x93\xf9\xff\xdb\xe3\xf5\xac\x2f\x97\x36\xec\x1c\x28\x57\xbc\x11\x74\xc0\x3f\x42\x86\x52\xfc\xef\x62\xfe\xff\x1d\x4c\xdd\x23\x4c\xd4\xc6\xa7\xb3\xca\x15\x6f\x24\x1d\xf0\x8f\x90\xa1\x14\xff\xbb\xff\xcf\xbf\x17\x2c\xdb\x8d\x4f\x3d\xdb\x7f\x4f\xec\xc8\x15\x6f\x14\x1d\xf0\x8f\x90\xa1\x14\xff\x7b\x98\xff\xe0\xe3\x13\x46\x1f\xb5\x39\x75\x8d\xf5\x72\xc5\x1b\x4d\x07\xfc\x23\x64\x28\xc5\xff\x5e\xe6\x3f\xc4\xec\x64\x19\xef\xae\x3b\xf3\xab\xb8\x5c\xf1\xc6\xd0\x01\xff\x08\x19\x4a\xf1\xbf\x8f\xf9\x0f\x99\xf8\xd1\xc5\x74\x9d\x12\x8e\xfd\x24\x57\x3c\xff\x33\xc1\xe1\x1f\x21\x43\x29\xfe\xf7\x33\xff\xa1\x32\x7d\xf9\x34\x3b\xc6\xd0\x86\x77\xe4\x8a\x37\x8e\x0e\xf8\x47\xc8\x50\x8a\xff\x03\xcc\x7f\xe8\xd1\x59\xa2\xb7\x38\x5b\x23\x4e\x0b\xb9\xe2\x8d\xa7\x03\xfe\x11\x32\x94\xe2\xff\x20\xf3\x1f\x66\x7e\xf8\x8c\x79\x6f\x54\x29\xf9\x50\xae\x78\x13\xe8\x80\x7f\x84\x0c\xa5\xf8\x3f\xc4\xfc\x87\x4d\x76\xee\xe2\xb9\xd0\x03\xf3\xd7\x90\x2b\xde\x44\x3a\xe0\x1f\x21\x43\x29\xfe\x0f\x33\xff\xe1\x86\x47\xce\x55\xad\x99\x7b\xa9\xa7\x5c\xf1\x26\xd1\x01\xff\x08\x19\x4a\xf1\x7f\x84\xf9\x0f\x9f\xef\xd4\xad\x65\x3b\x4e\x2c\x3d\x2d\x57\xbc\xc9\x74\xc0\x3f\x42\x86\x52\xfc\x1f\x65\xfe\x23\xa4\xfa\xf0\xf3\xe3\x92\xf4\xe1\x93\xc9\x15\xcf\xff\x4c\x20\xf8\x47\xc8\x50\x8a\xff\x63\xcc\x7f\xc4\xc9\x39\xe2\x05\xef\xf1\xbb\xff\x04\xb9\xe2\x4d\xa5\x03\xfe\x11\x32\x94\xe2\xff\x38\xf3\x1f\xe9\xd9\xd4\x6f\x87\xe3\x05\x4e\xda\x2b\x57\xbc\x69\x74\xc0\x3f\x42\x86\x52\xfc\x9f\x60\xfe\x23\xd7\xab\x12\x3b\xc7\xe1\x2d\x8f\x23\xca\x15\x6f\x3a\x1d\xf0\x8f\x90\xa1\x14\xff\x27\x99\xff\x28\xa5\x5a\x66\x6d\x92\x64\xe5\xa9\x36\x72\xc5\xf3\xbf\x13\x10\xfe\x11\x32\x94\xe2\xff\x14\xf3\x1f\xf5\xd3\xfa\xab\x13\xfe\xf5\xde\x73\x43\xae\x78\x33\xe9\x80\x7f\x84\x0c\xa5\xf8\x3f\xcd\xfc\x47\xcb\x34\x76\xd5\x88\xf9\x0f\x2a\x7e\x93\x2b\xde\x2c\x3a\xe0\x1f\x21\x43\x29\xfe\xcf\x30\xff\xd1\x47\x97\x29\xd9\xbb\x48\x96\xe4\x85\xe5\x8a\x37\x9b\x0e\xf8\x47\xc8\x50\x8a\xff\xb3\xcc\x7f\x8c\xf9\x1d\x5b\x66\xa8\x7f\x79\xd4\x6a\xb9\xe2\xcd\xa1\x03\xfe\x11\x32\x94\xe2\xff\x1c\xf3\x1f\x33\xd9\xf6\xd1\xb7\x07\x85\xf9\x9d\x40\xae\x78\x73\xe9\x80\x7f\x84\x0c\xa5\xf8\x3f\xcf\xfc\xc7\x2a\x5e\xf4\x4f\xd3\x87\x73\xa2\x67\x94\x2b\xde\x3c\x3a\xe0\x1f\x21\x43\x29\xfe\x2f\x30\xff\xb1\x7f\x0f\x4a\x38\x3d\x7f\xf9\xe6\x43\xe5\x8a\x37\x9f\x0e\xf8\x47\xc8\x50\x8a\xff\x8b\xcc\x7f\x9c\xe7\x41\xf9\x0f\x9d\x9e\xb2\x26\xa9\x5c\xf1\x16\xd0\x01\xff\x08\x19\x4a\xf1\x7f\x89\xf9\x8f\x5b\xb9\xdf\xed\x8c\xd1\x8a\xdf\x9c\x28\x57\xbc\x85\x74\xc0\x3f\x42\x86\x52\xfc\x5f\x66\xfe\xe3\xbd\xdf\x9d\x63\x55\x87\xdb\x39\xf6\xc9\x15\x6f\x11\x1d\xf0\x8f\x90\xa1\x14\xff\x57\x98\xff\xf8\xa5\x7b\x5d\xa9\xb5\x26\x4a\xa1\x08\x72\xc5\x5b\x4c\x07\xfc\x23\x64\x28\xc5\xff\x55\xe6\xdf\xa9\x5f\xf0\x73\xe4\x8d\x2f\xde\x3c\x92\x2b\xde\x12\x3a\xe0\x1f\x21\x43\x29\xfe\xaf\x31\xff\xee\xe3\x61\x71\xfe\xb6\xcd\x33\xbb\xba\x5c\xf1\x96\xd2\x01\xff\x08\x19\x4a\xf1\x7f\x9d\xf9\xf7\x26\x24\xfd\x91\x27\xf2\xc2\x6e\x3d\xe4\x8a\xb7\x8c\x0e\xf8\x47\xc8\x50\x8a\xff\x1b\xcc\xbf\x2f\xf5\x43\xf7\xf8\x85\xce\xc1\xce\xc8\x15\x6f\x39\x1d\xf0\x8f\x90\xa1\x14\xff\x37\x99\xff\x04\xf9\xaf\xe7\x9e\x93\xbd\x5d\x86\x55\x72\xc5\x5b\x41\x07\xfc\x23\x64\x28\xc5\xff\x2d\xe6\x3f\xe1\x90\x04\xd7\xdb\xbf\xdc\x5d\x2b\xa1\x5c\xf1\x56\xd2\x01\xff\x08\x19\x4a\xf1\x7f\x9b\xf9\x4f\x34\xfc\xcf\xe8\xce\xa3\x92\x6f\xc9\x24\x57\x3c\xff\xdf\x09\xe0\x1f\x21\x43\x29\xfe\xef\x30\xff\x89\xf3\xe5\x69\x39\xa0\xfa\xe7\x83\x43\xe4\x8a\xe7\xff\x4c\x30\xfc\x23\x64\x28\xc5\xff\x5d\xe6\x3f\x20\x55\xf0\x92\x97\xcb\xc4\x6c\xd7\x56\xae\x78\x6b\xe8\x80\x7f\x84\x0c\xa5\xf8\xbf\xc7\xfc\x27\x99\x7c\x6c\x55\x8a\xe9\x07\xe2\x5d\x97\x2b\xde\x5a\x3a\xe0\x1f\x21\x43\x29\xfe\xef\x33\xff\x49\xef\x4e\x7f\xdb\xec\x5b\x9d\x2f\x5f\xe5\x8a\xb7\x8e\x0e\xf8\x47\xc8\x50\x8a\xff\x07\xcc\x7f\xb2\xa6\x95\x22\x4d\x4b\x33\x72\x70\x11\xb9\xe2\xad\xa7\x03\xfe\x11\x32\x94\xe2\xff\x21\xf3\x9f\xbc\x43\xeb\x74\x07\xf3\x8e\xbd\x73\x42\xae\x78\x1b\xe8\x80\x7f\x84\x0c\xa5\xf8\x7f\xc4\xfc\xa7\x38\xb9\xf6\x5c\xa6\xfb\x0d\x56\xf7\x91\x2b\xde\x46\x3a\xe0\x1f\x21\x43\x29\xfe\x1f\x33\xff\x29\x5b\xb4\x4f\xba\x7a\xc0\x91\xe2\x95\xe5\x8a\xb7\x89\x0e\xf8\x47\xc8\x50\x8a\xff\x27\xcc\x7f\xaa\x8b\x2b\x8f\xd6\xac\x1b\x37\xe3\x33\xb9\xe2\x6d\xa6\x03\xfe\x11\x32\x94\xe2\xff\x29\xf3\x9f\xfa\xe8\xe4\x67\x91\x0a\xbd\x9f\x13\x45\xae\x78\x5b\xe8\x80\x7f\x84\x0c\xa5\xf8\x7f\xc6\xfc\xa7\xe9\x53\x2d\xf4\xbf\xb9\x01\x2f\x77\xc9\x15\x6f\x2b\x1d\xf0\x8f\x90\xa1\x14\xff\xcf\x99\xff\xb4\xe1\xbe\xbd\xcc\xfd\x27\x28\xec\x54\xb9\xe2\x6d\xa3\x03\xfe\x11\x32\x94\xe2\xff\x05\xf3\x9f\x6e\x53\xa6\x70\x27\x12\xb7\xea\x98\x48\xae\x78\xdb\xe9\x80\x7f\x84\x0c\xa5\xf8\x7f\xc9\xfc\xa7\x5f\x16\x31\xd5\xdc\xa3\xdd\xeb\xff\x87\x71\x2f\x88\x0e\xf8\x47\xc8\x50\x8a\xff\x57\xcc\x7f\x06\xef\xcc\xa9\x76\xce\xd2\x94\x1f\xe5\x8a\xb7\x83\x0e\xf8\x47\xc8\x50\x8a\xff\xd7\xcc\x7f\xc6\xbb\xef\xb6\x77\xeb\x55\xe0\xc8\x6d\xb9\xe2\xed\xa4\x03\xfe\x11\x32\x94\xe2\xff\x0d\xf3\x9f\xa9\x69\xaa\x6a\x43\x97\xbd\xd9\xdc\x52\xae\x78\xfe\x7f\x13\x80\x7f\x84\x0c\xa5\xf8\x7f\xcb\xfc\x67\xee\x10\xb3\xcb\x85\x5d\x11\x12\x0e\x90\x2b\xde\x6e\x3a\xe0\x1f\x21\x43\x29\xfe\xdf\x31\xff\x59\x4e\x5e\x99\x16\xd0\xfc\x7a\xcb\x6c\x72\xc5\xdb\x43\x07\xfc\x23\x64\x28\xc5\xff\x7b\xe6\x3f\xeb\xca\xe4\xf7\x67\x85\x2d\x3c\xc4\x95\x2b\xde\x5e\x3a\xe0\x1f\x21\x43\x29\xfe\x3f\x30\xff\xd9\x62\xde\x0f\xd1\xf2\xd6\x84\x8f\xeb\xe4\x8a\xe7\x7f\x27\x28\xfc\x23\x64\x28\xc5\xff\x47\xe6\x3f\x7b\xd8\x9b\x49\xf2\x3d\x73\x9b\xad\x90\x2b\xde\x7e\x3a\xe0\x1f\x21\x43\x29\xfe\x3f\x31\xff\x39\xf6\x78\x07\xce\xe6\x39\x11\xd3\x27\x57\xbc\x03\x74\xc0\x3f\x42\x86\x52\xfc\x7f\x66\xfe\x73\x26\xbc\x9b\xba\x6a\x9d\x2a\x7f\xb3\xc8\x15\xef\x20\x1d\xf0\x8f\x90\xa1\x14\xff\x5f\x98\xff\x5c\x4b\xe3\x1d\x5f\x3e\x7c\xe0\x88\x61\x72\xc5\x3b\x44\x07\xfc\x23\x64\x28\xc5\xff\x57\xe6\x3f\xf7\xc6\x80\x17\x9f\x66\x05\x26\x6d\x2f\x57\xbc\xc3\x74\xc0\x3f\x42\x86\x52\xfc\x7f\x63\xfe\xf3\x44\x7c\x1c\x31\x58\xf1\x2d\x95\x6f\xca\x15\xef\x08\x1d\xf0\x8f\x90\xa1\x14\xff\xdf\x99\xff\xbc\xfd\x8b\x3f\x3e\x92\x3c\xfd\xbe\xcf\x72\xc5\x3b\x4a\x07\xfc\x23\x64\x28\xc5\xff\x0f\xe6\x3f\xdf\x91\x01\x61\xb2\xff\xfc\x7d\xa2\x90\x5c\xf1\x8e\xd1\x01\xff\x08\x19\x4a\xf1\xff\x93\xf9\xcf\x7f\x61\x67\x8a\xc6\xbe\x07\x4f\x93\xcb\x15\xef\x38\x1d\xf0\x8f\x90\xa1\x14\xff\xbf\x98\xff\x02\xad\xfb\x1c\x99\x78\x20\xcb\x84\xc9\x72\xc5\xf3\xbf\x13\x04\xfe\x11\x32\x94\xe2\xff\x37\xf3\x5f\x30\x63\x9b\xb3\x87\x17\xae\xec\xbb\x47\xae\x78\x27\xe9\x80\x7f\x84\x0c\xa5\xf8\xff\xc3\xfc\x17\x1a\xb5\x2a\x6d\x8e\xbe\xbd\x23\x86\x93\x2b\xde\x29\x3a\xe0\x1f\x21\x43\x29\xfe\xff\x32\xff\x85\xe7\x4d\x88\xdc\xa4\xe1\x9c\xe5\x0f\xe4\x8a\x77\x9a\x0e\xf8\x47\xc8\x50\x8a\xff\x7f\xcc\x7f\x91\xa4\xd5\xdf\x4d\xd8\x5d\xfe\x42\x55\xb9\xe2\x9d\xa1\x03\xfe\x11\x32\xd4\xff\xf6\x1f\x37\x18\xf3\x5f\xb4\xd1\xbc\xcd\x19\x6e\x5f\xce\xdb\x4b\xae\x78\x67\xe9\x80\x7f\x84\x0c\xa5\xf8\x0f\xce\xfc\x17\xbb\x55\xb3\xd2\xed\x60\x61\x4a\x9f\x93\x2b\x9e\xff\xcf\xe0\x1f\x21\x43\x29\xfe\x43\x30\xff\xc5\xcf\x35\xee\x30\x22\x6e\x88\x58\xc5\xe4\x8a\x77\x9e\x0e\xf8\x47\xc8\x50\x8a\xff\x90\xcc\x7f\x89\xae\x4b\x26\xf5\x3e\x75\xbe\xf1\x7b\xb9\xe2\x5d\xa0\x03\xfe\x11\x32\x94\xe2\x3f\x14\xf3\x5f\xf2\x5a\x60\xcf\x07\xab\x4b\x8f\xbf\x2b\x57\xbc\x8b\x74\xc0\x3f\x42\x86\x52\xfc\x87\x66\xfe\x4b\xb5\x5d\x30\x3b\x46\xf7\x19\x3f\x5a\xcb\x15\xef\x12\x1d\xf0\x8f\x90\xa1\x14\xff\x61\x98\xff\xd2\x3d\x67\xed\x2c\xde\xaa\x7f\xb5\x41\x72\xc5\xbb\x4c\x07\xfc\x23\x64\x28\xc5\x7f\x58\xe6\xbf\xcc\xa1\xba\x35\xb7\x6e\x5b\x9b\x24\x87\x5c\xf1\xae\xd0\x01\xff\x08\x19\x4a\xf1\x1f\x8e\xf9\x2f\xbb\xfd\xef\xf6\x0e\x57\x73\x9c\x8d\x2f\x57\xbc\xab\x74\xc0\x3f\x42\x86\x52\xfc\x87\x67\xfe\xcb\x45\xce\x59\x6d\x70\x84\x27\x41\x6b\xe4\x8a\x77\x8d\x0e\xf8\x47\xc8\x50\x8a\xff\x08\xcc\x7f\xf9\xf8\x21\xba\x5c\x7b\xf3\x7d\xfa\x29\xb9\xe2\x5d\xa7\x03\xfe\x11\x32\x94\xe2\x3f\x22\xf3\x5f\x61\xf1\xe1\x69\x49\x33\xa5\x7e\xd0\x4f\xae\x78\x37\xe8\x80\x7f\x84\x0c\xa5\xf8\x8f\xc4\xfc\x57\x6c\xf4\xf4\x65\xde\x4a\x1b\x22\x55\x94\x2b\x9e\xff\x99\xa0\xf0\x8f\x90\xa1\x14\xff\x91\x99\xff\x4a\xb7\x12\x85\x3b\x37\xb6\x71\xaf\x27\x72\xc5\xbb\x45\x07\xfc\x23\x64\x28\xc5\x7f\x14\xe6\xbf\xf2\x39\x27\xd5\xec\x09\x43\xaf\x46\x92\x2b\xde\x6d\x3a\xe0\x1f\x21\x43\x29\xfe\xa3\x32\xff\x55\xba\xde\x3e\xd5\xa2\x6c\x8d\x05\x3b\xe4\x8a\x77\x87\x0e\xf8\x47\xc8\x50\x8a\xff\x68\xcc\x7f\xd5\x38\x19\xf6\x9c\x4f\x7b\xa6\xdc\x74\xb9\xe2\xf9\x3f\x13\x00\xff\x08\x19\x4a\xf1\x1f\x9d\xf9\xaf\xb6\xe6\x45\x83\x24\xef\x13\xe6\x09\x90\x2b\xde\x3d\x3a\xe0\x1f\x21\x43\x29\xfe\x63\x30\xff\xd5\x83\x2e\xf5\xeb\x1e\xe2\xc8\xfb\xc1\x72\xc5\xbb\x4f\x07\xfc\x23\x64\x28\xc5\x7f\x4c\xe6\xbf\x46\x88\xd8\x73\x86\xdc\x8d\x3b\x2c\xbb\x5c\xf1\xfc\xcf\x04\x85\x7f\x84\x0c\xa5\xf8\x8f\xc5\xfc\xd7\x5c\x70\xad\x7b\x82\xbd\x63\x5b\xc7\x93\x2b\xde\x43\x3a\xe0\x1f\x21\x43\x29\xfe\x63\x33\xff\xb5\x9c\xe8\x53\xdf\x34\x6e\xe0\x5b\x2b\x57\xbc\x47\x74\xc0\x3f\x42\x86\x52\xfc\xc7\x61\xfe\x6b\x47\x49\xb3\x65\x47\xff\xa0\x8d\x45\xe5\x8a\xf7\x98\x0e\xf8\x47\xc8\x50\x8a\xff\xb8\xcc\x7f\x9d\x2d\x6f\xaa\x97\x5e\xdc\xea\xd8\x07\xb9\xe2\xf9\x7f\x27\x10\xfe\x11\x32\x94\xe2\x3f\x1e\xf3\x5f\x77\x7f\x85\x1d\xe3\x0f\xbd\x4f\x7d\x4f\xae\x78\x4f\xe9\x80\x7f\x84\x0c\xa5\xf8\x8f\xcf\xfc\xd7\xeb\x35\xb2\x4e\x9f\x84\x01\x75\x5b\xc9\x15\xef\x19\x1d\xf0\x8f\x90\xa1\x14\xff\x0e\xf3\x5f\xbf\xdd\xe6\x5e\x29\xbf\x17\xe8\x1c\x59\xae\x78\xcf\xe9\x80\x7f\x84\x0c\xa5\xf8\x77\x99\xff\x06\x97\xbb\xce\xb8\x95\xf4\x4d\xe8\x20\xb9\xe2\xbd\xa0\x03\xfe\x11\x32\x94\xe2\xdf\x63\xfe\x1b\x5e\x9b\x76\xea\x58\xd1\xee\xcf\xa7\xc9\x15\xef\x25\x1d\xf0\x8f\x90\xa1\x14\xff\x3e\xe6\xbf\x51\xdb\x8a\xa9\xb2\xce\x58\x3a\x2f\x89\x5c\xf1\x5e\xd1\x01\xff\x08\x19\x4a\xf1\x9f\x80\xf9\x6f\xdc\xb3\x55\xb8\x86\x43\x0b\x67\x3e\x29\x57\xbc\xd7\x74\xc0\x3f\x42\x86\x52\xfc\x27\x64\xfe\x9b\x1c\x5a\xf3\x72\x72\xad\x09\x45\xfb\xcb\x15\xef\x0d\x1d\xf0\x8f\x90\xa1\x14\xff\x89\x98\xff\xa6\xe3\x7e\xaf\xbb\x90\x2b\xc2\xca\x4a\x72\xc5\x7b\x4b\x07\xfc\x23\x64\x28\xc5\x7f\x62\xe6\xbf\x59\xd6\xdc\x65\x03\x9e\x5c\xbf\xf7\x58\xae\x78\xef\xe8\x80\x7f\x84\x0c\xa5\xf8\x0f\x60\xfe\x03\x13\x05\x6b\xdb\xed\xe3\xed\x81\xed\xe4\x8a\xe7\x7f\x27\x38\xfc\x23\x64\x28\xc5\x7f\x12\xe6\xbf\xf9\xac\xa3\xe3\x87\xa6\x8f\xf2\xed\x96\x5c\xf1\xfc\x9f\x09\x80\x7f\x84\x0c\xa5\xf8\x4f\xca\xfc\xb7\xc8\x19\xaa\x69\xc2\xf2\x53\x9c\x2f\x72\xc5\xfb\x48\x07\xfc\x23\x64\x28\xc5\x7f\x32\xe6\xbf\xe5\xa0\x83\xc3\x5e\x4f\x2a\xde\xa6\xa0\x5c\xf1\x3e\xd1\x01\xff\x08\x19\x4a\xf1\x9f\x9c\xf9\x6f\x35\xed\xfb\xf2\xa0\xf1\x0b\xf7\xaf\x94\x2b\xde\x67\x3a\xe0\x1f\x21\x43\x29\xfe\x53\x30\xff\xad\xd3\xe6\x2f\x56\xa6\x4a\xe7\x6d\x9e\x5c\xf1\xfc\xdf\x13\xc0\x3f\x42\x86\x52\xfc\xa7\x64\xfe\xdb\xd4\x9c\xb3\x6a\x5c\x96\x17\x75\x32\xcb\x15\xef\x2b\x1d\xf0\x8f\x90\xa1\x14\xff\xa9\x98\xff\xb6\x0f\x6b\x97\xec\xfb\x2e\x4f\xba\xe1\x72\xc5\xfb\x46\x07\xfc\x23\x64\x28\xc5\x7f\x6a\xe6\xbf\xdd\xd7\x86\x2d\x53\x85\x4b\x1e\xe2\xbe\x5c\xf1\xbe\xd3\x01\xff\x08\x19\x4a\xf1\x9f\x86\xf9\x6f\x5f\x76\xd9\xe8\x9b\x97\x3f\x77\xa9\x26\x57\xbc\x1f\x74\xc0\x3f\x42\x86\x52\xfc\xa7\x65\xfe\x3b\x8c\x1b\xf2\xed\xe0\x96\x76\x33\x7b\xcb\x15\xef\x27\x1d\xf0\x8f\x90\xa1\x14\xff\xe9\x98\xff\x8e\x59\x0b\xc7\xce\xd4\x62\xf7\xbb\xb3\x72\xc5\xfb\x45\x07\xfc\x23\x64\x28\xc5\x7f\x7a\xe6\xbf\x53\xa2\x1e\x59\x9b\x75\xad\x53\x24\x85\x5c\xf1\x7e\xd3\x01\xff\x08\x19\x4a\xf1\x9f\x81\xf9\xef\x3c\x6b\xef\xd5\x69\x2b\x47\x66\x9b\x24\x57\xbc\x3f\x74\xc0\x3f\x42\x86\x52\xfc\x67\x64\xfe\xbb\xfc\x28\xb7\x20\xfd\x89\x98\xd7\x77\xcb\x15\xef\x2f\x1d\xf0\x8f\x90\xa1\x14\xff\x99\x98\xff\xae\x45\x46\x17\xbe\x13\xfb\xc0\xba\xf0\x72\xc5\xfb\x47\x07\xfc\x23\x64\x28\xc5\x7f\x66\xe6\xbf\x5b\x8d\x8d\x4d\x46\xe6\xc8\x5b\x38\xa6\x5c\xf1\xf9\x0f\xf8\x47\xc8\x50\x8a\xff\x2c\xcc\x7f\xf7\x37\xdd\x07\xf6\x7a\xf5\x36\xeb\x32\xb9\xe2\xa3\xff\x06\xfe\x11\xb2\x94\xe2\x3f\x2b\xf3\xdf\xa3\xc2\xd6\x56\xf7\x47\x77\xb9\x31\x42\xae\xf8\x42\xd0\x01\xff\x08\x19\x4a\xf1\x9f\x8d\xf9\xef\xf9\xa5\xf3\x88\x98\x35\x96\xad\xcf\x27\x57\x7c\x21\xe9\x80\x7f\x84\x0c\xa5\xf8\xcf\xce\xfc\xf7\x7a\x50\x6a\x65\x89\xd2\x85\x42\x5e\x96\x2b\xbe\x50\x74\xc0\x3f\x42\x86\x52\xfc\xe7\x60\xfe\x7b\xd7\x19\x5f\x66\xcb\xb4\xc9\x5d\x1b\xc9\x15\x5f\x68\x3a\xe0\x1f\x21\x43\x29\xfe\x73\x32\xff\x7d\x32\xa4\x5b\xd2\xf1\x6b\xf8\x19\x15\xe4\x8a\x2f\x0c\x1d\xf0\x8f\x90\xa1\x14\xff\xb9\x98\xff\xbe\x53\x5f\x15\x1f\x94\xfa\xd6\xdb\x9f\x72\xc5\x17\x96\x0e\xf8\x47\xc8\x50\x8a\xff\xdc\xcc\x7f\xbf\x81\x17\x9a\x5f\x3d\x73\xf4\xc0\x5c\xb9\xe2\xf3\x7f\x3d\xfc\x23\x64\x28\xc5\x7f\x1e\xe6\xbf\x7f\x9e\xb8\x43\x93\x45\x8f\xb5\x3d\xa5\x5c\xf1\xf9\x7f\x27\x10\xfe\x11\x32\x94\xe2\x3f\x2f\xf3\x3f\xe0\xc2\x83\xfc\x0f\x3b\x8e\xab\x1d\x46\xae\xf8\x22\xd0\x01\xff\x08\x19\x4a\xf1\x9f\x8f\xf9\x1f\xd8\x3a\xc5\xed\xe8\x6b\xeb\xa6\xdd\x2c\x57\x7c\x11\xe9\x80\x7f\x84\x0c\xa5\xf8\xcf\xcf\xfc\x0f\xea\xef\xfb\x53\x6c\xc3\xae\x01\xb5\xe5\x8a\x2f\x12\x1d\xf0\x8f\x90\xa1\x14\xff\x05\x98\xff\xc1\x47\x6e\x25\xdc\xd6\xa6\xe5\xd7\x77\x72\xc5\x17\x99\x0e\xf8\x47\xc8\x50\x8a\xff\x82\xcc\xff\x90\x2b\x67\xf2\x07\x8b\xf4\xc9\x3d\x20\x57\x7c\x51\xe8\x80\x7f\x84\x0c\xa5\xf8\x2f\xc4\xfc\x0f\x6d\x1f\xf1\xf6\xa7\xf3\x89\xdb\x76\x91\x2b\xbe\xa8\x74\xc0\x3f\x42\x86\x52\xfc\x17\x66\xfe\x87\xf5\xce\xf4\x67\xf9\xb1\x64\x59\xfe\xca\x15\x5f\x34\x3a\xe0\x1f\x21\x43\x29\xfe\x8b\x30\xff\xc3\x0f\x7c\x4b\x58\xd5\xfd\x56\xac\x8c\x5c\xf1\x45\xa7\x03\xfe\x11\x32\x94\xe2\xbf\x28\xf3\x3f\xa2\x49\xb6\xcf\x67\x7b\xb7\x5d\xd1\x4c\xae\xf8\x62\xd0\x01\xff\x08\x19\x4a\xf1\x5f\x8c\xf9\x1f\x79\xe3\x53\x9c\x7c\xcb\xf7\xdd\x3d\x2f\x57\x7c\xfe\x67\x82\xc1\x3f\x42\x86\x52\xfc\x17\x67\xfe\x47\x9d\x39\x91\xa3\xe5\xce\x9a\x9d\x72\xc9\x15\x5f\x2c\x3a\xe0\x1f\x21\x43\x29\xfe\x4b\x30\xff\xa3\xbb\x47\xbd\x32\x2b\x70\x54\xa8\x31\x72\xc5\x17\x9b\x0e\xf8\x47\xc8\x50\x8a\xff\x92\xcc\xff\x98\x90\x6b\x73\x37\x08\x13\xed\xc5\x22\xb9\xe2\x8b\x43\x07\xfc\x23\x64\x28\xc5\x7f\x29\xe6\x7f\xec\x8e\xd6\xd7\xd7\xdc\x3c\x38\x3f\xae\x5c\xf1\xf9\xff\x0c\xfe\x11\x32\x94\xe2\xbf\x34\xf3\x3f\x6e\x6d\xa5\x1f\xdf\xf3\xdd\xdb\xd0\x41\xae\xf8\xe2\xd1\x01\xff\x08\x19\x4a\xf1\x5f\x86\xf9\x1f\x1f\x77\xba\x1b\xf1\x41\xe4\xa3\x47\xe4\x8a\x2f\x3e\x1d\xf0\x8f\x90\xa1\x14\xff\x65\x99\xff\x09\x57\xb6\x36\x8f\x39\x70\x7a\x9a\x57\x72\xc5\xe7\xd0\x01\xff\x08\x19\x4a\xf1\x5f\x8e\xf9\x9f\xd8\xbe\xf3\xd0\xfb\xf5\x8a\xd5\xab\x2f\x57\x7c\x2e\x1d\xf0\x8f\x90\xa1\x14\xff\xe5\x99\xff\x49\xbd\x4b\x2d\xd9\x52\x70\xd1\x87\xed\x72\xc5\xe7\xd1\x01\xff\x08\x19\x4a\xf1\x5f\x81\xf9\x9f\x7c\x60\x7c\xf1\x12\x73\x3a\x0c\x0f\x21\x57\x7c\xfe\x17\x80\xc2\x3f\x42\x86\x52\xfc\x57\x64\xfe\xa7\x2c\xea\x93\xf1\xdf\xef\x97\xad\xd2\xca\x15\x5f\x02\x3a\xe0\x1f\x21\x43\x29\xfe\x2b\x31\xff\x53\xe3\xed\xbc\x18\x29\x51\x4e\x6f\xa6\x5c\xf1\x25\xa4\x03\xfe\x11\x32\x94\xe2\xbf\x32\xf3\x3f\x2d\xd2\x80\x4f\x35\x2f\x3e\xbc\x96\x53\xae\xf8\xfc\x5f\x03\xff\x08\x19\x4a\xf1\x5f\x85\xf9\x9f\xbe\xad\x78\xf4\xd5\x51\x32\x2e\x1c\x2b\x57\x7c\x89\xe9\x80\x7f\x84\x0c\xa5\xf8\xaf\xca\xfc\xcf\x88\x35\xe4\x67\xa6\x76\xab\xca\x2e\x96\x2b\xbe\x00\x3a\xe0\x1f\x21\x43\x29\xfe\xab\x31\xff\x33\xd7\x15\x8e\x77\x70\x53\x8f\xdc\x71\xe4\x8a\x2f\x09\x1d\xf0\x8f\x90\xa1\x14\xff\xd5\x99\xff\x59\x3b\x7b\xe4\x9a\xb6\x7e\xfe\xb4\x7f\x72\xc5\x97\x94\x0e\xf8\x47\xc8\x50\x8a\xff\x1a\xcc\xff\xec\x60\x7b\x6f\x35\xeb\x5c\xee\x7e\x69\xb9\xe2\x4b\x46\x07\xfc\x23\x64\x28\xc5\x7f\x4d\xe6\x7f\x4e\x17\x2f\xeb\x82\x98\xd7\x22\x37\x95\x2b\xbe\xe4\x74\xc0\x3f\x42\x86\x52\xfc\xd7\x62\xfe\xe7\x9e\xbd\x79\xb5\xca\xb9\xd0\xbd\x2f\xc8\x15\x5f\x0a\x3a\xe0\x1f\x21\x43\x29\xfe\x6b\x33\xff\xf3\x6e\xde\xff\x16\x36\x65\xbc\xaa\xdb\xe4\x8a\xcf\xff\x4e\x70\xf8\x47\xc8\x50\x8a\xff\x3a\xcc\xff\xfc\x86\xc9\x63\x7f\xfe\x7c\x32\x20\xa4\x5c\xf1\xa5\xa2\x03\xfe\x11\x32\x94\xe2\xbf\x2e\xf3\xbf\xa0\xc9\x91\xe2\xcf\xa7\x54\x3c\x97\x4e\xae\xf8\x52\xd3\x01\xff\x08\x19\x4a\xf1\x5f\x8f\xf9\x5f\x78\x23\xe4\x12\xb7\xe4\xa0\x1d\x33\xe4\x8a\x2f\x0d\x1d\xf0\x8f\x90\xa1\x14\xff\xf5\x99\xff\x45\x67\x72\x0d\xad\x50\xad\x59\xec\x8e\x72\xc5\xe7\xff\x4c\x20\xfc\x23\x64\x28\xc5\x7f\x03\xe6\x7f\x71\xf7\x7f\xcd\x77\x8f\xdc\xde\xe4\xb0\x5c\xf1\xf9\xbf\x27\x80\x7f\x84\x0c\xa5\xf8\x6f\xc8\xfc\x2f\xc9\xbd\x3e\xc9\xdf\x17\xe9\xc6\xbd\x94\x2b\xbe\xf4\x74\xc0\x3f\x42\x86\x52\xfc\x37\x62\xfe\x97\x0e\x68\x79\x20\x72\xb6\x7f\xdf\x1b\xc8\x15\x5f\x06\x3a\xe0\x1f\x21\x43\x29\xfe\x1b\x33\xff\xcb\xa6\x54\xb9\x5f\x2b\xe0\xd7\xb2\x2b\x72\xc5\x97\x91\x0e\xf8\x47\xc8\x50\x8a\xff\x26\xcc\xff\xf2\xf4\x53\x43\xac\xfa\x9b\xea\x7c\x43\xb9\xe2\xcb\x44\x07\xfc\x23\x64\x28\xc5\x7f\x53\xe6\x7f\xc5\x98\x1a\x2f\x32\xce\xdb\x9c\xaf\xbc\x5c\xf1\x65\xa6\x03\xfe\x11\x32\x94\xe2\xbf\x19\xf3\xbf\x32\xfb\xc4\x88\x87\x0a\x37\x2a\xf3\x4b\xae\xf8\xb2\xd0\x01\xff\x08\x19\x4a\xf1\x1f\xc8\xfc\xaf\x0a\x58\x9d\x7a\x7a\x83\x61\xcf\x62\xc8\x15\x5f\x56\x3a\xe0\x1f\x21\x43\x29\xfe\x9b\x33\xff\xab\x67\xb4\x3d\xde\x74\x70\xd5\x89\xcb\xe5\x8a\x2f\x1b\x1d\xf0\x8f\x90\xa1\x14\xff\x2d\x98\xff\x35\xaf\xcf\xa5\x58\xf8\xe8\x6c\x9f\x91\x72\xc5\x97\x9d\x0e\xf8\x47\xc8\x50\x8a\xff\x96\xcc\xff\xda\xea\xe1\x8f\x54\x2e\xe0\x45\xc8\x2b\x57\x7c\x39\xe8\x80\x7f\x84\x0c\xa5\xf8\x6f\xc5\xfc\xaf\x2b\x9c\xe5\x71\x98\xeb\xc1\x93\xd5\x91\x2b\x3e\xff\x3b\x01\xe0\x1f\x21\x43\x29\xfe\x5b\x33\xff\xeb\xbf\x7f\x09\xf3\x25\xd4\xa5\x2a\x6f\xe5\x8a\x2f\x17\x1d\xf0\x8f\x90\xa1\x14\xff\x6d\x98\xff\x0d\xb9\xaf\xf5\x7a\xd3\xb4\xd4\xde\xfd\x72\xc5\x97\x9b\x0e\xf8\x47\xc8\x50\x8a\xff\xb6\xcc\xff\xc6\x01\xd1\x67\x24\x08\x9a\x7d\xbc\xab\x5c\xf1\xe5\xa1\x03\xfe\x11\x32\x94\xe2\xbf\x1d\xf3\xbf\x69\x4a\x9a\x1d\xa5\x97\xf6\x69\x3a\x47\xae\xf8\xfc\x3f\x13\x84\x7f\x84\x0c\xa5\xf8\x6f\xcf\xfc\x6f\x4e\xff\xa6\xce\x8e\x9e\xeb\x62\xa4\x92\x2b\xbe\x7c\x74\xc0\x3f\x42\x86\x52\xfc\x77\x60\xfe\xb7\x94\x4b\x90\x2e\x78\xfc\xac\xff\xc2\xca\x15\x5f\x7e\x3a\xe0\x1f\x21\x43\x29\xfe\x3b\x32\xff\x5b\xbf\x5d\x3f\xf7\xf1\xc8\xd3\x91\x9b\xe4\x8a\xaf\x00\x1d\xf0\x8f\x90\xa1\x14\xff\x9d\x98\xff\x6d\x8f\x1e\xbe\x5d\xf6\xa3\x6d\x82\x2d\x72\xc5\x57\x90\x0e\xf8\x47\xc8\x50\x8a\xff\xce\xcc\xff\xf6\x5a\x49\x23\x55\x4b\xb6\xaf\x45\x70\xb9\xe2\x2b\x44\x07\xfc\x23\x64\x28\xc5\x7f\x17\xe6\x3f\xe8\xd7\xd3\x67\xe7\x8a\x25\x1b\x9a\x41\xae\xf8\x0a\xd3\x01\xff\x08\x19\x4a\xf1\xdf\x95\xf9\xdf\x51\x28\x51\xe8\xbc\x33\xbf\x7d\x9a\x25\x57\x7c\x45\xe8\x80\x7f\x84\x0c\xa5\xf8\xef\xc6\xfc\xef\xac\xe6\x24\x6d\x31\x24\x5a\x83\xce\x72\xc5\x57\x94\x0e\xf8\x47\xc8\x50\x8a\xff\xee\xcc\xff\xae\x77\xb7\x8f\xce\xae\x79\x30\xd5\x51\xb9\xe2\x2b\x46\x07\xfc\x23\x64\x28\xc5\x7f\x0f\xe6\x7f\xf7\xec\x7e\xa9\xea\xe7\xac\x79\xf8\xb9\x5c\xf1\x15\xa7\x03\xfe\x11\x32\x94\xe2\xbf\x27\xf3\xbf\x27\x71\xd0\xa9\xb5\x8f\x47\x6d\xaa\x27\x57\x7c\x7e\xf7\xf0\x8f\x90\xa1\x14\xff\xbd\x98\xff\xbd\xd9\x06\xbd\xfc\x11\x72\xfa\xdc\xdc\x72\xc5\x57\x92\x0e\xf8\x47\xc8\x50\x8a\xff\xde\xcc\xff\xbe\xf1\x45\xc3\x45\xb8\x57\xec\xd5\x78\xb9\xe2\x2b\x45\x07\xfc\x23\x64\x28\xc5\x7f\x1f\xe6\x7f\xff\xe5\xaa\x21\x1b\xec\xbb\x17\x66\xa1\x5c\xf1\x95\xa6\x03\xfe\x11\x32\x94\xe2\xbf\x2f\xf3\x7f\xa0\xdd\xa4\x07\x6b\x9a\x44\xee\x10\x4b\xae\xf8\xca\xd0\x01\xff\x08\x19\x4a\xf1\xdf\x8f\xf9\x3f\xd8\x6b\xc5\xfe\xef\xfd\x5e\xde\xfe\x23\x57\x7c\x65\xe9\x80\x7f\x84\x0c\xa5\xf8\xef\xcf\xfc\x1f\xda\xdf\x2e\x20\xe2\xa2\x9c\xab\x4a\xca\x15\x5f\x39\x3a\xe0\x1f\x21\x43\x29\xfe\x07\x30\xff\x87\x5b\x7d\x3e\x5e\xed\xe0\xa2\x12\x81\x72\xc5\xe7\x7f\x27\x20\xfc\x23\x64\x28\xc5\xff\x40\xe6\xff\xc8\xf9\xcc\xa9\x97\x25\xe8\x90\xe9\x92\x5c\xf1\x55\xa0\x03\xfe\x11\x32\x94\xe2\x7f\x10\xf3\x7f\xf4\x70\xb8\x88\x1f\xc3\x77\x69\x5f\x4b\xae\xf8\x2a\xd2\x01\xff\x08\x19\x4a\xf1\x3f\x98\xf9\x3f\xd6\xef\xec\x8b\xe0\x57\x96\xc5\x7f\x2d\x57\x7c\x95\xe8\x80\x7f\x84\x0c\xa5\xf8\x1f\xc2\xfc\x1f\xbf\x1d\x29\xc4\xec\xad\x79\x3f\x1f\x94\x2b\xbe\xca\x74\xc0\x3f\x42\x86\x52\xfc\x0f\x65\xfe\x4f\x04\x9e\xbc\xdf\xa2\xe5\xdb\x41\xdd\xe5\x8a\xaf\x0a\x1d\xf0\x8f\x90\xa1\x14\xff\xc3\x98\xff\x93\x9d\xde\x1f\xc8\xdb\x25\x7c\xfa\x79\x72\xc5\x57\x95\x0e\xf8\x47\xc8\x50\x8a\xff\xe1\xcc\xff\xa9\xe3\xd9\x93\x9c\x5b\x71\xab\x66\x1a\xb9\xe2\xab\x46\x07\xfc\x23\x64\x28\xc5\xff\x08\xe6\xff\xf4\xee\x29\xa7\x23\x1c\x2f\xb4\x35\xb4\x5c\xf1\x55\xa7\x03\xfe\x11\x32\x94\xe2\x7f\x24\xf3\x7f\x26\x4c\xe5\xf4\x3f\x62\x4d\x3e\xb4\x41\xae\xf8\x6a\xd0\x01\xff\x08\x19\x4a\xf1\x3f\x8a\xf9\x3f\x1b\xa3\x45\xd4\xb5\x9f\xc6\xbd\xbe\x26\x57\x7c\x35\xe9\x80\x7f\x84\x0c\xa5\xf8\x1f\xcd\xfc\x9f\x5b\xb1\xee\x4d\xfd\x0c\x75\x67\x35\x96\x2b\x3e\xff\xef\x04\xc1\x3f\x42\x86\x52\xfc\x8f\x61\xfe\xcf\xb7\x1a\x33\xb1\x78\x85\xa3\xdd\xcb\xca\x15\x5f\x6d\x3a\xe0\x1f\x21\x43\x29\xfe\xc7\x32\xff\x17\xce\x97\xee\xbc\x75\x72\xac\xe0\x3f\xe4\x8a\xaf\x0e\x1d\xf0\x8f\x90\xa1\x14\xff\xe3\x98\xff\x8b\x87\x3b\x54\x7e\x30\xee\xd3\xda\x68\x72\xc5\x57\x97\x0e\xf8\x47\xc8\x50\x8a\xff\xf1\xcc\xff\xa5\x7e\xdb\x36\xc4\xa8\x9c\xf8\xd6\x52\xb9\xe2\xf3\x3f\x13\x18\xfe\x11\x32\x94\xe2\x7f\x02\xf3\x7f\xd9\x57\xec\xe8\xaa\xcc\xbb\xb2\x8f\x96\x2b\xbe\xfa\x74\xc0\x3f\x42\x86\x52\xfc\x4f\x64\xfe\xaf\x2c\x1f\x9c\xb4\xd6\xdb\x96\x05\xf3\xcb\x15\x5f\x03\x3a\xe0\x1f\x21\x43\x29\xfe\x27\x31\xff\x57\x37\xef\x08\x1d\xd9\xdb\x3c\x7a\xbe\x5c\xf1\x35\xa4\x03\xfe\x11\x32\x94\xe2\x7f\x32\xf3\x7f\x2d\x7c\xff\x67\x7f\xf7\x37\xfa\x93\x5a\xae\xf8\x1a\xd1\x01\xff\x08\x19\x4a\xf1\x3f\x85\xf9\xbf\xbe\x7a\x4f\xa4\xa6\x0b\x7e\x45\x0b\x25\x57\x7c\xfe\xdf\x09\x82\x7f\x84\x0c\xa5\xf8\x9f\xca\xfc\xdf\x88\xde\xfb\xed\xf4\x3e\xa9\x02\x37\xca\x15\x5f\x13\x3a\xe0\x1f\x21\x43\x29\xfe\xa7\x31\xff\x37\x43\x17\x3a\x77\xa8\xd1\xd9\x93\x35\xe5\x8a\xaf\x29\x1d\xf0\x8f\x90\xa1\x14\xff\xd3\x99\xff\x5b\xfb\x86\xa7\xcb\xb8\xc7\xdb\xfd\x46\xae\xf8\x9a\xd1\x01\xff\x08\x19\x4a\xf1\x3f\x83\xf9\xbf\x7d\x2a\xd9\xc1\x2f\x77\x86\x55\x3a\x24\x57\x7c\xfe\x77\x02\xc0\x3f\x42\x86\x52\xfc\xcf\x64\xfe\xef\x74\x7c\x94\x28\x4c\xf0\xaa\x29\xba\xc9\x15\x5f\x73\x3a\xe0\x1f\x21\x43\x29\xfe\x67\x31\xff\x77\x9b\xdd\x08\x5e\xf9\x69\xa9\x70\xd1\xe5\x8a\xaf\x05\x1d\xf0\x8f\x90\xa1\x14\xff\xb3\x99\xff\x7b\xf7\x12\x3e\x5a\x98\x7b\x76\xbf\x25\x72\xc5\xd7\x92\x0e\xf8\x47\xc8\x50\x8a\xff\x39\xcc\xff\xfd\xdb\xbf\x37\xec\xa9\x1d\x7c\xf2\x28\xb9\xe2\x6b\x45\x07\xfc\x23\x64\x28\xc5\xff\x5c\xe6\xff\x41\x60\xee\xca\xe5\x87\x5d\x7a\x52\x40\xae\xf8\x5a\xd3\x01\xff\x08\x19\x4a\xf1\x3f\x8f\xf9\x7f\xd8\x29\x58\x67\x67\x76\xd6\x52\x57\xe5\x8a\xaf\x0d\x1d\xf0\x8f\x90\xa1\x14\xff\xf3\x99\xff\x47\xc7\x8f\x4e\x7c\x51\xe2\x69\x81\x26\x72\xc5\xd7\x96\x0e\xf8\x47\xc8\x50\x8a\xff\x05\xcc\xff\xe3\xa1\xd3\xae\xac\x4e\xd1\xe7\x62\x39\xb9\xe2\x6b\x47\x07\xfc\x23\x64\x28\xc5\xff\x42\xe6\xff\x49\x81\x8a\x39\x6a\xfe\x5a\xb7\xe4\xbb\x5c\xf1\xb5\xa7\x03\xfe\x11\x32\x94\xe2\x7f\x11\xf3\xff\x34\x4d\xab\x38\x91\x5e\xaf\xfa\xd9\x49\xae\xf8\x3a\xd0\x01\xff\x08\x19\x4a\xf1\xbf\x98\xf9\x7f\x36\x71\xcd\xe7\x7f\x19\x7b\x8c\x39\x26\x57\x7c\x1d\xe9\x80\x7f\x84\x0c\xa5\xf8\x5f\xc2\xfc\x3f\xcf\xd2\x2e\x61\xb3\x8a\x0f\x1b\xbd\x90\x2b\x3e\xff\xdf\x09\xe0\x1f\x21\x43\x29\xfe\x97\x32\xff\x2f\x46\xae\xf8\x33\x6d\x4c\xc6\xb8\x75\xe5\x8a\xaf\x33\x1d\xf0\x8f\x90\xa1\x14\xff\xcb\x98\xff\x97\x73\x27\xdd\x3e\x38\xf1\xda\xae\xad\x72\xc5\xd7\x85\x0e\xf8\x47\xc8\x50\x8a\xff\xe5\xcc\xff\xab\x14\x55\xf3\x67\x2a\x17\xfa\xcc\x7f\xac\xf8\xba\xd2\x01\xff\x08\x19\x4a\xf1\xbf\x82\xf9\x7f\x5d\xe5\xeb\x85\xcf\xe9\xe6\x27\x4a\x2f\x57\x7c\xfe\xcf\x04\xc3\x3f\x42\x86\x52\xfc\xaf\x64\xfe\xdf\xbc\xc8\x98\x25\xec\x87\x72\xd5\x67\xcb\x15\x5f\x77\x3a\xe0\x1f\x21\x43\x29\xfe\x57\x31\xff\x6f\xff\x44\x88\x51\x25\x4e\xc5\x9e\xbf\xe5\x8a\xaf\x07\x1d\xf0\x8f\x90\xa1\x14\xff\xab\x99\xff\x77\x25\x4e\xbf\x5f\x70\x72\x50\xd4\x52\x72\xc5\xd7\x93\x0e\xf8\x47\xc8\x50\x8a\xff\x35\xcc\xff\xfb\xa1\x6f\xc7\x04\xad\x8a\xf7\xb0\xb9\x5c\xf1\xf5\xa2\x03\xfe\x11\x32\x94\xe2\x7f\x2d\xf3\xff\xa1\x40\xca\x76\x65\xba\x9d\x9c\x72\x51\xae\xf8\x7a\xd3\x01\xff\x08\x19\x4a\xf1\xbf\x8e\xf9\xff\x98\x26\x46\x85\x84\xad\xd3\xe5\xcc\x23\x57\x7c\x7d\xe8\x80\x7f\x84\x0c\xa5\xf8\x5f\xcf\xfc\x7f\x9a\x78\x79\xed\xeb\xed\xff\xca\x8f\x93\x2b\xbe\xbe\x74\xc0\x3f\x42\x86\x52\xfc\x6f\x60\xfe\x3f\x7f\x4c\x71\xab\xea\xb5\x66\x8b\x17\xc8\x15\x5f\x3f\x3a\xe0\x1f\x21\x43\x29\xfe\x37\x32\xff\x5f\x4a\x3e\xc8\xb5\x3c\xe2\xf6\x2b\xb1\xe5\x8a\xaf\x3f\x1d\xf0\x8f\x90\xa1\x14\xff\x9b\x98\xff\xaf\x75\x6f\xc5\xfb\xb4\xae\xd3\xd8\x35\x72\xc5\x37\x80\x0e\xf8\x47\xc8\x50\x8a\xff\xcd\xcc\xff\xb7\xa7\xbe\x9f\xc1\x3a\x2d\xf8\x15\x5f\xae\xf8\x06\xd2\x01\xff\x08\x19\x4a\xf1\xbf\x85\xf9\xff\x5e\xf4\x5e\xf4\x59\x31\x72\xc7\xc9\x21\x57\x7c\x83\xe8\x80\x7f\x84\x0c\xa5\xf8\xdf\xca\xfc\xff\xf8\x1b\xff\x53\xcb\xb3\xcf\x1b\x0e\x92\x2b\xbe\xc1\x74\xc0\x3f\x42\x86\x52\xfc\x6f\x63\xfe\x7f\xbe\x4c\x72\x31\xdf\xa5\xa8\xa7\x5b\xcb\x15\xdf\x10\x3a\xe0\x1f\x21\x43\x29\xfe\xb7\x33\xff\xbf\x2a\x3e\xc9\x78\x36\xea\x9d\x9d\x77\xe5\x8a\x6f\x28\x1d\xf0\x8f\x90\xa1\x14\xff\x41\xcc\xff\xef\xa4\x25\xee\x45\x6c\x5f\xa2\xc6\x7b\xb9\xe2\x1b\x46\x07\xfc\x23\x64\x28\xc5\xff\x0e\xe6\xff\xff\xb1\xf7\x97\x51\x72\x25\x46\xda\xef\x5b\x62\x66\x86\xdc\x3b\x4b\xcc\xcc\xcc\xd4\x62\x6c\x31\x33\x33\x33\x33\x33\x33\x33\x33\x33\x33\x33\x33\x33\xdd\x35\xef\x44\xda\x61\x47\x7b\xe2\xbe\xcb\x67\x66\x4e\x9c\x7c\x7e\x1f\x66\x47\xf7\x94\x1e\x4b\x5e\xfe\xbb\xda\x52\x55\xe6\xcf\x59\x7d\x73\x7f\x59\x3f\x31\xb0\xb0\x5c\xf1\x0c\xa6\x03\xfd\x03\x18\xa2\xf4\xbf\x8d\xf5\xff\x6b\xd8\xf6\xf8\x2b\x2a\x0e\x89\x98\x40\xae\x78\x86\xd0\x81\xfe\x01\x0c\x51\xfa\xdf\xce\xfa\xff\x9d\xae\xe7\xaf\xda\x43\xaa\x75\x99\x2c\x57\x3c\x43\xe9\x40\xff\x00\x86\x28\xfd\xef\xf8\x7b\xff\x9e\x80\x28\x97\x27\xe5\x7e\xb2\x67\xe2\x56\xb9\xe2\x19\x46\x07\xfa\x07\x30\x44\xe9\x7f\x27\xeb\x3f\xc8\xf2\x28\x1d\x4e\x65\x8a\x7a\x3f\xbc\x5c\xf1\x0c\xa7\x03\xfd\x03\x18\xa2\xf4\xbf\x8b\xf5\x1f\x74\x77\xca\x4a\xd3\x92\x7f\x2c\xf3\x50\xae\x78\x46\xd0\x81\xfe\x01\x0c\x51\xfa\xdf\xcd\xfa\x0f\x16\xe2\xe5\xe6\xa6\x1f\x93\x66\x2f\x2b\x57\x3c\x23\xe9\x40\xff\x00\x86\x28\xfd\xef\x61\xfd\x07\x8f\xf1\x7d\xd2\xed\x89\x3b\x2f\xf4\x92\x2b\x1e\xdf\x6b\x82\xa0\x7f\x00\x43\x94\xfe\xf7\xb2\xfe\x43\xac\xce\xdd\x21\x55\xf1\xd6\xf3\x8e\xcb\x15\xcf\x68\x3a\xd0\x3f\x80\x21\x4a\xff\xfb\x58\xff\x21\xb7\x87\xaa\xd4\xa5\x56\xf3\x1f\xf9\xe5\x8a\x67\x0c\x1d\xe8\x1f\xc0\x10\xa5\xff\xfd\xac\xff\x50\x41\xf6\x6e\x1e\xde\x6f\xeb\xb0\x0f\x72\xc5\x33\x96\x0e\xf4\x0f\x60\x88\xd2\xff\x01\xd6\x7f\xe8\xf9\xc1\x6a\x44\xb9\x97\xb0\xf1\x35\xb9\xe2\x19\x47\x07\xfa\x07\x30\x44\xe9\xff\x20\xeb\x3f\x4c\x9c\x83\xbb\xee\xe5\x79\x1b\xa5\xb5\x5c\xf1\x8c\xa7\x03\xfd\x03\x18\xa2\xf4\x7f\x88\xf5\x1f\x36\xc2\xef\xd9\x9b\x12\xc6\xdc\x39\x48\xae\x78\x26\xd0\x81\xfe\x01\x0c\x51\xfa\x3f\xcc\xfa\x0f\xb7\x39\x7b\xcf\xc2\xbf\x0f\x1c\xcf\x28\x57\x3c\x13\xe9\x40\xff\x00\x86\x28\xfd\x1f\x61\xfd\x87\xdf\x3f\x7d\x5c\x9f\xd9\xb5\x92\x78\xe4\x8a\x67\x12\x1d\xe8\x1f\xc0\x10\xa5\xff\xa3\xac\xff\x08\x5d\x6b\xb6\x69\x5f\x70\x44\xd9\x25\x72\xc5\xe3\xfb\x9e\x40\xf4\x0f\x60\x88\xd2\xff\x31\xd6\x7f\xc4\x96\x8d\xcb\x25\x5d\x30\xb6\xf7\x69\xb9\xe2\x99\x42\x07\xfa\x07\x30\x44\xe9\xff\x38\xeb\x3f\xd2\xe5\xb9\xeb\x2f\x74\x29\x18\xa6\x9b\x5c\xf1\x4c\xa5\x03\xfd\x03\x18\xa2\xf4\x7f\x82\xf5\x1f\x39\x46\xff\xd3\x27\x62\x5f\x7d\x50\x51\xae\x78\xa6\xd1\x81\xfe\x01\x0c\x51\xfa\x3f\xc9\xfa\x8f\xb2\xba\x70\xea\xbc\x07\xc2\x8d\xbb\x2b\x57\x3c\xd3\xe9\x40\xff\x00\x86\x28\xfd\x9f\x62\xfd\x47\xdd\xde\x3b\x7c\xf3\xab\x2f\xf2\x84\x96\x2b\x9e\x19\x74\xa0\x7f\x00\x43\x94\xfe\x4f\xb3\xfe\xa3\x05\xd9\xfa\x6a\x4a\x88\x3c\xc5\x76\xca\x15\xcf\x4c\x3a\xd0\x3f\x80\x21\x4a\xff\x67\x58\xff\xd1\xeb\x95\x98\xe2\x6d\xb8\x60\xe1\x78\xb9\xe2\x99\x45\x07\xfa\x07\x30\x44\xe9\xff\x2c\xeb\x3f\xc6\x95\x11\xdd\xce\x6f\xed\x74\x3e\x89\x5c\xf1\xcc\xa6\x03\xfd\x03\x18\xa2\xf4\x7f\x8e\xf5\x1f\xf3\xc4\xa6\xea\x83\xff\x58\x11\x7b\xb0\x5c\xf1\xcc\xa1\x03\xfd\x03\x18\xa2\xf4\x7f\x9e\xf5\x1f\xab\x53\x9b\xad\x1d\x26\xf7\x6a\x95\x41\xae\x78\xe6\xd2\x81\xfe\x01\x0c\x51\xfa\xbf\xc0\xfa\x8f\x7d\x61\x5d\xf9\x57\x9f\x1f\xf4\x8f\x2f\x57\x3c\xf3\xe8\x40\xff\x00\x86\x28\xfd\x5f\x64\xfd\xc7\x69\xd5\x61\x8d\x27\x65\x96\x8f\x4b\xe5\x8a\x67\x3e\x1d\xe8\x1f\xc0\x10\xa5\xff\x4b\xac\xff\xb8\xdd\x4a\x8f\x2d\x9e\xe5\x6c\xd5\x7c\x72\xc5\xb3\x80\x0e\xf4\x0f\x60\x88\xd2\xff\x65\xd6\x7f\xbc\x3d\x43\xda\x6f\x7b\x16\x2c\xed\x47\xb9\xe2\x59\x48\x07\xfa\x07\x30\x44\xe9\xff\x0a\xeb\x3f\xfe\x86\x14\x33\x7a\x0f\x9b\xba\xef\xba\x5c\xf1\x2c\xa2\x03\xfd\x03\x18\xa2\xf4\x7f\x95\xf5\xef\x89\xf8\xa2\xd7\x88\xca\x7f\x6c\x68\x25\x57\x3c\x8b\xe9\x40\xff\x00\x86\x28\xfd\x5f\x63\xfd\x3b\x71\x2f\xd5\xbe\xb2\xb6\xf2\xf4\x30\x72\xc5\xe3\x7b\x4d\x10\xf4\x0f\x60\x88\xd2\xff\x75\xd6\xbf\x3b\x27\xf2\xce\x94\x2d\x07\xbc\xdc\x21\x57\x3c\xbe\x3f\x13\x40\xff\x00\x86\x28\xfd\xdf\x60\xfd\x7b\xe7\xbf\x7f\x95\x35\x82\x13\x30\x4e\xae\x78\x96\xd1\x81\xfe\x01\x0c\x51\xfa\xbf\xc9\xfa\x0f\x8c\x93\x39\xfc\x81\xb3\x27\x3a\x25\x95\x2b\x9e\xe5\x74\xa0\x7f\x00\x43\x94\xfe\x6f\xb1\xfe\x13\x44\x88\x94\x7a\xcc\x89\x94\xd7\x4e\xc9\x15\xcf\x0a\x3a\xd0\x3f\x80\x21\x4a\xff\xb7\x59\xff\x09\x37\x1f\x3d\x5d\x3f\xf2\xd7\x15\xdd\xe5\x8a\x67\x25\x1d\xe8\x1f\xc0\x10\xa5\xff\x3b\xac\xff\x44\xdf\xa6\x0e\x0f\x6c\x53\x3f\x7f\x25\xb9\xe2\x59\x45\x07\xfa\x07\x30\x44\xe9\xff\x2e\xeb\x3f\x71\xbe\xda\x4d\xcf\xad\x58\x9b\xf5\x8e\x5c\xf1\xac\xa6\x03\xfd\x03\x18\xa2\xf4\x7f\x8f\xf5\x9f\xa4\x62\xc3\x62\x83\xb6\x6f\x6c\xda\x4c\xae\x78\xd6\xd0\x81\xfe\x01\x0c\x51\xfa\xbf\xcf\xfa\x4f\xfa\x6a\xfe\xb2\x8e\x8d\x1b\xbb\xb7\xe5\x8a\x67\x2d\x1d\xe8\x1f\xc0\x10\xa5\xff\x07\xac\xff\x64\x25\xeb\xe6\x7f\x1d\xea\xe7\xbb\xb7\x72\xc5\xb3\x8e\x0e\xf4\x0f\x60\x88\xd2\xff\x43\xd6\x7f\xf2\x4f\x8b\xe7\xc7\xbf\x9e\x76\x40\x21\xb9\xe2\x59\x4f\x07\xfa\x07\x30\x44\xe9\xff\x11\xeb\x3f\xc5\xbd\x99\xfd\x8a\x1d\x3a\x92\x6c\xa5\x5c\xf1\x6c\xa0\x03\xfd\x03\x18\xa2\xf4\xff\x98\xf5\x9f\xf2\xcf\xea\x75\xb6\xc7\x8d\x5b\x2b\xb6\x5c\xf1\x6c\xa4\x03\xfd\x03\x18\xa2\xf4\xff\x84\xf5\x9f\x2a\xd5\xd7\xd1\xbd\xba\xf5\x59\x9f\x45\xae\x78\x36\xd1\x81\xfe\x01\x0c\x51\xfa\x7f\xca\xfa\x4f\x3d\x29\x6f\xcb\x91\x8b\xca\x1f\xec\x2f\x57\x3c\x9b\xe9\x40\xff\x00\x86\x28\xfd\x3f\x63\xfd\xa7\xe9\x17\xa2\xe4\xd5\xfc\x65\x9e\x3d\x90\x2b\x9e\x2d\x74\xa0\x7f\x00\x43\x94\xfe\x9f\xb3\xfe\xd3\x66\xdb\xbf\x2a\xc5\xcc\x99\x33\xca\xc9\x15\xcf\x56\x3a\xd0\x3f\x80\x21\x4a\xff\x2f\x58\xff\xe9\xbe\xdd\x3d\x97\xe1\x67\xa8\xb6\xbd\xe5\x8a\x67\x1b\x1d\xe8\x1f\xc0\x10\xa5\xff\x97\xac\xff\xf4\xf9\x92\xa6\xdb\x1b\x78\x31\xd4\x31\xb9\xe2\xd9\x4e\x07\xfa\x07\x30\x44\xe9\xff\x15\xeb\x3f\x43\x45\x4f\x94\x89\xb9\x32\x2c\x4f\x28\x57\x3c\xbe\xd7\x04\x43\xff\x00\x86\x28\xfd\xbf\x66\xfd\x67\x7c\x75\xfd\x7d\xa3\x3b\x77\x6e\x4e\x92\x2b\x9e\x9d\x74\xa0\x7f\x00\x43\x94\xfe\xdf\xb0\xfe\x33\x8d\x4c\x36\xf0\x56\x9f\x6e\xe9\xb6\xc8\x15\xcf\x2e\x3a\xd0\x3f\x80\x21\x4a\xff\x6f\x59\xff\x99\xb3\xbe\x6a\x9c\xba\xc6\x92\x22\x11\xe4\x8a\x67\x37\x1d\xe8\x1f\xc0\x10\xa5\xff\x77\xac\xff\x2c\x09\x2f\x14\xe9\x5a\x27\xe1\xd9\x70\x72\xc5\xb3\x87\x0e\xf4\x0f\x60\x88\xd2\xff\x7b\xd6\x7f\xd6\xa9\x51\x17\x0c\xdb\xf1\x76\xf1\x2e\xb9\xe2\xd9\x4b\x07\xfa\x07\x30\x44\xe9\xff\x03\xeb\x3f\x5b\xce\x33\x65\x22\xdf\x68\x5e\x62\x8c\x5c\xf1\xec\xa3\x03\xfd\x03\x18\xa2\xf4\xff\x91\xf5\x9f\xbd\x6f\xcc\x95\xf7\x03\xb6\xe6\x4a\x2c\x57\x3c\xfb\xe9\x40\xff\x00\x86\x28\xfd\x7f\x62\xfd\xe7\x98\x98\x6a\xc4\x66\x4f\xad\x31\x27\xe4\x8a\xe7\x00\x1d\xe8\x1f\xc0\x10\xa5\xff\xcf\xac\xff\x9c\x69\x9f\xb5\x2a\xb4\x77\xc4\xa3\xae\x72\xc5\x73\x90\x0e\xf4\x0f\x60\x88\xd2\xff\x17\xd6\x7f\xae\xea\xc5\xfa\xf6\x9d\x1b\x33\x5c\x15\xb9\xe2\x39\x44\x07\xfa\x07\x30\x44\xe9\xff\x2b\xeb\x3f\xf7\xdd\x51\xf5\xdb\xf5\x3c\xd0\xf3\x9e\x5c\xf1\x1c\xa6\x03\xfd\x03\x18\xa2\xf4\xff\x8d\xf5\x9f\xe7\xe3\x86\x02\x49\xa6\x5d\x2d\x3f\x50\xae\x78\x8e\xd0\x81\xfe\x01\x0c\x51\xfa\xff\xce\xfa\xcf\x5b\xa6\xdd\x9c\x8b\x45\xc2\x25\x4a\x27\x57\x3c\x47\xe9\x40\xff\x00\x86\x28\xfd\xff\x60\xfd\xe7\x8b\x5e\x6f\x79\x9f\x24\x63\x8f\x3a\x72\xc5\xe3\xfb\x9e\x60\xf4\x0f\x60\x88\xd2\xff\x4f\xd6\x7f\xfe\x55\x0b\x8a\xb7\xff\x56\x70\xf7\x72\xb9\xe2\x39\x4e\x07\xfa\x07\x30\x44\xe9\xff\x17\xeb\xbf\xc0\xb6\x59\x4d\x92\x3e\x5e\x10\xad\x80\x5c\xf1\xf8\xbe\x26\x00\xfd\x03\x18\xa2\xf4\xff\x9b\xf5\x5f\x30\xe0\xcf\x61\x17\x72\x76\x6a\xf8\x59\xae\x78\x4e\xd2\x81\xfe\x01\x0c\xf9\xaf\xfb\x8f\x1d\xc0\xfa\x2f\x54\x63\xe7\x81\x7b\xd5\x5f\x0c\xb9\x2a\x57\x3c\xa7\xe8\x40\xff\x00\x86\x28\xfd\x07\x61\xfd\x17\x7e\xd4\x3d\x49\x94\xc1\x79\x7e\xb5\x90\x2b\x9e\xd3\x74\xa0\x7f\x00\x43\x94\xfe\x83\xb2\xfe\x8b\xbc\xcb\x1f\xaa\xf0\x98\x1c\x73\x1e\xc9\x15\xcf\x19\x3a\xd0\x3f\x80\x21\x4a\xff\xc1\x58\xff\x45\x8b\x0d\x7e\xb8\xa9\xe4\x93\x4b\x15\xe4\x8a\xe7\x2c\x1d\xe8\x1f\xc0\x10\xa5\xff\xe0\xac\xff\x62\xcf\x0a\x47\x4c\x95\xaa\x5d\xce\x9e\x72\xc5\x73\x8e\x0e\xf4\x0f\x60\x88\xd2\x7f\x08\xd6\x7f\xf1\xb2\xfd\x5f\xdc\x7e\x33\xa7\xd4\x11\xb9\xe2\x39\x4f\x07\xfa\x07\x30\x44\xe9\x3f\x24\xeb\xbf\x44\xa1\xad\x27\x87\xbf\x2c\x7a\x37\x50\xae\x78\x2e\xd0\x81\xfe\x01\x0c\x51\xfa\x0f\xc5\xfa\xff\xe3\x57\xef\xb4\x5d\xd2\x4f\x9c\x3c\x41\xae\x78\x2e\xd2\x81\xfe\x01\x0c\x51\xfa\x0f\xcd\xfa\x2f\x39\xec\xe6\x9e\x9d\xe5\x22\x75\xdb\x26\x57\x3c\x97\xe8\x40\xff\x00\x86\x28\xfd\x87\x61\xfd\x97\x4a\x17\x2f\x41\xe9\x91\x37\xc3\x47\x92\x2b\x9e\xcb\x74\xa0\x7f\x00\x43\x94\xfe\xc3\xb2\xfe\x4b\x27\x0a\x0c\x16\xb7\xd9\x9e\x84\x4d\xe4\x8a\xe7\x0a\x1d\xe8\x1f\xc0\x10\xa5\xff\x70\xac\xff\x32\xb3\x1e\xdf\x7d\xba\x29\x6a\xa5\x9b\x72\xc5\xe3\xfb\x9a\x60\xf4\x0f\x60\x88\xd2\x7f\x78\xd6\x7f\xd9\x1a\x07\x67\xbe\xbd\x34\x64\xcb\x7b\xb9\xe2\xb9\x46\x07\xfa\x07\x30\x44\xe9\x3f\x02\xeb\xbf\xdc\xa3\x60\xbd\x83\x86\xad\x76\xaa\x88\x5c\xf1\x5c\xa7\x03\xfd\x03\x18\xa2\xf4\x1f\x91\xf5\x5f\xfe\x5d\xf6\x5a\x95\x63\xed\xac\xb7\x5a\xae\x78\x6e\xd0\x81\xfe\x01\x0c\x51\xfa\x8f\xc4\xfa\xaf\x50\xec\xf7\x8e\x85\xc7\x5b\x47\x8f\x2b\x57\x3c\xbe\xdf\x13\x40\xff\x00\x86\x28\xfd\x47\x66\xfd\x57\x4c\x19\xfe\x98\x67\xf9\xc7\xaf\x99\xe4\x8a\xe7\x16\x1d\xe8\x1f\xc0\x10\xa5\xff\x28\xac\xff\x4a\x63\x8f\x25\x7b\xd5\x39\xe9\xe8\xbe\x72\xc5\x73\x9b\x0e\xf4\x0f\x60\x88\xd2\x7f\x54\xd6\x7f\xe5\x81\x6f\xc2\x6c\x1b\xf8\xb3\x90\x57\xae\x78\xee\xd0\x81\xfe\x01\x0c\x51\xfa\x8f\xc6\xfa\xaf\x92\x37\xcb\xf3\xe2\x55\xd3\x66\x98\x28\x57\x3c\x77\xe9\x40\xff\x00\x86\x28\xfd\x47\x67\xfd\xff\x39\xf3\x43\xc0\xf9\xec\x1b\x6f\x6f\x97\x2b\x1e\xdf\x7b\x82\xa1\x7f\x00\x43\x94\xfe\x63\xb0\xfe\xab\x26\xcd\x70\xcf\xfb\xb0\xf1\xd2\x88\x72\xc5\x73\x9f\x0e\xf4\x0f\x60\x88\xd2\x7f\x4c\xd6\x7f\xb5\x8c\xa1\xf7\x77\xf8\xd2\x27\xc4\x63\xb9\xe2\x79\x40\x07\xfa\x07\x30\x44\xe9\x3f\x16\xeb\xbf\xfa\xd0\x53\x81\x83\x13\x95\x6f\x5f\x5e\xae\x78\x1e\xd2\x81\xfe\x01\x0c\x51\xfa\x8f\xcd\xfa\xaf\xf1\xb3\xc5\xa9\x02\x85\x8e\xcc\xea\x21\x57\x3c\xbe\xd7\x04\x46\xff\x00\x86\x28\xfd\xc7\x61\xfd\xd7\x2c\xba\x2c\xd5\xda\x29\x71\x9f\x1c\x95\x2b\x1e\xdf\xff\x26\x40\xff\x00\x86\x28\xfd\xc7\x65\xfd\xd7\xaa\x30\x26\xc2\xc3\xde\xa1\x0e\xaf\x92\x2b\x9e\x27\x74\xa0\x7f\x00\x43\x94\xfe\xe3\xb1\xfe\x6b\x3f\xad\xfc\x3a\xe6\xfc\x8b\x6b\xe3\xc9\x15\xcf\x53\x3a\xd0\x3f\x80\x21\x4a\xff\xf1\x59\xff\x75\x9e\x6d\xdc\x11\x76\x7f\x99\x1a\x99\xe5\x8a\xe7\x19\x1d\xe8\x1f\xc0\x10\xa5\x7f\x0f\xeb\xbf\x6e\xd9\xf6\xb5\xbe\xba\x33\x53\xf4\x91\x2b\x9e\xe7\x74\xa0\x7f\x00\x43\x94\xfe\x1d\xd6\x7f\xbd\x42\xc5\x7b\xaf\x0c\xda\x6d\x50\x53\xb9\xe2\x79\x41\x07\xfa\x07\x30\x44\xe9\xdf\x65\xfd\xd7\xff\x35\x7a\x66\xad\x5b\x4b\xde\xdc\x90\x2b\x9e\x97\x74\xa0\x7f\x00\x43\x94\xfe\xbd\xac\xff\x06\xeb\x6f\x5f\x8d\xbf\x2b\x83\xe7\x9d\x5c\xf1\xbc\xa2\x03\xfd\x03\x18\xa2\xf4\x1f\xc8\xfa\x6f\x18\x26\x4e\xce\xd7\xf5\xee\x34\xff\x8b\xc6\x3d\xaf\xe9\x40\xff\x00\x86\x28\xfd\x27\x60\xfd\x37\xf2\x24\x8c\xbb\xbd\xe3\x83\xcc\x27\xe5\x8a\xe7\x0d\x1d\xe8\x1f\xc0\x10\xa5\xff\x84\xac\xff\xc6\x8b\x1f\x7e\x29\xb6\x34\x4b\xc1\x2e\x72\xc5\xf3\x96\x0e\xf4\x0f\x60\x88\xd2\x7f\x22\xd6\x7f\x93\x10\x49\xa3\x9d\x3b\xba\x62\x55\x65\xb9\xf2\xb7\xdf\x13\x40\xff\x00\x86\x28\xfd\x27\x66\xfd\x37\xdd\x7d\xf7\x6d\x60\x8c\x5e\x57\xee\xcb\x15\x8f\xef\x3d\x41\xd0\x3f\x80\x21\x4a\xff\x49\x58\xff\xcd\x96\x5f\x3f\xd3\x31\xf4\xd4\x0e\x61\xe5\x8a\xe7\x03\x1d\xe8\x1f\xc0\x10\xa5\xff\xa4\xac\xff\xe6\x51\x3c\x19\x06\x5d\xf8\x23\xe8\x6e\xb9\xe2\xf9\x48\x07\xfa\x07\x30\x44\xe9\x3f\x19\xeb\xbf\x45\xc3\xdd\x37\x0b\x6e\x38\xfb\x7a\xac\x5c\xf1\x7c\xa2\x03\xfd\x03\x18\xa2\xf4\x9f\x9c\xf5\xdf\xf2\x76\xd7\xbc\x6b\x9a\x04\x9b\x9a\x48\xae\x78\x3e\xd3\x81\xfe\x01\x0c\x51\xfa\x4f\xc1\xfa\x6f\x75\xbc\xa0\xf3\x60\xb4\xb3\xa9\xa0\x5c\xf1\x7c\xa1\x03\xfd\x03\x18\xa2\xf4\x9f\x92\xf5\xdf\xba\xed\xc0\x1f\xb1\x2a\x9c\xd8\xf3\x49\xae\x78\xbe\xd2\x81\xfe\x01\x0c\x51\xfa\x4f\xc5\xfa\x6f\xb3\x7e\x71\x9f\x48\x19\x2b\xa7\xbe\x22\x57\x3c\xdf\xe8\x40\xff\x00\x86\x28\xfd\xa7\x66\xfd\xb7\x0d\x53\xb7\xde\x8f\xd7\x03\xaa\xb7\x94\x2b\x9e\xef\x74\xa0\x7f\x00\x43\x94\xfe\xd3\xb0\xfe\xdb\x79\xaa\x17\x5c\xf2\xae\xfe\xe7\x01\x72\xc5\xf3\x83\x0e\xf4\x0f\x60\x88\xd2\x7f\x5a\xd6\x7f\xfb\xc5\x33\xe7\x56\x4f\xb3\xb6\x6f\x7a\xb9\xe2\xf9\x49\x07\xfa\x07\x30\x44\xe9\x3f\x1d\xeb\xbf\xc3\x81\x56\x97\xef\x97\x4e\xd9\xc2\x95\x2b\x9e\x5f\x74\xa0\x7f\x00\x43\x94\xfe\xd3\xb3\xfe\x3b\xf6\x5a\x92\x39\xf2\xb8\xaf\x71\x97\xc9\x15\xcf\x6f\x3a\xd0\x3f\x80\x21\x4a\xff\x19\x58\xff\x9d\x9a\x8d\x8b\x5e\x68\xfb\xd4\xa7\xa1\xe4\x8a\xe3\x3b\xd0\x3f\x80\x21\x4a\xff\x19\x59\xff\x9d\xcf\x54\xfc\xb4\xb9\xf1\x1f\xb3\xd7\xc9\x15\x87\x3e\x06\xfd\x03\x58\xa2\xf4\x9f\x89\xf5\xdf\xa5\xdd\x24\x4f\xea\x50\x67\xdb\xcd\x90\x2b\x4e\x50\x3a\xd0\x3f\x80\x21\x4a\xff\x99\x59\xff\x5d\x8f\x94\xfd\x7d\xeb\x7a\xb0\xe0\xc9\xe5\x8a\x13\x8c\x0e\xf4\x0f\x60\x88\xd2\x7f\x16\xd6\x7f\xb7\x1b\xcd\x6e\x0d\x3b\xf4\x60\xc9\x1e\xb9\xe2\x04\xa7\x03\xfd\x03\x18\xa2\xf4\x9f\x95\xf5\xdf\xbd\xd1\x8a\x5c\x5d\xe3\x66\xb9\xd5\x51\xae\x38\x21\xe8\x40\xff\x00\x86\x28\xfd\x67\x63\xfd\xf7\x88\x1a\xf1\xfc\x8e\x6e\x2b\x32\x56\x97\x2b\x4e\x48\x3a\xd0\x3f\x80\x21\x4a\xff\xd9\x59\xff\x3d\x97\x1c\x49\x5f\x66\x51\xaf\xc2\xaf\xe4\x8a\xe3\xfb\x33\x41\xf4\x0f\x60\x88\xd2\x7f\x0e\xd6\x7f\xaf\x1d\xef\x22\xc7\xcb\x5f\xbf\xd9\x50\xb9\xe2\xf8\x7e\x3c\xfa\x07\x30\x44\xe9\x3f\x27\xeb\xbf\x77\xc8\x4c\xef\x9e\xcc\x5c\x1b\x3f\x97\x5c\x71\xc2\xd0\x81\xfe\x01\x0c\x51\xfa\xcf\xc5\xfa\xef\xf3\x62\x5f\xf1\xb4\x3f\x53\xbe\x8d\x2a\x57\x1c\xdf\x6b\x02\xa3\x7f\x00\x43\x94\xfe\x73\xb3\xfe\xfb\x56\x0e\xbe\xfc\x46\xe0\xd7\xc1\x8b\xe5\x8a\x13\x8e\x0e\xf4\x0f\x60\x88\xd2\x7f\x1e\xd6\x7f\xbf\x02\x79\x86\x0d\xc9\xe5\xa4\x2c\x2d\x57\x9c\xf0\x74\xa0\x7f\x00\x43\x94\xfe\xf3\xb2\xfe\xfb\x7f\xf9\xd2\xa4\xfb\x9d\x13\x35\xbf\xcb\x15\x27\x02\x1d\xe8\x1f\xc0\x10\xa5\xff\x7c\xac\xff\x01\x4f\x5e\x15\x3f\xd9\xa7\xf2\x9a\x8b\x72\xc5\x89\x48\x07\xfa\x07\x30\x44\xe9\x3f\x3f\xeb\x7f\x60\xf9\x64\xcb\xf3\xd4\x18\x70\xa8\x8e\x5c\x71\x22\xd1\x81\xfe\x01\x0c\x51\xfa\x2f\xc0\xfa\x1f\x54\x24\xea\xb0\x66\x7f\xf4\x99\xf2\x4c\xae\x38\x91\xe9\x40\xff\x00\x86\x28\xfd\x17\x64\xfd\x0f\xfe\x71\xa1\xc9\xd4\xc9\xe5\x5f\xd5\x96\x2b\x4e\x14\x3a\xd0\x3f\x80\x21\x4a\xff\x85\x58\xff\x43\x6a\xc5\xec\x1f\xec\xf3\x91\x60\x6d\xe5\x8a\xe3\xfb\x9a\x00\xf4\x0f\x60\x88\xd2\x7f\x61\xd6\xff\xd0\x07\x67\xea\xbe\x49\x19\xb7\xe3\x01\xb9\xe2\x44\xa3\x03\xfd\x03\x18\xa2\xf4\x5f\x84\xf5\x3f\xec\xcd\xb3\x7c\x0b\xb2\xfc\xbc\x9a\x5a\xae\x38\xd1\xe9\x40\xff\x00\x86\x28\xfd\x17\x65\xfd\x0f\x2f\x91\x6a\x5e\x95\x67\x69\x57\x4f\x91\x2b\x4e\x0c\x3a\xd0\x3f\x80\x21\x4a\xff\xc5\x58\xff\x23\xf2\x8c\x2a\x35\x6e\xd8\xc6\x02\x9b\xe4\x8a\x13\x93\x0e\xf4\x0f\x60\x88\xd2\x7f\x71\xd6\xff\xc8\x01\xc5\x56\xd7\xad\xdc\x38\x53\x30\xb9\xe2\xc4\xa2\x03\xfd\x03\x18\xa2\xf4\x5f\x82\xf5\x3f\x6a\x4c\xbb\x51\x99\xd7\x76\x8b\xd7\x40\xae\x38\xb1\xe9\x40\xff\x00\x86\x28\xfd\xff\xc1\xfa\x1f\x9d\x62\x43\x8b\x43\x2d\x97\xb4\x3c\x2b\x57\x9c\x38\x74\xa0\x7f\x00\x43\x94\xfe\x4b\xb2\xfe\xc7\x3c\x99\x14\xf9\x56\x84\x0c\x7d\x7e\xcb\x15\x27\x2e\x1d\xe8\x1f\xc0\x10\xa5\xff\x52\xac\xff\xb1\xe5\xcb\xbe\x4b\x7d\xf6\xce\xa7\x12\x72\xc5\x89\x47\x07\xfa\x07\x30\x44\xe9\xbf\x34\xeb\x7f\x5c\x91\x66\xe7\xbb\x9e\x08\x55\x6d\xbe\x5c\x71\xe2\xd3\x81\xfe\x01\x0c\x51\xfa\x2f\xc3\xfa\x1f\xff\x63\x45\xfa\x61\x91\x2f\xa6\x8a\x29\x57\x1c\x0f\x1d\xe8\x1f\xc0\x10\xa5\xff\xb2\xac\xff\x09\xb3\x6b\x17\xcd\xd0\xa6\xcc\xde\x6c\x72\xc5\xf1\xbd\x01\x30\xfa\x07\x30\x44\xe9\xbf\x1c\xeb\x7f\x62\xe2\xa9\x0b\xf7\xae\x98\xb9\x79\xa4\x5c\x71\x5c\x3a\xd0\x3f\x80\x21\x4a\xff\xe5\x59\xff\x93\xd2\xcf\x1f\x30\xb1\x56\xd1\x1e\xa9\xe4\x8a\xe3\xfb\x31\xe8\x1f\xc0\x10\xa5\xff\x0a\xac\xff\xc9\xc3\x1b\x36\x6a\xd4\x6f\x62\xd8\xa9\x72\xc5\x09\xa4\x03\xfd\x03\x18\xa2\xf4\x5f\x91\xf5\x3f\x25\xf9\xe2\x91\x3f\xee\x45\x7a\xbc\x59\xae\x38\x09\xe8\x40\xff\x00\x86\x28\xfd\x57\x62\xfd\x4f\x1d\x5f\xb7\x75\xa4\x3c\x37\xc7\x06\x95\x2b\x4e\x42\x3a\xd0\x3f\x80\x21\x4a\xff\x95\x59\xff\xd3\x06\x57\x2f\x5d\x3d\x61\x8e\xdc\xcf\xe5\x8a\x93\x88\x0e\xf4\x0f\x60\x88\xd2\x7f\x15\xd6\xff\xf4\xdc\x33\x57\x2c\xf9\xfd\xe4\x8f\x5a\x72\xc5\x49\x4c\x07\xfa\x07\x30\x44\xe9\xff\x4f\xd6\xff\x8c\xe2\x79\x0b\xb6\x9c\xdd\x6e\x51\x1b\xb9\xe2\x24\xa1\x03\xfd\x03\x18\xa2\xf4\x5f\x95\xf5\x3f\xf3\xfd\xd7\xb9\xb3\x0a\xce\x39\x73\x50\xae\x38\x49\xe9\x40\xff\x00\x86\x28\xfd\x57\x63\xfd\xcf\x7a\xbc\xbf\xcf\xb1\x05\x3b\x7f\xcf\x93\x2b\x4e\x32\x3a\xd0\x3f\x80\x21\x4a\xff\xd5\x59\xff\xb3\x6b\x86\xa8\x97\xbd\x4b\xeb\xa1\xb1\xe4\x8a\x93\x9c\x0e\xf4\x0f\x60\x88\xd2\x7f\x0d\xd6\xff\x9c\x5a\x8f\xd2\x27\x8e\xfd\xb1\x41\x76\xb9\xe2\xa4\xa0\x03\xfd\x03\x18\xa2\xf4\x5f\x93\xf5\x3f\xf7\x81\xf7\xfc\xa5\x03\x49\xa3\x8e\x90\x2b\x4e\x4a\x3a\xd0\x3f\x80\x21\x4a\xff\xb5\x58\xff\xf3\xde\xc4\x7d\xd7\xef\xea\x9e\x5d\x0d\xe5\x8a\xe3\xfb\x9e\x00\xf4\x0f\x60\x88\xd2\x7f\x6d\xd6\xff\xfc\x12\x37\x22\xb7\x0d\x11\xf5\xc8\x19\xb9\xe2\xf8\xde\x13\x04\xfd\x03\x18\xa2\xf4\x5f\x87\xf5\xbf\x20\xd4\x88\x8a\x19\x1b\x0e\x49\xfc\x4b\xae\x38\x69\xe8\x40\xff\x00\x86\x28\xfd\xd7\x65\xfd\x2f\xdc\x59\x62\xd3\x9e\xad\xd5\x2a\xfc\x21\x57\x9c\xb4\x74\xa0\x7f\x00\x43\x94\xfe\xeb\xb1\xfe\x17\x2d\x6d\x33\x79\xc2\xaa\x5a\x11\xf6\xca\x15\x27\x1d\x1d\xe8\x1f\xc0\x10\xa5\xff\xfa\xac\xff\xc5\xd1\x36\x75\x6c\xdc\x6e\x44\xf7\x0e\x72\xc5\x49\x4f\x07\xfa\x07\x30\x44\xe9\xbf\x01\xeb\x7f\xc9\xda\x0e\xb3\x7e\x46\x8d\x39\xa9\x9a\x5c\x71\x32\xd0\x81\xfe\x01\x0c\x51\xfa\x6f\xc8\xfa\x5f\x1a\x6e\x5d\x8f\x88\xa7\x0e\xdc\x79\x2d\x57\x9c\x8c\x74\xa0\x7f\x00\x43\x94\xfe\x1b\xb1\xfe\x97\xb9\x43\x6a\x56\x3b\x9f\xb0\x64\x48\xb9\xe2\x64\xa2\x03\xfd\x03\x18\xa2\xf4\xdf\x98\xf5\xbf\x7c\x61\xe9\xdd\x4b\x23\xbd\xcd\xb1\x5e\xae\x38\x99\xe9\x40\xff\x00\x86\x28\xfd\x37\x61\xfd\xaf\x38\xfb\xa2\x6c\x8b\xd6\xcd\x2f\xcf\x94\x2b\x4e\x16\x3a\xd0\x3f\x80\x21\x4a\xff\x4d\x59\xff\x2b\x9b\xa7\x58\x37\x7b\xfd\xd6\xb9\xc9\xe4\x8a\x93\x95\x0e\xf4\x0f\x60\x88\xd2\x7f\x33\xd6\xff\xaa\xde\x91\xc7\x1f\xaf\xb8\x60\x54\x19\xb9\xe2\xf8\xde\x13\x08\xfd\x03\x18\xa2\xf4\xdf\x9c\xf5\xbf\xfa\xe0\xa5\xb6\xd9\x86\x74\xfa\xf2\x4d\xae\x38\xbe\xef\x09\x46\xff\x00\x86\x28\xfd\xb7\x60\xfd\xaf\x09\xf5\x21\x82\xf7\xc9\x8b\x18\x17\xe4\x8a\x93\x83\x0e\xf4\x0f\x60\x88\xd2\x7f\x4b\xd6\xff\xda\x9d\x19\x5e\x9f\xcf\x94\xa7\x7e\x5d\xb9\xe2\xe4\xa4\x03\xfd\x03\x18\xa2\xf4\xdf\x8a\xf5\xbf\x6e\x69\xe8\x53\x83\x93\x5f\x3d\x3d\x44\xae\x38\xb9\xe8\x40\xff\x00\x86\x28\xfd\xb7\x66\xfd\xaf\x8f\x76\x2a\x55\x87\x8f\xe1\xb6\xe6\x96\x2b\x8e\xef\xef\xa1\x7f\x00\x43\x94\xfe\xdb\xb0\xfe\x37\xb4\xc9\x5d\xed\xc4\xc4\xb1\x15\xa3\xc9\x15\x27\x0f\x1d\xe8\x1f\xc0\x10\xa5\xff\xb6\xac\xff\x8d\xc7\xbe\x6f\xc9\x5b\xbc\x60\x82\x45\x72\xc5\xc9\x4b\x07\xfa\x07\x30\x44\xe9\xbf\x1d\xeb\x7f\xd3\xad\xbd\x53\x9b\x77\x3c\xb2\x71\x8e\x5c\x71\xf2\xd1\x81\xfe\x01\x0c\x51\xfa\x6f\xcf\xfa\xdf\xdc\x20\x54\xf7\x29\x4b\xe3\xee\x8f\x21\x57\x9c\xfc\x74\xa0\x7f\x00\x43\x94\xfe\x3b\xb0\xfe\xb7\x1c\x3a\x38\x26\xe8\xd1\x3e\x69\x72\xca\x15\xa7\x00\x1d\xe8\x1f\xc0\x10\xa5\xff\x8e\xac\xff\xad\x3d\x82\xb5\x7b\x1b\xa3\xfc\x9f\xa3\xe4\x8a\x53\x90\x0e\xf4\x0f\x60\x88\xd2\x7f\x27\xd6\xff\xb6\x26\xd9\x2b\x2c\x0c\xbd\xf1\x43\x63\xb9\xe2\x14\xa2\x03\xfd\x03\x18\xa2\xf4\xdf\x99\xf5\xbf\xfd\xdc\xef\xb5\x95\x2f\x34\xee\x77\x4e\xae\x38\x85\xe9\x40\xff\x00\x86\x28\xfd\x77\x61\xfd\xef\x58\x54\xb3\xd6\xf8\x0d\x3f\x5b\xff\x90\x2b\x4e\x11\x3a\xd0\x3f\x80\x21\x4a\xff\x5d\x59\xff\x3b\xe3\x4f\xdf\x51\xa7\x49\xda\x38\xc5\xe5\x8a\xe3\xeb\x1e\xfd\x03\x18\xa2\xf4\xdf\x8d\xf5\xbf\x2b\xf4\xdc\x99\x99\x46\x67\xc8\x92\x46\xae\x38\xc5\xe8\x40\xff\x00\x86\x28\xfd\x77\x67\xfd\xef\x5e\xd7\xb8\xf7\xe1\x0a\x77\xf2\x4d\x97\x2b\x8e\xef\x9f\x09\xd0\x3f\x80\x21\x4a\xff\x3d\x58\xff\x7b\x9e\x76\xee\x30\x2e\x63\xb7\x95\x1b\xe5\x8a\x53\x82\x0e\xf4\x0f\x60\x88\xd2\x7f\x4f\xd6\xff\xde\x0a\x6b\x27\xd5\x7d\xbd\xe4\xfa\x5f\xac\x38\xbe\xf7\x04\x44\xff\x00\x86\x28\xfd\xf7\x62\xfd\xef\x2b\x3a\x7c\x73\xe6\x77\x65\x3a\x3f\x95\x2b\x4e\x49\x3a\xd0\x3f\x80\x21\x4a\xff\xbd\x59\xff\xfb\x7f\x96\xaa\x74\x28\xcd\xcc\x20\x35\xe4\x8a\x53\x8a\x0e\xf4\x0f\x60\x88\xd2\x7f\x1f\xd6\xff\x81\x2a\x97\x77\x4f\x29\x1d\xea\x45\x3b\xb9\xe2\x94\xa6\x03\xfd\x03\x18\xa2\xf4\xdf\x97\xf5\x7f\xf0\x65\x94\x9a\xcd\xc7\x5d\x9c\x76\x58\xae\x38\xbe\xd7\x04\x47\xff\x00\x86\x28\xfd\xf7\x63\xfd\x1f\xfa\x9a\xb2\x47\xde\x81\x67\x0f\x94\x92\x2b\x4e\x59\x3a\xd0\x3f\x80\x21\x4a\xff\xfd\x59\xff\x87\x0b\xbe\x9c\x75\xa2\x6a\xb0\x75\x5f\xe4\x8a\x53\x8e\x0e\xf4\x0f\x60\x88\xd2\xff\x00\xd6\xff\x91\xbb\x69\x3b\x56\xce\x3e\xb5\xf6\x25\xb9\xe2\x94\xa7\x03\xfd\x03\x18\xa2\xf4\x3f\x90\xf5\x7f\xb4\xfa\xd3\xc9\x0b\x1f\xfe\x91\xbc\xbe\x5c\x71\x2a\xd0\x81\xfe\x01\x0c\x51\xfa\x1f\xc4\xfa\x3f\x56\xe6\xfc\xa6\xb7\x5f\x56\x0c\x1c\x26\x57\x9c\x8a\x74\xa0\x7f\x00\x43\x94\xfe\x07\xb3\xfe\x8f\x7f\x8c\x51\x31\x68\xa2\x5e\xef\xf3\xca\x15\xa7\x12\x1d\xe8\x1f\xc0\x10\xa5\xff\x21\xac\xff\x13\x7d\x37\x6f\x3f\x5c\xe8\x81\x13\x45\xae\x38\x95\xe9\x40\xff\x00\x86\x28\xfd\x0f\x65\xfd\x9f\xcc\xd9\xb6\x6a\xa6\x29\x59\x9a\x2c\x90\x2b\x4e\x15\x3a\xd0\x3f\x80\x21\x4a\xff\xc3\x58\xff\xa7\xd2\xfe\xd1\xa5\x4e\xef\x94\x45\xf7\xcb\x15\xe7\x4f\x3a\xd0\x3f\x80\x21\x4a\xff\xc3\x59\xff\xa7\x27\x8e\x9c\x36\x7e\xfe\xd7\xf4\x9d\xe4\x8a\x53\x95\x0e\xf4\x0f\x60\x88\xd2\xff\x08\xd6\xff\x99\x2a\xab\x1f\x0d\xdf\x5f\xff\xc6\x9f\x72\xc5\xa9\x46\x07\xfa\x07\x30\x44\xe9\x7f\x24\xeb\xff\xec\xcb\xa6\xc1\xbb\xb8\x6b\x97\xbd\x94\x2b\x4e\x75\x3a\xd0\x3f\x80\x21\x4a\xff\xa3\x58\xff\xe7\xbe\x56\x48\x9c\x2a\x68\xe5\x90\xc1\xe5\x8a\xe3\xfb\x9e\x60\xf4\x0f\x60\x88\xd2\xff\x68\xd6\xff\xf9\x82\x13\x0f\xdf\xbe\x35\xa0\xcd\x5a\xb9\xe2\xd4\xa4\x03\xfd\x03\x18\xa2\xf4\x3f\x86\xf5\x7f\xc1\xdb\x68\x6d\xe3\x5d\xce\xcc\xd9\x72\xc5\xa9\x45\x07\xfa\x07\x30\x44\xe9\x7f\x2c\xeb\xff\xe2\xb4\x39\x15\x26\xd4\x3b\xf1\x3c\x85\x5c\x71\x6a\xd3\x81\xfe\x01\x0c\x51\xfa\x1f\xc7\xfa\xbf\x34\x6a\x5a\xbb\x3d\x63\x62\x7a\x87\xcb\x15\xa7\x0e\x1d\xe8\x1f\xc0\x10\xa5\xff\xf1\xac\xff\xcb\x99\x6a\x8c\xc9\x58\xf2\x40\xe5\x3c\x72\xc5\xa9\x4b\x07\xfa\x07\x30\x44\xe9\x7f\x02\xeb\xff\xca\xa4\x59\xdd\x97\xa6\xaa\xb5\x3d\xb2\x5c\x71\xea\xd1\x81\xfe\x01\x0c\x51\xfa\x9f\xc8\xfa\xbf\x9a\xea\xcf\xa9\xd5\xde\x8c\x38\xb9\x50\xae\x38\xbe\xd7\x04\x40\xff\x00\x86\x28\xfd\x4f\x62\xfd\x5f\xcb\x56\x6f\x4b\xc4\x97\xcd\xeb\x96\x94\x2b\x4e\x03\x3a\xd0\x3f\x80\x21\x4a\xff\x93\x59\xff\xd7\xfb\x2d\xa8\xf6\x33\xfd\xd6\x58\x5f\xe5\x8a\xd3\x90\x0e\xf4\x0f\x60\x88\xd2\xff\x14\xd6\xff\x8d\x4f\x21\x37\x66\x2b\x97\xf0\xdb\x65\xb9\xe2\x34\xa2\x03\xfd\x03\x18\xa2\xf4\x3f\x95\xf5\x7f\xb3\xe4\x9e\x2a\xc7\x47\xbe\x1d\x51\x4f\xae\x38\x8d\xe9\x40\xff\x00\x86\x28\xfd\x4f\x63\xfd\xdf\xfa\xf3\x5b\xa7\xd9\xcd\x5e\xcc\x0f\x21\x57\x9c\x26\x74\xa0\x7f\x00\x43\x94\xfe\xa7\xb3\xfe\x6f\xdf\xcb\x35\xa1\xc5\xa6\x3c\x17\xd7\xc8\x15\xa7\x29\x1d\xe8\x1f\xc0\x10\xa5\xff\x19\xac\xff\x3b\x77\x6f\x1f\x6e\x73\x69\x41\xb6\x59\x72\xc5\x69\x46\x07\xfa\x07\x30\x44\xe9\x7f\x26\xeb\xff\x6e\xf5\x38\x89\xfb\x87\xed\x54\x3a\xa5\x5c\x71\x9a\xd3\x81\xfe\x01\x0c\x51\xfa\x9f\xc5\xfa\xbf\x57\x26\x61\xf0\xcb\xb1\xc6\xde\xdb\x27\x57\x9c\x16\x74\xa0\x7f\x00\x43\x94\xfe\x67\xb3\xfe\xef\x7f\x7c\xf8\x28\xd1\xf1\x82\x13\x3a\xcb\x15\xa7\x25\x1d\xe8\x1f\xc0\x10\xa5\xff\x39\xac\xff\x07\x5b\x36\xce\x6b\xb4\xfc\x6a\xd7\xaa\x72\xc5\x69\x45\x07\xfa\x07\x30\x44\xe9\x7f\x2e\xeb\xff\x61\xd0\xf6\xf9\x26\x76\x0e\x17\xe9\x85\x5c\x71\x5a\xff\xe7\x18\xfa\x07\xb0\x44\xe9\x7f\x1e\xeb\xff\x51\xcc\xe2\x75\xf7\xd6\x89\x54\xae\x91\x5c\x71\xda\xd0\x81\xfe\x01\x0c\x51\xfa\x9f\xcf\xfa\x7f\xbc\x62\x74\xff\x0c\x3b\x6e\x26\x3d\x2f\x57\x9c\xb6\x74\xa0\x7f\x00\x43\x94\xfe\x17\xb0\xfe\x9f\x44\x2c\xd5\x64\xc9\x8d\xa2\xc7\x7e\xca\x15\xa7\x1d\x1d\xe8\x1f\xc0\x10\xa5\xff\x85\xac\xff\xa7\x1b\x86\x0f\xab\x1e\x30\x71\x47\x31\xb9\xe2\xb4\xa7\x03\xfd\x03\x18\xa2\xf4\xbf\x88\xf5\xff\x6c\xce\xda\xe5\x91\x3c\xed\x22\xcf\x95\x2b\x4e\x07\x3a\xd0\x3f\x80\x21\x4a\xff\x8b\x59\xff\xcf\xe3\x76\x2e\xfe\x63\xef\x9c\x46\xd1\xe5\x8a\xd3\x91\x0e\xf4\x0f\x60\x88\xd2\xff\x12\xd6\xff\x8b\x56\x17\x17\x65\x9f\x9b\x63\x78\x0e\xb9\xe2\xf8\xde\x13\x14\xfd\x03\x18\xa2\xf4\xbf\x94\xf5\xff\xf2\x42\xb4\x42\xc7\x7a\x3e\xf9\x39\x5a\xae\x38\xbe\xaf\x09\x44\xff\x00\x86\x28\xfd\x2f\x63\xfd\xbf\xda\x93\xbc\xe1\xac\x69\x1f\xcf\x3d\x91\x2b\x4e\x17\x3a\xd0\x3f\x80\x21\x4a\xff\xcb\x59\xff\xaf\xbb\xbd\x1e\xdc\xb2\x48\xd2\x05\x35\xe5\x8a\xd3\x95\x0e\xf4\x0f\x60\x88\xd2\xff\x0a\xd6\xff\x9b\x2d\x27\xbf\x77\x4c\xb2\xb3\x78\x7b\xb9\xe2\x74\xa3\x03\xfd\x03\x18\xa2\xf4\xbf\x92\xf5\xff\x36\x68\xb8\x38\x83\xbe\xb5\xce\x7b\x48\xae\x38\xdd\xe9\x40\xff\x00\x86\x28\xfd\xaf\x62\xfd\xbf\x8b\x99\x3e\xdb\xb9\xc7\x43\xc6\xa7\x95\x2b\x4e\x0f\x3a\xd0\x3f\x80\x21\x4a\xff\xab\x59\xff\xef\x57\x7c\xbe\x16\x98\xb3\xda\xc3\x69\x72\xc5\xe9\x49\x07\xfa\x07\x30\x44\xe9\x7f\x0d\xeb\xff\xc3\xe9\xe0\x2b\xa6\x56\xdf\x13\x7a\x83\x5c\x71\x7a\xd1\x81\xfe\x01\x0c\x51\xfa\x5f\xcb\xfa\xff\xd8\x71\x5f\xe9\x66\x83\xa3\xf6\x0a\x22\x57\x9c\xde\x74\xa0\x7f\x00\x43\x94\xfe\xd7\xb1\xfe\x3f\xd5\xfd\xd2\x3a\x4f\x82\xcb\x49\xb6\xc8\x15\xa7\x0f\x1d\xe8\x1f\xc0\x10\xa5\xff\xf5\xac\xff\xcf\xd7\xf3\x8c\x3c\xf9\x2b\x44\xd9\x08\x72\xc5\xe9\x4b\x07\xfa\x07\x30\x44\xe9\x7f\x03\xeb\xff\x4b\xd7\x1f\x8d\xaa\xcc\x9a\xbd\x33\xa1\x5c\x71\xfa\xd1\x81\xfe\x01\x0c\x51\xfa\xdf\xc8\xfa\xff\xba\x3f\xc7\x80\x05\x05\x4a\x1d\x9f\x24\x57\x9c\xfe\x74\xa0\x7f\x00\x43\x94\xfe\x37\xb1\xfe\xbf\x5d\x0e\x58\xf8\xa6\xf6\xb2\xc6\xbd\xe5\x8a\x33\x80\x0e\xf4\x0f\x60\x88\xd2\xff\x66\xd6\xff\xf7\x96\x87\x8a\x06\xeb\xdf\x25\xca\x31\xb9\xe2\x0c\xa4\x03\xfd\x03\x18\xa2\xf4\xbf\x85\xf5\xff\x23\x4e\x83\x25\x87\xee\xdf\xfb\xf1\x40\xae\x38\x83\xe8\x40\xff\x00\x86\x28\xfd\x6f\x65\xfd\xff\x9c\x3f\xaf\x44\xe6\xbc\xe9\x86\x95\x93\x2b\xce\x60\x3a\xd0\x3f\x80\x21\x4a\xff\xdb\x58\xff\xbf\x36\x4f\x69\x5e\xf7\x4a\xea\x85\x59\xe4\x8a\x33\x84\x0e\xf4\x0f\x60\x88\xd2\xff\x76\xd6\xff\xef\x08\xb5\x86\x8e\x0b\xfe\xfb\x7c\x7f\xb9\xe2\x0c\xa5\x03\xfd\x03\x18\xa2\xf4\xbf\xe3\xef\xfd\x3b\x01\x75\x73\xe5\xfb\xde\xa0\x61\x9e\x95\x72\xc5\x19\x46\x07\xfa\x07\x30\x44\xe9\x7f\x27\xeb\x3f\xc8\xf5\x6f\xf3\x42\x6f\xd9\x5c\x2c\xb6\x5c\x71\x86\xd3\x81\xfe\x01\x0c\x51\xfa\xdf\xc5\xfa\x0f\x7a\x7a\x4f\xff\x1a\x0b\xcb\x3e\x78\x2b\x57\x9c\x11\x74\xa0\x7f\x00\x43\x94\xfe\x77\xb3\xfe\x83\x75\x0c\x59\x77\x75\xd7\x7e\xe3\x0a\xc9\x15\x67\x24\x1d\xe8\x1f\xc0\x10\xa5\xff\x3d\xac\xff\xe0\x0d\x23\xe7\x8b\x13\x27\x76\xef\x66\x72\xc5\x19\x45\x07\xfa\x07\x30\x44\xe9\x7f\x2f\xeb\x3f\xc4\xed\x4b\xf3\x9e\x1d\x3c\x16\xe6\xb6\x5c\x71\x7c\xef\x09\x80\xfe\x01\x0c\x51\xfa\xdf\xc7\xfa\x0f\x79\xfc\x45\xff\x5d\xe7\x4e\x55\xa9\x24\x57\x9c\x31\x74\xa0\x7f\x00\x43\x94\xfe\xf7\xb3\xfe\x43\xb5\x4d\x51\xb7\x54\xc4\xf8\x81\x77\xe4\x8a\x33\x96\x0e\xf4\x0f\x60\x88\xd2\xff\x01\xd6\x7f\xe8\xf3\x4f\x86\x5d\x6e\x35\xe8\xc4\x29\xb9\xe2\x8c\xa3\x03\xfd\x03\x18\xa2\xf4\x7f\x90\xf5\x1f\xa6\x69\x9a\x26\x89\xd6\x55\xdc\xd6\x5d\xae\x38\xe3\xe9\x40\xff\x00\x86\x28\xfd\x1f\x62\xfd\x87\xed\x19\xbd\x78\x9b\xd5\xeb\x63\x8e\x93\x2b\xce\x04\x3a\xd0\x3f\x80\x21\x4a\xff\x87\x59\xff\xe1\x0e\x9f\x5b\xde\xbf\x7d\xdd\x3a\x49\xe5\x8a\x33\x91\x0e\xf4\x0f\x60\x88\xd2\xff\x11\xd6\x7f\xf8\xf5\x6d\x0a\x15\x89\xf6\x7d\x64\x18\xb9\xe2\xf8\x5e\x13\x0c\xfd\x03\x18\xa2\xf4\x7f\x94\xf5\x1f\x21\xcc\xa6\x45\x1b\x4f\x27\xff\xbe\x43\xae\x38\x93\xe9\x40\xff\x00\x86\x28\xfd\x1f\x63\xfd\x47\xf4\x8c\x18\x7c\x37\x59\xa6\x0b\xd7\xe5\x8a\x33\x85\x0e\xf4\x0f\x60\x88\xd2\xff\x71\xd6\x7f\xa4\xc5\x25\x1a\x46\xfd\xf0\x68\x5e\x2b\xb9\xe2\x4c\xa5\x03\xfd\x03\x18\xa2\xf4\x7f\x82\xf5\x1f\xb9\x61\x93\x38\x61\x27\xf4\x28\x93\x4f\xae\x38\xbe\xf7\x04\x45\xff\x00\x86\x28\xfd\x9f\x64\xfd\x47\xb9\xbd\xea\xfb\xd7\x62\xab\xb2\x7f\x94\x2b\xce\x74\x3a\xd0\x3f\x80\x21\x4a\xff\xa7\x58\xff\x51\x8f\x4f\xb8\xb6\xb2\x52\xf1\x89\xf1\xe5\x8a\x33\x83\x0e\xf4\x0f\x60\x88\xd2\xff\x69\xd6\x7f\xb4\xb6\xe5\xb3\xd5\x1a\x3a\xfd\xfe\x52\xb9\xe2\xcc\xa4\x03\xfd\x03\x18\xa2\xf4\x7f\x86\xf5\x1f\x3d\xea\xdc\xd2\x8f\x9e\x06\x89\x38\x58\xae\x38\xb3\xe8\x40\xff\x00\x86\x28\xfd\x9f\x65\xfd\xc7\x58\xd2\x78\x45\x8c\xcc\xe7\xbb\x64\x90\x2b\xce\x6c\x3a\xd0\x3f\x80\x21\x4a\xff\xe7\x58\xff\x31\x77\xd4\x1c\x99\xff\x70\x98\xf5\xe3\xe5\x8a\x33\x87\x0e\xf4\x0f\x60\x88\xd2\xff\x79\xd6\x7f\xac\x90\xd3\x5b\xaf\x8b\x77\xfd\x60\x12\xb9\xe2\xcc\xa5\x03\xfd\x03\x18\xa2\xf4\x7f\x81\xf5\x1f\x7b\x41\xd5\x01\xc9\xba\xe7\x4f\x16\x5a\xae\x38\xf3\xe8\x40\xff\x00\x86\x28\xfd\x5f\x64\xfd\xc7\x71\x66\x37\xba\xbe\x78\x7c\xad\x9d\x72\xc5\x99\x4f\x07\xfa\x07\x30\x44\xe9\xff\x12\xeb\x3f\x6e\xd8\x85\x45\x47\x6f\xeb\xf0\xae\xa2\x5c\x71\x16\xd0\x81\xfe\x01\x0c\x51\xfa\xbf\xcc\xfa\x8f\xb7\xa6\xfe\xc2\x1e\x8d\x16\x0d\xb8\x2b\x57\x9c\x85\x74\xa0\x7f\x00\x43\x94\xfe\xaf\xb0\xfe\xe3\x1f\xd8\x5b\x62\x6b\xc8\x5c\x4d\x4f\xcb\x15\x67\x11\x1d\xe8\x1f\xc0\x10\xa5\xff\xab\xac\x7f\x4f\xaf\x50\x4b\x4a\x5c\x7b\xe5\x76\x93\x2b\xce\x62\x3a\xd0\x3f\x80\x21\x4a\xff\xd7\x58\xff\x4e\xb3\xdc\x43\x9d\xdc\xef\xd3\x79\xe4\x8a\xb3\x84\x0e\xf4\x0f\x60\x88\xd2\xff\x75\xd6\xbf\x7b\xe6\x7b\xf3\x97\x77\x03\x8b\x2c\x91\x2b\x8e\xef\x7b\x02\xd0\x3f\x80\x21\x4a\xff\x37\x58\xff\xde\xf3\xb1\xb3\xbd\xed\xbb\x7d\xf9\x20\xb9\xe2\x2c\xa3\x03\xfd\x03\x18\xa2\xf4\x7f\x93\xf5\x1f\xd8\xf4\xd6\xb5\xa0\x35\x9b\xde\xcc\x28\x57\x9c\xe5\x74\xa0\x7f\x00\x43\x94\xfe\x6f\xb1\xfe\x13\xf4\x7c\xf0\xbd\x72\xbe\x51\x6d\xaf\xc9\x15\x67\x05\x1d\xe8\x1f\xc0\x10\xa5\xff\xdb\xac\xff\x84\x87\x13\xc4\x59\x38\xa3\x46\xa8\xd6\x72\xc5\x59\x49\x07\xfa\x07\x30\x44\xe9\xff\x0e\xeb\x3f\xd1\xb0\x76\x35\x1f\xff\x38\xf4\x2c\xbf\x5c\x71\x56\xd1\x81\xfe\x01\x0c\x51\xfa\xbf\xcb\xfa\x4f\x9c\x6e\xc3\xee\xe8\xde\xe8\x33\x3e\xc8\x15\x67\x35\x1d\xe8\x1f\xc0\x10\xa5\xff\x7b\xac\xff\x24\x89\x46\xcd\xca\x97\x35\xf2\xbe\x5e\x72\xc5\x59\x43\x07\xfa\x07\x30\x44\xe9\xff\x3e\xeb\x3f\xe9\xac\x62\x3d\xd6\x3f\xdf\xb7\xe1\xb8\x5c\x71\xd6\xd2\x81\xfe\x01\x0c\x51\xfa\x7f\xc0\xfa\x4f\x96\x6b\xd8\xe4\xe4\xc3\xff\xac\xfa\x50\xae\x38\xeb\xe8\x40\xff\x00\x86\x28\xfd\x3f\x64\xfd\x27\x1f\x54\xb2\xe3\xb5\x2a\xc3\xd2\x96\x95\x2b\xce\x7a\x3a\xd0\x3f\x80\x21\x4a\xff\x8f\x58\xff\x29\xc6\x75\xaa\x38\xaa\x44\xcb\xfe\x5b\xe5\x8a\xb3\x81\x0e\xf4\x0f\x60\x88\xd2\xff\x63\xd6\x7f\xca\x64\x6b\x36\xf5\x9c\xb4\xfb\x63\x78\xb9\xe2\x6c\xa4\x03\xfd\x03\x18\xa2\xf4\xff\x84\xf5\x9f\xaa\x46\xd4\xaa\x5b\x3e\x25\x8e\x9d\x40\xae\x38\x9b\xe8\x40\xff\x00\x86\x28\xfd\x3f\x65\xfd\xa7\x7e\x74\x61\xfb\x1f\x29\x3e\xb7\x9a\x2c\x57\x9c\xcd\x74\xa0\x7f\x00\x43\x94\xfe\x9f\xb1\xfe\xd3\xbc\x7b\x35\xcd\x3d\xf9\x2c\xff\x1b\xb9\xe2\x6c\xa1\x03\xfd\x03\x18\xa2\xf4\xff\x9c\xf5\x9f\xb6\x58\xb2\x2e\x2f\xa2\x64\xcb\x5a\x58\xae\x38\xbe\xdf\x13\x44\xff\x00\x86\x28\xfd\xbf\x60\xfd\xa7\x1b\x16\x36\xf8\x87\xb6\xf3\xae\x35\x97\x2b\xce\x36\x3a\xd0\x3f\x80\x21\x4a\xff\x2f\x59\xff\xe9\xd3\x9d\x78\x14\x6a\x65\x9b\x15\xb7\xe4\x8a\xb3\x9d\x0e\xf4\x0f\x60\x88\xd2\xff\x2b\xd6\x7f\x86\x44\x9f\x0e\x57\x58\x33\x39\x20\xab\x5c\x71\x76\xd0\x81\xfe\x01\x0c\x51\xfa\x7f\xcd\xfa\xcf\x38\x2b\x5d\xe2\x39\x2d\x0a\x77\xea\x27\x57\x1c\xdf\x7b\x02\xa1\x7f\x00\x43\x94\xfe\xdf\xb0\xfe\x33\xfd\xdc\x5f\x21\x76\xf8\xdb\xd3\x57\xc8\x15\x67\x17\x1d\xe8\x1f\xc0\x10\xa5\xff\xb7\xac\xff\xcc\x45\x43\xac\x7d\x7e\x26\xc2\xcb\x38\x72\xc5\xd9\x4d\x07\xfa\x07\x30\x44\xe9\xff\x1d\xeb\x3f\x4b\x85\xbc\x63\x76\xbf\x18\xd4\xcd\x95\x2b\xce\x1e\x3a\xd0\x3f\x80\x21\x4a\xff\xef\x59\xff\x59\x9f\x7e\x6d\x57\x32\x5d\xc5\xf0\xcb\xe4\x8a\xb3\x97\x0e\xf4\x0f\x60\x88\xd2\xff\x07\xd6\x7f\xb6\x3f\x72\x4e\xbd\x54\xf6\xd4\xdd\x01\x72\xc5\xd9\x47\x07\xfa\x07\x30\x44\xe9\xff\x23\xeb\x3f\xfb\xdb\x9f\xdd\x13\x8f\x88\x3f\x39\xbd\x5c\x71\xf6\xd3\x81\xfe\x01\x0c\x51\xfa\xff\xc4\xfa\xcf\xf1\xf0\x70\xb5\xb6\x63\xbf\xe7\xbc\x22\x57\x9c\x03\x74\xa0\x7f\x00\x43\x94\xfe\x3f\xb3\xfe\x73\xd6\x0e\xb2\xa5\x5f\xa9\xe4\xa5\x5a\xca\x15\xe7\x20\x1d\xe8\x1f\xc0\x10\xa5\xff\x2f\xac\xff\x5c\x29\xe7\x57\x29\x9a\x7a\xfd\x9c\x82\x72\xc5\x39\x44\x07\xfa\x07\x30\x44\xe9\xff\x2b\xeb\x3f\xf7\xd8\x86\x1b\x37\xbc\xad\x7b\xe9\x93\x5c\x71\x0e\xd3\x81\xfe\x01\x0c\x51\xfa\xff\xc6\xfa\xcf\x33\xb0\xf6\x84\x3b\x31\x7b\x7c\x1d\x2b\x57\x9c\x23\x74\xa0\x7f\x00\x43\x94\xfe\xbf\xb3\xfe\xf3\xe6\x9d\xda\x29\xda\xb1\x55\xa3\x13\xc9\x15\xe7\x28\x1d\xe8\x1f\xc0\x10\xa5\xff\x1f\xac\xff\x7c\x0d\x86\xf6\x2c\xb2\x2c\x53\xbd\xb0\x72\xc5\x39\x46\x07\xfa\x07\x30\x44\xe9\xff\x27\xeb\x3f\xff\xad\x32\xb3\x37\x76\x7a\x14\x7d\xb7\x5c\x71\x7c\xef\x09\x84\xfe\x01\x0c\x51\xfa\xff\xc5\xfa\x2f\x70\xac\xe3\xae\xbb\xcd\x83\x6c\xa9\x2c\x57\x9c\x13\x74\xa0\x7f\x00\x43\x94\xfe\x7f\xb3\xfe\x0b\xb6\x59\x5f\x23\xea\xe6\xf3\xa7\xee\xcb\x15\xe7\x24\x1d\xe8\x1f\xc0\x90\xff\xba\xff\x38\x01\xac\xff\x42\x99\xbb\x07\xac\xbc\x5c\x3c\xe1\x49\xb9\xe2\x9c\xa2\x03\xfd\x03\x18\xa2\xf4\x1f\x84\xf5\x5f\x78\xf4\xce\x7b\xb5\xc2\x4d\xaf\xd4\x45\xae\x38\xa7\xe9\x40\xff\x00\x86\x28\xfd\x07\x65\xfd\x17\x99\x3e\x78\x7f\xd8\xf8\xb3\xc3\xbd\x93\x2b\xce\x19\x3a\xd0\x3f\x80\x21\x4a\xff\xc1\x58\xff\x45\x03\xf3\x07\x7e\xdd\x53\xaa\xe7\x5f\x34\xee\x9c\xa5\x03\xfd\x03\x18\xa2\xf4\x1f\x9c\xf5\x5f\xac\x7f\xff\x63\xf5\xe7\x5c\x1e\xd3\x54\xae\x38\xe7\xe8\x40\xff\x00\x86\x28\xfd\x87\x60\xfd\x17\xcf\x5e\x38\xd9\x98\x1e\x21\x1e\xdd\x90\x2b\xce\x79\x3a\xd0\x3f\x80\x21\x4a\xff\x21\x59\xff\x25\x52\xf7\x0e\x73\xa0\xee\xbd\x12\x99\xe5\x8a\x73\x81\x0e\xf4\x0f\x60\x88\xd2\x7f\x28\xd6\xff\x1f\x93\xb7\x3e\xcf\xba\x33\x5d\xae\x3e\x72\xc5\xb9\x48\x07\xfa\x07\x30\x44\xe9\x3f\x34\xeb\xbf\xe4\xfd\x78\xc1\xdf\xdd\x5c\x76\x76\x95\x5c\x71\x2e\xd1\x81\xfe\x01\x0c\x51\xfa\x0f\xc3\xfa\x2f\x55\xf5\xe6\xa3\x20\x41\xba\x2c\x8e\x27\x57\x9c\xcb\x74\xa0\x7f\x00\x43\x94\xfe\xc3\xb2\xfe\x4b\x97\x7a\x7c\xb8\xd2\xa3\x86\x43\x7a\xc8\x15\xc7\xf7\x9a\x80\xe8\x1f\xc0\x10\xa5\xff\x70\xac\xff\x32\x9f\x03\x13\x2f\xca\xb1\xf9\xd7\x51\xb9\xe2\x5c\xa5\x03\xfd\x03\x18\xa2\xf4\x1f\x9e\xf5\x5f\x36\x73\xb0\xaa\xbb\xaa\xa5\x8e\xf6\x58\xae\x38\xd7\xe8\x40\xff\x00\x86\x28\xfd\x47\x60\xfd\x97\x1b\x7d\x70\x7b\xa9\x41\xbf\x1b\x96\x97\x2b\xce\x75\x3a\xd0\x3f\x80\x21\x4a\xff\x11\x59\xff\xe5\xa7\xff\x9e\x16\x67\x7a\xec\xa3\xdb\xe5\x8a\xe3\xfb\x9a\x20\xf4\x0f\x60\x88\xd2\x7f\x24\xd6\x7f\x85\xc0\xec\x5d\x9e\x15\x3d\xb6\x3b\xa2\x5c\x71\x6e\xd2\x81\xfe\x01\x0c\x51\xfa\x8f\xcc\xfa\xaf\x58\xe0\x58\xc4\xf2\x49\xcb\x96\xf7\xca\x15\xe7\x16\x1d\xe8\x1f\xc0\x10\xa5\xff\x28\xac\xff\x4a\x5f\xc2\xbf\x98\xfb\xbd\x5f\xa2\x89\x72\xc5\xb9\x4d\x07\xfa\x07\x30\x44\xe9\x3f\x2a\xeb\xbf\xf2\x8b\x2c\x27\x3f\x86\xf9\xf3\x75\x26\xb9\xe2\xdc\xa1\x03\xfd\x03\x18\xa2\xf4\x1f\x8d\xf5\x5f\xa5\xf2\x9b\xb4\x21\x2f\x0e\x9b\xda\x57\xae\x38\x77\xe9\x40\xff\x00\x86\x28\xfd\x47\x67\xfd\xff\xf9\x21\xc3\x81\x19\x1b\x23\x77\x58\x2d\x57\x9c\x7b\x74\xa0\x7f\x00\x43\x94\xfe\x63\xb0\xfe\xab\x96\xfe\x90\xa4\x75\xd3\x7d\x41\xe3\xca\x15\xc7\xf7\x9a\xc0\xe8\x1f\xc0\x10\xa5\xff\x98\xac\xff\x6a\xd5\x4e\x85\xca\xd9\x21\xf1\xaa\xf7\x72\xc5\x79\x40\x07\xfa\x07\x30\x44\xe9\x3f\x16\xeb\xbf\xfa\x9d\xd0\x0f\x8f\x2c\xf9\x7c\xa5\x88\x5c\x71\x1e\xd2\x81\xfe\x01\x0c\x51\xfa\x8f\xcd\xfa\xaf\x31\x61\x59\xd8\x08\x47\x5a\x66\x6e\x22\x57\x9c\x47\x74\xa0\x7f\x00\x43\x94\xfe\xe3\xb0\xfe\x6b\xa6\x69\xf1\xe4\x57\xf4\xdd\x05\x6f\xca\x15\xc7\xf7\x3d\x41\xe8\x1f\xc0\x10\xa5\xff\xb8\xac\xff\x5a\x39\x2a\x1f\x5d\xf6\x7e\x5e\x8b\x6d\x72\xc5\x79\x42\x07\xfa\x07\x30\x44\xe9\x3f\x1e\xeb\xbf\x76\x9f\x31\x29\xab\xa6\x6d\x13\x37\x92\x5c\x71\x9e\xd2\x81\xfe\x01\x0c\x51\xfa\x8f\xcf\xfa\xaf\xd3\xbf\x7d\x97\xc2\x65\x9e\x7d\x0e\x94\x2b\xce\x33\x3a\xd0\x3f\x80\x21\x4a\xff\x1e\xd6\x7f\xdd\xec\x1b\xa7\x6d\x1a\x9f\xad\xef\x04\xb9\xe2\x3c\xa7\x03\xfd\x03\x18\xa2\xf4\xef\xb0\xfe\xeb\xa5\x1e\xbd\xfd\xde\xa8\xdb\xa9\x7b\xca\x15\xe7\x05\x1d\xe8\x1f\xc0\x10\xa5\x7f\x97\xf5\x5f\x7f\x72\xf1\xaa\x51\xca\x47\xa8\x7e\x44\xae\x38\x2f\xe9\x40\xff\x00\x86\x28\xfd\x7b\x59\xff\x0d\xae\xc5\xf1\x54\xc8\x30\x79\xd3\x23\xb9\xe2\xbc\xa2\x03\xfd\x03\x18\xa2\xf4\x1f\xc8\xfa\x6f\x58\xe7\xf6\xef\x39\xaf\x0a\xef\xa9\x20\x57\x9c\xd7\x74\xa0\x7f\x00\x43\x94\xfe\x13\xb0\xfe\x1b\x75\x78\x78\xeb\xc3\xd7\xfc\xb3\xae\xca\x15\xe7\x0d\x1d\xe8\x1f\xc0\x10\xa5\xff\x84\xac\xff\xc6\xa7\x12\xe6\x0a\x95\x78\xfc\x93\x16\x72\xc5\x79\x4b\x07\xfa\x07\x30\x44\xe9\x3f\x11\xeb\xbf\x49\x8b\xbb\x97\x67\x16\x0e\x13\xa2\x80\x5c\x71\xde\xd1\x81\xfe\x01\x0c\x51\xfa\x4f\xcc\xfa\x6f\x7a\x29\x69\xe6\x56\x53\xaf\xb7\xff\x2c\x57\x1c\xdf\xf7\x04\xa3\x7f\x00\x43\x94\xfe\x93\xb0\xfe\x9b\xed\xf3\x44\xcf\x31\x20\xd7\x6d\x47\xae\x38\x1f\xe8\x40\xff\x00\x86\x28\xfd\x27\x65\xfd\x37\xef\x72\xfd\xd3\xd1\x3f\x5f\x2d\x5d\x2e\x57\x9c\x8f\x74\xa0\x7f\x00\x43\x94\xfe\x93\xb1\xfe\x5b\x84\xef\x1a\x27\x7c\xb6\x0e\x85\x06\xca\x15\xe7\x13\x1d\xe8\x1f\xc0\x10\xa5\xff\xe4\xac\xff\x96\x9b\x76\x7f\xff\xfd\x60\x51\x86\x74\x72\xc5\xf1\xfd\x9e\x00\xfa\x07\x30\x44\xe9\x3f\x05\xeb\xbf\xd5\xbc\x81\xd7\x96\x07\xdb\xee\xa9\x22\x57\x9c\x2f\x74\xa0\x7f\x00\x43\x94\xfe\x53\xb2\xfe\x5b\xc7\x2e\x98\xed\xcf\xdb\x4d\x9b\xdf\x93\x2b\xce\x57\x3a\xd0\x3f\x80\x21\x4a\xff\xa9\x58\xff\x6d\xae\xd5\x2d\x94\x6f\xf7\xfb\x41\x27\xe4\x8a\xf3\x8d\x0e\xf4\x0f\x60\x88\xd2\x7f\x6a\xd6\x7f\xdb\x3a\x8b\x17\xad\xaf\x1f\xf8\xa6\xab\x5c\x71\xbe\xd3\x81\xfe\x01\x0c\x51\xfa\x4f\xc3\xfa\x6f\xd7\x61\xe6\xe0\xc7\xbd\x0e\xd5\x18\x23\x57\x9c\x1f\x74\xa0\x7f\x00\x43\x94\xfe\xd3\xb2\xfe\xdb\x9f\xaa\xde\x30\xfa\xbc\xe8\x29\x12\xcb\x15\xe7\x27\x1d\xe8\x1f\xc0\x10\xa5\xff\x74\xac\xff\x0e\x2b\x97\x44\x5b\xb1\x6f\xd4\xe1\x70\x72\xc5\xf9\x45\x07\xfa\x07\x30\x44\xe9\x3f\x3d\xeb\xbf\x63\xac\x56\x6f\x6b\x3b\x35\xd6\xee\x92\x2b\xce\x6f\x3a\xd0\x3f\x80\x21\x4a\xff\x19\x58\xff\x9d\x82\x55\x3c\x13\x2e\xd7\xdc\x9a\x0b\xe4\x8a\xeb\x3b\xd0\x3f\x80\x21\x4a\xff\x19\x59\xff\x9d\xb7\x8e\xcb\xf0\xe5\x4e\xfb\x94\x51\xe4\x8a\x4b\x1f\x83\xfe\x01\x2c\x51\xfa\xcf\xc4\xfa\xef\x12\xaf\xec\xd5\x7a\x7d\x9e\x1e\xca\x2b\x57\xdc\xa0\x74\xa0\x7f\x00\x43\x94\xfe\x33\xb3\xfe\xbb\xce\x9d\x94\x73\x6c\x8d\x9c\x6b\x86\xc9\x15\x37\x18\x1d\xe8\x1f\xc0\x10\xa5\xff\x2c\xac\xff\x6e\x1b\x57\xc4\x3d\x98\xff\x46\xfc\xfa\x72\xc5\x0d\x4e\x07\xfa\x07\x30\x44\xe9\x3f\x2b\xeb\xbf\x7b\xa4\x66\x5f\xb2\xcc\x8c\xd8\xec\x92\x5c\x71\x43\xd0\x81\xfe\x01\x0c\x51\xfa\xcf\xc6\xfa\xef\xd1\xfd\x48\xac\xf7\x3f\x27\x0c\xfe\x22\x57\xdc\x90\x74\xa0\x7f\x00\x43\x94\xfe\xb3\xb3\xfe\x7b\xee\x8d\xf8\x31\x20\xb0\xc8\xdb\x52\x72\xc5\x0d\x45\x07\xfa\x07\x30\x44\xe9\x3f\x07\xeb\xbf\xd7\xc5\x4c\x17\x2a\x1e\xaa\x7e\x2b\x85\x5c\x71\x7d\x3f\x1e\xfd\x03\x18\xa2\xf4\x9f\x93\xf5\xdf\xbb\xf5\xbb\x2c\x8b\xe3\x0e\x5d\x32\x5b\xae\xb8\x61\xe8\x40\xff\x00\x86\x28\xfd\xe7\x62\xfd\xf7\x19\x18\x7c\x64\x9d\x6e\xd1\x0a\xaf\x95\x2b\x6e\x58\x3a\xd0\x3f\x80\x21\x4a\xff\xb9\x59\xff\x7d\xf3\xee\x6b\x3d\x7e\xd1\xde\x8c\xc1\xe5\x8a\xeb\xfb\x9e\x20\xf4\x0f\x60\x88\xd2\x7f\x1e\xd6\x7f\xbf\x94\x5f\x4a\x1f\xde\x9e\x64\xf6\x4b\xb9\xe2\x86\xa7\x03\xfd\x03\x18\xa2\xf4\x9f\x97\xf5\xdf\x7f\x6c\x9e\x15\x99\x1a\x7f\x78\xfa\xa7\x5c\x71\x23\xd0\x81\xfe\x01\x0c\x51\xfa\xcf\xc7\xfa\x1f\xd0\x37\xd9\xc8\x7e\xa1\x5a\x05\xef\x24\x57\xdc\x88\x74\xa0\x7f\x00\x43\x94\xfe\xf3\xb3\xfe\x07\xe6\x7c\xd5\xba\xed\xf5\x1d\xed\xf6\xcb\x15\x37\x12\x1d\xe8\x1f\xc0\x10\xa5\xff\x02\xac\xff\x41\x69\x2f\x94\x4e\x7c\x62\x4b\xaa\xe2\x72\xc5\x8d\x4c\x07\xfa\x07\x30\x44\xe9\xbf\x20\xeb\x7f\xf0\xc4\xa8\x2b\x2e\x45\x6e\x56\xed\x87\x5c\x71\x7d\xaf\x09\x80\xfe\x01\x0c\x51\xfa\x2f\xc4\xfa\x1f\x92\xf5\x4c\xd1\x92\x6d\xde\x6c\x3e\x27\x57\xdc\xa8\x74\xa0\x7f\x00\x43\x94\xfe\x0b\xb3\xfe\x87\x8e\x8c\xb9\x70\xf7\x8a\x04\x7b\x1b\xcb\x15\x37\x1a\x1d\xe8\x1f\xc0\x10\xa5\xff\x22\xac\xff\x61\x53\x53\x0d\x78\xbe\xf6\x60\xcb\x51\x72\xc5\x8d\x4e\x07\xfa\x07\x30\x44\xe9\xbf\x28\xeb\x7f\x78\xc2\x67\x8d\x62\xb7\x8c\x15\x2f\xa7\x5c\x71\x63\xd0\x81\xfe\x01\x0c\x51\xfa\x2f\xc6\xfa\x1f\x51\xa5\xd8\xd0\x9b\x11\x46\x7e\x8a\x21\x57\xdc\x98\x74\xa0\x7f\x00\x43\x94\xfe\x8b\xb3\xfe\x47\xbe\x1c\xd5\x3c\xcd\xd9\xda\x7d\xe6\xc8\x15\x37\x16\x1d\xe8\x1f\xc0\x10\xa5\xff\x12\xac\xff\x51\x5f\x37\x94\xe8\x96\xa5\xc0\xea\xc3\x72\xc5\x8d\x4d\x07\xfa\x07\x30\x44\xe9\xff\x0f\xd6\xff\xe8\x82\xed\x96\x0c\x7d\x36\xe6\x6a\x3b\xb9\xe2\xc6\xa1\x03\xfd\x03\x18\xa2\xf4\x5f\x92\xf5\x3f\xa6\x6f\xd9\x0b\x63\x87\x85\xcd\x54\x43\xae\xb8\x71\xe9\x40\xff\x00\x86\x28\xfd\x97\x62\xfd\x8f\xcd\x39\x29\x4b\xbd\xca\x57\x0a\x3c\x95\x2b\x6e\x3c\x3a\xd0\x3f\x80\x21\x4a\xff\xa5\x59\xff\xe3\xd2\xae\x88\x95\xe5\x8f\xbc\xaf\xfe\x62\xc5\x8d\x4f\x07\xfa\x07\x30\x44\xe9\xbf\x0c\xeb\x7f\xfc\xc4\x66\x1f\x0f\x4e\x7e\x39\x65\xa3\x5c\x71\x3d\x74\xa0\x7f\x00\x43\x94\xfe\xcb\xb2\xfe\x27\x7c\x9a\xda\xbf\xe7\xe7\xce\x1d\xa7\xcb\x15\xd7\xa1\x03\xfd\x03\x18\xa2\xf4\x5f\x8e\xf5\x3f\xb1\x64\xed\xba\xa3\x52\x2e\x0c\x96\x46\xae\xb8\xbe\x37\x00\x47\xff\x00\x86\x28\xfd\x97\x67\xfd\x4f\xfa\xb3\x61\xbe\x6b\x57\x7b\x1f\x19\x2d\x57\x5c\xdf\x8f\x41\xff\x00\x86\x28\xfd\x57\x60\xfd\x4f\xbe\x37\x7f\x5e\xf2\x10\x2b\x77\xe5\x90\x2b\x6e\x20\x1d\xe8\x1f\xc0\x10\xa5\xff\x8a\xac\xff\x29\xf9\xea\x16\x5f\xdf\x30\x6b\x85\xe8\x72\xc5\x4d\x40\x07\xfa\x07\x30\x44\xe9\xbf\x12\xeb\x7f\xea\xb7\xc5\xcb\xf3\x6d\x7d\x98\x78\xae\x5c\x71\x13\xd2\x81\xfe\x01\x0c\x51\xfa\xaf\xcc\xfa\x9f\xf6\x6a\xe6\xb0\xe8\x0b\x82\x0e\x2d\x26\x57\xdc\x44\x74\xa0\x7f\x00\x43\x94\xfe\xab\xb0\xfe\xa7\x57\xac\xde\xe4\x71\x97\x33\xbf\x7f\xca\x15\x37\x31\x1d\xe8\x1f\xc0\x10\xa5\xff\x3f\x59\xff\x33\xbc\x5f\x07\x27\x88\x5d\x22\xea\x79\xb9\xe2\x26\xa1\x03\xfd\x03\x18\xa2\xf4\x5f\x95\xf5\x3f\x73\x5a\xde\x86\x67\x0f\x4c\x69\xd0\x48\xae\xb8\x49\xe9\x40\xff\x00\x86\x28\xfd\x57\x63\xfd\xcf\x1a\x15\xa2\xd0\xc0\x84\x03\xff\x08\x22\x57\xdc\x64\x74\xa0\x7f\x00\x43\x94\xfe\xab\xb3\xfe\x67\x67\xda\xbf\xa8\xd3\xef\x2a\xb9\x37\xc8\x15\x37\x39\x1d\xe8\x1f\xc0\x10\xa5\xff\x1a\xac\xff\x39\x59\xbd\x1f\x9b\xcd\x3e\x79\x66\x9a\x5c\x71\x53\xd0\x81\xfe\x01\x0c\x51\xfa\xaf\xc9\xfa\x9f\x3b\xf2\x51\xac\xa9\x05\xdd\x45\x69\xe5\x8a\x9b\x92\x0e\xf4\x0f\x60\x88\xd2\x7f\x2d\xd6\xff\xbc\xa9\x37\xb2\x9c\xac\xf5\x25\xec\x21\xb9\xe2\xa6\xa2\x03\xfd\x03\x18\xa2\xf4\x5f\x9b\xf5\x3f\x3f\x61\xdc\x0b\x79\xfa\xa5\xe8\xd1\x5e\xae\xb8\xa9\xe9\x40\xff\x00\x86\x28\xfd\xd7\x61\xfd\x2f\x68\x55\x62\x4c\x8f\x7b\x6b\xc6\xd6\x94\x2b\xae\xef\x7b\x82\xd1\x3f\x80\x21\x4a\xff\x75\x59\xff\x0b\x2f\x8c\x68\x37\x3a\x4f\xbd\xc7\x4f\xe4\x8a\xeb\xfb\x3d\x01\xf4\x0f\x60\x88\xd2\x7f\x3d\xd6\xff\xa2\x3d\x9b\x2a\x5c\x4f\xde\x68\x6b\x3d\xb9\xe2\xa6\xa3\x03\xfd\x03\x18\xa2\xf4\x5f\x9f\xf5\xbf\xb8\x5b\x9b\xb5\xc9\x3e\x6e\x38\x7d\x59\xae\xb8\xe9\xe9\x40\xff\x00\x86\x28\xfd\x37\x60\xfd\x2f\xb9\xb2\xae\xda\xba\x89\x69\x12\x7c\x95\x2b\x6e\x06\x3a\xd0\x3f\x80\x21\x4a\xff\x0d\x59\xff\x4b\xeb\x75\xd8\x92\xbf\xf8\x8f\x8a\x25\xe5\x8a\x9b\x91\x0e\xf4\x0f\x60\x88\xd2\x7f\x23\xd6\xff\xb2\x4e\xa5\xa7\xc6\xa8\x18\xef\xcb\x42\xb9\xe2\x66\xa2\x03\xfd\x03\x18\xa2\xf4\xdf\x98\xf5\xbf\xfc\xc4\x90\xee\x8f\x86\x1c\x1d\x15\x59\xae\xb8\x99\xe9\x40\xff\x00\x86\x28\xfd\x37\x61\xfd\xaf\xd8\x92\x62\x42\xc2\x27\x15\xea\xe7\x91\x2b\x6e\x16\x3a\xd0\x3f\x80\x21\x4a\xff\x4d\x59\xff\x2b\x83\xbe\xe8\x74\x26\x53\xdf\x18\xc3\xe5\x8a\x9b\x95\x0e\xf4\x0f\x60\x88\xd2\x7f\x33\xd6\xff\xaa\x98\x97\xaa\x0c\x38\x3f\x23\xc7\x0b\xb9\xe2\x66\xa3\x03\xfd\x03\x18\xa2\xf4\xdf\x9c\xf5\xbf\x7a\x45\xe4\x8d\x9d\x23\x95\x2e\x59\x55\xae\xb8\xd9\xe9\x40\xff\x00\x86\x28\xfd\xb7\x60\xfd\xaf\x69\x95\xe1\x68\xeb\xd6\x17\xe6\x76\x96\x2b\xae\xef\x3d\x41\xd0\x3f\x80\x21\x4a\xff\x2d\x59\xff\x6b\x2f\x7c\x48\x39\x63\x7d\xc8\xcb\xfb\xe4\x8a\x9b\x93\x0e\xf4\x0f\x60\x88\xd2\x7f\x2b\xd6\xff\xba\x3d\xa7\xc2\x1e\x59\x75\xb7\x7b\x4a\xb9\xe2\xe6\xa2\x03\xfd\x03\x18\xa2\xf4\xdf\x9a\xf5\xbf\xbe\x5b\xe8\x27\x39\xdb\x65\x8c\x30\x4b\xae\xb8\xb9\xe9\x40\xff\x00\x86\x28\xfd\xb7\x61\xfd\x6f\x88\xf3\x7d\x56\xff\xa8\x4b\xef\xac\x91\x2b\xae\xef\x6b\x02\xd0\x3f\x80\x21\x4a\xff\x6d\x59\xff\x1b\xe7\xe7\xee\xd1\xe6\x54\xf7\x49\x21\xe4\x8a\x9b\x97\x0e\xf4\x0f\x60\x88\xd2\x7f\x3b\xd6\xff\xa6\xcd\xa1\x6a\x26\x7a\xf7\x26\x48\x30\xb9\xe2\xe6\xa3\x03\xfd\x03\x18\xa2\xf4\xdf\x9e\xf5\xbf\x39\xc2\xde\xdd\x97\xd3\x24\xe8\xbc\x49\xae\xb8\xf9\xe9\x40\xff\x00\x86\x28\xfd\x77\x60\xfd\x6f\x59\x1d\xac\x62\xa9\xd2\x5b\xa6\x4d\x91\x2b\x6e\x01\x3a\xd0\x3f\x80\x21\x4a\xff\x1d\x59\xff\x5b\x63\x1c\xdc\xb4\x6b\x5c\xb3\x17\xa9\xe5\x8a\x5b\x90\x0e\xf4\x0f\x60\x88\xd2\x7f\x27\xd6\xff\xb6\x20\xbf\x27\x3f\x1b\x3d\x32\xdf\x01\xb9\xe2\x16\xa2\x03\xfd\x03\x18\xa2\xf4\xdf\x99\xf5\xbf\x7d\x7b\xf6\x8e\x71\x2a\xd4\xce\xd2\x56\xae\xb8\x85\xe9\x40\xff\x00\x86\x28\xfd\x77\x61\xfd\xef\x38\x3d\x7d\xda\x8d\x8c\x07\xaf\xd7\x96\x2b\x6e\x11\x3a\xd0\x3f\x80\x21\x4a\xff\x5d\x59\xff\x3b\x3b\xd6\xec\x92\xf6\x75\xac\x95\xcf\xe4\x8a\xeb\xeb\x1e\xfd\x03\x18\xa2\xf4\xdf\x8d\xf5\xbf\xab\x6e\xe3\xaa\xdd\x43\x87\xed\x37\x52\xae\xb8\xc5\xe8\x40\xff\x00\x86\x28\xfd\x77\x67\xfd\xef\xbe\x3e\x77\xfb\x90\x0b\x57\x3e\x64\x93\x2b\x6e\x71\x3a\xd0\x3f\x80\x21\x4a\xff\x3d\x58\xff\x7b\xfa\xac\x5d\x73\x73\x43\x81\x38\x31\xe5\x8a\x5b\x82\x0e\xf4\x0f\x60\x88\xd2\x7f\x4f\xd6\xff\xde\x1c\x9d\xcb\xa7\x69\x32\xa6\xf5\x7c\xb9\xe2\xfe\x41\x07\xfa\x07\x30\x44\xe9\xbf\x17\xeb\x7f\x5f\x9a\x52\xed\xbb\x75\xec\xbc\xbf\x84\x5c\x71\x7d\xef\x09\x82\xfe\x01\x0c\x51\xfa\xef\xcd\xfa\xdf\x3f\x61\xf8\xd8\xa1\x4b\x17\x6e\xfc\x2d\x57\xdc\x52\x74\xa0\x7f\x00\x43\x94\xfe\xfb\xb0\xfe\x0f\xe4\x89\xd2\xfd\xf2\xd1\xbc\x7f\x9e\x95\x2b\x6e\x69\x3a\xd0\x3f\x80\x21\x4a\xff\x7d\x59\xff\x07\x07\x5c\x9e\x9a\x28\xc6\xcb\x34\x0d\xe4\x8a\x5b\x86\x0e\xf4\x0f\x60\x88\xd2\x7f\x3f\xd6\xff\xa1\x31\x2f\xb7\xb4\x09\xfa\xb4\xcd\x2b\xb9\xe2\x96\xa5\x03\xfd\x03\x18\xa2\xf4\xdf\x9f\xf5\x7f\x38\x45\xca\x6a\xfd\x6f\xe5\x0c\x59\x5d\xae\xb8\xe5\xe8\x40\xff\x00\x86\x28\xfd\x0f\x60\xfd\x1f\x19\xf2\x74\x6d\x9c\x5d\x73\x9f\x77\x94\x2b\x6e\x79\x3a\xd0\x3f\x80\x21\x4a\xff\x03\x59\xff\x47\x33\xa4\xad\xf0\xac\x5e\xfb\x99\x7b\xe4\x8a\x5b\x81\x0e\xf4\x0f\x60\x88\xd2\xff\x20\xd6\xff\xb1\x24\x31\xda\xed\xea\x3d\x21\x7d\x72\xb9\xe2\x56\xa4\x03\xfd\x03\x18\xa2\xf4\x3f\x98\xf5\x7f\x7c\xc6\xf9\x31\xa5\xe6\x17\x29\x3a\x43\xae\xb8\x95\xe8\x40\xff\x00\x86\x28\xfd\x0f\x61\xfd\x9f\x78\xd2\xb6\xf7\x90\xfd\x37\x96\xad\x93\x2b\x6e\x65\x3a\xd0\x3f\x80\x21\x4a\xff\x43\x59\xff\x27\xcb\x6f\x9e\xd9\xdd\x8d\x78\x23\x94\x5c\x71\xab\xd0\x81\xfe\x01\x0c\x51\xfa\x1f\xc6\xfa\x3f\x55\x64\xe4\x8e\xb4\x5f\xa2\xbd\xaf\x23\x57\xdc\x3f\xe9\x40\xff\x00\x86\x28\xfd\x0f\x67\xfd\x9f\xfe\xf1\x47\xad\x1b\x89\xf6\x0e\xbc\x28\x57\xdc\xaa\x74\xa0\x7f\x00\x43\x94\xfe\x47\xb0\xfe\xcf\xe4\x69\x9a\xe0\x40\xa1\xea\x4d\xbe\xcb\x15\xb7\x1a\x1d\xe8\x1f\xc0\x10\xa5\xff\x91\xac\xff\xb3\x03\x56\xef\xc9\x3a\x65\xa8\x53\x5a\xae\xb8\xbe\xaf\x09\x44\xff\x00\x86\x28\xfd\x8f\x62\xfd\x9f\x1b\x33\xf1\x6e\xfd\x81\xad\xd6\x2d\x96\x2b\x6e\x0d\x3a\xd0\x3f\x80\x21\x4a\xff\xa3\x59\xff\xe7\x53\x54\x08\x36\xa6\xea\x8e\x03\x51\xe5\x8a\x5b\x93\x0e\xf4\x0f\x60\x88\xd2\xff\x18\xd6\xff\x85\xe2\x73\x3a\x26\xcb\x9e\x24\x79\x2e\xb9\xe2\xd6\xa2\x03\xfd\x03\x18\xa2\xf4\x3f\x96\xf5\x7f\xf1\x7d\xa3\xc9\xd7\x1f\x7e\xa8\x3d\x54\xae\xb8\xbe\xf7\x04\x41\xff\x00\x86\x28\xfd\x8f\x63\xfd\x5f\x7a\x5c\x63\xd3\xe8\x58\x69\x26\x24\x93\x2b\xae\xef\x6b\x02\xd0\x3f\x80\x21\x4a\xff\xe3\x59\xff\x97\x6b\x4e\xab\xd8\xe3\xf8\x8f\x7b\x33\xe5\x8a\x5b\x97\x0e\xf4\x0f\x60\x88\xd2\xff\x04\xd6\xff\x95\xdf\x7f\xee\x7e\xb4\xbc\x51\xa4\xf5\x72\xc5\xad\x47\x07\xfa\x07\x30\x44\xe9\x7f\x22\xeb\xff\x6a\xe1\x59\x35\x63\x74\xde\xd0\x35\xa4\x5c\x71\xeb\xd3\x81\xfe\x01\x0c\x51\xfa\x9f\xc4\xfa\xbf\x56\x6e\x41\x8f\xfc\xcd\x2a\x5c\x7c\x2d\x57\x5c\xdf\x6b\x82\xa2\x7f\x00\x43\x94\xfe\x27\xb3\xfe\xaf\x3f\xaf\x37\x6b\xdd\xa6\xbe\xf3\xab\xc9\x15\xb7\x21\x1d\xe8\x1f\xc0\x10\xa5\xff\x29\xac\xff\x1b\xb3\xf7\xb4\xed\x7c\x29\x5e\xe9\x0e\x72\xc5\x6d\x44\x07\xfa\x07\x30\x44\xe9\x7f\x2a\xeb\xff\x66\xe2\x90\xe3\x07\x84\x3d\x9a\x6d\xaf\x5c\x71\x1b\xd3\x81\xfe\x01\x0c\x51\xfa\x9f\xc6\xfa\xbf\x95\x3e\xd7\xba\x33\x2f\x2f\xc4\x5a\x24\x57\xdc\x26\x74\xa0\x7f\x00\x43\x94\xfe\xa7\xb3\xfe\x6f\x0f\xff\x56\x36\x61\xfa\x90\x75\xa3\xc9\x15\xb7\x29\x1d\xe8\x1f\xc0\x10\xa5\xff\x19\xac\xff\x3b\x43\xe2\x04\xcb\x5b\x6e\xc6\x88\xdc\x72\xc5\x6d\x46\x07\xfa\x07\x30\x44\xe9\x7f\x26\xeb\xff\x6e\x86\xdb\x77\x4f\x8c\x2c\xfd\x6d\x88\x5c\x71\x9b\xd3\x81\xfe\x01\x0c\x51\xfa\x9f\xc5\xfa\xbf\x97\xe4\xe1\x9e\x29\x63\x96\x56\xae\x2b\x57\xdc\x16\x74\xa0\x7f\x00\x43\x94\xfe\x67\xb3\xfe\xef\xcf\x48\x98\xa0\x79\xc9\xee\xde\x0b\x72\xc5\x6d\x49\x07\xfa\x07\x30\x44\xe9\x7f\x0e\xeb\xff\xc1\xd9\xf6\x8d\x92\xa7\xba\x7b\xf2\x9b\x5c\x71\x5b\xd1\x81\xfe\x01\x0c\x51\xfa\x9f\xcb\xfa\x7f\xd8\x7c\xe3\x80\x6b\x6f\x32\x6e\x2f\x23\x57\xdc\xd6\x74\xa0\x7f\x00\x43\x94\xfe\xe7\xb1\xfe\x1f\xf5\x1e\xbd\x70\xd4\xe3\xac\x0f\x0f\xca\x15\xb7\x0d\x1d\xe8\x1f\xc0\x10\xa5\xff\xf9\xac\xff\xc7\x07\x8b\x17\xed\x99\xf3\xe1\xf8\x36\x72\xc5\x6d\x4b\x07\xfa\x07\x30\x44\xe9\x7f\x01\xeb\xff\x49\xe3\xe1\x2b\x1e\x57\xef\xdd\xab\x96\x5c\x71\xdb\xd1\x81\xfe\x01\x0c\x51\xfa\x5f\xc8\xfa\x7f\x7a\xb3\x54\xe9\xe8\x83\x57\x86\x7e\x2e\x57\xdc\xf6\x74\xa0\x7f\x00\x43\x94\xfe\x17\xb1\xfe\x9f\x1d\xed\xdc\x3a\xdf\xb4\x12\x0b\x82\xca\x15\xd7\xf7\x3d\x81\xe8\x1f\xc0\x10\xa5\xff\xc5\xac\xff\xe7\xed\xd7\x8e\x5c\x5f\x64\xca\xb9\xcd\x72\xc5\xed\x48\x07\xfa\x07\x30\x44\xe9\x7f\x09\xeb\xff\x45\xa8\x68\xf5\x3a\x25\x09\x9a\x77\xaa\x5c\x71\x3b\xd1\x81\xfe\x01\x0c\x51\xfa\x5f\xca\xfa\x7f\xb9\xf3\x62\x9f\x81\xdf\xce\x14\x4f\x25\x57\xdc\xce\x74\xa0\x7f\x00\x43\x94\xfe\x97\xb1\xfe\x5f\x2d\x7d\x3d\xf7\xac\xe7\x64\xa3\x3f\xe4\x8a\xdb\x85\x0e\xf4\x0f\x60\x88\xd2\xff\x72\xd6\xff\xeb\x68\xc9\x0b\x26\xd8\xeb\x46\xfe\x25\x57\xdc\xae\x74\xa0\x7f\x00\x43\x94\xfe\x57\xb0\xfe\xdf\x9c\x0d\x97\x37\xc7\xdc\x81\x3f\xcf\xc8\x15\xb7\x1b\x1d\xe8\x1f\xc0\x10\xa5\xff\x95\xac\xff\xb7\xcd\x4f\xde\x3c\xda\xb3\xca\xf0\x86\x72\xc5\xed\x4e\x07\xfa\x07\x30\x44\xe9\x7f\x15\xeb\xff\x5d\xef\xcf\x3f\x66\xd6\x59\x93\x74\x84\x5c\x71\x7b\xd0\x81\xfe\x01\x0c\x51\xfa\x5f\xcd\xfa\x7f\x7f\x30\xbd\xd3\x6a\x47\xbd\x72\xd9\xe5\x8a\xdb\x93\x0e\xf4\x0f\x60\x88\xd2\xff\x1a\xd6\xff\x87\x45\xfb\x9a\x5c\xba\xf1\x65\x47\x2c\xb9\xe2\xf6\xa2\x03\xfd\x03\x18\xa2\xf4\xbf\x96\xf5\xff\x31\x7e\xf0\x61\x89\x03\x52\x1c\x9b\x27\x57\xdc\xde\x74\xa0\x7f\x00\x43\x94\xfe\xd7\xb1\xfe\x3f\x85\xce\xb3\xbc\xed\xc2\xd7\xe3\xe2\xc9\x15\xb7\x0f\x1d\xe8\x1f\xc0\x10\xa5\xff\xf5\xac\xff\xcf\xeb\xbe\x14\xef\xd7\x35\xf7\x83\x55\x72\xc5\xed\x4b\x07\xfa\x07\x30\x44\xe9\x7f\x03\xeb\xff\x4b\xe4\x1c\xf3\x62\xc7\x59\x1c\xa6\x8f\x5c\x71\xfb\xd1\x81\xfe\x01\x0c\x51\xfa\xdf\xc8\xfa\xff\xba\xec\x47\xbe\xe7\x07\x3b\xf6\xce\x2c\x57\xdc\xfe\x74\xa0\x7f\x00\x43\x94\xfe\x37\xb1\xfe\xbf\xed\x3a\x54\x77\xf7\x95\x71\xe7\x6f\xc8\x15\x77\x00\x1d\xe8\x1f\xc0\x10\xa5\xff\xcd\xac\xff\xef\xc1\x03\xfa\x97\x0c\x9e\x6f\x61\x53\xb9\xe2\x0e\xa4\x03\xfd\x03\x18\xa2\xf4\xbf\x85\xf5\xff\xa3\xcd\xbc\x16\x43\x1b\x5c\x2b\xf6\x17\x8d\xbb\x83\xe8\x40\xff\x00\x86\x28\xfd\x6f\x65\xfd\xff\x3c\xd6\x60\x54\xb7\x2d\xa1\xf3\xbc\x93\x2b\xee\x60\x3a\xd0\x3f\x80\x21\x4a\xff\xdb\x58\xff\xbf\x6e\xd5\x5a\x9d\xa6\x76\x8c\x28\x13\xe5\x8a\xeb\x7b\x4f\x50\xf4\x0f\x60\x88\xd2\xff\x76\xd6\xff\xef\x06\x53\x4a\xdd\xec\x7f\xb8\xb1\x57\xae\xb8\x43\xe9\x40\xff\x00\x86\x28\xfd\xef\xf8\x7b\xff\x6e\x40\xe1\x0c\x89\x77\xdf\xaf\x39\x2c\xa2\x5c\x71\x87\xd1\x81\xfe\x01\x0c\x51\xfa\xdf\xc9\xfa\x0f\xf2\xfb\xc3\xe1\x92\x79\x47\xff\xd8\x2e\x57\xdc\xe1\x74\xa0\x7f\x00\x43\x94\xfe\x77\xb1\xfe\x83\x3e\x3f\xf5\x28\x76\x82\x26\x65\xcb\xcb\x15\xd7\xf7\x9a\x00\xe8\x1f\xc0\x10\xa5\xff\xdd\xac\xff\x60\xe5\x42\x07\x7f\xfe\x6b\x5b\x92\xc7\x72\xc5\x1d\x49\x07\xfa\x07\x30\x44\xe9\x7f\x0f\xeb\x3f\x78\x7e\x27\x71\xcd\x59\xde\xe3\x47\xe5\x8a\x3b\x8a\x0e\xf4\x0f\x60\x88\xd2\xff\x5e\xd6\x7f\x88\xef\x57\x0e\xaf\x2a\xf0\x6e\x67\x0f\xb9\xe2\x8e\xa6\x03\xfd\x03\x18\xa2\xf4\xbf\x8f\xf5\x1f\xf2\xf5\xbd\x47\xdf\x2a\x7d\xba\xff\x49\xae\xb8\x63\xe8\x40\xff\x00\x86\x28\xfd\xef\x67\xfd\x87\xaa\x94\x28\x78\x98\xa1\x89\x26\x16\x94\x2b\xee\x58\x3a\xd0\x3f\x80\x21\x4a\xff\x07\x58\xff\xa1\x3f\x3f\x7a\x3d\xfe\xe9\xae\x2e\x2d\xe5\x8a\x3b\x8e\x0e\xf4\x0f\x60\x88\xd2\xff\x41\xd6\x7f\x98\x52\xde\x08\x75\x32\xb7\x88\x78\x45\xae\xb8\xe3\xe9\x40\xff\x00\x86\x28\xfd\x1f\x62\xfd\x87\xad\x1a\x37\x55\xa6\x64\xc3\xe7\xa5\x97\x2b\xee\x04\x3a\xd0\x3f\x80\x21\x4a\xff\x87\x59\xff\xe1\xee\xdf\x38\x75\xf8\x43\xd5\x0b\x03\xe4\x8a\xeb\xfb\x9e\x20\xf4\x0f\x60\x88\xd2\xff\x11\xd6\x7f\xf8\xc9\xbd\x02\x83\x4e\xd8\x9f\x7d\x99\x5c\x71\x27\xd1\x81\xfe\x01\x0c\x51\xfa\x3f\xca\xfa\x8f\x90\x7a\xcb\xfe\xb7\xc5\xa2\x94\x71\xe5\x8a\x3b\x99\x0e\xf4\x0f\x60\x88\xd2\xff\x31\xd6\x7f\xc4\xec\xfd\xee\x2d\x5c\x1d\xbe\x4e\x17\xb9\xe2\x4e\xa1\x03\xfd\x03\x18\xa2\xf4\x7f\x9c\xf5\x1f\xa9\x7f\xa1\x80\xca\xed\x6f\xc5\x3c\x29\x57\xdc\xa9\x74\xa0\x7f\x00\x43\x94\xfe\x4f\xb0\xfe\x23\xe7\x6f\xd4\xa3\x74\xb4\x42\xdf\xef\xcb\x15\x77\x1a\x1d\xe8\x1f\xc0\x10\xa5\xff\x93\xac\xff\x28\xdf\xe7\xcc\xda\x79\x7a\xd2\xc8\xca\x72\xc5\x9d\x4e\x07\xfa\x07\x30\x44\xe9\xff\x14\xeb\x3f\xea\xeb\x69\xbb\x9f\x9e\x6b\x1b\xb8\x5b\xae\xb8\x33\xe8\x40\xff\x00\x86\x28\xfd\x9f\x66\xfd\x47\xab\x54\xa3\x66\xdc\x88\xf3\xab\x84\x95\x2b\xee\x4c\x3a\xd0\x3f\x80\x21\x4a\xff\x67\x58\xff\xd1\xb3\xac\x4e\x39\xaf\x55\xf6\x6d\x89\xe4\x8a\x3b\x8b\x0e\xf4\x0f\x60\x88\xd2\xff\x59\xd6\x7f\x8c\x11\x4d\x8f\x96\x5b\xf7\xfc\xc4\x58\xb9\xe2\xce\xa6\x03\xfd\x03\x18\xa2\xf4\x7f\x8e\xf5\x1f\x73\x4a\x85\x27\x21\xf2\xa5\x0f\x95\x4e\xae\xb8\x73\xe8\x40\xff\x00\x86\x28\xfd\x9f\x67\xfd\xc7\x4a\x30\x31\xec\xa7\x19\xf7\xdb\x0e\x94\x2b\xee\x5c\x3a\xd0\x3f\x80\x21\x4a\xff\x17\x58\xff\xb1\xfb\x54\xb9\xdb\xe2\x47\xd7\x19\xcb\xe5\x8a\x3b\x8f\x0e\xf4\x0f\x60\x88\xd2\xff\x45\xd6\x7f\x9c\x1c\x63\x83\xcd\xf6\x2e\x7f\xe6\xc8\x15\x77\x3e\x1d\xe8\x1f\xc0\x10\xa5\xff\x4b\xac\xff\xb8\x69\x96\x27\x38\x9e\xbb\x64\x91\xcf\x72\xc5\x5d\x40\x07\xfa\x07\x30\x44\xe9\xff\x32\xeb\x3f\xde\x84\x96\x7b\xb2\xdd\x9d\x95\xae\x80\x5c\x71\x17\xd2\x81\xfe\x01\x0c\x51\xfa\xbf\xc2\xfa\x8f\x7f\xe7\x74\xda\x9f\x7d\x83\xdf\x6c\x21\x57\xdc\x45\x74\xa0\x7f\x00\x43\x94\xfe\xaf\xb2\xfe\x3d\xd5\xc2\x9c\x8c\x58\xf3\xd2\xf2\xab\x72\xc5\x5d\x4c\x07\xfa\x07\x30\x44\xe9\xff\x1a\xeb\xdf\x29\x9d\xf1\x45\xb5\x6d\xc7\x07\xec\x92\x2b\xee\x12\x3a\xd0\x3f\x80\x21\x4a\xff\xd7\x59\xff\xee\x87\x8f\x11\x97\x36\x8a\xf3\x2e\x9c\x5c\x71\x97\xd2\x81\xfe\x01\x0c\x51\xfa\xbf\xc1\xfa\xf7\x7e\x8e\x59\x73\x63\xc8\xfe\x6e\x62\xb9\xe2\xfa\x5e\x13\x10\xfd\x03\x18\xa2\xf4\x7f\x93\xf5\x1f\x58\xea\xcc\xee\x22\xd7\xca\x35\x1d\x23\x57\x5c\xdf\xd7\x04\xa1\x7f\x00\x43\x94\xfe\x6f\xb1\xfe\x13\x54\x7d\x36\x2b\xea\xe1\x4d\x07\xbb\xca\x15\x77\x05\x1d\xe8\x1f\xc0\x10\xa5\xff\xdb\xac\xff\x84\xf7\x53\xf5\xb8\x1b\xaf\xc1\xfa\x13\x72\xc5\x5d\x49\x07\xfa\x07\x30\x44\xe9\xff\x0e\xeb\x3f\xd1\xaa\x1e\xd9\xe6\x77\xff\x55\xeb\x9e\x5c\x71\x57\xd1\x81\xfe\x01\x0c\x51\xfa\xbf\xcb\xfa\x4f\x1c\x7d\xdb\xb5\xb2\x8b\x53\x25\xab\x22\x57\xdc\xd5\x74\xa0\x7f\x00\x43\x94\xfe\xef\xb1\xfe\x93\x04\xf4\xf9\x1e\x7c\x4d\xb2\x4e\x37\xe5\x8a\xbb\x86\x0e\xf4\x0f\x60\x88\xd2\xff\x7d\xd6\x7f\xd2\x6d\x45\xe2\x7c\x6e\xf1\x2d\xa0\x89\x5c\x71\xd7\xd2\x81\xfe\x01\x0c\x51\xfa\x7f\xc0\xfa\x4f\x16\x7b\xc0\xbb\x96\xe1\xeb\xbc\x2c\x22\x57\xdc\x75\x74\xa0\x7f\x00\x43\x94\xfe\x1f\xb2\xfe\x93\xcf\x2b\x10\x79\xd6\x99\x75\xd3\xdf\xcb\x15\x77\x3d\x1d\xe8\x1f\xc0\x10\xa5\xff\x47\xac\xff\x14\x9b\xba\xa4\x3f\x76\xb2\x52\xd6\xb8\x72\xc5\xdd\x40\x07\xfa\x07\x30\x44\xe9\xff\x31\xeb\x3f\x65\xf8\x5d\xe7\xb3\x47\x19\x9c\x7f\xb5\x5c\x71\x37\xd2\x81\xfe\x01\x0c\x51\xfa\x7f\xc2\xfa\x4f\xd5\x25\x7e\xae\x1f\x6d\x3d\x2b\xfa\xca\x15\x77\x13\x1d\xe8\x1f\xc0\x10\xa5\xff\xa7\xac\xff\xd4\xfb\xae\xdd\x8a\xb4\xf2\xf4\xb5\x4c\x72\xc5\xdd\x4c\x07\xfa\x07\x30\x44\xe9\xff\x19\xeb\x3f\xcd\xa5\x3b\xbf\xab\x97\x38\xf7\xb1\x82\x5c\x71\xb7\xd0\x81\xfe\x01\x0c\x51\xfa\x7f\xce\xfa\x4f\xdb\x22\x89\x67\xc9\xa4\x80\xfe\x8f\xe4\x8a\xbb\x95\x0e\xf4\x0f\x60\x88\xd2\xff\x0b\xd6\x7f\xba\x55\xc1\xeb\xae\xf9\x34\xad\xd5\x11\xb9\xe2\x6e\xa3\x03\xfd\x03\x18\xa2\xf4\xff\x92\xf5\x9f\x3e\xfa\xbe\xfe\x05\x53\x14\x8b\xdd\x53\xae\xb8\xdb\xe9\x40\xff\x00\x86\x28\xfd\xbf\x62\xfd\x67\x08\xf8\x32\x2f\x56\xd6\xd5\x1b\x26\xc8\x15\x77\x07\x1d\xe8\x1f\xc0\x10\xa5\xff\xd7\xac\xff\x8c\xdb\xf2\xe4\x7b\xf0\xbc\xe7\xbe\x40\xb9\xe2\xee\xa4\x03\xfd\x03\x18\xa2\xf4\xff\x86\xf5\x9f\xe9\xea\xc9\x2c\x35\x86\x3f\x4e\x1b\x49\xae\xb8\xbe\xd7\x04\x46\xff\x00\x86\x28\xfd\xbf\x65\xfd\x67\xae\x1f\xee\xc2\xea\x2a\x99\xab\x6e\x93\x2b\xee\x6e\x3a\xd0\x3f\x80\x21\x4a\xff\xef\x58\xff\x59\x3a\xa7\xff\xf8\xbd\xf9\xae\x53\x3b\xe4\x8a\xbb\x87\x0e\xf4\x0f\x60\x88\xd2\xff\x7b\xd6\x7f\xd6\x93\x9f\x63\x85\xde\xdc\x62\x4b\x18\xb9\xe2\xee\xa5\x03\xfd\x03\x18\xa2\xf4\xff\x81\xf5\x9f\xad\x75\xe6\x1f\xe3\x2e\x7f\xaa\x94\x54\xae\xb8\xfb\xe8\x40\xff\x00\x86\x28\xfd\x7f\x64\xfd\x67\xbf\xf8\xde\xa9\x1b\x2e\x51\xc2\x71\x72\xc5\xdd\x4f\x07\xfa\x07\x30\x44\xe9\xff\x13\xeb\x3f\xc7\xde\xa3\x79\x33\xc7\xdc\x3f\xba\xbb\x5c\x71\x0f\xd0\x81\xfe\x01\x0c\x51\xfa\xff\xcc\xfa\xcf\xd9\x3d\xd2\xcd\x43\xc7\xa2\x7c\x3d\x25\x57\xdc\x83\x74\xa0\x7f\x00\x43\x94\xfe\xbf\xb0\xfe\x73\x45\x5a\x99\x21\xd8\xb2\xe1\xd1\xef\xc8\x15\xf7\x10\x1d\xe8\x1f\xc0\x10\xa5\xff\xaf\xac\xff\xdc\x1b\x9b\x9f\x79\xd3\xa9\x6a\xbd\x4a\x72\xc5\x3d\x4c\x07\xfa\x07\x30\x44\xe9\xff\x1b\xeb\x3f\xcf\xdc\x72\x6f\x17\x8c\x2d\x54\x2a\x83\x5c\x71\x7d\xdf\x13\x88\xfe\x01\x0c\x51\xfa\xff\xce\xfa\xcf\x1b\x6f\x72\xb4\x2a\xa5\x26\xe5\x1c\x2c\x57\xdc\xa3\x74\xa0\x7f\x00\x43\x94\xfe\x7f\xb0\xfe\xf3\xe5\x1b\x1c\x3b\x68\xea\xf0\x97\x96\xca\x15\xf7\x18\x1d\xe8\x1f\xc0\x10\xa5\xff\x9f\xac\xff\xfc\xdf\xf2\x7f\x7b\xfb\xf6\xd6\x9c\xf8\x72\xc5\x3d\x4e\x07\xfa\x07\x30\x44\xe9\xff\x17\xeb\xbf\xc0\xab\xee\xd7\x17\xbe\xc8\x1e\xfe\xa3\x5c\x71\x7d\xef\x09\x8e\xfe\x01\x0c\x51\xfa\xff\xcd\xfa\x2f\x58\x71\x67\xf6\xca\xe9\x9e\x77\xcb\x27\x57\xdc\x93\x74\xa0\x7f\x00\x43\xfe\xeb\xfe\xe3\x06\xb0\xfe\x0b\x45\x9f\x1b\xb1\x59\xd9\xb6\x93\x5b\xc9\x15\xd7\xf7\x35\x41\xe8\x1f\xc0\x10\xa5\xff\x20\xac\xff\xc2\xab\x1a\xbf\x98\x3a\x62\xfe\xdd\xeb\x72\xc5\x3d\x4d\x07\xfa\x07\x30\x44\xe9\x3f\x28\xeb\xbf\xc8\xb6\x9a\x27\x4f\x4e\x5f\xbc\xbb\x9c\x5c\x71\xcf\xd0\x81\xfe\x01\x0c\x51\xfa\x0f\xc6\xfa\x2f\x1a\x30\x3d\x6d\x9e\xa2\x1d\x8f\x3e\x90\x2b\xee\x59\x3a\xd0\x3f\x80\x21\x4a\xff\xc1\x59\xff\xc5\xe6\x55\x3d\xb0\x20\xe9\xeb\x44\xc7\xe4\x8a\x7b\x8e\x0e\xf4\x0f\x60\x88\xd2\x7f\x08\xd6\x7f\xf1\xd8\xb3\x93\x54\xf9\x9e\xbb\x7c\x6f\xb9\xe2\x9e\xa7\x03\xfd\x03\x18\xa2\xf4\x1f\x92\xf5\x5f\x22\xfc\xc2\x50\xc1\x1e\x5d\xfb\x35\x49\xae\xb8\x17\xe8\x40\xff\x00\x86\x28\xfd\x87\x62\xfd\xff\xb1\xa9\xfe\xc3\x37\x39\x42\x0f\x49\x28\x57\xdc\x8b\x74\xa0\x7f\x00\x43\x94\xfe\x43\xb3\xfe\x4b\xee\xdb\x1b\x36\x73\xb5\x71\x0d\x23\xc8\x15\xf7\x12\x1d\xe8\x1f\xc0\x10\xa5\xff\x30\xac\xff\x52\x5d\x42\x3d\x39\x34\x28\x5f\xb4\x2d\x72\xc5\xbd\x4c\x07\xfa\x07\x30\x44\xe9\x3f\x2c\xeb\xbf\x74\x8b\xdc\x47\xc7\xd5\xad\x99\xeb\xb6\x5c\x71\xaf\xd0\x81\xfe\x01\x0c\x51\xfa\x0f\xc7\xfa\x2f\x73\xe9\x7b\xca\xba\x3b\x47\x97\x68\x26\x57\xdc\xab\x74\xa0\x7f\x00\x43\x94\xfe\xc3\xb3\xfe\xcb\x46\xbf\x5a\xa5\xeb\xcd\x18\x8b\x0b\xc9\x15\xf7\x1a\x1d\xe8\x1f\xc0\x10\xa5\xff\x08\xac\xff\x72\xab\xdc\x8d\xc3\x82\x1c\x3e\xfb\x56\xae\xb8\xbe\xef\x09\x40\xff\x00\x86\x28\xfd\x47\x64\xfd\x97\xdf\x96\x78\xc2\xad\xf8\xde\x9e\xb1\xe5\x8a\x7b\x83\x8e\x7f\xea\xff\x37\xf9\xef\xf8\x99\x03\xc0\xbf\x4b\xe9\x3f\x12\xeb\xbf\x42\xc0\xfd\x4e\xa9\xf7\xbc\x0b\xb7\x52\xae\xb8\x37\xe9\xc0\xe7\x7f\x00\x43\x94\xfe\x23\xb3\xfe\x2b\xd6\x8f\x1c\x30\x71\x4e\x93\x47\xfd\xe5\x8a\x7b\x8b\x0e\xf4\x0f\x60\x88\xd2\x7f\x14\xd6\x7f\xa5\xab\x97\xee\x35\xea\xb1\x6d\x4c\x16\xb9\xe2\xfa\xfe\x4c\x10\xfd\x03\x18\xa2\xf4\x1f\x95\xf5\x5f\xf9\xe4\x8b\xfd\x19\x46\xd5\xa9\x3e\x59\xae\xb8\xbe\xf7\x04\x42\xff\x00\x86\x28\xfd\x47\x63\xfd\x57\xe9\x9c\x22\x70\x6f\xf9\x75\xa9\x13\xc8\x15\xf7\x2e\x1d\xe8\x1f\xc0\x10\xa5\xff\xe8\xac\xff\x3f\x2f\x3e\x39\x56\x3d\x43\xb2\x3d\xe1\xe5\x8a\x7b\x8f\x0e\xf4\x0f\x60\x88\xd2\x7f\x0c\xd6\x7f\xd5\xd6\x69\x92\x2d\x79\xf5\x6d\xd3\x56\xb9\xe2\xde\xa7\x03\xfd\x03\x18\xa2\xf4\x1f\x93\xf5\x5f\xad\x7b\xf4\x30\x3f\xde\x7b\xe2\x96\x95\x2b\xae\xef\x35\xc1\xd0\x3f\x80\x21\x4a\xff\xb1\x58\xff\xd5\xf7\x9e\x7b\x1e\x29\xed\xe9\x16\x0f\xe5\x8a\xeb\xfb\x7b\xe8\x1f\xc0\x10\xa5\xff\xd8\xac\xff\x1a\x1b\xdb\x04\x3f\x56\xa6\x52\xdf\xe3\x72\xc5\x7d\x44\x07\xfa\x07\x30\x44\xe9\x3f\x0e\xeb\xbf\x66\xa4\x4d\x8f\xb2\x8f\x1f\xfc\xb9\x97\x5c\x71\x1f\xd3\x81\xfe\x01\x0c\x51\xfa\x8f\xcb\xfa\xaf\x15\x6f\xc4\xe1\x96\x1d\xa6\x5d\x89\x23\x57\xdc\x27\x74\xa0\x7f\x00\x43\x94\xfe\xe3\xb1\xfe\x6b\xcf\x2d\x91\x78\xd6\x92\x62\xab\x56\xc8\x15\xf7\x29\x1d\xe8\x1f\xc0\x10\xa5\xff\xf8\xac\xff\x3a\xf3\x96\x76\xea\x77\xe4\x5c\xc1\x7e\x72\xc5\x7d\x46\x07\xfa\x07\x30\x44\xe9\xdf\xc3\xfa\xaf\x1b\xbb\xf5\x84\xb6\xd1\x03\x32\x67\x95\x2b\xee\x73\x3a\xd0\x3f\x80\x21\x4a\xff\x0e\xeb\xbf\x5e\xf8\x4a\x1b\x13\x87\x79\x3c\xf5\x96\x5c\x71\x5f\xd0\x81\xfe\x01\x0c\x51\xfa\x77\x59\xff\xf5\x37\x8d\xaf\x72\xe9\x62\xe6\xd7\xcd\xe5\x8a\xfb\x92\x0e\xf4\x0f\x60\x88\xd2\xbf\x97\xf5\xdf\xe0\xfb\xfe\x68\x13\x36\xae\x0e\x5a\x58\xae\xb8\xaf\xe8\x40\xff\x00\x86\x28\xfd\x07\xb2\xfe\x1b\xe6\x0f\xf1\xb6\x71\xd3\x9e\x1d\xde\xc8\x15\xf7\x35\x1d\xe8\x1f\xc0\x10\xa5\xff\x04\xac\xff\x46\x95\xf2\x9e\xc9\xd8\xab\x6b\x8a\x6e\x72\xc5\xf5\xfd\x77\x02\xfa\x07\x30\x44\xe9\x3f\x21\xeb\xbf\xf1\xeb\xaf\x19\xf6\xcc\x5b\x5e\xe3\xb4\x5c\x71\x7d\xaf\x09\x8c\xfe\x01\x0c\x51\xfa\x4f\xc4\xfa\x6f\x52\x2a\xe7\xd5\x6a\xfb\xd2\xaf\xbd\x2b\x57\xdc\x77\x74\xa0\x7f\x00\x43\x94\xfe\x13\xb3\xfe\x9b\x7e\xfe\x99\x73\xa9\x73\xff\x70\x45\xb9\xe2\xbe\xa7\x03\xfd\x03\x18\xa2\xf4\x9f\x84\xf5\xdf\xec\xfe\xe1\xb8\x3f\x83\x05\x6f\xbe\x53\xae\xb8\x1f\xe8\x40\xff\x00\x86\x28\xfd\x27\x65\xfd\x37\xaf\x1a\xe4\x4b\xc4\xdb\x97\x3c\xa1\xe5\x8a\xfb\x91\x0e\xf4\x0f\x60\x88\xd2\x7f\x32\xd6\x7f\x8b\xd4\xf3\x63\x1d\xdf\x5d\xf2\x4d\x12\xb9\xe2\x7e\xa2\x03\xfd\x03\x18\xa2\xf4\x9f\x9c\xf5\xdf\x72\x72\xc3\x8f\xd9\xea\xcf\x1a\x34\x5e\xae\xb8\x9f\xe9\x40\xff\x00\x86\x28\xfd\xa7\x60\xfd\xb7\xea\x5f\xfb\x42\x8b\x01\xfd\x97\x7e\x90\x2b\xee\x17\x3a\xd0\x3f\x80\x21\x4a\xff\x29\x59\xff\xad\xb3\x4f\xcd\x32\xfb\xcf\x72\xb7\xf3\xcb\x15\xf7\x2b\x1d\xe8\x1f\xc0\x10\xa5\xff\x54\xac\xff\x36\xdf\xb7\x97\x18\x9c\xed\x78\x86\xd6\x72\xc5\xfd\x46\x07\xfa\x07\x30\x44\xe9\x3f\x35\xeb\xbf\x6d\xfe\x9e\x4b\x3a\x3c\x88\x53\xe8\x9a\x5c\x71\xbf\xd3\x81\xfe\x01\x0c\x51\xfa\x4f\xc3\xfa\x6f\x57\xa9\xe8\x50\xef\xd7\x5f\x4f\x32\xca\x15\xf7\x07\x1d\xe8\x1f\xc0\x10\xa5\xff\xb4\xac\xff\xf6\xaf\xfb\x36\x3f\x9f\x38\xd5\xac\x41\x72\xc5\xfd\x49\x07\xfa\x07\x30\x44\xe9\x3f\x1d\xeb\xbf\xc3\x88\x76\x9e\xe6\x85\x37\xb5\x5f\x22\x57\xdc\x5f\x74\xa0\x7f\x00\x43\x94\xfe\xd3\xb3\xfe\x3b\x66\xd9\xf0\x7b\xca\xd4\x06\x21\x3c\x72\xc5\xfd\x4d\x07\xfa\x07\x30\x44\xe9\x3f\x03\xeb\xbf\x53\x82\x51\xb7\x4e\xb4\x68\xbf\xf6\x98\x5c\xf9\xdb\x0f\x41\xff\x00\x86\x28\xfd\x67\x64\xfd\x77\x9e\x52\x2c\x57\xde\x35\x73\x0f\xf7\x96\x2b\x5e\xfa\x18\xf4\x0f\x60\x89\xd2\x7f\x26\xd6\x7f\x97\x1c\xc3\x2e\x2f\x3c\x93\x33\x45\x39\xb9\xe2\x0d\x4a\x07\xfa\x07\x30\x44\xe9\x3f\x33\xeb\xbf\x6b\x9f\x92\x99\x2b\x87\x7f\x5a\xe3\x81\x5c\xf1\x06\xa3\x03\xfd\x03\x18\xa2\xf4\x9f\x85\xf5\xdf\x6d\x42\xa7\xe8\x41\xa3\x44\x7c\x13\x41\xae\x78\x83\xd3\x81\xfe\x01\x0c\x51\xfa\xcf\xca\xfa\xef\x9e\x66\xcd\xa7\xb7\x27\x6f\x0c\xda\x22\x57\xbc\x21\xe8\x40\xff\x00\x86\x28\xfd\x67\x63\xfd\xf7\xa8\x16\x35\x4e\xa6\x95\x45\x9a\x4f\x92\x2b\xde\x90\x74\xa0\x7f\x00\x43\x94\xfe\xb3\xb3\xfe\x7b\xde\xb9\xf0\xfd\x70\xdb\x09\x9e\x84\x72\xc5\x1b\x8a\x0e\xf4\x0f\x60\x88\xd2\x7f\x0e\xd6\x7f\xaf\x0f\xaf\xae\x8d\x9f\x34\x34\x43\x21\xb9\xe2\xf5\xfd\x78\xf4\x0f\x60\x88\xd2\x7f\x4e\xd6\x7f\xef\xd2\xc9\xb2\xd5\x29\x51\xbd\xd0\x5b\xb9\xe2\x0d\x43\x07\xfa\x07\x30\x44\xe9\x3f\x17\xeb\xbf\xcf\x82\x5b\xfd\x17\xa7\xd8\xbb\xf4\xb6\x5c\xf1\x86\xa5\x03\xfd\x03\x18\xa2\xf4\x9f\x9b\xf5\xdf\xd7\x89\x5d\xb7\xe2\xa7\x68\xb7\x9b\xc9\x15\x6f\x38\x3a\xd0\x3f\x80\x21\x4a\xff\x79\x58\xff\xfd\xc2\x26\xc8\x17\xf0\xfc\x43\xfb\xfe\x72\xc5\x1b\x9e\x0e\xf4\x0f\x60\x88\xd2\x7f\x5e\xd6\x7f\xff\x35\x0f\xe6\xbd\xcf\x9a\x24\x44\x16\xb9\xe2\xf5\x7d\x4d\x10\xfa\x07\x30\x44\xe9\x3f\x1f\xeb\x7f\xc0\x9c\x77\xfd\x0b\x57\xd9\xf1\x24\xb6\x5c\xf1\x46\xa4\x03\xfd\x03\x18\xa2\xf4\x9f\x9f\xf5\x3f\x30\x6e\xa6\xba\x9b\x86\xb7\x9a\xb5\x52\xae\x78\x23\xd1\x81\xfe\x01\x0c\x51\xfa\x2f\xc0\xfa\x1f\x14\x31\x62\xbe\x7b\x33\x9a\xed\x49\x2a\x57\xbc\x91\xe9\x40\xff\x00\x86\x28\xfd\x17\x64\xfd\x0f\xde\x70\x64\x5e\x94\x7c\x5b\x36\x8d\x93\x2b\xde\x28\x74\xa0\x7f\x00\x43\x94\xfe\x0b\xb1\xfe\x87\xc4\x0c\x5b\x7c\xb8\x37\x41\xf5\x1d\x72\xc5\x1b\x95\x0e\xf4\x0f\x60\x88\xd2\x7f\x61\xd6\xff\xd0\x15\x27\x96\x77\xf9\xf1\x26\x75\x18\xb9\xe2\x8d\x46\x07\xfa\x07\x30\x44\xe9\xbf\x08\xeb\x7f\xd8\x96\x4f\xc3\x52\xdd\x8d\xd5\xf7\x8e\x5c\xf1\x46\xa7\x03\xfd\x03\x18\xa2\xf4\x5f\x94\xf5\x3f\x3c\x68\xba\x26\xb7\x73\x1f\xfc\x5c\x49\xae\x78\x63\xd0\x81\xfe\x01\x0c\x51\xfa\x2f\xc6\xfa\x1f\xd1\x69\xdc\xe0\xb8\x35\x6b\xc7\xed\x2e\x57\xbc\x31\xe9\x40\xff\x00\x86\x28\xfd\x17\x67\xfd\x8f\x3c\x51\xb1\xe1\xd3\xbe\x23\x5b\x9c\x92\x2b\xde\x58\x74\xa0\x7f\x00\x43\x94\xfe\x4b\xb0\xfe\x47\x5d\x69\x55\x68\x67\xa3\x31\x05\x97\xca\x15\xaf\xef\x6b\x02\xd1\x3f\x80\x21\x4a\xff\x7f\xb0\xfe\x47\xd7\x5b\xb2\xa8\xf4\xb6\x02\x99\xe3\xcb\x15\x6f\x1c\x3a\xd0\x3f\x80\x21\x4a\xff\x25\x59\xff\x63\xe6\x0c\xbb\x56\xf9\xda\x95\x2b\x19\xe4\x8a\x37\x2e\x1d\xe8\x1f\xc0\x10\xa5\xff\x52\xac\xff\xb1\x71\x4b\x66\x5b\x18\x32\xec\xaa\xc1\x72\xc5\x1b\x8f\x0e\xf4\x0f\x60\x88\xd2\x7f\x69\xd6\xff\xb8\x88\x9d\xe2\xbc\x8d\xf7\x32\x68\x2b\xb9\xe2\xf5\xfd\x6f\x02\xf4\x0f\x60\x88\xd2\x7f\x19\xd6\xff\xf8\x0d\x6b\xbe\x07\x3d\x9c\xb7\xc3\x75\xb9\xe2\xf5\xbd\x27\x30\xfa\x07\x30\x44\xe9\xbf\x2c\xeb\x7f\xc2\xe5\x82\x23\xb7\x2d\x5e\x38\xf5\xa3\x5c\xf1\x3a\x74\xa0\x7f\x00\x43\x94\xfe\xcb\xb1\xfe\x27\xb6\x1c\xd8\xba\x78\xf7\xce\xaf\xf3\xc9\x15\xaf\x4b\x07\xfa\x07\x30\x44\xe9\xbf\x3c\xeb\x7f\x52\xd7\xdd\xa5\x3d\x43\x57\x26\xba\x2b\x57\xbc\xbe\x1f\x83\xfe\x01\x0c\x51\xfa\xaf\xc0\xfa\x9f\xbc\xbf\xeb\x8a\x57\x95\x7a\x97\xaf\x28\x57\xbc\x81\x74\xa0\x7f\x00\x43\x94\xfe\x2b\xb2\xfe\xa7\xd4\xdd\x5e\xb4\x43\xe6\x87\xbb\xbb\xc9\x15\x6f\x02\x3a\xd0\x3f\x80\x21\x4a\xff\x95\x58\xff\x53\xaf\xf7\x5c\x38\xf8\x69\xd6\xa3\xa7\xe5\x8a\xd7\xf7\x9e\x80\xe8\x1f\xc0\x10\xa5\xff\xca\xac\xff\x69\xa7\x8b\x0e\x38\xff\xe1\x4c\xc3\x24\x72\xc5\x9b\x88\x0e\xf4\x0f\x60\x88\xd2\x7f\x15\xd6\xff\xf4\x8e\x7d\x1b\x79\x93\x05\x8d\x36\x5e\xae\x78\x13\xd3\x81\xfe\x01\x0c\x51\xfa\xff\x93\xf5\x3f\x23\x48\xc2\xa1\x0f\x8b\x4d\xf9\xb5\x53\xae\x78\x7d\xff\x4c\x80\xfe\x01\x0c\x51\xfa\xaf\xca\xfa\x9f\xb9\xfd\x61\xf3\x98\x13\x4a\x0c\x09\x2d\x57\xbc\xbe\xd7\x04\x47\xff\x00\x86\x28\xfd\x57\x63\xfd\xcf\x5a\x7d\xbb\x44\x81\xf6\x55\x16\xb7\x96\x2b\xde\x64\x74\xa0\x7f\x00\x43\x94\xfe\xab\xb3\xfe\x67\xc7\x88\xb3\x64\xed\xea\x81\x67\xaf\xc9\x15\x6f\x72\x3a\xd0\x3f\x80\x21\x4a\xff\x35\x58\xff\x73\x62\x7e\xfb\xbe\xf2\xb4\x9b\xeb\x83\x5c\xf1\xa6\xa0\x03\xfd\x03\x18\xa2\xf4\x5f\x93\xf5\x3f\x77\x45\xae\x38\xb5\xa2\x9d\x2c\x91\x5f\xae\x78\x53\xd2\x81\xfe\x01\x0c\x51\xfa\xaf\xc5\xfa\x9f\xb7\x25\x64\xb6\xb0\x11\x53\x3c\x5a\x22\x57\xbc\xa9\xe8\x40\xff\x00\x86\x28\xfd\xd7\x66\xfd\xcf\x0f\xba\xe7\xda\xd7\x73\x5f\xc6\x78\xe4\x8a\x37\x35\x1d\xe8\x1f\xc0\x10\xa5\xff\x3a\xac\xff\x05\x65\xc6\xcc\xda\xbe\xae\x5e\xcf\x8c\x72\xc5\x9b\x86\x0e\xf4\x0f\x60\x88\xd2\x7f\x5d\xd6\xff\xc2\x8f\x95\x7b\x14\x6b\xb5\x26\xdc\x20\xb9\xe2\x4d\x4b\x07\xfa\x07\x30\x44\xe9\xbf\x1e\xeb\x7f\xd1\xdd\x16\x35\xe3\x77\xdd\x50\x29\xbc\x5c\xf1\xa6\xa3\x03\xfd\x03\x18\xa2\xf4\x5f\x9f\xf5\xbf\xb8\xfa\xb2\xdd\xaf\x17\x36\x4a\xb8\x55\xae\x78\xd3\xd3\x81\xfe\x01\x0c\x51\xfa\x6f\xc0\xfa\x5f\xf2\xb5\x49\xc5\x8e\x07\x7f\x9c\x9a\x2c\x57\xbc\xbe\xf7\x04\x40\xff\x00\x86\x28\xfd\x37\x64\xfd\x2f\x2d\xb8\x6a\xd3\xa0\x38\x69\xb6\x24\x90\x2b\x5e\xdf\xef\x09\xa2\x7f\x00\x43\x94\xfe\x1b\xb1\xfe\x97\x55\x99\x30\xf9\x5c\xf0\xa3\xd1\x8f\xcb\x15\x6f\x26\x3a\xd0\x3f\x80\x21\x4a\xff\x8d\x59\xff\xcb\x5f\x96\xef\x18\x78\x25\x5e\xbd\x5e\x72\xc5\x9b\x99\x0e\xf4\x0f\x60\x88\xd2\x7f\x13\xd6\xff\x8a\xa9\x6f\xa6\x3d\xd8\xd2\x77\x74\x59\xb9\xe2\xcd\x42\x07\xfa\x07\x30\x44\xe9\xbf\x29\xeb\x7f\x65\xc2\x2c\x5d\x62\x35\xa8\xf0\xf5\xa1\x5c\xf1\x66\xa5\x03\xfd\x03\x18\xa2\xf4\xdf\x8c\xf5\xbf\x2a\x6b\xf8\xaa\x05\xfb\x97\xbe\xd4\x4f\xae\x78\xb3\xd1\x81\xfe\x01\x0c\x51\xfa\x6f\xce\xfa\x5f\x3d\xf2\xd8\xf6\x35\xb5\x67\xcc\xc9\x2a\x57\xbc\xd9\xe9\x40\xff\x00\x86\x28\xfd\xb7\x60\xfd\xaf\x29\xf3\xe4\xf0\x92\xbc\x21\x4b\xc5\x91\x2b\xde\x1c\x74\xa0\x7f\x00\x43\x94\xfe\x5b\xb2\xfe\xd7\x7e\x4c\x93\xb8\xfa\xfd\x0b\x39\x57\xc8\x15\x6f\x4e\x3a\xd0\x3f\x80\x21\x4a\xff\xad\x58\xff\xeb\xee\x46\x0f\x1e\xe9\x57\xc6\xc9\x85\xe5\x8a\x37\x17\x1d\xe8\x1f\xc0\x10\xa5\xff\xd6\xac\xff\xf5\xd5\xcf\x3d\xfa\x91\xe0\xee\xdd\x37\x72\xc5\x9b\x9b\x0e\xf4\x0f\x60\x88\xd2\x7f\x1b\xd6\xff\x86\x6c\x81\x63\x0a\x15\xe8\x1e\xfe\x96\x5c\xf1\xe6\xa1\x03\xfd\x03\x18\xa2\xf4\xdf\x96\xf5\xbf\xb1\xdf\xe3\x76\x9b\x67\x2d\xed\xd6\x5c\xae\x78\xf3\xd2\x81\xfe\x01\x0c\x51\xfa\x6f\xc7\xfa\xdf\x34\xe9\x66\x85\xfb\xf3\x12\xbc\x6c\x29\x57\xbc\xf9\xe8\x40\xff\x00\x86\x28\xfd\xb7\x67\xfd\x6f\x4e\x15\x6f\x6d\xe4\x5e\x6f\xa6\x5f\x91\x2b\x5e\xdf\x6b\x02\xa3\x7f\x00\x43\x94\xfe\x3b\xb0\xfe\xb7\x8c\xba\x5a\x6d\x98\xd3\xac\xd3\x27\xb9\xe2\x2d\x40\x07\xfa\x07\x30\x44\xe9\xbf\x23\xeb\x7f\x6b\x26\x77\x4b\xd7\x7d\x5b\x02\x0a\xca\x15\xaf\xef\xef\xa1\x7f\x00\x43\x94\xfe\x3b\xb1\xfe\xb7\x79\x13\x4f\x4d\x7d\xbb\xf6\x8a\x65\x72\xc5\x5b\x88\x0e\xf4\x0f\x60\x88\xd2\x7f\x67\xd6\xff\xf6\x69\xf7\xbb\xdf\x0a\x36\xf2\x9a\x2b\x57\xbc\xbe\xaf\x09\x42\xff\x00\x86\x28\xfd\x77\x61\xfd\xef\x78\x95\x7f\x42\xbc\xfa\xb1\xb2\xa6\x97\x2b\xde\x22\x74\xa0\x7f\x00\x43\x94\xfe\xbb\xb2\xfe\x77\x56\x1c\xdc\xe9\xc9\xee\x83\xf9\x07\xc8\x15\xaf\xaf\x7b\xf4\x0f\x60\x88\xd2\x7f\x37\xd6\xff\xae\x7c\x3b\xab\xec\xf8\xf3\x4a\xab\xfb\x72\xc5\x5b\x8c\x0e\xf4\x0f\x60\x88\xd2\x7f\x77\xd6\xff\xee\x6f\xdd\x37\x96\x19\x10\x36\x76\x65\xb9\xe2\x2d\x4e\x07\xfa\x07\x30\x44\xe9\xbf\x07\xeb\x7f\xcf\xdc\xe6\xbb\xe2\x3e\x18\xf3\xb1\x8b\x5c\xf1\x96\xa0\x03\xfd\x03\x18\xa2\xf4\xdf\x93\xf5\xbf\x37\xde\xca\x1a\x4f\xb3\x15\xe8\x7f\x52\xae\x78\xff\xa0\x03\xfd\x03\x18\xa2\xf4\xdf\x8b\xf5\xbf\x2f\xd2\xe4\x9e\x3b\x13\x2f\x4c\x9b\x48\xae\x78\x4b\xd2\x81\xfe\x01\x0c\x51\xfa\xef\xcd\xfa\xdf\xbf\xb1\xdc\xec\xd2\x5f\x3b\x57\x1d\x2b\x57\xbc\xa5\xe8\x40\xff\x00\x86\x28\xfd\xf7\x61\xfd\x1f\x70\x8f\x77\x8c\x3c\xf5\xe5\x86\xdd\x72\xc5\x5b\x9a\x0e\xf4\x0f\x60\x88\xd2\x7f\x5f\xd6\xff\xc1\x85\x11\x26\xdf\x2f\x9c\x77\x5f\x58\xb9\xe2\x2d\x43\x07\xfa\x07\x30\x44\xe9\xbf\x1f\xeb\xff\xd0\xda\xac\x9b\x36\x97\xcf\x39\xa3\x8f\x5c\xf1\xfa\xde\x13\x08\xfd\x03\x18\xa2\xf4\xdf\x9f\xf5\x7f\x38\xdc\xdb\x8a\x85\x46\x3d\x7d\x96\x59\xae\x78\xcb\xd1\x81\xfe\x01\x0c\x51\xfa\x1f\xc0\xfa\x3f\xb2\x34\xe3\xee\x5b\xaf\xda\x87\x8a\x27\x57\xbc\xe5\xe9\x40\xff\x00\x86\x28\xfd\x0f\x64\xfd\x1f\x8d\xf6\xb1\x66\xea\x0c\x73\xdb\xae\x92\x2b\xde\x0a\x74\xa0\x7f\x00\x43\x94\xfe\x07\xb1\xfe\x8f\x85\x3a\xdd\xa3\x6b\xda\x22\x37\xff\xa2\x71\x6f\x45\x3a\xd0\x3f\x80\x21\x4a\xff\x83\x59\xff\xc7\x77\x86\x99\x35\xec\xfd\x84\xe5\xef\xe4\x8a\xb7\x12\x1d\xe8\x1f\xc0\x10\xa5\xff\x21\xac\xff\x13\x47\x97\xb7\x2d\x33\x3e\x62\x91\x1b\x72\xc5\xeb\xfb\x9e\x20\xf4\x0f\x60\x88\xd2\xff\x50\xd6\xff\xc9\xf6\x2d\xc7\xef\x28\x73\x23\x5d\x53\xb9\xe2\xad\x42\x07\xfa\x07\x30\x44\xe9\x7f\x18\xeb\xff\x54\xe3\x2a\xeb\x9e\x2c\xd9\xeb\x46\x94\x2b\xde\x3f\xe9\x40\xff\x00\x86\x28\xfd\x0f\x67\xfd\x9f\xbe\x39\xb6\x6c\xbc\x0e\xd1\x9a\x6e\x97\x2b\xde\xaa\x74\xa0\x7f\x00\x43\x94\xfe\x47\xb0\xfe\xcf\xb8\xeb\x53\x05\x8b\x3e\x74\xc0\x44\xb9\xe2\xad\x46\x07\xfa\x07\x30\x44\xe9\x7f\x24\xeb\xff\xec\xc2\x8e\xa7\xde\x1c\xa9\xfe\xce\x2b\x57\xbc\xd5\xe9\x40\xff\x00\x86\x28\xfd\x8f\x62\xfd\x9f\x5b\x5b\xe6\xf5\x82\x8b\x3b\x6a\x1d\x95\x2b\xde\x1a\x74\xa0\x7f\x00\x43\x94\xfe\x47\xb3\xfe\xcf\x87\x1b\x1a\xa1\x4a\x98\x56\xc9\x7a\xc8\x15\x6f\x4d\x3a\xd0\x3f\x80\x21\x4a\xff\x63\x58\xff\x17\x9a\x74\xeb\xfe\xba\xe9\x87\x83\xe5\xe5\x8a\xb7\x16\x1d\xe8\x1f\xc0\x10\xa5\xff\xb1\xac\xff\x8b\xe7\x76\x4c\x8d\xbf\x31\xc9\xfa\xc7\x72\xc5\x5b\x9b\x0e\xf4\x0f\x60\x88\xd2\xff\x38\xd6\xff\xa5\x43\x83\xb6\x14\x2b\xfa\xa3\x4b\x11\xb9\xe2\xad\x43\x07\xfa\x07\x30\x44\xe9\x7f\x3c\xeb\xff\x72\x8f\x7c\xd5\xb6\x4f\x4f\x13\xf1\xbd\x5c\xf1\xd6\xa5\x03\xfd\x03\x18\xa2\xf4\x3f\x81\xf5\x7f\xe5\x56\xbf\xb5\x81\xdf\x37\xdc\xbf\x29\x57\xbc\xf5\xe8\x40\xff\x00\x86\x28\xfd\x4f\x64\xfd\x5f\x6d\x50\xa8\xc2\xb9\xa4\x8d\x26\x36\x91\x2b\xde\xfa\x74\xa0\x7f\x00\x43\x94\xfe\x27\xb1\xfe\xaf\xb5\xe9\xd5\x6e\x50\x8e\xbe\xd9\xfb\xca\x15\x6f\x03\x3a\xd0\x3f\x80\x21\x4a\xff\x93\x59\xff\xd7\x8f\x6d\x19\xd3\xf1\x51\x85\x32\x99\xe4\x8a\xb7\x21\x1d\xe8\x1f\xc0\x10\xa5\xff\x29\xac\xff\x1b\xbb\xe2\xf6\x5e\x33\xe8\xe8\xbc\xb8\x72\xc5\xdb\x88\x0e\xf4\x0f\x60\x88\xd2\xff\x54\xd6\xff\xcd\xe0\x37\x66\x16\xac\x16\xef\xc2\x6a\xb9\xe2\x6d\x4c\x07\xfa\x07\x30\x44\xe9\x7f\x1a\xeb\xff\x56\xe4\x47\x3b\x62\xed\x0c\xf9\xfd\x88\x5c\xf1\xfa\x7e\x4f\x10\xfd\x03\x18\xa2\xf4\x3f\x9d\xf5\x7f\x7b\x99\xb7\xd6\x83\xba\x17\x46\xf6\x94\x2b\x5e\xdf\x6b\x02\xa1\x7f\x00\x43\x94\xfe\x67\xb0\xfe\xef\x2c\xdd\x1f\xe1\x4b\x90\xd2\x75\x2a\xc8\x15\x6f\x33\x3a\xd0\x3f\x80\x21\x4a\xff\x33\x59\xff\x77\xa3\x85\x78\x1d\xee\xe6\x8c\x98\x8f\xe4\x8a\xb7\x39\x1d\xe8\x1f\xc0\x10\xa5\xff\x59\xac\xff\x7b\xa1\xf2\x9e\xaa\xbd\xa7\xfb\xb6\x48\x72\xc5\xdb\x82\x0e\xf4\x0f\x60\x88\xd2\xff\x6c\xd6\xff\xfd\x9d\x5f\x53\xad\x88\xbf\xf4\xc4\x36\xb9\xe2\x6d\x49\x07\xfa\x07\x30\x44\xe9\x7f\x0e\xeb\xff\xc1\x9b\xa5\x4d\x5e\xf5\xc8\x18\x38\x41\xae\x78\x5b\xd1\x81\xfe\x01\x0c\x51\xfa\x9f\xcb\xfa\x7f\x58\xa2\xf5\x30\xcf\x9c\xbb\x55\x02\xe5\x8a\xb7\x35\x1d\xe8\x1f\xc0\x10\xa5\xff\x79\xac\xff\x47\xb5\x2a\x2d\x2f\xbe\xf9\x61\x98\xe5\x72\xc5\xdb\x86\x0e\xf4\x0f\x60\x88\xd2\xff\x7c\xd6\xff\xe3\x07\xe3\x8b\x6f\x6b\x9e\xb5\xb7\x23\x57\xbc\x6d\xe9\x40\xff\x00\x86\x28\xfd\x2f\x60\xfd\x3f\x29\x52\x6e\x9e\x37\xdc\xca\x71\xe9\xe4\x8a\xb7\x1d\x1d\xe8\x1f\xc0\x10\xa5\xff\x85\xac\xff\xa7\x3f\x26\xe7\x3b\x7f\xb9\xf7\x83\x81\x72\xc5\xdb\x9e\x0e\xf4\x0f\x60\x88\xd2\xff\x22\xd6\xff\xb3\x27\x2b\xeb\x0e\x3e\x36\xa5\x58\x0b\xb9\xe2\xed\x40\x07\xfa\x07\x30\x44\xe9\x7f\x31\xeb\xff\x79\xf9\xe6\xfd\x3b\xc4\x2c\x91\xe7\xaa\x5c\xf1\x76\xa4\x03\xfd\x03\x18\xa2\xf4\xbf\x84\xf5\xff\x22\xc9\xd1\x16\x6b\x3b\x9d\x39\xff\x59\xae\x78\x3b\xd1\x81\xfe\x01\x0c\x51\xfa\x5f\xca\xfa\x7f\x39\x23\xd2\xa8\x02\xcb\x82\x2e\x2c\x20\x57\xbc\x9d\xe9\x40\xff\x00\x86\x28\xfd\x2f\x63\xfd\xbf\x1a\x92\x79\x75\xcc\x52\xee\xb0\xc4\x72\xc5\xdb\x85\x0e\xf4\x0f\x60\x88\xd2\xff\x72\xd6\xff\xeb\x0c\xef\x4b\x3d\x1c\x7b\xf2\xc7\x18\xb9\xe2\xed\x4a\x07\xfa\x07\x30\x44\xe9\x7f\x05\xeb\xff\xcd\x9b\xb3\xe9\x7f\xbe\xad\x12\x65\x97\x5c\xf1\x76\xa3\x03\xfd\x03\x18\xa2\xf4\xbf\x92\xf5\xff\xb6\x44\xac\xf3\x11\x53\x0f\x6c\x1c\x4e\xae\x78\xbb\xd3\x81\xfe\x01\x0c\x51\xfa\x5f\xc5\xfa\x7f\x57\x2b\xf5\xbb\x6a\xe9\xea\x1d\xbf\x27\x57\xbc\xbe\xf7\x04\x47\xff\x00\x86\x28\xfd\xaf\x66\xfd\xbf\x7f\xf0\x3c\xf2\xd2\x17\x6b\x76\x56\x91\x2b\x5e\xdf\x6b\x02\xa2\x7f\x00\x43\x94\xfe\xd7\xb0\xfe\x3f\x0c\x8e\xdd\x28\xca\x88\x14\x65\xbb\xca\x15\x6f\x2f\x3a\xd0\x3f\x80\x21\x4a\xff\x6b\x59\xff\x1f\x73\xdf\x1a\x70\xaf\xec\x97\x24\x27\xe4\x8a\xb7\x37\x1d\xe8\x1f\xc0\x10\xa5\xff\x75\xac\xff\x4f\xc9\x1f\x2c\xdc\xf4\x31\x77\xaf\x8e\x72\xc5\xdb\x87\x0e\xf4\x0f\x60\x88\xd2\xff\x7a\xd6\xff\xe7\xf1\x09\x8a\x16\x4e\xfe\x3a\xf4\x1e\xb9\xe2\xf5\xbd\x27\x28\xfa\x07\x30\x44\xe9\x7f\x03\xeb\xff\x4b\xfa\x3b\x2b\x6e\x17\xef\xf8\xf0\x95\x5c\xf1\xf6\xa3\x03\xfd\x03\x18\xa2\xf4\xbf\x91\xf5\xff\x75\x78\x92\xd2\xa9\x26\x2e\x1e\x5f\x5d\xae\x78\xfb\xd3\x81\xfe\x01\x0c\x51\xfa\xdf\xc4\xfa\xff\x36\x3b\x7e\xeb\x2e\x43\xf2\xe5\x5d\x27\x57\xbc\x03\xe8\x40\xff\x00\x86\x28\xfd\x6f\x66\xfd\x7f\x4f\x7c\x6d\xe4\xf0\x8a\xe3\x8a\x87\x92\x2b\x5e\xdf\x6b\x02\xa1\x7f\x00\x43\x94\xfe\xb7\xb0\xfe\x7f\x94\xeb\x52\xaf\x74\xa6\xd0\x0b\x92\xcb\x15\xef\x20\x3a\xd0\x3f\x80\x21\x4a\xff\x5b\x59\xff\x3f\x9f\xef\xea\xb3\xf3\xc9\xb5\x73\x33\xe4\x8a\x77\x30\x1d\xe8\x1f\xc0\x10\xa5\xff\x6d\xac\xff\x5f\xbf\x07\xcc\x7d\x1a\xe9\xf0\xcf\xef\x72\xc5\x3b\x84\x0e\xf4\x0f\x60\x88\xd2\xff\x76\xd6\xff\xef\xc2\x05\x0a\xc6\x3d\x1f\x63\x78\x69\xb9\xe2\x1d\x4a\x07\xfa\x07\x30\x84\xfa\x0f\xce\xfe\x0e\x7f\x7d\x8f\xa0\xff\xf9\xf0\x0e\x0b\x08\xc8\xff\x92\xfd\x7d\xfa\xf8\x60\xb1\x7d\x3f\xe8\x3f\xfe\x4f\xfd\x1e\x6f\xdf\xff\xd5\xf3\xef\xfe\x63\x87\x3f\xff\xcf\xbf\x44\x90\x80\x80\xe0\x6b\xfe\xe9\xa7\x15\xfa\xdf\xfb\x55\xfd\x4b\x7f\xfb\xf5\x44\xbc\x70\xaf\x40\x40\xba\x80\x20\xfc\x57\xfe\x1f\xd2\xfc\x8b\x8f\x9f\x14\x3a\x66\xfc\x80\x74\x01\x41\xc5\xc7\xff\xe3\x0f\x08\x46\x1f\x3f\xbc\xd6\x0f\x4f\xff\x80\x74\x01\x21\xff\xf9\xe3\x9b\x35\x6d\xd5\xa0\x61\x97\xbf\xfd\x25\xfd\x7f\xbd\x23\x8a\xb5\x7a\x95\x21\x20\x5d\x40\xe8\x7f\xfe\xf8\x36\x0d\xdb\xd5\x6e\xd5\xba\x41\x43\xfa\x4b\xfa\xf7\x25\xd1\xcc\x42\x4d\xa2\x3c\x0d\x48\x17\x10\xfc\x9f\xff\x9d\x6a\xda\xaa\x63\x4b\xf6\x97\x61\xe8\xe3\x67\xc5\x7d\x9d\x68\xd4\xff\xf9\xf9\xfc\xd3\xc7\xb7\xef\x50\xb7\x43\xa3\xf6\x7f\xfb\xcb\xb0\xf4\xf1\xb3\xd7\x76\x9d\xd9\xf1\xaf\x3e\xbe\xdd\x3f\xfe\xfc\xe9\x7b\xc1\x13\xcd\x69\x11\x3f\xd2\xcb\x20\x47\x02\x42\xfc\xf3\xc7\xb7\xed\xd8\xba\x43\xdd\x00\xf8\x7f\x2b\xa5\xff\xbf\xfd\xe7\x39\x20\x20\x3f\xff\xba\x3f\xea\xe2\xff\xba\xff\xe1\xff\xf8\x0c\xf8\x57\xfd\x07\xfb\xf7\x7e\x55\xff\xd2\xdf\x7e\x3d\xff\x4d\xfd\xd3\x3f\x2b\x05\x14\xfd\xd1\xb9\xf0\xf3\xa0\x5b\x02\x42\xff\x73\x0f\xcd\x5a\x77\x6c\xd7\xaa\x6e\x8b\xbf\x78\x0f\x15\x80\xff\x79\x4a\xff\x7f\xfb\xfc\xf4\xff\x50\xff\x23\xfe\xf1\x19\xf0\xaf\xfa\x0f\xf1\xef\xfd\xaa\xfe\xa5\xbf\xfd\x7a\xfe\x9b\xfa\xa7\x9f\xb7\x77\xe4\xdd\x9f\x83\xcf\x04\x64\x0b\x08\xf7\x57\x9f\x9f\x6b\xb7\xab\xdb\xaa\x71\xc3\x7f\xf8\xaf\x80\x90\xf4\xe3\x46\x85\xdb\xf1\xb0\x6b\x40\xb6\x80\x88\x7f\xfd\x79\xba\x76\xfd\x26\xff\xf8\x43\xe9\xcf\x62\xbd\xe3\x7b\x7e\x2a\x37\x3b\x68\xb1\x80\x08\x7f\xf9\xf9\x57\xfc\x30\x80\xff\xa4\xf4\xff\xb7\xff\x3c\x07\x04\xf4\xed\xc3\x7f\x18\x3d\x23\xf3\xbf\xfe\xff\xa3\xff\x91\xff\xf8\x0c\xa0\xfe\x01\xe0\x7f\x83\xd2\xff\xdf\x3e\x2f\xfd\x8b\xfe\xff\x6f\x3f\xff\x8f\xfa\xc7\x67\x00\xfa\x07\x00\x00\xf8\x5f\x40\x9f\xff\x83\xb2\xbf\x75\xe4\xef\x67\xbc\xaa\x7f\xff\x67\x00\xce\x3b\x3e\x20\xc0\x6d\x12\x10\x10\xea\x5a\xe6\xa7\x85\x1b\xfd\x3b\xff\xfa\x55\x2a\xf9\xbb\x8f\x79\xff\x9d\x7f\xff\x00\xfe\x1d\xd4\x3f\xfb\xfd\xf6\x20\xa9\xfe\x37\x7f\x3e\x00\xf0\x3f\x07\xfd\x03\xf8\x2f\xe5\xf7\xff\xfe\xf6\xe7\x4b\x7f\xf9\xfb\x7f\xbe\xdf\xfd\x0f\x08\xfe\x7f\xbe\x6e\x44\xff\xfd\xbf\x44\x33\xfe\xbe\xe7\x13\x54\x1c\xff\x7d\xbc\x13\xfe\xf3\x19\x18\x95\x9e\xf4\x6b\x4d\x10\x91\x9e\xf4\xe7\x92\x09\xe9\xeb\x60\x12\xd2\xd7\x35\x27\xa2\xff\x0d\x94\x68\xc0\x7f\xff\xcf\x11\xe0\x7f\x0e\xf5\xcf\xfe\xbc\x3d\xc8\x87\xbf\xdf\xde\x89\xf4\x9c\x44\xcf\xc9\xf4\x9c\x42\xcf\xa9\xf4\x9c\x46\xcf\xe9\xf4\xf4\x75\x3e\x93\x9e\xb3\xe8\x39\x9b\x9e\x73\xe8\x39\x97\x9e\xf3\xe8\x39\x9f\x9e\x0b\xe8\xb9\x90\x9e\x8b\xe8\xb9\x98\x9e\x4b\xe8\xb9\x94\x9e\xcb\xe8\xb9\x9c\x9e\x2b\xe8\xb9\x92\x9e\xab\xe8\xb9\x9a\x9e\xf4\xf5\x06\xde\xb5\xf4\xa4\xd7\x34\xf0\xae\xa7\xe7\x06\x7a\x6e\xa4\xe7\x26\x7a\x6e\xa6\xe7\x16\x7a\x6e\xa5\xe7\x36\x7a\x6e\xa7\xe7\x0e\x7a\xee\xa4\x27\xbd\x67\x92\x77\x37\x3d\xe9\x6b\x29\xbc\x7b\xe9\xb9\x8f\x9e\xfb\xe9\x79\x80\x9e\x07\xe9\x79\x88\x9e\x87\xe9\x49\xbf\x47\xe3\x3d\x4a\xcf\x63\xf4\x3c\x4e\x4f\x7a\x8d\x56\xef\x49\x7a\x9e\xa2\xe7\x69\x7a\x9e\xa1\xe7\x59\x7a\x9e\xa3\xe7\x79\x7a\x5e\xa0\xe7\x45\x7a\x5e\xa2\xe7\x65\x7a\x5e\xa1\x27\xbd\x17\xbc\xf7\x1a\x3d\xaf\xd3\xf3\x06\x3d\x6f\xd2\xf3\x16\x3d\x6f\xd3\xf3\x0e\x3d\xef\xd2\x93\xde\x53\xc2\x7b\x9f\x9e\x0f\xe8\xf9\x90\x9e\x8f\xe8\xf9\x98\x9e\x4f\xe8\xf9\x94\x9e\xcf\xe8\xf9\x9c\x9e\x2f\xe8\x49\x5f\xb3\xea\xa5\xd7\xac\xf2\xbe\xa6\xe7\x1b\x7a\xbe\xa5\xe7\x3b\x7a\xd2\xe7\x2b\x2f\x35\xe0\xfd\x48\xcf\x4f\xf4\xa4\xf7\xbe\xf6\x7e\xa1\xe7\x57\x7a\x7e\xa3\x27\x7d\x6f\x8c\xf7\x07\x3d\x7f\xd2\xf3\x17\x3d\x7f\xff\xe7\x33\x30\x80\x9e\xf4\x67\x5f\x81\xf4\xb9\x2f\x90\xfe\x39\x3c\x90\x3e\x1f\x07\x52\x97\x81\xf4\xf9\x27\x90\x3e\x1f\x07\xd2\x57\x79\x04\xd2\xd7\x77\x06\xd2\xe7\xab\x40\xfa\x7a\xcc\xc0\xf0\xf4\x8c\x40\x4f\xfa\xfc\x16\x18\x89\x9e\xf4\x99\x3b\x30\x0a\xf5\x4f\xff\xff\xff\x10\xe2\xef\x5f\xdd\x09\x00\xff\x9f\x86\xfe\x01\xfc\x17\xfa\x07\xf0\x5f\xe8\x1f\xc0\x7f\xa1\x7f\x00\xff\x85\xfe\x01\xfc\x17\xfa\x07\xf0\x5f\xe8\x1f\xc0\x7f\xa1\x7f\x00\xff\x85\xfe\x01\xfc\x17\xfa\x07\xf0\x5f\xe8\x1f\xc0\x7f\xa1\x7f\x00\xff\x85\xfe\x01\xfc\x17\xfa\x07\xf0\x5f\xe8\x1f\xc0\x7f\xa1\x7f\x00\xff\x85\xfe\x01\xfc\x17\xfa\x07\xf0\x5f\xe8\x1f\xc0\x7f\xa1\x7f\x00\xff\x85\xfe\x01\xfc\x17\xfa\x07\xf0\x5f\xe8\x1f\xc0\x7f\xa1\x7f\x00\xff\x85\xfe\x01\xfc\x17\xfa\x07\xf0\x5f\xe8\x1f\xc0\x7f\xa1\x7f\x00\xff\x85\xfe\x01\xfc\x17\xfa\x07\xf0\x5f\xe8\x1f\xc0\x7f\xa1\x7f\x00\xff\x85\xfe\x01\xfc\x17\xfa\x07\xf0\x5f\xe8\x1f\xc0\x7f\xa1\x7f\x00\xff\x85\xfe\x01\xfc\x17\xfa\x07\xf0\x5f\xe8\x1f\xc0\x7f\xa1\x7f\x00\xff\x85\xfe\x01\xfc\x17\xfa\x07\xf0\x5f\xe8\x1f\xc0\x7f\xa1\x7f\x00\xff\x85\xfe\x01\xfc\x17\xfa\x07\xf0\x5f\xe8\x1f\xc0\x7f\xa1\x7f\x00\xff\x85\xfe\x01\xfc\x17\xfa\x07\xf0\x5f\xe8\x1f\xc0\x7f\xa1\x7f\x00\xff\x85\xfe\x01\xfc\x17\xfa\x07\xf0\x5f\xe8\x1f\xc0\x7f\xa1\x7f\x00\xff\x85\xfe\x01\xfc\x17\xfa\x07\xf0\x5f\xe8\x1f\xc0\x7f\xa1\x7f\x00\xff\x85\xfe\x01\xfc\x17\xfa\x07\xf0\x5f\xe8\x1f\xc0\x7f\xa1\x7f\x00\xff\x85\xfe\x01\xfc\x17\xfa\x07\xf0\x5f\xe8\x1f\xc0\x7f\xa1\x7f\x00\xff\x85\xfe\x01\xfc\x17\xfa\x07\xf0\x5f\xe8\x1f\xc0\x7f\xa1\x7f\x00\xff\x85\xfe\x01\xfc\x17\xfa\x07\xf0\x5f\xe8\x1f\xc0\x7f\xa1\x7f\x00\xff\x85\xfe\x01\xfc\x17\xfa\x07\xf0\x5f\xe8\x1f\xc0\x7f\xa1\x7f\x00\xff\x85\xfe\x01\xfc\x17\xfa\x07\xf0\x5f\xe8\x1f\xc0\x7f\xa1\x7f\x00\xff\x85\xfe\x01\xfc\x17\xfa\x07\xf0\x5f\xe8\x1f\xc0\x7f\xa1\x7f\x00\xff\x85\xfe\x01\xfc\x17\xfa\x07\xf0\x5f\xe8\x1f\xc0\x7f\xa1\x7f\x00\xff\x85\xfe\x01\xfc\x17\xfa\x07\xf0\x5f\xe8\x1f\xc0\x7f\xa1\x7f\x00\xff\x85\xfe\x01\xfc\x17\xfa\x07\xf0\x5f\xe8\x1f\xc0\x7f\xa1\x7f\x00\xff\x85\xfe\x01\xfc\x17\xfa\x07\xf0\x5f\xe8\x1f\xc0\x7f\xa1\x7f\x00\xff\x85\xfe\x01\xfc\x17\xfa\x07\xf0\x5f\xe8\xff\xff\xc7\x6e\x7d\x07\xdb\x59\x17\x68\x1c\x3f\x84\x44\x82\xc0\xaa\xf4\x4e\xca\xa5\x43\xe8\xbd\xd7\x84\xde\x4b\x68\xa1\xf7\x5e\x87\xde\x04\x04\xa4\xf7\x0e\xf6\x6e\xec\x5d\xb1\x60\xef\x62\x43\x54\x44\x51\x50\x51\x91\xd8\xdb\x8e\xe6\xd1\xdc\xec\x2e\x8b\xce\x66\x19\x67\x9e\xcf\xe7\x9f\xe7\x3d\x6f\xce\x3d\xf7\xbe\x99\xf9\xde\xdf\x85\x5e\xfa\x87\x5e\xfa\x87\x5e\xfa\x87\x5e\xfa\x87\x5e\xfa\x87\x5e\xfa\x87\x5e\xfa\x87\x5e\xfa\x87\x5e\xfa\x87\x5e\xfa\x87\x5e\xfa\x87\x5e\xfa\x87\x5e\xfa\x87\x5e\xfa\x87\x5e\xfa\x87\x5e\xfa\x87\x5e\xfa\x87\x5e\xe9\x7f\xd4\xb0\x3b\xd3\x66\x5c\x8f\x9d\x2f\x3b\x7f\x76\x81\xec\x82\xd9\x85\xb2\x0b\x67\x17\xc9\x2e\x9a\x5d\x2c\xbb\x78\x76\x89\xec\x92\xd9\xa5\xb2\x63\xb2\x63\xb3\xe3\xb2\xe3\xb3\x43\xd9\xa5\xb3\xcb\x64\x97\xcd\x2e\x97\x5d\x3e\xbb\x42\x76\xc5\xec\x4a\xd9\x95\xb3\x13\xb2\xab\x64\x57\xcd\xae\x96\x5d\x3d\xbb\x46\x76\xcd\xec\x5a\xd9\xb5\xb3\xeb\x64\xd7\xcd\xae\x97\x5d\x3f\xbb\x41\x76\xc3\xec\x46\xd9\x8d\xb3\x9b\x64\x37\xcd\x6e\x96\xdd\x3c\xbb\x45\x76\xcb\xec\x56\xd9\xad\xb3\x13\xb3\x93\xb2\xdb\x64\xb7\xcd\x6e\x97\xdd\x3e\xbb\x43\x76\xc7\xec\x4e\xd9\x9d\xb3\xbb\x64\x77\xcd\xee\x96\xdd\x3d\xbb\x47\x76\xcf\xec\x5e\xd9\xbd\xb3\x93\xb3\xfb\x64\xf7\xcd\xee\x97\xdd\x3f\x7b\x40\x76\x4a\xf6\xc0\xec\x41\xd9\x83\xb3\x87\x64\x0f\xcd\x1e\x96\x3d\x3c\x7b\x44\xf6\xc8\xec\x51\xd9\xa3\xb3\xc7\x64\x8f\xcd\x1e\x97\x3d\x3e\x7b\x42\xf6\xc4\xec\x49\xd9\x93\xb3\xa7\x64\x4f\xcd\x9e\x96\x3d\x3d\x7b\x46\x36\x67\xe6\xd8\x33\xb3\x67\x65\xcf\xce\x9e\x93\x3d\x37\x7b\x5e\xf6\xfc\xec\x05\xd9\x0b\xb3\x17\x65\x2f\xce\xbe\x38\x7b\x49\xf6\xd2\xec\x65\xd9\x97\x64\x2f\xcf\x5e\x91\xbd\x32\xfb\xd2\xec\x55\xd9\xab\xb3\xd7\x38\xff\xa1\x97\xfe\xa1\x97\xfe\xa1\x97\xfe\xa1\x97\xfe\xa1\x97\xfe\xa1\x97\xfe\xa1\x97\xfe\xa1\x97\xfe\xa1\x97\xfe\xa1\x97\xfe\xa1\x97\xfe\xa1\x97\xfe\xa1\x97\xfe\xa1\x97\xfe\xa1\x97\xfe\xa1\x97\xfe\xa1\x97\xfe\xa1\x97\xfe\xa1\x97\xfe\xa1\x97\xfe\xa1\x97\xfe\xa1\x97\xfe\xa1\x97\xfe\xa1\x97\xfe\xa1\x97\xfe\xa1\x97\xfe\xa1\x97\xfe\xa1\x97\xfe\xa1\x97\xfe\xa1\x97\xfe\xa1\x97\xfe\xa1\x97\xfe\xa1\x97\xfe\xa1\x97\xfe\xa1\x97\xfe\xa1\x97\xfe\xa1\x97\xfe\xa1\x97\xfe\xa1\x97\xfe\xa1\x97\xfe\xa1\x97\xfe\xa1\x97\xfe\xa1\x97\xfe\xa1\x97\xfe\xa1\x97\xfe\xa1\x97\xfe\xa1\x97\xfe\xa1\x97\xfe\xa1\x97\xfe\xa1\x97\xfe\xa1\x97\xfe\xa1\x97\xfe\xa1\x97\xfe\xa1\x97\xfe\xa1\x97\xfe\xa1\x97\xfe\xa1\x97\xfe\xa1\x97\xfe\xa1\x97\xfe\xa1\x97\xfe\xa1\x97\xfe\xa1\x97\xfe\xa1\x97\xfe\xa1\x97\xfe\xa1\x97\xfe\xa1\x97\xfe\xa1\x97\xfe\xa1\x97\xfe\xa1\x97\xfe\xa1\x97\xfe\xa1\x97\xfe\xa1\x97\xfe\xa1\x97\xfe\xa1\x97\xfe\xa1\x97\xfe\xa1\x97\xfe\xa1\x97\xfe\xa1\x97\xfe\xa1\x97\xfe\xa1\x97\xfe\xa1\x97\xfe\xa1\x97\xfe\xa1\x97\xfe\xa1\x97\xfe\xa1\x97\xfe\xa1\x97\xfe\xa1\x97\xfe\xa1\x97\xfe\xa1\x97\xfe\xa1\x97\xfe\xa1\x97\xfe\xa1\x97\xfe\xa1\x97\xfe\xa1\x97\xfe\xa1\x97\xfe\xa1\x97\xfe\xa1\x97\xfe\xa1\x97\xfe\xa1\x97\xfe\xa1\x97\xfe\xa1\x97\xfe\xa1\x97\xfe\xa1\x97\xfe\xa1\x97\xfe\xa1\x97\xfe\xa1\x97\xfe\xa1\x97\xfe\xa1\x97\xfe\xa1\x97\xfe\xa1\x97\xfe\xa1\x97\xfe\xa1\x97\xfe\xa1\x97\xfe\xa1\x97\xfe\xa1\x97\xfe\xa1\x97\xfe\xa1\x97\xfe\xa1\x97\xfe\xa1\x97\xfe\xa1\x97\xfe\xa1\x97\xfe\xa1\x97\xfe\xa1\x97\xfe\xa1\x97\xfe\xa1\x57\xfa\x1f\x35\xec\xce\xb4\x19\xd7\x63\xaf\xcb\x5e\x9f\xbd\x21\x7b\x63\xf6\xa6\xec\xcd\xd9\x5b\xb2\xb7\x66\x6f\xcb\xde\x9e\xbd\x23\x7b\x67\xf6\xae\xec\xdd\xd9\x7b\xb2\xf7\x66\xef\xcb\xbe\x2c\xfb\xf2\xec\x2b\xb2\xaf\xcc\xbe\x2a\xfb\xea\xec\x6b\xb2\xaf\xcd\xbe\x2e\xfb\xfa\xec\x1b\xb2\x6f\xcc\xbe\x29\xfb\xe6\xec\xd4\xec\x5b\xb2\x6f\xcd\xbe\x2d\xfb\xf6\xec\x3b\xb2\xef\xcc\xbe\x2b\xfb\xee\xec\x7b\xb2\xef\xcd\xbe\x2f\xfb\xfe\xec\x07\xb2\x1f\xcc\x7e\x28\x7b\x7f\xf6\xc3\xd9\x8f\x64\x3f\x9a\xfd\x58\xf6\x81\xec\xc7\xb3\x9f\xc8\x7e\x32\xfb\xa9\xec\xa7\xb3\x9f\xc9\x7e\x36\xfb\xb9\xec\xe7\xb3\x5f\xc8\x7e\x31\xfb\xa5\xec\x97\xb3\x5f\xc9\x3e\x98\xfd\x6a\xf6\x6b\xd9\xaf\x67\xbf\x91\xfd\x66\xf6\xa1\xec\xb7\xb2\x0f\x67\xbf\x9d\xfd\x4e\xf6\xbb\xd9\x47\xb2\xdf\xcb\x3e\x9a\xfd\x7e\xf6\x07\xd9\xc7\xb2\x3f\xcc\xfe\x28\xfb\x78\xf6\x89\xec\x8f\xb3\x3f\xc9\xfe\x34\xfb\x64\xf6\x67\xd9\x9f\x67\x7f\x91\x7d\x2a\xfb\xcb\xec\xd3\xd9\x34\x32\xf6\x57\xd9\x5f\x67\x7f\x93\xfd\x6d\xf6\x77\xd9\xdf\x67\xff\x90\xfd\x63\xf6\x4f\xd9\x3f\x67\xff\x32\x7d\xc7\x0d\xb2\xb3\x65\x47\x64\x67\xcf\x8e\xcc\xa6\xdb\x71\xcf\xcb\xce\x91\x1d\x9d\x9d\x33\xfb\xfc\xec\x5c\xd9\xb9\xb3\xf3\x38\xff\xa1\x97\xfe\xa1\x97\xfe\xa1\x97\xfe\xa1\x97\xfe\xa1\x97\xfe\xa1\x97\xfe\xa1\x97\xfe\xa1\x97\xfe\xa1\x97\xfe\xa1\x97\xfe\xa1\x97\xfe\xa1\x97\xfe\xa1\x97\xfe\xa1\x97\xfe\xa1\x97\xfe\xa1\x97\xfe\xa1\x97\xfe\xa1\x97\xfe\xa1\x97\xfe\xa1\x97\xfe\xa1\x97\xfe\xa1\x97\xfe\xa1\x97\xfe\xa1\x97\xfe\xa1\x97\xfe\xa1\x97\xfe\xa1\x97\xfe\xa1\x97\xfe\xa1\x97\xfe\xa1\x97\xfe\xa1\x97\xfe\xa1\x97\xfe\xa1\x97\xfe\xa1\x97\xfe\xa1\x97\xfe\xa1\x97\xfe\xa1\x97\xfe\xa1\x97\xfe\xa1\x97\xfe\xa1\x97\xfe\xa1\x97\xfe\xa1\x97\xfe\xa1\x97\xfe\xa1\x97\xfe\xa1\x97\xfe\xa1\x97\xfe\xa1\x97\xfe\xa1\x97\xfe\xa1\x97\xfe\xa1\x97\xfe\xa1\x97\xfe\xa1\x97\xfe\xa1\x97\xfe\xa1\x97\xfe\xa1\x97\xfe\xa1\x97\xfe\xa1\x97\xfe\xa1\x97\xfe\xa1\x97\xfe\xa1\x97\xfe\xa1\x97\xfe\xa1\x97\xfe\xa1\x97\xfe\xa1\x97\xfe\xa1\x97\xfe\xa1\x97\xfe\xa1\x97\xfe\xa1\x97\xfe\xa1\x97\xfe\xa1\x97\xfe\xa1\x97\xfe\xa1\x97\xfe\xa1\x97\xfe\xa1\x97\xfe\xa1\x97\xfe\xa1\x97\xfe\xa1\x97\xfe\xa1\x97\xfe\xa1\x97\xfe\xa1\x97\xfe\xa1\x97\xfe\xa1\x97\xfe\xa1\x97\xfe\xa1\x97\xfe\xa1\x97\xfe\xa1\x97\xfe\xa1\x97\xfe\xa1\x97\xfe\xa1\x97\xfe\xa1\x97\xfe\xa1\x97\xfe\xa1\x97\xfe\xa1\x97\xfe\xa1\x97\xfe\xa1\x97\xfe\xa1\x97\xfe\xa1\x97\xfe\xa1\x97\xfe\xa1\x97\xfe\xa1\x97\xfe\xa1\x97\xfe\xa1\x97\xfe\xa1\x97\xfe\xa1\x97\xfe\xa1\x97\xfe\xa1\x97\xfe\xa1\x97\xfe\xa1\x97\xfe\xa1\x97\xfe\xa1\x97\xfe\xa1\x97\xfe\xa1\x97\xfe\xa1\x97\xfe\xa1\x97\xfe\xa1\x97\xfe\xa1\x97\xfe\xa1\x97\xfe\xa1\x97\xfe\xa1\x97\xfe\xa1\x97\xfe\xa1\x97\xfe\xa1\x97\xfe\xa1\x97\xfe\xa1\x97\xfe\xa1\x57\xfa\x1f\x35\xec\xce\xb4\x19\xd7\xe3\x5e\x90\x7d\x61\xf6\x45\xd9\x79\xb3\xf3\x65\xe7\xcf\x2e\x90\x5d\x30\xbb\x50\x76\xe1\xec\x22\xd9\x45\xb3\x8b\x65\x17\xcf\x2e\x91\x5d\x32\xbb\x54\x76\x4c\x76\x6c\x76\x5c\x76\x7c\x76\x28\xbb\x74\x76\x99\xec\xb2\xd9\xe5\xb2\xcb\x67\x57\xc8\xae\x98\x5d\x29\xbb\x72\x76\x42\x76\x95\xec\xaa\xd9\xd5\xb2\xab\x67\xd7\xc8\xae\x99\x5d\x2b\xbb\x76\x76\x9d\xec\xba\xd9\xf5\xb2\xeb\x67\x37\xc8\x6e\x98\xdd\x28\xbb\x71\x76\x93\xec\xa6\xd9\xcd\xb2\x9b\x67\xb7\xc8\x6e\x99\xdd\x2a\xbb\x75\x76\x62\x76\x52\x76\x9b\xec\xb6\xd9\xed\xb2\xdb\x67\x77\xc8\xee\x98\xdd\x29\xbb\x73\x76\x97\xec\xae\xd9\xdd\xb2\xbb\x67\xf7\xc8\xee\x99\xdd\x2b\xbb\x77\x76\x72\x76\x9f\xec\xbe\xd9\xfd\xb2\xfb\x67\x0f\xc8\x4e\xc9\x1e\x98\x3d\x28\x7b\x70\xf6\x90\xec\xa1\xd9\xc3\xb2\x87\x67\x8f\xc8\x1e\x99\x3d\x2a\x7b\x74\xf6\x98\xec\xb1\xd9\xe3\xb2\xc7\x67\x4f\xc8\x9e\x98\x3d\x29\x7b\x72\xf6\x94\xec\xa9\xd9\xd3\xb2\xa7\x67\xcf\xc8\xe6\x4c\x1d\x77\x66\xf6\xac\xec\xd9\xd9\x73\xb2\xe7\x66\xcf\xcb\x9e\x9f\xbd\x20\x7b\x61\xf6\xa2\xec\xc5\xd9\x17\x67\x2f\xc9\x5e\x9a\xbd\x2c\xfb\x92\xec\xe5\xd9\x2b\xb2\x57\x3a\xff\xa1\x97\xfe\xa1\x97\xfe\xa1\x97\xfe\xa1\x97\xfe\xa1\x97\xfe\xa1\x97\xfe\xa1\x97\xfe\xa1\x97\xfe\xa1\x97\xfe\xa1\x97\xfe\xa1\x97\xfe\xa1\x97\xfe\xa1\x97\xfe\xa1\x97\xfe\xa1\x97\xfe\xa1\x97\xfe\xa1\x97\xfe\xa1\x97\xfe\xa1\x97\xfe\xa1\x97\xfe\xa1\x97\xfe\xa1\x97\xfe\xa1\x97\xfe\xa1\x97\xfe\xa1\x97\xfe\xa1\x97\xfe\xa1\x97\xfe\xa1\x97\xfe\xa1\x97\xfe\xa1\x97\xfe\xa1\x97\xfe\xa1\x97\xfe\xa1\x97\xfe\xa1\x97\xfe\xa1\x97\xfe\xa1\x97\xfe\xa1\x97\xfe\xa1\x97\xfe\xa1\x97\xfe\xa1\x97\xfe\xa1\x97\xfe\xa1\x97\xfe\xa1\x97\xfe\xa1\x97\xfe\xa1\x97\xfe\xa1\x97\xfe\xa1\x97\xfe\xa1\x97\xfe\xa1\x97\xfe\xa1\x97\xfe\xa1\x97\xfe\xa1\x97\xfe\xa1\x97\xfe\xa1\x97\xfe\xa1\x97\xfe\xa1\x97\xfe\xa1\x97\xfe\xa1\x97\xfe\xa1\x97\xfe\xa1\x97\xfe\xa1\x97\xfe\xa1\x97\xfe\xa1\x97\xfe\xa1\x97\xfe\xa1\x97\xfe\xa1\x97\xfe\xa1\x97\xfe\xa1\x97\xfe\xa1\x97\xfe\xa1\x97\xfe\xa1\x97\xfe\xa1\x97\xfe\xa1\x97\xfe\xa1\x97\xfe\xa1\x97\xfe\xa1\x97\xfe\xa1\x97\xfe\xa1\x97\xfe\xa1\x97\xfe\xa1\x97\xfe\xa1\x97\xfe\xa1\x97\xfe\xa1\x97\xfe\xa1\x97\xfe\xa1\x97\xfe\xa1\x97\xfe\xa1\x97\xfe\xa1\x97\xfe\xa1\x97\xfe\xa1\x97\xfe\xa1\x97\xfe\xa1\x97\xfe\xa1\x97\xfe\xa1\x97\xfe\xa1\x97\xfe\xa1\x97\xfe\xa1\x97\xfe\xa1\x97\xfe\xa1\x97\xfe\xa1\x97\xfe\xa1\x97\xfe\xa1\x97\xfe\xa1\x97\xfe\xa1\x97\xfe\xa1\x97\xfe\xa1\x97\xfe\xa1\x97\xfe\xa1\x97\xfe\xa1\x97\xfe\xa1\x97\xfe\xa1\x97\xfe\xa1\x97\xfe\xa1\x97\xfe\xa1\x97\xfe\xa1\x97\xfe\xa1\x97\xfe\xa1\x97\xfe\xa1\x97\xfe\xa1\x97\xfe\xa1\x97\xfe\xa1\x97\xfe\xa1\x97\xfe\xa1\x97\xfe\xa1\x97\xfe\xa1\x57\xfa\x1f\x35\xec\xce\xb4\x19\xd7\xe3\xae\xca\x5e\x9d\xbd\x26\x7b\x6d\xf6\xba\xec\xf5\xd9\x1b\xb2\x37\x66\x6f\xca\xde\x9c\xbd\x25\x7b\x6b\xf6\xb6\xec\xed\xd9\x3b\xb2\x77\x66\xef\xca\xde\x9d\xbd\x27\x7b\x6f\xf6\xbe\xec\xcb\xb2\x2f\xcf\xbe\x22\xfb\xca\xec\xab\xb2\xaf\xce\xbe\x26\xfb\xda\xec\xeb\xb2\xaf\xcf\xbe\x21\xfb\xc6\xec\x9b\xb2\x6f\xce\x4e\xcd\xbe\x25\xfb\xd6\xec\xdb\xb2\x6f\xcf\xbe\x23\xfb\xce\xec\xbb\xb2\xef\xce\xbe\x27\xfb\xde\xec\xfb\xb2\xef\xcf\x7e\x20\xfb\xc1\xec\x87\xb2\xf7\x67\x3f\x9c\xfd\x48\xf6\xa3\xd9\x8f\x65\x1f\xc8\x7e\x3c\xfb\x89\xec\x27\xb3\x9f\xca\x7e\x3a\xfb\x99\xec\x67\xb3\x9f\xcb\x7e\x3e\xfb\x85\xec\x17\xb3\x5f\xca\x7e\x39\xfb\x95\xec\x83\xd9\xaf\x66\xbf\x96\xfd\x7a\xf6\x1b\xd9\x6f\x66\x1f\xca\x7e\x2b\xfb\x70\xf6\xdb\xd9\xef\x64\xbf\x9b\x7d\x24\xfb\xbd\xec\xa3\xd9\xef\x67\x7f\x90\x7d\x2c\xfb\xc3\xec\x8f\xb2\x8f\x67\x9f\xc8\xfe\x38\xfb\x93\xec\x4f\xb3\x4f\x66\x7f\x96\xfd\x79\xf6\x17\xd9\xa7\xb2\xbf\xcc\x3e\x9d\x4d\x43\xe3\x7e\x95\xfd\x75\xf6\x37\xd9\xdf\x66\x7f\x97\xfd\x7d\xf6\x0f\xd9\x3f\x66\xff\x94\xfd\x73\xf6\x2f\xd3\x77\xfc\x20\x3b\x5b\x76\x44\x76\xf6\xec\xc8\x6c\xba\x1e\xff\xbc\xec\x1c\xd9\xd1\xd9\x39\x9d\xff\xd0\x4b\xff\xd0\x4b\xff\xd0\x4b\xff\xd0\x4b\xff\xd0\x4b\xff\xd0\x4b\xff\xd0\x4b\xff\xd0\x4b\xff\xd0\x4b\xff\xd0\x4b\xff\xd0\x4b\xff\xd0\x4b\xff\xd0\x4b\xff\xd0\x4b\xff\xd0\x4b\xff\xd0\x4b\xff\xd0\x4b\xff\xd0\x4b\xff\xd0\x4b\xff\xd0\x4b\xff\xd0\x4b\xff\xd0\x4b\xff\xd0\x4b\xff\xd0\x4b\xff\xd0\x4b\xff\xd0\x4b\xff\xd0\x4b\xff\xd0\x4b\xff\xd0\x4b\xff\xd0\x4b\xff\xd0\x4b\xff\xd0\x4b\xff\xd0\x4b\xff\xd0\x4b\xff\xd0\x4b\xff\xd0\x4b\xff\xd0\x4b\xff\xd0\x4b\xff\xd0\x4b\xff\xd0\x4b\xff\xd0\x4b\xff\xd0\x4b\xff\xd0\x4b\xff\xd0\x4b\xff\xd0\x4b\xff\xd0\x4b\xff\xd0\x4b\xff\xd0\x4b\xff\xd0\x4b\xff\xd0\x4b\xff\xd0\x4b\xff\xd0\x4b\xff\xd0\x4b\xff\xd0\x4b\xff\xd0\x4b\xff\xd0\x4b\xff\xd0\x4b\xff\xd0\x4b\xff\xd0\x4b\xff\xd0\x4b\xff\xd0\x4b\xff\xd0\x4b\xff\xd0\x4b\xff\xd0\x4b\xff\xd0\x4b\xff\xd0\x4b\xff\xd0\x4b\xff\xd0\x4b\xff\xd0\x4b\xff\xd0\x4b\xff\xd0\x4b\xff\xd0\x4b\xff\xd0\x4b\xff\xd0\x4b\xff\xd0\x4b\xff\xd0\x4b\xff\xd0\x4b\xff\xd0\x4b\xff\xd0\x4b\xff\xd0\x4b\xff\xd0\x4b\xff\xd0\x4b\xff\xd0\x4b\xff\xd0\x4b\xff\xd0\x4b\xff\xd0\x4b\xff\xd0\x4b\xff\xd0\x4b\xff\xd0\x4b\xff\xd0\x4b\xff\xd0\x4b\xff\xd0\x4b\xff\xd0\x4b\xff\xd0\x4b\xff\xd0\x4b\xff\xd0\x4b\xff\xd0\x4b\xff\xd0\x4b\xff\xd0\x4b\xff\xd0\x4b\xff\xd0\x4b\xff\xd0\x4b\xff\xd0\x4b\xff\xd0\x4b\xff\xd0\x4b\xff\xd0\x4b\xff\xd0\x4b\xff\xd0\x4b\xff\xd0\x4b\xff\xd0\x4b\xff\xd0\x4b\xff\xd0\x4b\xff\xd0\x4b\xff\xd0\x4b\xff\xd0\x4b\xff\xd0\x4b\xff\xd0\x4b\xff\xd0\x4b\xff\xd0\x4b\xff\xd0\x4b\xff\xd0\x4b\xff\xd0\x4b\xff\xd0\x4b\xff\xd0\x4b\xff\xd0\x2b\xfd\x8f\x1a\x76\x67\xda\x8c\xeb\xf1\x73\x65\xe7\xce\xce\x93\xcd\xef\x8b\xf1\x2f\xc8\xbe\x30\xfb\xa2\xec\xbc\xd9\xf9\xb2\xf3\x67\x17\xc8\x2e\x98\x5d\x28\xbb\x70\x76\x91\xec\xa2\xd9\xc5\xb2\x8b\x67\x97\xc8\x2e\x99\x5d\x2a\x3b\x26\x3b\x36\x3b\x2e\x3b\x3e\x3b\x94\x5d\x3a\xbb\x4c\x76\xd9\xec\x72\xd9\xe5\xb3\x2b\x64\x57\xcc\xae\x94\x5d\x39\x3b\x21\xbb\x4a\x76\xd5\xec\x6a\xd9\xd5\xb3\x6b\x64\xd7\xcc\xae\x95\x5d\x3b\xbb\x4e\x76\xdd\xec\x7a\xd9\xf5\xb3\x1b\x64\x37\xcc\x6e\x94\xdd\x38\xbb\x49\x76\xd3\xec\x66\xd9\xcd\xb3\x5b\x64\xb7\xcc\x6e\x95\xdd\x3a\x3b\x31\x3b\x29\xbb\x4d\x76\xdb\xec\x76\xd9\xed\xb3\x3b\x64\x77\xcc\xee\x94\xdd\x39\xbb\x4b\x76\xd7\xec\x6e\xd9\xdd\xb3\x7b\x64\xf7\xcc\xee\x95\xdd\x3b\x3b\x39\xbb\x4f\x76\xdf\xec\x7e\xd9\xfd\xb3\x07\x64\xa7\x64\x0f\xcc\x1e\x94\x3d\x38\x7b\x48\xf6\xd0\xec\x61\xd9\xc3\xb3\x47\x64\x8f\xcc\x1e\x95\x3d\x3a\x7b\x4c\xf6\xd8\xec\x71\xd9\xe3\xb3\x27\x64\x4f\xcc\x9e\x94\x3d\x39\x7b\x4a\xf6\xd4\xec\x69\xd9\xd3\xb3\x67\x64\x73\xe6\x8e\x3f\x33\x7b\x56\xf6\xec\xec\x39\xd9\x73\xb3\xe7\x65\xcf\xcf\x5e\x90\xbd\x30\x7b\x51\xf6\xe2\xec\x8b\xb3\x97\x64\x2f\xcd\x5e\xe6\xfc\x87\x5e\xfa\x87\x5e\xfa\x87\x5e\xfa\x87\x5e\xfa\x87\x5e\xfa\x87\x5e\xfa\x87\x5e\xfa\x87\x5e\xfa\x87\x5e\xfa\x87\x5e\xfa\x87\x5e\xfa\x87\x5e\xfa\x87\x5e\xfa\x87\x5e\xfa\x87\x5e\xfa\x87\x5e\xfa\x87\x5e\xfa\x87\x5e\xfa\x87\x5e\xfa\x87\x5e\xfa\x87\x5e\xfa\x87\x5e\xfa\x87\x5e\xfa\x87\x5e\xfa\x87\x5e\xfa\x87\x5e\xfa\x87\x5e\xfa\x87\x5e\xfa\x87\x5e\xfa\x87\x5e\xfa\x87\x5e\xfa\x87\x5e\xfa\x87\x5e\xfa\x87\x5e\xfa\x87\x5e\xfa\x87\x5e\xfa\x87\x5e\xfa\x87\x5e\xfa\x87\x5e\xfa\x87\x5e\xfa\x87\x5e\xfa\x87\x5e\xfa\x87\x5e\xfa\x87\x5e\xfa\x87\x5e\xfa\x87\x5e\xfa\x87\x5e\xfa\x87\x5e\xfa\x87\x5e\xfa\x87\x5e\xfa\x87\x5e\xfa\x87\x5e\xfa\x87\x5e\xfa\x87\x5e\xfa\x87\x5e\xfa\x87\x5e\xfa\x87\x5e\xfa\x87\x5e\xfa\x87\x5e\xfa\x87\x5e\xfa\x87\x5e\xfa\x87\x5e\xfa\x87\x5e\xfa\x87\x5e\xfa\x87\x5e\xfa\x87\x5e\xfa\x87\x5e\xfa\x87\x5e\xfa\x87\x5e\xfa\x87\x5e\xfa\x87\x5e\xfa\x87\x5e\xfa\x87\x5e\xfa\x87\x5e\xfa\x87\x5e\xfa\x87\x5e\xfa\x87\x5e\xfa\x87\x5e\xfa\x87\x5e\xfa\x87\x5e\xfa\x87\x5e\xfa\x87\x5e\xfa\x87\x5e\xfa\x87\x5e\xfa\x87\x5e\xfa\x87\x5e\xfa\x87\x5e\xfa\x87\x5e\xfa\x87\x5e\xfa\x87\x5e\xfa\x87\x5e\xfa\x87\x5e\xfa\x87\x5e\xfa\x87\x5e\xfa\x87\x5e\xfa\x87\x5e\xfa\x87\x5e\xfa\x87\x5e\xfa\x87\x5e\xfa\x87\x5e\xfa\x87\x5e\xfa\x87\x5e\xfa\x87\x5e\xfa\x87\x5e\xfa\x87\x5e\xfa\x87\x5e\xfa\x87\x5e\xfa\x87\x5e\xfa\x87\x5e\xfa\x87\x5e\xfa\x87\x5e\xfa\x87\x5e\xfa\x87\x5e\xfa\x87\x5e\xfa\x87\x5e\xfa\x87\x5e\xfa\x87\x5e\xfa\x87\x5e\xfa\x87\x5e\xfa\x87\x5e\xfa\x87\x5e\xfa\x87\x5e\xfa\x87\x5e\xfa\x87\x5e\xfa\x87\x5e\xe9\x7f\xd4\xb0\x3b\xd3\x66\x5c\x8f\xbf\x3c\x7b\x45\xf6\xca\xec\x4b\xb3\x57\x65\xaf\xce\x5e\x93\xbd\x36\x7b\x5d\xf6\xfa\xec\x0d\xd9\x1b\xb3\x37\x65\x6f\xce\xde\x92\xbd\x35\x7b\x5b\xf6\xf6\xec\x1d\xd9\x3b\xb3\x77\x65\xef\xce\xde\x93\xbd\x37\x7b\x5f\xf6\x65\xd9\x97\x67\x5f\x91\x7d\x65\xf6\x55\xd9\x57\x67\x5f\x93\x7d\x6d\xf6\x75\xd9\xd7\x67\xdf\x90\x7d\x63\xf6\x4d\xd9\x37\x67\xa7\x66\xdf\x92\x7d\x6b\xf6\x6d\xd9\xb7\x67\xdf\x91\x7d\x67\xf6\x5d\xd9\x77\x67\xdf\x93\x7d\x6f\xf6\x7d\xd9\xf7\x67\x3f\x90\xfd\x60\xf6\x43\xd9\xfb\xb3\x1f\xce\x7e\x24\xfb\xd1\xec\xc7\xb2\x0f\x64\x3f\x9e\xfd\x44\xf6\x93\xd9\x4f\x65\x3f\x9d\xfd\x4c\xf6\xb3\xd9\xcf\x65\x3f\x9f\xfd\x42\xf6\x8b\xd9\x2f\x65\xbf\x9c\xfd\x4a\xf6\xc1\xec\x57\xb3\x5f\xcb\x7e\x3d\xfb\x8d\xec\x37\xb3\x0f\x65\xbf\x95\x7d\x38\xfb\xed\xec\x77\xb2\xdf\xcd\x3e\x92\xfd\x5e\xf6\xd1\xec\xf7\xb3\x3f\xc8\x3e\x96\xfd\x61\xf6\x47\xd9\xc7\xb3\x4f\x64\x7f\x9c\xfd\x49\xf6\xa7\xd9\x27\xb3\x3f\xcb\xfe\x3c\xfb\x8b\xec\x53\xd9\x5f\x66\x9f\xce\xa6\xb1\xf1\xbf\xca\xfe\x3a\xfb\x9b\xec\x6f\xb3\xbf\xcb\xfe\x3e\xfb\x87\xec\x1f\xb3\x7f\xca\xfe\x39\xfb\x97\xe9\x3b\x34\xc8\xce\x96\x1d\x91\x9d\x3d\x3b\x32\x3b\xca\xf9\x0f\xbd\xf4\x0f\xbd\xf4\x0f\xbd\xf4\x0f\xbd\xf4\x0f\xbd\xf4\x0f\xbd\xf4\x0f\xbd\xf4\x0f\xbd\xf4\x0f\xbd\xf4\x0f\xbd\xf4\x0f\xbd\xf4\x0f\xbd\xf4\x0f\xbd\xf4\x0f\xbd\xf4\x0f\xbd\xf4\x0f\xbd\xf4\x0f\xbd\xf4\x0f\xbd\xf4\x0f\xbd\xf4\x0f\xbd\xf4\x0f\xbd\xf4\x0f\xbd\xf4\x0f\xbd\xf4\x0f\xbd\xf4\x0f\xbd\xf4\x0f\xbd\xf4\x0f\xbd\xf4\x0f\xbd\xf4\x0f\xbd\xf4\x0f\xbd\xf4\x0f\xbd\xf4\x0f\xbd\xf4\x0f\xbd\xf4\x0f\xbd\xf4\x0f\xbd\xf4\x0f\xbd\xf4\x0f\xbd\xf4\x0f\xbd\xf4\x0f\xbd\xf4\x0f\xbd\xf4\x0f\xbd\xf4\x0f\xbd\xf4\x0f\xbd\xf4\x0f\xbd\xf4\x0f\xbd\xf4\x0f\xbd\xf4\x0f\xbd\xf4\x0f\xbd\xf4\x0f\xbd\xf4\x0f\xbd\xf4\x0f\xbd\xf4\x0f\xbd\xf4\x0f\xbd\xf4\x0f\xbd\xf4\x0f\xbd\xf4\x0f\xbd\xf4\x0f\xbd\xf4\x0f\xbd\xf4\x0f\xbd\xf4\x0f\xbd\xf4\x0f\xbd\xf4\x0f\xbd\xf4\x0f\xbd\xf4\x0f\xbd\xf4\x0f\xbd\xf4\x0f\xbd\xf4\x0f\xbd\xf4\x0f\xbd\xf4\x0f\xbd\xf4\x0f\xbd\xf4\x0f\xbd\xf4\x0f\xbd\xf4\x0f\xbd\xf4\x0f\xbd\xf4\x0f\xbd\xf4\x0f\xbd\xf4\x0f\xbd\xf4\x0f\xbd\xf4\x0f\xbd\xf4\x0f\xbd\xf4\x0f\xbd\xf4\x0f\xbd\xf4\x0f\xbd\xf4\x0f\xbd\xf4\x0f\xbd\xf4\x0f\xbd\xf4\x0f\xbd\xf4\x0f\xbd\xf4\x0f\xbd\xf4\x0f\xbd\xf4\x0f\xbd\xf4\x0f\xbd\xf4\x0f\xbd\xf4\x0f\xbd\xf4\x0f\xbd\xf4\x0f\xbd\xf4\x0f\xbd\xf4\x0f\xbd\xf4\x0f\xbd\xf4\x0f\xbd\xf4\x0f\xbd\xf4\x0f\xbd\xf4\x0f\xbd\xf4\x0f\xbd\xf4\x0f\xbd\xf4\x0f\xbd\xf4\x0f\xbd\xf4\x0f\xbd\xf4\x0f\xbd\xf4\x0f\xbd\xf4\x0f\xbd\xf4\x0f\xbd\xf4\x0f\xbd\xf4\x0f\xbd\xf4\x0f\xbd\xf4\x0f\xbd\xf4\x0f\xbd\xf4\x0f\xbd\xf4\x0f\xbd\xf4\x0f\xbd\xf4\x0f\xbd\xf4\x0f\xbd\xf4\x0f\xbd\xf4\x0f\xbd\xf4\x0f\xbd\xd2\xff\xa8\x61\x77\xa6\xcd\xb8\x1e\x9a\x23\x3b\x3a\x3b\x67\xf6\xf9\xd9\xb9\xb2\x73\x67\xe7\xc9\xe6\xf7\xc9\xd0\x0b\xb2\x2f\xcc\xbe\x28\x3b\x6f\x76\xbe\xec\xfc\xd9\x05\xb2\x0b\x66\x17\xca\x2e\x9c\x5d\x24\xbb\x68\x76\xb1\xec\xe2\xd9\x25\xb2\x4b\x66\x97\xca\x8e\xc9\x8e\xcd\x8e\xcb\x8e\xcf\x0e\x65\x97\xce\x2e\x93\x5d\x36\xbb\x5c\x76\xf9\xec\x0a\xd9\x15\xb3\x2b\x65\x57\xce\x4e\xc8\xae\x92\x5d\x35\xbb\x5a\x76\xf5\xec\x1a\xd9\x35\xb3\x6b\x65\xd7\xce\xae\x93\x5d\x37\xbb\x5e\x76\xfd\xec\x06\xd9\x0d\xb3\x1b\x65\x37\xce\x6e\x92\xdd\x34\xbb\x59\x76\xf3\xec\x16\xd9\x2d\xb3\x5b\x65\xb7\xce\x4e\xcc\x4e\xca\x6e\x93\xdd\x36\xbb\x5d\x76\xfb\xec\x0e\xd9\x1d\xb3\x3b\x65\x77\xce\xee\x92\xdd\x35\xbb\x5b\x76\xf7\xec\x1e\xd9\x3d\xb3\x7b\x65\xf7\xce\x4e\xce\xee\x93\xdd\x37\xbb\x5f\x76\xff\xec\x01\xd9\x29\xd9\x03\xb3\x07\x65\x0f\xce\x1e\x92\x3d\x34\x7b\x58\xf6\xf0\xec\x11\xd9\x23\xb3\x47\x65\x8f\xce\x1e\x93\x3d\x36\x7b\x5c\xf6\xf8\xec\x09\xd9\x13\xb3\x27\x65\x4f\xce\x9e\x92\x3d\x35\x7b\x5a\xf6\xf4\xec\x19\xd9\x9c\xc9\x43\x67\x66\xcf\xca\x9e\x9d\x3d\x27\x7b\x6e\xf6\xbc\xec\xf9\xd9\x0b\xb2\x17\x66\x2f\xca\x5e\xec\xfc\x87\x5e\xfa\x87\x5e\xfa\x87\x5e\xfa\x87\x5e\xfa\x87\x5e\xfa\x87\x5e\xfa\x87\x5e\xfa\x87\x5e\xfa\x87\x5e\xfa\x87\x5e\xfa\x87\x5e\xfa\x87\x5e\xfa\x87\x5e\xfa\x87\x5e\xfa\x87\x5e\xfa\x87\x5e\xfa\x87\x5e\xfa\x87\x5e\xfa\x87\x5e\xfa\x87\x5e\xfa\x87\x5e\xfa\x87\x5e\xfa\x87\x5e\xfa\x87\x5e\xfa\x87\x5e\xfa\x87\x5e\xfa\x87\x5e\xfa\x87\x5e\xfa\x87\x5e\xfa\x87\x5e\xfa\x87\x5e\xfa\x87\x5e\xfa\x87\x5e\xfa\x87\x5e\xfa\x87\x5e\xfa\x87\x5e\xfa\x87\x5e\xfa\x87\x5e\xfa\x87\x5e\xfa\x87\x5e\xfa\x87\x5e\xfa\x87\x5e\xfa\x87\x5e\xfa\x87\x5e\xfa\x87\x5e\xfa\x87\x5e\xfa\x87\x5e\xfa\x87\x5e\xfa\x87\x5e\xfa\x87\x5e\xfa\x87\x5e\xfa\x87\x5e\xfa\x87\x5e\xfa\x87\x5e\xfa\x87\x5e\xfa\x87\x5e\xfa\x87\x5e\xfa\x87\x5e\xfa\x87\x5e\xfa\x87\x5e\xfa\x87\x5e\xfa\x87\x5e\xfa\x87\x5e\xfa\x87\x5e\xfa\x87\x5e\xfa\x87\x5e\xfa\x87\x5e\xfa\x87\x5e\xfa\x87\x5e\xfa\x87\x5e\xfa\x87\x5e\xfa\x87\x5e\xfa\x87\x5e\xfa\x87\x5e\xfa\x87\x5e\xfa\x87\x5e\xfa\x87\x5e\xfa\x87\x5e\xfa\x87\x5e\xfa\x87\x5e\xfa\x87\x5e\xfa\x87\x5e\xfa\x87\x5e\xfa\x87\x5e\xfa\x87\x5e\xfa\x87\x5e\xfa\x87\x5e\xfa\x87\x5e\xfa\x87\x5e\xfa\x87\x5e\xfa\x87\x5e\xfa\x87\x5e\xfa\x87\x5e\xfa\x87\x5e\xfa\x87\x5e\xfa\x87\x5e\xfa\x87\x5e\xfa\x87\x5e\xfa\x87\x5e\xfa\x87\x5e\xfa\x87\x5e\xfa\x87\x5e\xfa\x87\x5e\xfa\x87\x5e\xfa\x87\x5e\xfa\x87\x5e\xfa\x87\x5e\xfa\x87\x5e\xfa\x87\x5e\xfa\x87\x5e\xfa\x87\x5e\xfa\x87\x5e\xfa\x87\x5e\xfa\x87\x5e\xfa\x87\x5e\xfa\x87\x5e\xfa\x87\x5e\xfa\x87\x5e\xfa\x87\x5e\xfa\x87\x5e\xfa\x87\x5e\xfa\x87\x5e\xfa\x87\x5e\xfa\x87\x5e\xfa\x87\x5e\xe9\x7f\xd4\xb0\x3b\xd3\x66\x5c\x0f\x5d\x92\xbd\x34\x7b\x59\xf6\x25\xd9\xcb\xb3\x57\x64\xaf\xcc\xbe\x34\x7b\x55\xf6\xea\xec\x35\xd9\x6b\xb3\xd7\x65\xaf\xcf\xde\x90\xbd\x31\x7b\x53\xf6\xe6\xec\x2d\xd9\x5b\xb3\xb7\x65\x6f\xcf\xde\x91\xbd\xf3\x5f\xfd\x7f\x80\x46\xce\x7f\xe8\xa5\x7f\xe8\xa5\x7f\xe8\xa5\x7f\xe8\xa5\x7f\xe8\xa5\x7f\xe8\xa5\x7f\xe8\xa5\x7f\xe8\xa5\x7f\xe8\xa5\x7f\xe8\xa5\x7f\xe8\xa5\x7f\xe8\xa5\x7f\xe8\xa5\x7f\xe8\xa5\x7f\xe8\xa5\x7f\xe8\xa5\x7f\xe8\xa5\x7f\xe8\xa5\x7f\xe8\xa5\x7f\xe8\xa5\x7f\xe8\xa5\x7f\xe8\xa5\x7f\xe8\xa5\x7f\xe8\x95\xfe\x47\x0e\xbb\x73\xed\xb0\x7f\x1e\x3d\x7d\x86\xee\x1a\x0c\x2e\xbc\x60\xf8\x97\xcd\xfc\xef\xd3\x5f\x1f\x72\xce\x53\x4f\xff\x4f\x3b\xc3\x5f\x3f\x67\xf8\xfe\xd5\x88\xd9\x66\xd9\xc3\x3c\xbb\x79\x9e\xc3\xef\x05\xff\xf6\x9e\xa5\xff\x39\xa7\xcf\xd0\xdd\xcf\xd0\xff\xc2\xc3\x5f\xff\x13\xfd\xdf\x3d\xf3\x0e\x9e\xe3\xfe\x37\x99\x3a\x7d\x17\x9b\x9c\x1b\x73\x3f\x77\xdf\x1b\xfe\xfd\x3c\x4b\xff\xcf\x9f\x3e\x43\xf7\x3c\x43\xff\xf7\x0f\x7f\xfd\x4f\xf4\x7f\xcf\xcc\x3b\x48\xff\x23\xb7\x9f\x65\x0f\xf4\xbf\xdb\x72\x30\x18\xcc\x3e\xec\xf5\xc4\xc1\x60\xcc\xa4\xc1\x60\xf4\xbc\xb3\xe6\xe3\xc7\x5c\x3b\xf3\xe7\x8f\xb9\x61\x30\x58\xea\xc8\xc1\x60\x8e\x87\x66\xcd\xe7\xc3\xac\xf5\x2c\xfd\xcf\x35\x7d\x86\xee\x7d\x86\xfe\xa7\x0e\x7f\xfd\x4f\xf4\x7f\xef\xcc\x3b\x48\xff\xa3\x1e\x9e\x65\x0f\xf4\xaf\x99\x6d\xf2\xc8\x49\x23\x1f\x38\x7f\x30\x38\x70\xaf\x29\x7f\xdb\xc7\x1f\x9b\xf8\xb7\xfd\x87\x27\x16\xda\xfb\xdc\x8d\x9f\xb8\xe3\xef\x2f\xff\xfe\xbe\x47\x16\x98\x32\xf3\xfb\x9e\x9b\xcf\x85\x59\xea\x59\xfa\xcf\xdf\xc7\x43\xf7\x0d\x06\x9b\x3d\x39\xec\xfe\x88\xe9\x33\xfb\xbf\xfa\xf7\xff\x7d\x33\xef\xdf\xbf\x76\xe4\xd4\xff\xf2\x63\x8d\xf8\x3f\x3d\xd4\x33\xfb\xc7\xf3\xfc\xc7\x83\x8f\x6e\x3e\x58\x75\x30\xdb\xf0\x27\xff\xab\x09\xcf\xf0\xfe\x9b\x47\x2f\xb8\xf8\x88\xc7\x07\x23\xfe\xdb\xfb\x27\xfc\x3f\xfd\xa4\x00\x00\x00\x00\x00\x00\x00\x00\x00\x00\x00\x00\x00\x00\x00\x00\x00\x00\x00\x00\x00\x00\x00\x00\x00\x00\x00\x00\x00\x00\x00\x00\x00\x00\x00\x00\x00\x00\x00\x00\x00\x00\x00\x00\x00\x00\x00\x00\x00\x00\x00\x00\x00\x00\x00\x00\x00\x00\x00\x00\x00\x00\x00\x00\x00\x00\x00\x00\x00\x00\x00\x00\x00\x00\x00\x00\x00\x00\x00\x00\x00\x00\x00\x00\x00\x00\x00\x00\x00\x00\x00\x00\x00\x00\x00\x00\x00\x00\x00\x00\x00\x00\x00\x00\x00\x00\x00\x00\x00\x00\x00\x00\x00\x00\x00\x00\x00\x00\x00\x00\x00\x00\x00\x00\x00\x00\x00\x00\x00\x00\x00\x00\x00\x00\x00\x00\x00\x00\x00\x00\x00\x00\x00\x00\x00\x00\x00\x00\x00\x00\x00\x00\x00\x00\x00\x00\x00\x00\x00\x00\x00\x00\x00\x00\x00\x00\x00\x00\x00\x00\x00\x00\x00\x00\x00\x00\x00\x00\x00\x00\x00\x00\x00\x00\x00\x00\x00\x00\x00\x00\x00\x00\x00\x00\x00\x00\x00\x00\x00\x00\x00\x00\x00\x00\x00\x00\x00\x00\x00\x00\x00\x00\x00\x00\x00\x00\x00\x00\x00\x00\x00\x00\x00\x00\x00\x00\x00\x00\x00\x00\x00\x00\x00\x00\x00\x00\x00\x00\x00\x00\x00\x00\x00\x00\x00\x00\x00\x00\x00\x00\x00\x00\x00\x00\x00\x00\x00\x00\x00\x00\x00\x00\x00\x00\x00\x00\x00\x00\x00\x00\x00\x00\x00\x00\x00\x00\x00\x00\x00\x00\x00\x00\x00\x00\x00\x00\x00\x00\x00\x00\x00\x00\x00\x00\x00\x00\x00\x00\x00\x00\x00\x00\x00\x00\x00\x00\x00\x00\x00\x00\x00\x00\x00\x00\x00\x00\x00\x00\x00\x00\x00\x00\x00\x00\x00\x00\x00\x00\x00\x00\x00\x00\x00\x00\x00\x00\x00\x00\x00\x00\x00\x00\x00\x00\x00\x00\x00\x00\x00\x00\x00\x00\x00\x00\x00\x00\x00\x00\x00\x00\x00\x00\x00\x00\x00\x00\x00\x00\x00\x00\x00\x00\x00\x00\x00\x00\x00\x00\x00\x00\x00\x00\x00\x00\x00\x00\x00\x00\x00\x00\x00\x00\x00\x00\x00\x00\x00\x00\x00\x00\x00\x00\x00\x00\x00\x00\x00\x00\x00\x00\x00\x00\x00\x00\x00\x00\x00\x00\x00\x00\x00\x00\x00\x00\x00\x00\x00\x00\x00\x00\x00\x00\x00\x00\x00\x00\x00\x00\x00\x00\x00\x00\x00\x00\x00\x00\x00\x00\x00\x00\x00\x00\x00\x00\x00\x00\x00\x00\x00\x00\x00\x00\x00\x00\x00\x00\x00\x00\x00\x00\x00\x00\x00\x00\x00\x00\x00\x00\x00\x00\x00\x00\x00\x00\x00\x00\x00\x00\x00\x00\x00\x00\x00\x00\x00\x00\x00\x00\x00\x00\x00\x00\x00\x00\x00\x00\x00\x00\x00\x00\x00\x00\x00\x00\x00\x00\x00\x00\x00\x00\x00\x00\x00\x00\x00\x00\x00\x00\x00\x00\x00\x00\x00\x00\x00\x00\x00\x00\x00\x00\x00\x00\x00\x00\x00\x00\x00\x00\x00\x00\x00\x00\x00\x00\x00\x00\x00\x00\x00\x00\x00\x00\x00\x00\x00\x00\x00\x00\x00\x00\x00\x00\x00\x00\x00\x00\x00\x00\x00\x00\x00\x00\x00\x00\x00\x00\x00\x00\x00\x00\x00\x00\x00\x00\x00\x00\x00\x00\x00\x00\x00\x00\x00\x00\x00\x00\x00\x00\x00\x00\x00\x00\x00\x00\x00\x00\x00\x00\x00\x00\x00\x00\x00\x00\x00\x00\x00\x00\x00\x00\x00\x00\x00\x00\x00\x00\x00\x00\x00\x00\x00\x00\x00\x00\x00\x00\x00\x00\x00\x00\x00\x00\x00\x00\x00\x00\x00\x00\x00\x00\x00\x00\x00\x00\x00\x00\x00\x00\x00\x00\x00\x00\x00\x00\x00\x00\x00\x00\x00\x00\x00\x00\x00\x00\x00\x00\x00\x00\x00\x00\x00\x00\x00\x00\x00\x00\x00\x00\x00\x00\x00\x00\x00\x00\x00\x00\x00\x00\x00\x00\x00\x00\x00\x00\x00\x00\x00\x00\x00\x00\x00\x00\x00\x00\x00\x00\x00\x00\x00\x00\x00\x00\x00\x00\x00\x00\x00\x00\x00\x00\x00\x00\x00\x00\x00\x00\x00\x00\x00\x00\x00\x00\x00\x00\x00\x00\x00\x00\x00\x00\x00\x00\x00\x00\x00\x00\x00\x00\x00\x00\x00\x00\x00\x00\x00\x00\x00\x00\x00\x00\x00\x00\x00\x00\x00\x00\x00\x00\x00\x00\x00\x00\x00\x00\x00\x00\x00\x00\x00\x00\x00\x00\x00\x00\x00\x00\x00\x00\x00\x00\x00\x00\x00\x00\x00\x00\x00\x00\x00\x00\x00\x00\x00\x00\x00\x00\x00\x00\x00\x00\x00\x00\x00\x00\x00\x00\x00\x00\x00\x00\x00\x00\x00\x00\x00\x00\x00\x00\x00\x00\x00\x00\x00\x00\x00\x00\x00\x00\x00\x00\x00\x00\x00\x00\x00\x00\x00\x00\x00\x00\x00\x00\x00\x00\x00\x00\x00\x00\x00\x00\x00\x00\x00\x00\x00\x00\x00\x00\x00\x00\x00\x00\x00\x00\x00\x00\x00\x00\x00\x00\x00\x00\x00\x00\x00\x00\x00\x00\x00\x00\x00\x00\x00\x00\x00\x00\x00\x00\x00\x00\x00\x00\x00\x00\x00\x00\x00\x00\x00\x00\x00\x00\x00\x00\x00\x00\x00\x00\x00\x00\x00\x00\x00\x00\x00\x00\x00\x00\x00\x00\x00\x00\x00\x00\x00\x00\x00\x00\x00\x00\x00\x00\x00\x00\x00\x00\x00\x00\x00\x00\x00\x00\x00\x00\x00\x00\x00\x00\x00\x00\x00\x00\x00\x00\x00\x00\x00\x00\x00\x00\x00\x00\x00\x00\x00\x00\x00\x00\x00\x00\x00\x00\x00\x00\x00\x00\x00\x00\x00\x00\x00\x00\x00\x00\x00\x00\x00\x00\x00\x00\x00\x00\x00\x00\x00\x00\x00\x00\x00\x00\x00\x00\x00\x00\x00\x00\x00\x00\x00\x00\x00\x00\x00\x00\x00\x00\x00\x00\x00\x00\x00\x00\x00\x00\x00\x00\x00\x00\x00\x00\x00\x00\x00\x00\x00\x00\x00\x00\x00\x00\x00\x00\x00\x00\x00\x00\x00\x00\x00\x00\x00\x00\x00\x00\x00\x00\x00\x00\x00\x00\x00\x00\x00\x00\x00\x00\x00\x00\x00\x00\x00\x00\x00\x00\x00\x00\x00\x00\x00\x00\x00\x00\x00\x00\x00\x00\x00\x00\x00\x00\x00\x00\x00\x00\x00\x00\x00\x00\x00\x00\x00\x00\x00\x00\x00\x00\x00\x00\x00\x00\x00\x00\x00\x00\x00\x00\x00\x00\x00\x00\x00\x00\x00\x00\x00\x00\x00\x00\x00\x00\x00\x00\x00\x00\x00\x00\x00\x00\x00\x00\x00\x00\x00\x00\x00\x00\x00\x00\x00\x00\x00\x00\x00\x00\x00\x00\x00\x00\x00\x00\x00\x00\x00\x00\x00\x00\x00\x00\x00\x00\x00\x00\x00\x00\x00\x00\x00\x00\x00\x00\x00\x00\x00\x00\x00\x00\x00\x00\x00\x00\x00\x00\x00\x00\x00\x00\x00\x00\x00\x00\x00\x00\x00\x00\x00\x00\x00\x00\x00\x00\x00\x00\x00\x00\x00\x00\x00\x00\x00\x00\x00\x00\x00\x00\x00\x00\x00\x00\x00\x00\x00\x00\x00\x00\x00\x00\x00\x00\x00\x00\x00\x00\x00\x00\x00\x00\x00\x00\x00\x00\x00\x00\x00\x00\x00\x00\x00\x00\x00\x00\x00\x00\x00\x00\x00\x00\x00\x00\x00\x00\x00\x00\x00\x00\x00\x00\x00\x00\x00\x00\x00\x00\x00\x00\x00\x00\x00\x00\x00\x00\x00\x00\x00\x00\x00\x00\x00\x00\x00\x00\x00\x00\x00\x00\x00\x00\x00\x00\x00\x00\x00\x00\x00\x00\x00\x00\x00\x00\x00\x00\x00\x00\x00\x00\x00\x00\x00\x00\x00\x00\x00\x00\x00\x00\x00\x00\x00\x00\x00\x00\x00\x00\x00\x00\x00\x00\x00\x00\x00\x00\x00\x00\x00\x00\x00\x00\x00\x00\x00\x00\x00\x00\x00\x00\x00\x00\x00\x00\x00\x00\x00\x00\x00\x00\x00\x00\x00\x00\x00\x00\x00\x00\x00\x00\x00\x00\x00\x00\x00\x00\x00\x00\x00\x00\x00\x00\x00\x00\x00\x00\x00\x00\x00\x00\x00\x00\x00\x00\x00\x00\x00\x00\x00\x00\x00\x00\x00\x00\x00\x00\x00\x00\x00\x00\x00\x00\x00\x00\x00\x00\x00\x00\x00\x00\x00\x00\x00\x00\x00\x00\x00\x00\x00\x00\x00\x00\x00\x00\x00\x00\x00\x00\x00\x00\x00\x00\x00\x00\x00\x00\x00\x00\x00\x00\x00\x00\x00\x00\x00\x00\x00\x00\x00\x00\x00\x00\x00\x00\x00\x00\x00\x00\x00\x00\x00\x00\x00\x00\x00\x00\x00\x00\x00\x00\x00\x00\x00\x00\x00\x00\x00\x00\x00\x00\x00\x00\x00\x00\x00\x00\x00\x00\x00\x00\x00\x00\x00\x00\x00\x00\x00\x00\x00\x00\x00\x00\x00\x00\x00\x00\x00\x00\x00\x00\x00\x00\x00\x00\x00\x00\x00\x00\x00\x00\x00\x00\x00\x00\x00\x00\x00\x00\x00\x00\x00\x00\x00\x00\x00\x00\x00\x00\x00\x00\x00\x00\x00\x00\x00\x00\x00\x00\x00\x00\x00\x00\x00\x00\x00\x00\x00\x00\x00\x00\x00\x00\x00\x00\x00\x00\x00\x00\x00\x00\x00\x00\x00\x00\x00\x00\x00\x00\x00\x00\x00\x00\x00\x00\x00\x00\x00\x00\x00\x00\x00\x00\x00\x00\x00\x00\x00\x00\x00\x00\x00\x00\x00\x00\x00\x00\x00\x00\x00\x00\x00\x00\x00\x00\x00\x00\x00\x00\x00\x00\x00\x00\x00\x00\x00\x00\x00\x00\x00\x00\x00\x00\x00\x00\x00\x00\x00\x00\x00\x00\x00\x00\x00\x00\x00\x00\x00\x00\x00\x00\x00\x00\x00\x00\x00\x00\x00\x00\x00\x00\x00\x00\x00\x00\x00\x00\x00\x00\x00\x00\x00\x00\x00\x00\x00\x00\x00\x00\x00\x00\x00\x00\x00\x00\x00\x00\x00\x00\x00\x00\x00\x00\x00\x00\x00\x00\x00\x00\x00\x00\x00\x00\x00\x00\x00\x00\x00\x00\x00\x00\x00\x00\x00\x00\x00\x00\x00\x00\x00\x00\x00\x00\x00\x00\x00\x00\x00\x00\x00\x00\x00\x00\x00\x00\x00\x00\x00\x00\x00\x00\x00\x00\x00\x00\x00\x00\x00\x00\x00\x00\x00\x00\x00\x00\x00\x00\x00\x00\x00\x00\x00\x00\x00\x00\x00\x00\x00\x00\x00\x00\x00\x00\x00\x00\x00\x00\x00\x00\x00\x00\x00\x00\x00\x00\x00\x00\x00\x00\x00\x00\x00\x00\x00\x00\x00\x00\x00\x00\x00\x00\x00\x00\x00\x00\x00\x00\x00\x00\x00\x00\x00\x00\x00\x00\x00\x00\x00\x00\x00\x00\x00\x00\x00\x00\x00\x00\x00\x00\x00\x00\x00\x00\x00\x00\x00\x00\x00\x00\x00\x00\x00\x00\x00\x00\x00\x00\x00\x00\x00\x00\x00\x00\x00\x00\x00\x00\x00\x00\x00\x00\x00\x00\x00\x00\x00\x00\x00\x00\x00\x00\x00\x00\x00\x00\x00\x00\x00\x00\x00\x00\x00\x00\x00\x00\x00\x00\x00\x00\x00\x00\x00\x00\x00\x00\x00\x00\x00\x00\x00\x00\x00\x00\x00\x00\x00\x00\x00\x00\x00\x00\x00\x00\x00\x00\x00\x00\x00\x00\x00\x00\x00\x00\x00\x00\x00\x00\x00\x00\x00\x00\x00\x00\x00\x00\x00\x00\x00\x00\x00\x00\x00\x00\x00\x00\x00\x00\x00\x00\x00\x00\x00\x00\x00\x00\x00\x00\x00\x00\x00\x00\x00\x00\x00\x00\x00\x00\x00\x00\x00\x00\x00\x00\x00\x00\x00\x00\x00\x00\x00\x00\x00\x00\x00\x00\x00\x00\x00\x00\x00\x00\x00\x00\x00\x00\x00\x00\x00\x00\x00\x00\x00\x00\x00\x00\x00\x00\x00\x00\x00\x00\x00\x00\x00\x00\x00\x00\x00\x00\x00\x00\x00\x00\x00\x00\x00\x00\x00\x00\x00\x00\x00\x00\x00\x00\x00\x00\x00\x00\x00\x00\x00\x00\x00\x00\x00\x00\x00\x00\x00\x00\x00\x00\x00\x00\x00\x00\x00\x00\x00\x00\x00\x00\x00\x00\x00\x00\x00\x00\x00\x00\x00\x00\x00\x00\x00\x00\x00\x00\x00\x00\x00\x00\x00\x00\x00\x00\x00\x00\x00\x00\x00\x00\x00\x00\x00\x00\x00\x00\x00\x00\x00\x00\x00\x00\x00\x00\x00\x00\x00\x00\x00\x00\x00\x00\x00\x00\x00\x00\x00\x00\x00\x00\x00\x00\x00\x00\x00\x00\x00\x00\x00\x00\x00\x00\x00\x00\x00\x00\x00\x00\x00\x00\x00\x00\x00\x00\x00\x00\x00\x00\x00\x00\x00\x00\x00\x00\x00\x00\x00\x00\x00\x00\x00\x00\x00\x00\x00\x00\x00\x00\x00\x00\x00\x00\x00\x00\x00\x00\x00\x00\x00\x00\x00\x00\x00\x00\x00\x00\x00\x00\x00\x00\x00\x00\x00\x00\x00\x00\x00\x00\x00\x00\x00\x00\x00\x00\x00\x00\x00\x00\x00\x00\x00\x00\x00\x00\x00\x00\x00\x00\x00\x00\x00\x00\x00\x00\x00\x00\x00\x00\x00\x00\x00\x00\x00\x00\x00\x00\x00\x00\x00\x00\x00\x00\x00\x00\x00\x00\x00\x00\x00\x00\x00\x00\x00\x00\x00\x00\x00\x00\x00\x00\x00\x00\x00\x00\x00\x00\x00\x00\x00\x00\x00\x00\x00\x00\x00\x00\x00\x00\x00\x00\x00\x00\x00\x00\x00\x00\x00\x00\x00\x00\x00\x00\x00\x00\x00\x00\x00\x00\x00\x00\x00\x00\x00\x00\x00\x00\x00\x00\x00\x00\x00\x00\x00\x00\x00\x00\x00\x00\x00\x00\x00\x00\x00\x00\x00\x00\x00\x00\x00\x00\x00\x00\x00\x00\x00\x00\x00\x00\x00\x00\x00\x00\x00\x00\x00\x00\x00\x00\x00\x00\x00\x00\x00\x00\x00\x00\x00\x00\x00\x00\x00\x00\x00\x00\x00\x00\x00\x00\x00\x00\x00\x00\x00\x00\x00\x00\x00\x00\x00\x00\x00\x00\x00\x00\x00\x00\x00\x00\x00\x00\x00\x00\x00\x00\x00\x00\x00\x00\x00\x00\x00\x00\x00\x00\x00\x00\x00\x00\x00\x00\x00\x00\x00\x00\x00\x00\x00\x00\x00\x00\x00\x00\x00\x00\x00\x00\x00\x00\x00\x00\x00\x00\x00\x00\x00\x00\x00\x00\x00\x00\x00\x00\x00\x00\x00\x00\x00\x00\x00\x00\x00\x00\x00\x00\x00\x00\x00\x00\x00\x00\x00\x00\x00\x00\x00\x00\x00\x00\x00\x00\x00\x00\x00\x00\x00\x00\x00\x00\x00\x00\x00\x00\x00\x00\x00\x00\x00\x00\x00\x00\x00\x00\x00\x00\x00\x00\x00\x00\x00\x00\x00\x00\x00\x00\x00\x00\x00\x00\x00\x00\x00\x00\x00\x00\x00\x00\x00\x00\x00\x00\x00\x00\x00\x00\x00\x00\x00\x00\x00\x00\x00\x00\x00\x00\x00\x00\x00\x00\x00\x00\x00\x00\x00\x00\x00\x00\x00\x00\x00\x00\x00\x00\x00\x00\x00\x00\x00\x00\x00\x00\x00\x00\x00\x00\x00\x00\x00\x00\x00\x00\x00\x00\x00\x00\x00\x00\x00\x00\x00\x00\x00\x00\x00\x00\x00\x00\x00\x00\x00\x00\x00\x00\x00\x00\x00\x00\x00\x00\x00\x00\x00\x00\x00\x00\x00\x00\x00\x00\x00\x00\xf0\x9f\xec\xc0\x81\x00\x00\x00\x00\x00\x90\xff\x6b\x23\x54\x55\x55\x55\x55\x55\x55\x55\x55\x55\x55\x55\x55\x55\x55\x55\x55\x55\x55\x55\x55\x55\x55\x55\x55\x55\x55\x55\x55\x55\x55\x55\x55\x55\x55\x55\x55\x55\x55\x55\x55\x55\x55\x55\x55\x55\x55\x55\x55\x55\x55\x55\x55\x55\x55\x55\x55\x55\x55\x55\x55\x55\x55\x55\x55\x55\x55\x55\x55\x55\x55\x55\x55\x55\x55\x55\x55\x55\x55\x55\x55\x55\x55\x55\x55\x55\x55\x55\x55\x55\x55\x55\x55\x55\x55\x55\x55\x55\x55\x55\x55\x55\x55\x55\x55\x55\x55\x55\x55\x55\x55\x55\x55\x55\x55\x55\x55\x55\x55\x55\x55\x55\x55\x55\x55\x55\x55\x55\x55\x55\x55\x55\x55\x55\x55\x55\x55\x55\x55\x55\x55\x55\x55\x55\x55\x55\x55\x55\x55\x55\x55\x55\x55\x55\x55\x55\x55\x55\x55\x55\x55\x55\x55\x55\x55\x55\x55\x55\x55\x55\x55\x55\x55\x55\x55\x55\x55\x55\x55\x55\x55\x55\x55\x55\x55\x55\x55\x55\x55\x55\x55\x55\x55\x55\x55\x55\x55\x55\x55\x55\x55\x55\x55\x55\x55\x55\x55\x55\x55\x55\x55\x55\x55\x55\x55\x55\x55\x55\x55\x55\x55\x55\x55\x55\x55\x55\x55\x55\x55\x55\x55\x55\x55\x55\x55\x55\x55\x55\x55\x55\x55\x55\x55\x55\x55\x55\x55\x55\x55\x55\x55\x55\x55\x55\x55\x55\x55\x55\x55\x55\x55\x55\x55\x55\x55\x55\x55\x55\x55\x55\x55\x55\x55\x55\x55\x55\x55\x55\x55\x55\x55\x55\x55\x55\x55\x55\x55\x55\x55\x55\x55\x55\x55\x55\x55\x55\x55\x55\x55\x55\x55\x55\x55\x55\x55\x55\x55\x55\x55\x55\x55\x55\x55\x55\x55\x55\x55\x55\x55\x55\x55\x55\x55\x55\x55\x55\x55\x55\x55\x55\x55\x55\x55\x55\x55\x55\x55\x55\x55\x55\x55\x55\x55\x55\x55\x55\x55\x55\x55\x55\x55\x55\x55\x55\x55\x55\x55\x55\x55\x55\x55\x55\x55\x55\x55\x55\x55\x55\x55\x55\x55\x55\x55\x55\x55\x55\x55\x55\x55\x55\x55\x55\x55\x55\x55\x55\x55\x55\x55\x55\x55\x55\x55\x55\x55\x55\x55\x55\x55\x55\x55\x55\x55\x55\x55\x55\x55\x55\x55\x55\x55\x55\x55\x55\x55\x55\x55\x55\x55\x55\x55\x55\x55\x55\x55\x55\x55\x55\x55\x55\x55\x55\x55\x55\x55\x55\x55\x55\x55\x55\x55\x55\x55\x55\x55\x55\x55\x55\x55\x55\x55\x55\x55\x55\x55\x55\x55\x55\x55\x55\x55\x55\x55\x55\x55\x55\x55\x55\x55\x55\x55\x55\x55\x55\x55\x55\x55\x55\x55\x55\x55\x55\x55\x55\x55\x55\x55\x55\x55\x55\x55\x55\x55\x55\x55\x55\x55\x55\x55\x55\x55\x55\x55\x55\x55\x55\x55\x55\x55\x55\x55\x55\x55\x55\x55\x55\x55\x55\x55\x55\x55\x55\x55\x55\x55\x55\x55\x55\x55\x55\x55\x55\x55\x55\x55\x55\x55\x55\x55\x55\x55\x55\x55\x55\x55\x55\x55\x55\x55\x55\x55\x55\x55\x55\x55\x55\x55\x55\x55\x55\x55\x55\x55\x55\x55\x55\x55\x55\x55\x55\x55\x55\x55\x55\x55\x55\x55\x55\x55\x55\x55\x55\x55\x55\x55\x55\x55\x55\x55\x55\x55\x55\x55\x55\x55\x55\x55\x55\x55\x55\x55\x55\x55\x55\x55\x55\x55\x55\x55\x55\x55\x55\x55\x55\x55\x55\x55\x55\x55\x55\x55\x55\x55\x55\x55\x55\x55\x55\x55\x55\x55\x55\x55\x55\x55\x55\x55\x55\x55\x55\x55\x55\x55\x55\x55\x55\x55\x55\x55\x55\x55\x55\x55\x55\x55\x55\x55\x55\x55\x55\x55\x55\x55\x55\x55\x55\x55\x55\x55\x55\x55\x55\x55\x55\x55\x55\x55\x55\x55\x55\x55\x55\x55\x55\x55\x55\x55\x55\x55\x55\x55\x55\x55\x55\x55\x55\x55\x55\x55\x55\x55\x55\x55\x55\x55\x55\x55\x55\x55\x55\x55\x55\x55\x55\x55\x55\x55\x55\x55\x55\x55\x55\x55\x55\x55\x55\x55\x55\x55\x55\x55\x55\x55\x55\x55\x55\x55\x55\x55\x55\x55\x55\x55\x55\x55\x55\x55\x55\x55\x55\x55\x55\x55\x55\x55\x55\x55\x55\x55\x55\x55\x55\x55\x55\x55\x55\x55\x55\x55\x55\x55\x55\x55\x55\x55\x55\x55\x55\x55\x55\x55\x55\x55\x55\x55\x55\x55\x55\x55\x55\x55\x55\x55\x55\x55\x55\x55\x55\x55\x55\x55\x55\x55\x55\x55\x55\x55\x55\x55\x55\x55\x55\x55\x55\x55\x55\x55\x55\x55\x55\x55\x55\x55\x55\x55\x55\x55\x55\x55\x55\x55\x55\x55\x55\x55\x55\x55\x55\x55\x55\x55\x55\x55\x55\x55\x55\x55\x55\x55\x55\x55\x55\x55\x55\x55\x55\x55\x55\x55\x55\x55\x55\x55\x55\x55\x55\x55\x55\x55\x55\x55\x55\x55\x55\x55\x55\x55\x55\x55\x55\x55\x55\x55\x55\x55\x55\x55\x55\x55\x55\x55\x55\x55\x55\x55\x55\x55\x55\x55\x55\x55\x55\x55\x55\x55\x55\x55\x55\x55\x55\x55\x55\x55\x55\x55\x55\x55\x55\x55\x55\x55\x55\x55\x55\x55\x55\x55\x55\x55\x55\x55\x55\x55\x55\x55\x55\x55\x55\x55\x55\x55\x55\x55\x55\x55\x55\x55\x55\x55\x55\x55\x55\x55\x55\x55\x55\x55\x55\x55\x55\x55\x55\x55\x55\x55\x55\x55\x55\x55\x55\x55\x55\x55\x55\x55\x55\x55\x55\x55\x55\x55\x55\x55\x55\x55\x55\x55\x55\x55\x55\x55\x55\x55\x55\x55\x55\x55\x55\x55\x55\x55\x55\x55\x55\x55\x55\x55\x55\x55\x55\x55\x55\x55\x55\x55\x55\x55\x55\x55\x55\x55\x55\x55\x55\x55\x55\x55\x55\x55\x55\x55\x55\x55\x55\x55\x55\x55\x55\x55\x55\x55\x55\x55\x55\x55\x55\x55\x55\x55\x55\x55\x55\x55\x55\x55\x55\x55\x55\x55\x55\x55\x55\x55\x55\x55\x55\x55\x55\x55\x55\x55\x55\x55\x55\x55\x55\x55\x55\x55\x55\x55\x55\x55\x55\x55\x55\x55\x55\x55\x55\x55\x55\x55\x55\x55\x55\x55\x55\x55\x55\x55\x55\x55\x55\x55\x55\x55\x55\x55\x55\x55\x55\x55\x55\x55\x55\x55\x55\x55\x55\x55\x55\x55\x55\x55\x55\x55\x55\x55\x55\x55\x55\x55\x55\x55\x55\x55\x55\x55\x55\x55\x55\x55\x55\x55\x55\x55\x55\x55\x55\x55\x55\x55\x55\x55\x55\x55\x55\x55\x55\x55\x55\x55\x55\x55\x55\x55\x55\x55\x55\x55\x55\x55\x55\x55\x55\x55\x55\x55\x55\x55\x55\x55\x55\x55\x55\x55\x55\x55\x55\x55\x55\x55\x55\x55\x55\x55\x55\x55\x55\x55\x55\x55\x55\x55\x55\x55\x55\x55\x55\x55\x55\x55\x55\x55\x55\x55\x55\x55\x55\x55\x55\x55\x55\x55\x55\x55\x55\x55\x55\x55\x55\x55\x55\x55\x55\x55\x55\x55\x55\x55\x55\x55\x55\x55\x55\x55\x55\x55\x55\x55\x55\x55\x55\x55\x55\x55\x55\x55\x55\x55\x55\x55\x55\x55\x55\x55\x55\x55\x55\x55\x55\x55\x55\x55\x55\x55\x55\x55\x55\x55\x55\x55\x55\x55\x55\x55\x55\x55\x55\x55\x55\x55\x55\x55\x55\x55\x55\x55\x55\x55\x55\x55\x55\x55\x55\x55\x55\x55\x55\x55\x55\x55\x55\x55\x55\x55\x55\x55\x55\x55\x55\x55\x55\x55\x55\x55\x55\x55\x55\x55\x55\x55\x55\x55\x55\x55\x55\x55\x55\x55\x55\x55\x55\x55\x55\x55\x55\x55\x55\x55\x55\x55\x55\x55\x55\x55\x55\x55\x55\x55\x55\x55\x55\x55\x55\x55\x55\x55\x55\x55\x55\x55\x55\x55\x55\x55\x55\x55\x55\x55\x55\x55\x55\x55\x55\x55\x55\x55\x55\x55\x55\x55\x55\x55\x55\x55\x55\x55\x55\x55\x55\x55\x55\x55\x55\x55\x55\x55\x55\x55\x55\x55\x55\x55\x55\x55\x55\x55\x55\x55\x55\x55\x55\x55\x55\x55\x55\x55\x55\x55\x55\x55\x55\x55\x55\x55\x55\x55\x55\x55\x55\x55\x55\x55\x55\x55\x55\x55\x55\x55\x55\x55\x55\x55\x55\x55\x55\x55\x55\x55\x55\x55\x55\x55\x55\x55\x55\x55\x55\x55\x55\x55\x55\x55\x55\x55\x55\x55\x55\x55\x55\x55\x55\x55\x55\x55\x55\x55\x55\x55\x55\x55\x55\x55\x55\x55\x55\x55\x55\x55\x55\x55\x55\x55\x55\x55\x55\x55\x55\x55\x55\x55\x55\x55\x55\x55\x55\x55\x55\x55\x55\x55\x55\x55\x55\x55\x55\x55\x55\x55\x55\x55\x55\x55\x55\x55\x55\x55\x55\x55\x55\x55\x55\x55\x55\x55\x55\x55\x55\x55\x55\x55\x55\x55\x55\x55\x55\x55\x55\x55\x55\x55\x55\x55\x55\x55\x55\x55\x55\x55\x55\x55\x55\x55\x55\x55\x55\x55\x55\x55\x55\x55\x55\x55\x55\x55\x55\x55\x55\x55\x55\x55\x55\x55\x55\x55\x55\x55\x55\x55\x55\x55\x55\x55\x55\x55\x55\x55\x55\x55\x55\x55\x55\x55\x55\x55\x55\x55\x55\x55\x55\x55\x55\x55\x55\x55\x55\x55\x55\x55\x55\x55\x55\x55\x55\x55\x55\x55\x55\x55\x55\x55\x55\x55\x55\x55\x55\x55\x55\x55\x55\x55\x55\x55\x55\x55\x55\x55\x55\x55\x55\x55\x55\x55\x55\x55\x55\x55\x55\x55\x55\x55\x55\x55\x55\x55\x55\x55\x55\x55\x55\x55\x55\x55\x55\x55\x55\x55\x55\x55\x55\x55\x55\x55\x55\x55\x55\x55\x55\x55\x55\x55\x55\x55\x55\x55\x55\x55\x55\x55\x55\x55\x55\x55\x55\x55\x55\x55\x55\x55\x55\x55\x55\x55\x55\x55\x55\x55\x55\x55\x55\x55\x55\x55\x55\x55\x55\x55\x55\x55\x55\x55\x55\x55\x55\x55\x55\x55\x55\x55\x55\x55\x55\x55\x55\x55\x55\x55\x55\x55\x55\x55\x55\x55\x55\x55\x55\x55\x55\x55\x55\x55\x55\x55\x55\x55\x55\x55\x55\x55\x55\x55\x55\x55\x55\x55\x55\x55\x55\x55\x55\x55\x55\x55\x55\x55\x55\x55\x55\x55\x55\x55\x55\x55\x55\x55\x55\x55\x55\x55\x55\x55\x55\x55\x55\x55\x55\x55\x55\x55\x55\x55\x55\x55\x55\x55\x55\x55\x55\x55\x55\x55\x55\x55\x55\x55\x55\x55\x55\x55\x55\x55\x55\x55\x55\x55\x55\x55\x55\x55\x55\x55\x55\x55\x55\x55\x55\x55\x55\x55\x55\x55\x55\x55\x55\x55\x55\x55\x55\x55\x55\x55\x55\x55\x55\x55\x55\x55\x55\x55\x55\x55\x55\x55\x55\x55\x55\x55\x55\x55\x55\x55\x55\x55\x55\x55\x55\x55\x55\x55\x55\x55\x55\x55\x55\x55\x55\x55\x55\x55\x55\x55\x55\x55\x55\x55\x55\x55\x55\x55\x55\x55\x55\x55\x55\x55\x55\x55\x55\x55\x55\x55\x55\x55\x55\x55\x55\x55\x55\x55\x55\x55\x55\x55\x55\x55\x55\x55\x55\x55\x55\x55\x55\x55\x55\x55\x55\x55\x55\x55\x55\x55\x55\x55\x55\x55\x55\x55\x55\x55\x55\x55\x55\x55\x55\x55\x55\x55\x55\x55\x55\x55\x55\x55\x55\x55\x55\x55\x55\x55\x55\x55\x55\x55\x55\x55\x55\x55\x55\x55\x55\x55\x55\x55\x55\x55\x55\x55\x55\x55\x55\x55\x55\x55\x55\x55\x55\x55\x55\x55\x55\x55\x55\x55\x55\x55\x55\x55\x55\x55\x55\x55\x55\x55\x55\x55\x55\x55\x55\x55\x55\x55\x55\x55\x55\x55\x55\x55\x55\x55\x55\x55\x55\x55\x55\x55\x55\x55\x55\x55\x55\x55\x55\x55\x55\x55\x55\x55\x55\x55\x55\x55\x55\x55\x55\x55\x55\x55\x55\x55\x55\x55\x55\x55\x55\x55\x55\x55\x55\x55\x55\x55\x55\x55\x55\x55\x55\x55\x55\x55\x55\x55\x55\x55\x55\x55\x55\x55\x55\x55\x55\x55\x55\x55\x55\x55\x55\x55\x55\x55\x55\x55\x55\x55\x55\x55\x55\x55\x55\x55\x55\x55\x55\x55\x55\x55\x55\x55\x55\x55\x55\x55\x55\x55\x55\x55\x55\x55\x55\x55\x55\x55\x55\x55\x55\x55\x55\x55\x55\x55\x55\x55\x55\x55\x55\x55\x55\x55\x55\x55\x55\x55\x55\x55\x55\x55\x55\x55\x55\x55\x55\x55\x55\x55\x55\x55\x55\x55\x55\x55\x55\x55\x55\x55\x55\x55\x55\x55\x55\x55\x55\x55\x55\x55\x55\x55\x55\x55\x55\x55\x55\x55\x55\x55\x55\x55\x55\x55\x55\x55\x55\x55\x55\x55\x55\x55\x55\x55\x55\x55\x55\x55\x55\x55\x55\x55\x55\x55\x55\x55\x55\x55\x55\x55\x55\x55\x55\x55\x55\x55\x55\x55\x55\x55\x55\x55\x55\x55\x55\x55\x55\x55\x55\x55\x55\x55\x55\x55\x55\x55\x55\x55\x55\x55\x55\x55\x55\x55\x55\x55\x55\x55\x55\x55\x55\x55\x55\x55\x55\x55\x55\x55\x55\x55\x55\x55\x55\x55\x55\x55\x55\x55\x55\x55\x55\x55\x55\x55\x55\x55\x55\x55\x55\x55\x55\x55\x55\x55\x55\x55\x55\x55\x55\x55\x55\x55\x55\x55\x55\x55\x55\x55\x55\x55\x55\x55\x55\x55\x55\x55\x55\x55\x55\x55\x55\x55\x55\x55\x55\x55\x55\x55\x55\x55\x55\x55\x55\x55\x55\x55\x55\x55\x55\x55\x55\x55\x55\x55\x55\x55\x55\x55\x55\x55\x55\x55\x55\x55\x55\x55\x55\x55\x55\x55\x55\x55\x55\x55\x55\x55\x55\x55\x55\x55\x55\x55\x55\x55\x55\x55\x55\x55\x55\x55\x55\x55\x55\x55\x55\x55\x55\x55\x55\x55\x55\x55\x55\x55\x55\x55\x55\x55\x55\x55\x55\x55\x55\x55\x55\x55\x55\x55\x55\x55\x55\x55\x55\x55\x55\x55\x55\x55\x55\x55\x55\x55\x55\x55\x55\x55\x55\x55\x55\x55\x55\x55\x55\x55\x55\x55\x55\x55\x55\x55\x55\x55\x55\x55\x55\x55\x55\x55\x55\x55\x55\x55\x55\x55\x55\x55\x55\x55\x55\x55\x55\x55\x55\x55\x55\x55\x55\x55\x55\x55\x55\x55\x55\x55\x55\x55\x55\x55\x55\x55\x55\x55\x55\x55\x55\x55\x55\x55\x55\x55\x55\x55\x55\x55\x55\x55\x55\x55\x55\x55\x55\x55\x55\x55\x55\x55\x55\x55\x55\x55\x55\x55\x55\x55\x55\x55\x55\x55\x55\x55\x55\x55\x55\x55\x55\x55\x55\x55\x55\x55\x55\x55\x55\x55\x55\x55\x55\x55\x55\x55\x55\x55\x55\x55\x55\x55\x55\x55\x55\x55\x55\x55\x55\x55\x55\x55\x55\x55\x55\x55\x55\x55\x55\x55\x55\x55\x55\x55\x55\x55\x55\x55\x55\x55\x55\x55\x55\x55\x55\x55\x55\x55\x55\x55\x55\x55\x55\x55\x55\x55\x55\x55\x55\x55\x55\x55\x55\x55\x55\x55\x55\x55\x55\x55\x55\x55\x55\x55\x55\x55\x55\x55\x55\x55\x55\x55\x55\x55\x55\x55\x55\x55\x55\x55\x55\x55\x55\x55\x55\x55\x55\x55\x55\x55\x55\x55\x55\x55\x55\x55\x55\x55\x55\x55\x55\x55\x55\x55\x55\x55\x55\x55\x55\x55\x55\x55\x55\x55\x55\x55\x55\x55\x55\x55\x55\x55\x55\x55\x55\x55\x55\x55\x55\x55\x55\x55\x55\x55\x55\x55\x55\x55\x55\x55\x55\x55\x55\x55\x55\x55\x55\x55\x55\x55\x55\x55\x55\x55\x55\x55\x55\x55\x55\x55\x55\x55\x55\x55\x55\x55\x55\x55\x55\x55\x55\x55\x55\x55\x55\x55\x55\x55\x55\x55\x55\x55\x55\x55\x55\x55\x55\x55\x55\x55\x55\x55\x55\x55\x55\x55\x55\x55\x55\x55\x55\x55\x55\x55\x55\x55\x55\x55\x55\x55\x55\x55\x55\x55\x55\x55\x55\x55\x55\x55\x55\x55\x55\x55\x55\x55\x55\x55\x55\x55\x55\x55\x55\x55\x55\x55\x55\x55\x55\x55\x55\x55\x55\x55\x55\x55\x55\x55\x55\x55\x55\x55\x55\x55\x55\x55\x55\x55\x55\x55\x55\x55\x55\x55\x55\x55\x55\x55\x55\x55\x55\x55\x55\x55\x55\x55\x55\x55\x55\x55\x55\x55\x55\x55\x55\x55\x55\x55\x55\x55\x55\x55\x55\x55\x55\x55\x55\x55\x55\x55\x55\x55\x55\x55\x55\x55\x55\x55\x55\x55\x55\x55\x55\x55\x55\x55\x55\x55\x55\x55\x55\x55\x55\x55\x55\x55\x55\x55\x55\x55\x55\x55\x55\x55\x55\x55\x55\x55\x55\x55\x55\x55\x55\x55\x55\x55\x55\x55\x55\x55\x55\x55\x55\x55\x55\x55\x55\x55\x55\x55\x55\x55\x55\x55\x55\x55\x55\x55\x55\x55\x55\x55\x55\x55\x55\x55\x55\x55\x55\x55\x55\x55\x55\x55\x55\x55\x55\x55\x55\x55\x55\x55\x55\x55\x55\x55\x55\x55\x55\x55\x55\x55\x55\x55\x55\x55\x55\x55\x55\x55\x55\x55\x55\x55\x55\x55\x55\x55\x55\x55\x55\x55\x55\x55\x55\x55\x55\x55\x55\x55\x55\x55\x55\x55\x55\x55\x55\x55\x55\x55\x55\x55\x55\x55\x55\x55\x55\x55\x55\x55\x55\x55\x55\x55\x55\x55\x55\x55\x55\x55\x55\x55\x55\x55\x55\x55\x55\x55\x55\x55\x55\x55\x55\x55\x55\x55\x55\x55\x55\x55\x55\x55\x55\x55\x55\x55\x55\x55\x55\x55\x55\x55\x55\x55\x55\x55\x55\x55\x55\x55\x55\x55\x55\x55\x55\x55\x55\x55\x55\x55\x55\x55\x55\x55\x55\x55\x55\x55\x55\x55\x55\x55\x55\x55\x55\x55\x55\x55\x55\x55\x55\x55\x55\x55\x55\x55\x55\x55\x55\x55\x55\x55\x55\x55\x55\x55\x55\x55\x55\x55\x55\x55\x55\x55\x55\x55\x55\x55\x55\x55\x55\x55\x55\x55\x55\x55\x55\x55\x55\x55\x55\x55\x55\x55\x55\x55\x55\x55\x55\x55\x55\x55\x55\x55\x55\x55\x55\x55\x55\x55\x55\x55\x55\x55\x55\x55\x55\x55\x55\x55\x55\x55\x55\x55\x55\x55\x55\x55\x55\x55\x55\x55\x55\x55\x55\x55\x55\x55\x55\x55\x55\x55\x55\x55\x55\x55\x55\x55\x55\x55\x55\x55\x55\x55\x55\x55\x55\x55\x55\x55\x55\x55\x55\x55\x55\x55\x55\x55\x55\x55\x55\x55\x55\x55\x55\x55\x55\x55\x55\x55\x55\x55\x55\x55\x55\x55\x55\x55\x55\x55\x55\x55\x55\x55\x55\x55\x55\x55\x55\x55\x55\x55\x55\x55\x55\x55\x55\x55\x55\x55\x55\x55\x55\x55\x55\x55\x55\x55\x55\x55\x55\x55\x55\x55\x55\x55\x55\x55\x55\x55\x55\x55\x55\x55\x55\x55\x55\x55\x55\x55\x55\x55\x55\x55\x55\x55\x55\x55\x55\x55\x55\x55\x55\x55\x55\x55\x55\x55\x55\x55\x55\x55\x55\x55\x55\x55\x55\x55\x55\x55\x55\x55\x55\x55\x55\x55\x55\x55\x55\x55\x55\x55\x55\x55\x55\x55\x55\x55\x55\x55\x55\x55\x55\x55\x55\x55\x55\x55\x55\x55\x55\x55\x55\x55\x55\x55\x55\x55\x55\x55\x55\x55\x55\x55\x55\x55\x55\x55\x55\x55\x55\x55\x55\x55\x55\x55\x55\x55\x55\x55\x55\x55\x55\x55\x55\x55\x55\x55\x55\x55\x55\x55\x55\x55\x55\x55\x55\x55\x55\x55\x55\x55\x55\x55\x55\x55\x55\x55\x55\x55\x55\x55\x55\x55\x55\x55\x55\x55\x55\x55\x55\x55\x55\x55\x55\x55\x55\x55\x55\x55\x55\x55\x55\x55\x55\x55\x55\x55\x55\x55\x55\x55\x55\x55\x55\x55\x55\x55\x55\x55\x55\x55\x55\x55\x55\x55\x55\x55\x55\x55\x55\x55\x55\x55\x55\x55\x55\x55\x55\x55\x55\x55\x55\x55\x55\x55\x55\x55\x55\x55\x55\x55\x55\x55\x55\x55\x55\x55\x55\x55\x55\x55\x55\x55\x55\x55\x55\x55\x55\x55\x55\x55\x55\x55\x55\x55\x55\x55\x55\x55\x55\x55\x55\x55\x55\x55\x55\x55\x55\x55\x55\x55\x55\x55\x55\x55\x55\x55\x55\x55\x55\x55\x55\x55\x55\x55\x55\x55\x55\x55\x55\x55\x55\x55\x55\x55\x55\x55\x55\x55\x55\x55\x55\x55\x55\x55\x55\x55\x55\x55\x55\x55\x55\x55\x55\x55\x55\x55\x55\x55\x55\x55\x55\x55\x55\x55\x55\x55\x55\x55\x55\x55\x55\x55\x55\x55\x55\x55\x55\x55\x55\x55\x55\x55\x55\x55\x55\x55\x55\x55\x55\x55\x55\x55\x55\x55\x55\x55\x55\x55\x55\x55\x55\x55\x55\x55\x55\x55\x55\x55\x55\x55\x55\x55\x55\x55\x55\x55\x55\x55\x55\x55\x55\x55\x55\x55\x55\x55\x55\x55\x55\x55\x55\x55\x55\x55\x55\x55\x55\x55\x55\x55\x55\x55\x55\x55\x55\x55\x55\x55\x55\x55\x55\x55\x55\x55\x55\x55\x55\x55\x55\x55\x55\x55\x55\x55\x55\x55\x55\x55\x55\x55\x55\x55\x55\x55\x55\x55\x55\x55\x55\x55\x55\x55\x55\x55\x55\x55\x55\x55\x55\x55\x55\x55\x55\x55\x55\x55\x55\x55\x55\x55\x55\x55\x55\x55\x55\x55\x55\x55\x55\x55\x55\x55\x55\x55\x55\x55\x55\x55\x55\x55\x55\x55\x55\x55\x55\x55\x55\x55\x55\x55\x55\x55\x55\x55\x55\x55\x55\x55\x55\x55\x55\x55\x55\x55\x55\x55\x55\x55\x55\x55\x55\x55\x55\x55\x55\x55\x55\x55\x55\x55\x55\x55\x55\x55\x55\x55\x55\x55\x55\x55\x55\x55\x55\x55\x55\x55\x55\x55\x55\x55\x55\x55\x55\x55\x55\x55\x55\x55\x55\x55\x55\x55\x55\x55\x55\x55\x55\x55\x55\x55\x55\x55\x55\x55\x55\x55\x55\x55\x55\x55\x55\x55\x55\x55\x55\x55\x55\x55\x55\x55\x55\x55\x55\x55\x55\x55\x55\x55\x55\x55\x55\x55\x55\x55\x55\x55\x55\x55\x55\x55\x55\x55\x55\x55\x55\x55\x55\x55\x55\x55\x55\x55\x55\x55\x55\x55\x55\x55\x55\x55\x55\x55\x55\x55\x55\x55\x55\x55\x55\x55\x55\x55\x55\x55\x55\x55\x55\x55\x55\x55\x55\x55\x55\x55\x55\x55\x55\x55\x55\x55\x55\x55\x55\x55\x55\x55\x55\x55\x55\x55\x55\x55\x55\x55\x55\x55\x55\x55\x55\x55\x55\x55\x55\x55\x55\x55\x55\x55\x55\x55\x55\x55\x55\x55\x55\x55\x55\x55\x55\x55\x55\x55\x55\x55\x55\x55\x55\x55\x55\x55\x55\x55\x55\x55\x55\x55\x55\x55\x55\x55\x55\x55\x55\x55\x55\x55\x55\x55\x55\x55\x55\x55\x55\x55\x55\x55\x55\x55\x55\x55\x55\x55\x55\x55\x55\x55\x55\x55\x55\x55\x55\x55\x55\x55\x55\x55\x55\x55\x55\x55\x55\x55\x55\x55\x55\x55\x55\x55\x55\x55\x55\x55\x55\x55\x55\x55\x55\x55\x55\x55\x55\x55\x55\x55\x55\x55\x55\x55\x55\x55\x55\x55\x55\x55\x55\x55\x55\x55\x55\x55\x55\x55\x55\x55\x55\x55\x55\x55\x55\x55\x55\x55\x55\x55\x55\x55\x55\x55\x55\x55\x55\x55\x55\x55\x55\x55\x55\x55\x55\x55\x55\x55\x55\x55\x55\x55\x55\x55\x55\x55\x55\x55\x55\x55\x55\x55\x55\x55\x55\x55\x55\x55\x55\x55\x55\x61\x07\x0e\x04\x00\x00\x00\x00\x04\xf9\x5b\xaf\x30\x40\x01\x00\x00\x00\x00\x00\x00\x00\x00\x00\x00\x00\x00\x00\x00\x00\x00\x00\x00\x00\x00\x00\x00\x00\x00\x00\x00\x00\x00\x00\x00\x00\x00\x00\x00\x00\x00\x00\x00\x00\x00\x00\x00\x00\x00\x00\x00\x00\x00\x00\x00\x00\x00\x00\x00\x00\x00\x00\x00\x00\x00\x00\x00\x00\x00\x00\x00\x00\x00\x00\x00\x00\x00\x00\x00\x00\x00\x00\x00\x00\x00\x00\x00\x00\x00\x00\x00\x00\x00\x00\x00\x00\x00\x00\x00\x00\x00\x00\x00\x00\x00\x00\x00\x00\x00\x00\x00\x00\x00\x00\x00\x00\x00\x00\x00\x00\x00\x00\x00\x00\x00\x00\x00\x00\x00\x00\x00\x00\x00\x00\x00\x00\x00\x00\x00\x00\x00\x00\x00\x00\x00\x00\x00\x00\x00\x00\x00\x00\x00\x00\x00\x00\x00\x00\x00\x00\x00\x00\x00\x00\x00\x00\x00\x00\x00\x00\x00\x00\x00\x00\x00\x00\x00\x00\x00\x00\x00\x00\x00\x00\x00\x00\x00\x00\x00\x00\x00\x00\x00\x00\x4b\x01\x00\x00\xff\xff\x12\x92\xac\x96", 229224);
syz_mount_image(/*fs=*/0x20037f40, /*dir=*/0x20000240, /*flags=MS_NOEXEC*/8, /*opts=*/0x20000280, /*chdir=*/3, /*size=*/0x37f68, /*img=*/0x20037f80);
memcpy((void*)0x20000080, "./file1\000", 8);
	syscall(__NR_openat, /*fd=*/0xffffff9c, /*file=*/0x20000080ul, /*flags=O_SYNC|O_DIRECT|O_CREAT|O_RDWR*/0x105042, /*mode=S_IXOTH|S_IWOTH|S_IROTH|S_IXGRP|S_IWGRP|S_IRGRP|S_IXUSR|S_IWUSR|0x100*/0x1ff);

}
int main(void)
{
		syscall(__NR_mmap, /*addr=*/0x1ffff000ul, /*len=*/0x1000ul, /*prot=*/0ul, /*flags=MAP_FIXED|MAP_ANONYMOUS|MAP_PRIVATE*/0x32ul, /*fd=*/-1, /*offset=*/0ul);
	syscall(__NR_mmap, /*addr=*/0x20000000ul, /*len=*/0x1000000ul, /*prot=PROT_WRITE|PROT_READ|PROT_EXEC*/7ul, /*flags=MAP_FIXED|MAP_ANONYMOUS|MAP_PRIVATE*/0x32ul, /*fd=*/-1, /*offset=*/0ul);
	syscall(__NR_mmap, /*addr=*/0x21000000ul, /*len=*/0x1000ul, /*prot=*/0ul, /*flags=MAP_FIXED|MAP_ANONYMOUS|MAP_PRIVATE*/0x32ul, /*fd=*/-1, /*offset=*/0ul);
	const char* reason;
	(void)reason;
			loop();
	return 0;
}
